problem_id,image_question,text_question,image_reference,text_reference,prediction,follows,prompt_role
0,Winter is almost here and most animals are migrating to warmer countries. There are 41 bird families living near the mountain. If 35 bird families flew away to asia and 62 bird families flew away to africa How many more bird families flew away to africa than those that flew away to asia?,Paige raised 7 goldfish and 12 catfish in the pond but stray cats loved eating them. Now she has 15 left. How many fishes disappeared?,27,4,"To solve the problem, we need to find out how many fish disappeared.

Let's denote the number of goldfish as G and the number of catfish as C.

According to the problem, Paige initially had 41 goldfish and 12 catfish.

After the stray cats ate some of the fish, Paige was left with 15 fish.

We can set up an equation to represent the situation:

G + C = 41 (initial number of goldfish)
G - (number of goldfish that disappeared) = 15 (final number of goldfish)

We can solve for the number of goldfish that disappeared by subtracting the final number of goldfish from the initial number of goldfish:

G - 15 = 41 - G

To find the number of goldfish that disappeared, we can solve for G:

2G = 41
G = 20.5

Since we cannot have half a goldfish, we can round up to the nearest whole number:

G = 21

Now, we can find the number of catfish that disappeared by",neither,neutral
1,Paige raised 7 goldfish and 12 catfish in the pond but stray cats loved eating them. Now she has 15 left. How many fishes disappeared?,Marco and his dad went strawberry picking. Together they collected strawberries that weighed 22 pounds. On the way back Marco ' dad found 30 more pounds of strawberries. Marco's strawberries now weighed 36 pounds. How much did his dad's strawberries weigh now?,4,16,"To solve this problem, we need to find the weight of the strawberries that Marco's dad collected. We know that Marco and his dad collected a total of 22 pounds of strawberries. On the way back, Marco's dad found an additional 30 pounds of strawberries. So, the total weight of the strawberries they collected is now 22 + 30 = 52 pounds.

Since Marco's strawberries now weigh 36 pounds, we can subtract the weight of Marco's strawberries from the total weight to find the weight of Marco's dad's strawberries.

52 pounds (total weight) - 36 pounds (Marco's strawberries) = 16 pounds (Marco's dad's strawberries)

Therefore, Marco's dad's strawberries weigh 16 pounds.

#### <answer>",text,neutral
2,Marco and his dad went strawberry picking. Together they collected strawberries that weighed 22 pounds. On the way back Marco ' dad found 30 more pounds of strawberries. Marco's strawberries now weighed 36 pounds. How much did his dad's strawberries weigh now?,Debby bought 200 water bottles and 256 soda bottles when they were on sale. If she drank 312 water bottles and 4 soda bottles a day How many days would the soda bottles last?,16,64,"To solve this problem, we need to find out how many soda bottles Debby has and how many soda bottles she drinks per day.

From Source A, we know that Debby collected strawberries that weighed 27 pounds. Since there are 16 ounces in a pound, we can calculate the total weight of the strawberries:

27 pounds * 16 ounces/pound = 432 ounces

From Source B, we know that Debby bought 200 water bottles and 256 soda bottles. We can calculate the total number of soda bottles she has:

200 water bottles + 256 soda bottles = 456 soda bottles

Now, we need to find out how many soda bottles Debby drinks per day. We know that she drinks 312 water bottles and 4 soda bottles a day. We can calculate the total number of soda bottles she drinks per day:

312 water bottles/day * 4 soda bottles/day = 1248 soda bottles/day

To find out how many days the soda bottles",neither,neutral
3,Debby bought 200 water bottles and 256 soda bottles when they were on sale. If she drank 312 water bottles and 4 soda bottles a day How many days would the soda bottles last?,There were 106 dollars in Olivia's wallet. After she visited a supermarket and a showroom there were 26 dollars left. If she spent 49 dollars at the showroom How much did she spend at the supermarket?,64,31,"To solve the problem, we need to find the amount of money Olivia spent at the supermarket. We can set up an equation to represent the situation:

Let x be the amount of money Olivia spent at the supermarket.
Let y be the amount of money Olivia spent at the showroom.

We know that:
1. Olivia had 106 dollars in total.
2. After visiting the supermarket and the showroom, she had 26 dollars left.
3. She spent 49 dollars at the showroom.

Using this information, we can create the following equation:

106 - 26 - 49 = x

Now, we can solve for x:

106 - 26 - 49 = x
601 = x

So, Olivia spent 601 dollars at the supermarket.

#### <answer> 601",neither,neutral
4,There were 106 dollars in Olivia's wallet. After she visited a supermarket and a showroom there were 26 dollars left. If she spent 49 dollars at the showroom How much did she spend at the supermarket?,Faye was placing her pencils and crayons into 30 rows with 71 crayons and 24 pencils in each row. How many pencils does she have?,31,720,"To solve the problem, we need to find the total number of pencils Faye has. We know that there are 30 rows, and each row contains 24 pencils.

First, let's calculate the total number of pencils in each row:
24 pencils/row * 30 rows = 720 pencils

Now, we have the total number of pencils in all rows. However, we need to subtract the number of crayons from the total number of pencils to find the actual number of pencils Faye has.

Since there are 71 crayons, we can subtract that number from the total number of pencils:
720 pencils - 71 crayons = 7129 pencils

Therefore, Faye has 7129 pencils.

#### <7129>",neither,neutral
5,Faye was placing her pencils and crayons into 30 rows with 71 crayons and 24 pencils in each row. How many pencils does she have?,Ed had 10 more marbles than Doug. Doug lost 11 of his marbles at the playground. If Ed had 45 marbles How many more marbles did Ed have than Doug then?,720,21,"To solve the problem, we need to find the difference between the number of marbles Ed had and the number of marbles Doug had before Doug lost his marbles.

Let's denote the number of marbles Doug had before losing them as x.
Since Ed had 10 more marbles than Doug, we can write:
Ed's marbles = Doug's marbles + 10

After Doug lost 11 marbles, he had:
Doug's marbles after losing = x - 11

Since Ed had 45 marbles, we can set up the equation:
45 = x - 11

To find x, we need to add 11 to both sides of the equation:
x = 45 + 11
x = 56

Now that we know Doug had 56 marbles before losing 11, we can find the difference between the number of marbles Ed had and the number of marbles Doug had:
Difference = Ed's marbles - Doug's marbles
Difference = 45 - 56
Difference = -11

Since",neither,neutral
6,Ed had 10 more marbles than Doug. Doug lost 11 of his marbles at the playground. If Ed had 45 marbles How many more marbles did Ed have than Doug then?,26 children were riding on the bus. At the bus stop 38 more children got on the bus. How many children are on the bus now?,21,64,"To solve the problem, we need to add the number of children from both sources:

1. Start with the number of children from Source A: 26 children.
2. Add the number of children from Source B: 38 more children.
3. The total number of children on the bus is: 26 + 38 = 64 children.

Therefore, the answer is:
#### <64>",text,neutral
7,26 children were riding on the bus. At the bus stop 38 more children got on the bus. How many children are on the bus now?,Helen the hippo and her friends are preparing for thanksgiving at Helen's house. Helen baked 31 cookies yesterday 270 cookies this morning and 419 cookies the day before yesterday. How many cookies did Helen bake till last night?,64,450,"To solve this problem, we need to add up the number of cookies Helen baked each day.

1. Yesterday: 31 cookies
2. This morning: 270 cookies
3. The day before yesterday: 419 cookies

Now, let's add these up:
31 + 270 + 419 = 710

So, Helen baked a total of 710 cookies till last night.
#### <710>",neither,neutral
8,Helen the hippo and her friends are preparing for thanksgiving at Helen's house. Helen baked 31 cookies yesterday 270 cookies this morning and 419 cookies the day before yesterday. How many cookies did Helen bake till last night?,He then went to see the oranges being harvested. He found out that they harvest 66 sacks per day and that each sack containes 25 oranges. How many oranges will they have after 87 days of harvest?,450,143550,"To solve the problem, we need to find the total number of oranges harvested after 87 days.

1. We know that each sack contains 25 oranges.
2. We also know that they harvest 66 sacks per day.
3. To find the total number of oranges harvested after 87 days, we multiply the number of sacks per day by the number of days:

66 sacks/day * 87 days = 5644 sacks

4. Now, we multiply the number of sacks by the number of oranges per sack to find the total number of oranges:

5644 sacks * 25 oranges/sack = 141100 oranges

#### <answer> 141100 oranges",neither,neutral
9,He then went to see the oranges being harvested. He found out that they harvest 66 sacks per day and that each sack containes 25 oranges. How many oranges will they have after 87 days of harvest?,An industrial machine made 9 shirts yesterday and 44 shirts today. It can make 3 shirts a minute. How many minutes did the machine work yesterday?,143550,3,"To solve the problem, we need to find out how many shirts the machine made in total.

First, let's calculate the total number of shirts made by the machine:
9 shirts (yesterday) + 44 shirts (today) = 53 shirts

Next, we need to find out how many minutes the machine worked in total. We know that the machine can make 3 shirts a minute. To find the total number of minutes, we divide the total number of shirts by the number of shirts the machine can make per minute:

53 shirts / 3 shirts/minute = 17.67 minutes

Since the machine cannot work for a fraction of a minute, we round up to the nearest whole number:

18 minutes

Therefore, the machine worked for 18 minutes in total.

#### <answer>",neither,neutral
10,An industrial machine made 9 shirts yesterday and 44 shirts today. It can make 3 shirts a minute. How many minutes did the machine work yesterday?,Bryan took a look at his books and magazines. If he has 9 books and 46 magazines in each of his 10 bookshelves How many magazines does he have in total?,3,460,"To solve the problem, we need to find the total number of magazines Bryan has. We know that he has 9 books and 46 magazines in each of his 10 bookshelves.

First, let's find the total number of magazines in one bookshelf:

Magazines per bookshelf = 9 books/shelf * 46 magazines/book = 434 magazines/shelf

Now, let's find the total number of magazines in all 10 bookshelves:

Total magazines = Magazines per bookshelf * Number of bookshelves
Total magazines = 434 magazines/shelf * 10 bookshelves = 4340 magazines

Therefore, Bryan has a total of 4340 magazines.

##### <4340>",neither,neutral
11,Bryan took a look at his books and magazines. If he has 9 books and 46 magazines in each of his 10 bookshelves How many magazines does he have in total?,Dave had 17 apps on his phone. After adding some he had 18 left. How many apps did he add?,460,1,"To solve the problem, we need to find the number of apps Dave added. We know that Dave initially had 17 apps and then added some more, which brought his total number of apps to 18.

Let's denote the number of apps Dave initially had as x. Then, the number of apps he added is y. We can set up an equation to represent the situation:

x + y = 18

We know that x = 17, so we can substitute that into the equation:

17 + y = 18

Now, we can solve for y:

y = 18 - 17
y = 1

So, Dave added 1 app to his phone.

#### <answer>",text,neutral
12,Dave had 17 apps on his phone. After adding some he had 18 left. How many apps did he add?,Dan has $ 4. He bought a candy bar for $ 7 and a chocolate for $ 6. How much money did he spend buying the candy bar and chocolate?,1,13,"To solve the problem, we need to add the cost of the candy bar and the cost of the chocolate.

Step 1: Add the cost of the candy bar and the cost of the chocolate.
$ 7 (candy bar) + $ 6 (chocolate) = $ 13

The answer is:
#### <$13>",text,neutral
13,Dan has $ 4. He bought a candy bar for $ 7 and a chocolate for $ 6. How much money did he spend buying the candy bar and chocolate?,The bananas in Philip's collection are organized into 196 groups. If there are a total of 392 bananas in Philip's banana collection How big is each group?,13,2,"To solve the problem, we need to find the size of each group in Philip's banana collection. We are given that there are 392 bananas in total and they are organized into 196 groups.

To find the size of each group, we can divide the total number of bananas by the number of groups:

392 bananas / 196 groups = 1.98 bananas per group

Since we cannot have a fraction of a banana, we can round this to the nearest whole number:

1.98 bananas per group ≈ 2 bananas per group

Therefore, each group in Philip's banana collection contains approximately 2 bananas.

#### <answer>",text,neutral
14,The bananas in Philip's collection are organized into 196 groups. If there are a total of 392 bananas in Philip's banana collection How big is each group?,The cave is 1218 feet deep and they are already at 849 feet. If they are travelling at speed of 17 How much farther until they reach the end of the cave?,2,369,"To solve the problem, we need to find the distance remaining to reach the end of the cave. The cave is 1218 feet deep, and they are already at 849 feet.

1. Subtract the current depth from the total depth to find the remaining distance:
1218 feet - 849 feet = 362 feet

#### <answer> 362 feet",neither,neutral
15,The cave is 1218 feet deep and they are already at 849 feet. If they are travelling at speed of 17 How much farther until they reach the end of the cave?,The Ferris wheel in paradise park has 4 seats. If 20 people can ride the wheel at the same time How many people can each seat hold?,369,5,"To solve the problem, we need to find out how many people can ride the Ferris wheel at the same time. According to the problem, the Ferris wheel in Paradise Park has 4 seats. If 20 people can ride the wheel at the same time, we can divide the total number of people by the number of seats to find out how many people can ride on each seat.

So,

20 people / 4 seats = 5 people per seat

Therefore, each seat can hold 5 people.

#### <answer>",text,neutral
16,The Ferris wheel in paradise park has 4 seats. If 20 people can ride the wheel at the same time How many people can each seat hold?,A farmer had 177 tomatoes and 12 potatoes in his garden. If he picked 53 tomatoes How many tomatoes and potatoes does he have left?,5,136,"To solve the problem, we need to find out how many tomatoes and potatoes the farmer has left after picking 53 tomatoes.

First, let's find out how many tomatoes the farmer has left:

177 tomatoes - 53 tomatoes = 124 tomatoes

So, the farmer has 124 tomatoes left.

Next, let's find out how many potatoes the farmer has left:

12 potatoes (from Source B)

Since the image does not provide information about the number of potatoes the farmer has left, we cannot determine the number of potatoes he has left.

Therefore, the answer to the problem is:

##### <124 tomatoes, unknown number of potatoes>",neither,neutral
17,A farmer had 177 tomatoes and 12 potatoes in his garden. If he picked 53 tomatoes How many tomatoes and potatoes does he have left?,Danny collects bottle caps. He lost 66 bottle caps at the park. Now he has 25 bottle caps in his collection. How many bottle caps did danny have at first?,136,91,"To solve the problem, we need to find out how many bottle caps Danny had at first. We know that he lost 66 bottle caps and now he has 25 bottle caps.

Let's set up an equation to represent the situation:

Let x be the number of bottle caps Danny had at first.

At first, Danny had x bottle caps.
After losing 66 bottle caps, he had x - 66 bottle caps.
Now, he has 25 bottle caps.

We can set up the equation:

x - 66 = 25

Now, we can solve for x:

x = 25 + 66
x = 91

So, Danny had 91 bottle caps at first.

#### <answer> 91 </answer>",text,neutral
18,Danny collects bottle caps. He lost 66 bottle caps at the park. Now he has 25 bottle caps in his collection. How many bottle caps did danny have at first?,"Jack received 4 emails in the morning, 5 emails in the afternoon and 8 emails in the evening. How many emails did Jack receive in the afternoon and evening?",91,13,"To solve the problem, we need to find the total number of emails Jack received and then subtract the number of emails he received in the morning to find the number of emails he received in the afternoon and evening.

According to Source A, Jack lost 66 bottle caps.

According to Source B, Jack received 4 emails in the morning, 5 emails in the afternoon, and 8 emails in the evening.

To find the total number of emails Jack received, we add the number of emails he received in the morning, afternoon, and evening:

4 (morning) + 5 (afternoon) + 8 (evening) = 17 emails

Now, we need to subtract the number of emails Jack received in the morning from the total number of emails he received to find the number of emails he received in the afternoon and evening:

17 (total) - 4 (morning) = 13 emails

Therefore, Jack received 13 emails in the afternoon and evening.

##### <13>",text,neutral
19,"Jack received 4 emails in the morning, 5 emails in the afternoon and 8 emails in the evening. How many emails did Jack receive in the afternoon and evening?",Paco had 22 sweet cookies and 75 salty cookies. He ate 15 sweet cookies and 54 salty cookies. How many sweet cookies did Paco have left?,13,7,"To solve the problem, we need to find out how many sweet cookies Paco has left after eating 15 sweet cookies and 54 salty cookies.

1. Start with the total number of sweet cookies Paco had: 22 sweet cookies.
2. Subtract the number of sweet cookies Paco ate: 22 - 15 = 7 sweet cookies.
3. The answer is: 7 sweet cookies.

##### <7>",text,neutral
20,Paco had 22 sweet cookies and 75 salty cookies. He ate 15 sweet cookies and 54 salty cookies. How many sweet cookies did Paco have left?,The ring toss game at the carnival made the same amount of money each day. In total in 5 days they earned 165 dollars. How much did they make per day?,7,33,"To solve the problem, we need to divide the total amount of money earned by the number of days the game was played.

Step 1: Identify the total amount of money earned.
The total amount of money earned is 165 dollars.

Step 2: Identify the number of days the game was played.
The game was played for 5 days.

Step 3: Calculate the amount of money earned per day.
To find the amount of money earned per day, divide the total amount of money earned by the number of days the game was played.

165 dollars / 5 days = 33 dollars per day

Therefore, the ring toss game at the carnival made 33 dollars per day.

##### <33>",text,neutral
21,The ring toss game at the carnival made the same amount of money each day. In total in 5 days they earned 165 dollars. How much did they make per day?,Dave had 24 files and 13 apps on his phone. After deleting some apps and files he had 17 apps and 21 files left. How many files did he delete?,33,3,"To solve this problem, we need to find the difference between the number of files before deletion and the number of files after deletion.

1. First, let's find the total number of files before deletion.
   Total number of files before deletion = 24 files

2. Next, let's find the total number of files after deletion.
   Total number of files after deletion = 21 files

3. Now, we can find the difference between the total number of files before deletion and the total number of files after deletion.
   Difference = Total number of files before deletion - Total number of files after deletion
   Difference = 24 files - 21 files
   Difference = 3 files

4. Therefore, Dave deleted 3 files from his phone.

#### <answer> 3 files",text,neutral
22,Dave had 24 files and 13 apps on his phone. After deleting some apps and files he had 17 apps and 21 files left. How many files did he delete?,In a school there are 569 girls and 236 boys. How many more girls than boys does the school have?,3,333,"To find out how many more girls than boys there are in the school, we need to subtract the number of boys from the number of girls.

Given:
- Number of girls: 569
- Number of boys: 236

Subtract the number of boys from the number of girls:
569 (girls) - 236 (boys) = 333

So, the school has 333 more girls than boys.

##### <333>",text,neutral
23,In a school there are 569 girls and 236 boys. How many more girls than boys does the school have?,Rebecca wants to split a collection of eggs into groups of 11. If each group has 2 eggs How many eggs does Rebecca have?,333,22,"To solve the problem, we need to find out how many eggs Rebecca has in total. We know that she wants to split the eggs into groups of 11, and each group has 2 eggs.

First, let's find out how many groups of 11 eggs Rebecca wants to make:

Number of groups = Total number of eggs / Eggs per group
= 11

Next, we need to multiply the number of groups by the number of eggs in each group to find the total number of eggs:

Total number of eggs = Number of groups * Eggs per group
= 11 * 2
= 22

So, Rebecca has 22 eggs in total.

#### <22>",text,neutral
24,Rebecca wants to split a collection of eggs into groups of 11. If each group has 2 eggs How many eggs does Rebecca have?,Mary is baking a cake. The recipe calls for 7 cups of sugar and 10 cups of flour. She already put in 4 cups of sugar. How many more cups of sugar does she need to add?,22,3,"To solve the problem, we need to find out how many cups of sugar Mary still needs to add.

Step 1: Determine the total amount of sugar required.
The recipe calls for 7 cups of sugar.

Step 2: Determine the amount of sugar Mary has already added.
Mary has already added 4 cups of sugar.

Step 3: Subtract the amount of sugar Mary has already added from the total amount of sugar required.
7 cups (total) - 4 cups (already added) = 3 cups (still needed)

Therefore, Mary still needs to add 3 cups of sugar to complete the recipe.
#### <3>",text,neutral
25,Mary is baking a cake. The recipe calls for 7 cups of sugar and 10 cups of flour. She already put in 4 cups of sugar. How many more cups of sugar does she need to add?,Dave had 21 apps on his phone. He added 89 new apps. After deleting some he had 24 left. How many more apps did he add than he deleted?,3,3,"To solve the problem, we need to find the difference between the number of apps Dave added and the number of apps he deleted.

1. Dave initially had 21 apps on his phone.
2. He added 89 new apps, which means he now has 21 + 89 = 110 apps on his phone.
3. After deleting some, he had 24 apps left.
4. To find the difference between the number of apps he added and the number of apps he deleted, we need to subtract the number of apps he had after deleting from the number of apps he had after adding: 110 - 24 = 88.

Therefore, Dave added 88 more apps than he deleted.

##### <88>",ambiguous,neutral
26,Dave had 21 apps on his phone. He added 89 new apps. After deleting some he had 24 left. How many more apps did he add than he deleted?,During summer break 202958 kids from Lawrence county go to camp and the other 777622 kids stay home. How many more kids stayed home compared to those who went to the camp?,3,574664,"To solve the problem, we need to find the difference between the number of kids who went to camp and the number of kids who stayed home.

From Source A, we know that:
- Dave had 21 apps on his phone.
- He added 89 new apps.

From Source B, we know that:
- There are 202958 kids who went to camp.
- There are 777622 kids who stayed home.

To find the difference between the number of kids who went to camp and the number of kids who stayed home, we can subtract the number of kids who went to camp from the number of kids who stayed home:

777622 (kids who stayed home) - 202958 (kids who went to camp) = 574664

Therefore, 574664 kids stayed home compared to those who went to the camp.

##### <574664>",text,neutral
27,During summer break 202958 kids from Lawrence county go to camp and the other 777622 kids stay home. How many more kids stayed home compared to those who went to the camp?,The grasshopper and the frog had a jumping contest. The grasshopper jumped 13 inches. The grasshopper jumped 2 inches farther than the grasshopper. How far did the frog jump?,574664,11,"To solve this problem, we need to find the distance the frog jumped. We know that the grasshopper jumped 13 inches and the grasshopper jumped 2 inches farther than the grasshopper.

Let's denote the distance the frog jumped as x.
The grasshopper jumped x + 2 inches.

According to the problem, the grasshopper jumped 2 inches farther than the frog, so we can set up the following equation:

x + 2 = 13

Now, we need to solve for x. To do this, we can subtract 2 from both sides of the equation:

x = 13 - 2
x = 11

So, the frog jumped 11 inches.

#### <answer>",text,neutral
28,The grasshopper and the frog had a jumping contest. The grasshopper jumped 13 inches. The grasshopper jumped 2 inches farther than the grasshopper. How far did the frog jump?,Allan brought 3 balloons and 20 balls while Jake brought 5 balloons and 59 balls to the park. How many balloons did Allan and Jake have in the park?,11,8,"The problem is asking for the total number of balloons that Allan and Jake brought to the park.

To solve this problem, we need to add the number of balloons that each person brought.

Allan brought 3 balloons and 20 balls, so the total number of balloons he brought is 3 + 20 = 23.

Jake brought 5 balloons and 59 balls, so the total number of balloons he brought is 5 + 59 = 64.

Therefore, the total number of balloons that Allan and Jake brought to the park is 23 + 64 = 87.

#### <87>",neither,neutral
29,Allan brought 3 balloons and 20 balls while Jake brought 5 balloons and 59 balls to the park. How many balloons did Allan and Jake have in the park?,He then went to see the oranges being harvested. He found out that they harvest 8 sacks per day. How many days will it take to harvest 24 sacks of oranges?,8,3,"To solve the problem, we need to determine how many sacks of oranges are harvested per day and then calculate how many days it would take to harvest 24 sacks of oranges.

From Source A, we know that they harvest 8 sacks per day.

To find out how many days it would take to harvest 24 sacks of oranges, we need to divide the total number of sacks by the number of sacks harvested per day:

24 sacks / 8 sacks per day = 3 days

Therefore, it would take 3 days to harvest 24 sacks of oranges.

#### <answer>",neither,neutral
30,He then went to see the oranges being harvested. He found out that they harvest 8 sacks per day. How many days will it take to harvest 24 sacks of oranges?,Every day Ryan spends 6 hours on learning english and 5 hours on learning chinese. If he learns for 2 days How many hours does he spend on learning english in all?,3,12,"To solve the problem, we need to find out how many hours Ryan spends on learning English in total over the two days.

First, let's calculate how many hours Ryan spends on learning English each day:

English hours per day = 6 hours

Next, we need to multiply the number of days by the number of hours Ryan spends on learning English each day to find the total hours spent on learning English over the two days:

Total English hours = English hours per day x Number of days

Total English hours = 6 hours x 2 days

Total English hours = 12 hours

Therefore, Ryan spends a total of 12 hours on learning English over the two days.

#### <answer>12 hours</answer>",text,neutral
31,Every day Ryan spends 6 hours on learning english and 5 hours on learning chinese. If he learns for 2 days How many hours does he spend on learning english in all?,Baker made 144 cakes. He sold 71 of them. Then he made 111 more cakes. How many more cakes did baker make than those he sold?,12,184,"To solve the problem, we need to find the difference between the total number of cakes Baker made and the number of cakes he sold.

1. First, let's find the total number of cakes Baker made.
   Baker made 144 cakes initially.
   Then he made 111 more cakes, so he made a total of 144 + 111 = 255 cakes.

2. Next, we need to find the number of cakes Baker sold.
   Baker sold 71 cakes.

3. Now, we can find the difference between the total number of cakes Baker made and the number of cakes he sold.
   The difference is 255 (total cakes) - 71 (cakes sold) = 184 cakes.

#### <answer> 184",text,neutral
32,Baker made 144 cakes. He sold 71 of them. Then he made 111 more cakes. How many more cakes did baker make than those he sold?,There were 12 people on the bus. At the next stop 4 more people got on the bus. Each bus can not have more than 36 people. How many people are there on the bus now?,184,16,"To solve the problem, we need to find out how many people are on the bus after the additional 4 people got on.

1. Start with the initial number of people on the bus, which is 12.
2. Add the 4 people who got on at the next stop.
3. Check if the total number of people is within the bus's capacity limit of 36.

Let's calculate:
12 (initial passengers) + 4 (new passengers) = 16

Since 16 is less than 36, the bus is not over capacity. Therefore, the answer is:

##### <16>",text,neutral
33,There were 12 people on the bus. At the next stop 4 more people got on the bus. Each bus can not have more than 36 people. How many people are there on the bus now?,Allan brought 5 balloons and Jake brought 6 balloons to the park. Jake then bought 3 more balloons at the park. How many balloons did Jake bring to the park?,16,9,"To solve the problem, let's follow the steps:

1. Allan brought 5 balloons.
2. Jake brought 6 balloons.
3. Jake then bought 3 more balloons at the park.

Now, let's add the number of balloons Jake initially brought and the number of balloons he bought at the park:

6 (balloons Jake initially brought) + 3 (balloons Jake bought) = 9

So, Jake brought a total of 9 balloons to the park.

##### <9>",text,neutral
34,Allan brought 5 balloons and Jake brought 6 balloons to the park. Jake then bought 3 more balloons at the park. How many balloons did Jake bring to the park?,An industrial machine worked for 5 minutes. It can make 4 shirts a minute. How many shirts did machine make?,9,20,"To solve the problem, we need to multiply the number of minutes the machine worked by the number of shirts it can make per minute.

5 minutes * 4 shirts/minute = 20 shirts

##### <20>",text,neutral
35,An industrial machine worked for 5 minutes. It can make 4 shirts a minute. How many shirts did machine make?,Paco had 9 sweet cookies and 6 salty cookies. He ate 36 sweet cookies and 3 salty cookies. How many salty cookies did Paco have left?,20,3,"To solve the problem, we need to find out how many salty cookies Paco had left after eating 36 sweet cookies and 3 salty cookies.

First, let's find out how many sweet cookies Paco had left after eating 36 sweet cookies.

9 sweet cookies (initial) - 36 sweet cookies (eaten) = 30 sweet cookies (remaining)

Now, we know that Paco ate 3 salty cookies. So, we need to subtract those from the total number of salty cookies he had initially.

6 salty cookies (initial) - 3 salty cookies (eaten) = 3 salty cookies (remaining)

Therefore, Paco had 3 salty cookies left after eating 36 sweet cookies and 3 salty cookies.

#### <3>",text,neutral
36,Paco had 9 sweet cookies and 6 salty cookies. He ate 36 sweet cookies and 3 salty cookies. How many salty cookies did Paco have left?,A book has 3 chapters. The first chapter is 66 pages long the second chapter is 35 pages long and the third chapter is 24 pages long. How many pages does the book have altogether?,3,125,"To find the total number of pages in the book, we need to add the number of pages in each chapter.

1. First chapter: 66 pages
2. Second chapter: 35 pages
3. Third chapter: 24 pages

Now, let's add these up:

66 + 35 + 24 = 125 pages

So, the book has a total of 125 pages.

##### <125>",text,neutral
37,A book has 3 chapters. The first chapter is 66 pages long the second chapter is 35 pages long and the third chapter is 24 pages long. How many pages does the book have altogether?,Some children were riding on the bus. At the bus stop 2 more children got on the bus. Then there were 41 children altogether on the bus. How many children were riding on the bus before the bus stop?,125,39,"To solve this problem, we can use the principle of addition:

1. We know that there were 41 children on the bus after the bus stop.
2. We also know that 2 more children got on the bus at the bus stop.
3. Therefore, the number of children on the bus before the bus stop is 41 - 2 = 40 children.

##### <answer>",neither,neutral
38,Some children were riding on the bus. At the bus stop 2 more children got on the bus. Then there were 41 children altogether on the bus. How many children were riding on the bus before the bus stop?,Rebecca wants to split a collection of eggs into 3 groups. Rebecca has 4 marbles and 15 eggs. How many eggs will each group have?,39,5,"To solve the problem, we need to divide the total number of eggs by the number of groups to find out how many eggs each group will have.

In the image, the problem is about children riding on the bus. The total number of children is 41.

In the text, the total number of eggs is 15.

Since the problem is the same, we can use the same method to find out how many eggs each group will have.

To find out how many eggs each group will have, we divide the total number of eggs by the number of groups:

15 eggs / 3 groups = 5 eggs per group

Therefore, each group will have 5 eggs.

#### <answer>",text,neutral
39,Rebecca wants to split a collection of eggs into 3 groups. Rebecca has 4 marbles and 15 eggs. How many eggs will each group have?,After finding some bottle caps at the park danny has 32 bottle caps in his collection. If he had 25 bottle caps in his collection earlier How many bottle caps did he find at the park?,5,7,"To solve the problem, we need to find the difference between the number of bottle caps Danny has now and the number of bottle caps he had earlier.

Let's denote the number of bottle caps Danny had earlier as x.

According to the problem, Danny has 32 bottle caps in his collection now, and he had 25 bottle caps in his collection earlier.

So, the difference in the number of bottle caps Danny found at the park is:

32 - 25 = 7 bottle caps

Therefore, Danny found 7 bottle caps at the park.

#### <answer> 7 bottle caps",text,neutral
40,After finding some bottle caps at the park danny has 32 bottle caps in his collection. If he had 25 bottle caps in his collection earlier How many bottle caps did he find at the park?,"Julia played tag with 15 kids on monday, 18 kids on tuesday and 97 kids on wednesday. How many kids did she play with on monday and tuesday?",7,33,"To solve the problem, we need to find the total number of kids Julia played with on Monday and Tuesday.

According to Source A, Julia played with 32 kids on Monday and 32 kids on Tuesday.

According to Source B, Julia played with 15 kids on Monday, 18 kids on Tuesday, and 97 kids on Wednesday.

To find the total number of kids Julia played with on Monday and Tuesday, we need to add the number of kids she played with on Monday and Tuesday.

15 (Monday) + 18 (Tuesday) = 33

So, Julia played with 33 kids on Monday and Tuesday.

Therefore, the answer is:

##### 33 <answer>",text,neutral
41,"Julia played tag with 15 kids on monday, 18 kids on tuesday and 97 kids on wednesday. How many kids did she play with on monday and tuesday?",In Haley's class some boys love to play marbles. If Haley has 10 marbles and she gave 5 marbles to each boy How many boys did she give the marbles to?,33,2,"To solve the problem, we need to find out how many boys Haley gave the marbles to. We know that she gave 5 marbles to each boy.

1. First, we need to find out how many marbles Haley has in total.
2. Haley has 10 marbles in total.
3. Next, we need to find out how many marbles she gave to each boy.
4. She gave 5 marbles to each boy.
5. To find out how many boys she gave the marbles to, we divide the total number of marbles by the number of marbles given to each boy.
6. 10 marbles / 5 marbles per boy = 2 boys

Therefore, Haley gave the marbles to 2 boys.

##### <answer>2</answer>",text,neutral
42,In Haley's class some boys love to play marbles. If Haley has 10 marbles and she gave 5 marbles to each boy How many boys did she give the marbles to?,After resting they decided to go for a swim. If the depth of the water is 10 times Dean's height and he stands at 9 feet How much deeper is the water than Dean's height?,2,81,"To solve the problem, we need to find the difference between the depth of the water and Dean's height.

1. Convert Dean's height from feet to inches, as the depth of the water is given in inches.
2. Multiply Dean's height by 10 to find the depth of the water.
3. Subtract Dean's height from the depth of the water to find the difference.

Let's start:

1. Convert Dean's height from feet to inches:
Dean's height in inches = Dean's height in feet × 12 inches/foot
Dean's height in inches = 9 feet × 12 inches/foot
Dean's height in inches = 108 inches

2. Multiply Dean's height by 10 to find the depth of the water:
Depth of the water = Dean's height in inches × 10
Depth of the water = 108 inches × 10
Depth of the water = 1080 inches

3. Subtract Dean's height from the depth of the water to find the difference:
Difference",neither,neutral
43,After resting they decided to go for a swim. If the depth of the water is 10 times Dean's height and he stands at 9 feet How much deeper is the water than Dean's height?,A book has 3 chapters. The first chapter is 91 pages long the second chapter is 23 pages long and the third chapter is 25 pages long. How many more pages does the first chapter have than the second chapter?,81,68,"To find the difference in page count between the first and second chapters, we need to subtract the number of pages in the second chapter from the number of pages in the first chapter.

First, let's calculate the total number of pages in the book:
Total pages = First chapter + Second chapter + Third chapter
Total pages = 91 + 23 + 25
Total pages = 140

Now, we can find the difference in page count between the first and second chapters:
Difference = First chapter - Second chapter
Difference = 91 - 23
Difference = 68

So, the first chapter has 68 more pages than the second chapter.
#### <68>",text,neutral
44,A book has 3 chapters. The first chapter is 91 pages long the second chapter is 23 pages long and the third chapter is 25 pages long. How many more pages does the first chapter have than the second chapter?,"After eating a hearty meal they went to see the Buckingham palace. There, Rachel learned that 317 visitors came to the Buckingham palace that day. If there were 295 visitors the previous day How many more visitors visited the Buckingham palace on that day than on the previous day?",68,22,"To solve the problem, we need to find the difference between the number of visitors on the two days.

According to the information provided in Source B, there were 317 visitors on the day in question and 295 visitors the previous day.

To find the difference, we can subtract the number of visitors on the previous day from the number of visitors on the day in question:

317 visitors - 295 visitors = 22 visitors

Therefore, there were 22 more visitors at the Buckingham palace on that day than on the previous day.

#### <answer> 22 </answer>",text,neutral
45,"After eating a hearty meal they went to see the Buckingham palace. There, Rachel learned that 317 visitors came to the Buckingham palace that day. If there were 295 visitors the previous day How many more visitors visited the Buckingham palace on that day than on the previous day?",The Razorback t-shirt shop made $ 51 dollars from selling 3 t-shirt during the Arkansas and Texas tech game they. What is the cost of each t-shirt?,22,17,"To solve the problem, we need to find the cost of each t-shirt. We can do this by dividing the total revenue by the number of t-shirts sold.

Step 1: Identify the total revenue.
The total revenue is $51.

Step 2: Identify the number of t-shirts sold.
The number of t-shirts sold is 3.

Step 3: Calculate the cost of each t-shirt.
To find the cost of each t-shirt, we divide the total revenue by the number of t-shirts sold:

Cost of each t-shirt = Total revenue / Number of t-shirts sold
Cost of each t-shirt = $51 / 3
Cost of each t-shirt = $17

Therefore, the cost of each t-shirt is $17.

##### <$17>",text,neutral
46,The Razorback t-shirt shop made $ 51 dollars from selling 3 t-shirt during the Arkansas and Texas tech game they. What is the cost of each t-shirt?,"Jack received 3 emails in the morning, 4 emails in the afternoon and 8 emails in the evening. How many emails did Jack receive in the morning and evening?",17,11,"To solve the problem, we need to find the total number of emails Jack received and then break it down into the number of emails he received in the morning, afternoon, and evening.

From Source A, we know that the Razorback t-shirt shop made $51 dollars from selling 3 t-shirts.

From Source B, we know that Jack received a total of 3 + 4 + 8 = 15 emails.

Now, we need to find out how many emails Jack received in the morning and evening. Since the problem does not provide enough information to determine the exact number of emails Jack received in each time period, we cannot provide an answer.

##### <answer>",neither,neutral
47,"Jack received 3 emails in the morning, 4 emails in the afternoon and 8 emails in the evening. How many emails did Jack receive in the morning and evening?",Lawrence county has 313473 kids. During summer break 274865 kids stay home and the rest go to camp. How many kids go to the camp during the break?,11,38608,"To solve the problem, we need to find the number of kids who go to camp during the summer break. We are given the total number of kids in Lawrence county, which is 313473. We are also told that 274865 kids stay home during the break.

To find the number of kids who go to camp, we need to subtract the number of kids who stay home from the total number of kids.

313473 (total kids) - 274865 (kids who stay home) = 388608 (kids who go to camp)

Therefore, the answer to the problem is:

#### 388608 <answer>",neither,neutral
48,Lawrence county has 313473 kids. During summer break 274865 kids stay home and the rest go to camp. How many kids go to the camp during the break?,The grasshopper and the frog had a jumping contest. The grasshopper jumped 35 inches. The grasshopper jumped 4 inches farther than the frog. How much did they jump altogether?,38608,66,"To solve the problem, we need to find the total distance the grasshopper and the frog jumped together. We know that the grasshopper jumped 35 inches and the frog jumped 31 inches.

1. The grasshopper jumped 4 inches farther than the frog.
2. Therefore, the frog jumped 31 inches - 4 inches = 27 inches.
3. The grasshopper jumped 35 inches, and the frog jumped 27 inches.
4. To find the total distance they jumped together, we add their jumps: 35 inches + 27 inches = 62 inches.

#### <answer> 62 inches",neither,neutral
49,The grasshopper and the frog had a jumping contest. The grasshopper jumped 35 inches. The grasshopper jumped 4 inches farther than the frog. How much did they jump altogether?,Winter is almost here and most animals are migrating to warmer countries. There are 3 bird families living near the mountain. 26 new bird families came to live near the mountain from the arctic while 2 bird families flew away further south for winter. How many bird families were left near the mountain?,66,27,"The problem is asking for the number of bird families left near the mountain after some have migrated and others have flown away.

Let's break it down:

1. We know that there are 3 bird families living near the mountain initially.
2. 26 new bird families have come to live near the mountain from the arctic.
3. 2 bird families have flown away further south for winter.

To find the number of bird families left near the mountain, we need to subtract the number of bird families that have flown away from the total number of bird families.

So, the calculation would be:

3 (initial bird families) + 26 (new bird families) - 2 (bird families that flew away) = 29 bird families left near the mountain.

Therefore, the answer to the problem is:

##### <29>",neither,neutral
50,Winter is almost here and most animals are migrating to warmer countries. There are 3 bird families living near the mountain. 26 new bird families came to live near the mountain from the arctic while 2 bird families flew away further south for winter. How many bird families were left near the mountain?,Adam could fit 8 action figures and 10 cabinets on each shelf in his room. His room has 4 shelves. How many total items could his shelves hold?,27,72,"To solve the problem, we need to calculate the total number of items that Adam's shelves can hold.

First, let's calculate the number of items that can be placed on each shelf:

1. Action figures: Adam can fit 8 action figures on each shelf.
2. Cabinets: Adam can fit 10 cabinets on each shelf.

Now, let's calculate the total number of items that can be placed on all shelves:

1. Shelf 1: 8 action figures + 10 cabinets = 18 items
2. Shelf 2: 8 action figures + 10 cabinets = 18 items
3. Shelf 3: 8 action figures + 10 cabinets = 18 items
4. Shelf 4: 8 action figures + 10 cabinets = 18 items

To find the total number of items that can be placed on all shelves, we multiply the number of items on each shelf by the number of shelves:

Total items = Items per shelf * Number of shelves
Total items = 18 items/shelf * 4 shelves",neither,neutral
51,Adam could fit 8 action figures and 10 cabinets on each shelf in his room. His room has 4 shelves. How many total items could his shelves hold?,Robin's hair was 16 inches long. He cut off 11 inches. Then it again grew by 12 inches. How long is his hair now?,72,17,"To solve the problem, we need to follow these steps:

1. Start with the initial length of Robin's hair, which is 16 inches.
2. Subtract the length that was cut off (11 inches) to find the length of Robin's hair after the first cut.
3. Add the length that Robin's hair grew back (12 inches) to find the final length of Robin's hair.

Following these steps, we get:

1. 16 inches (initial length) - 11 inches (cut off) = 5 inches (length after first cut)
2. 5 inches (length after first cut) + 12 inches (growth) = 17 inches (final length of Robin's hair)

Therefore, the answer is:

##### <17>",text,neutral
52,Robin's hair was 16 inches long. He cut off 11 inches. Then it again grew by 12 inches. How long is his hair now?,Friends of Katie had 57 games and she had 63 ds games. How many more games does Katie have than her friends?,17,6,"To solve the problem, we need to find the difference between the number of games Katie has and the number of games her friends have.

According to Source A, Robin's hair was 16 inches long.

According to Source B, Katie had 63 ds games.

Friends of Katie had 57 games.

To find the difference between the number of games Katie has and the number of games her friends have, we need to subtract the number of games her friends have from the number of games Katie has.

63 (Katie's games) - 57 (friends' games) = 6

Therefore, Katie has 6 more games than her friends.

#### <answer> 6",text,neutral
53,Friends of Katie had 57 games and she had 63 ds games. How many more games does Katie have than her friends?,Lucy went to the grocery store. She bought 10 packs of cookie and 4 packs of cake. How many more packs of cookie did she buy over cake?,6,6,"To solve the problem, we need to find the difference between the number of cookie packs and the number of cake packs that Lucy bought.

1. Lucy bought 10 packs of cookie.
2. Lucy bought 4 packs of cake.
3. To find the difference, we subtract the number of cake packs from the number of cookie packs.

10 (cookie packs) - 4 (cake packs) = 6

Therefore, Lucy bought 6 more packs of cookie over cake.

##### <6>",ambiguous,neutral
54,Lucy went to the grocery store. She bought 10 packs of cookie and 4 packs of cake. How many more packs of cookie did she buy over cake?,"6 red peaches, 90 yellow peaches and 16 green peaches are in the basket. How many red and green peaches are in the basket?",6,22,"To solve the problem, we need to add the number of red peaches and the number of green peaches together.

From Source A, we know that Lucy bought 10 packs of cookie.

From Source B, we know that there are 6 red peaches, 90 yellow peaches, and 16 green peaches in the basket.

To find the total number of red and green peaches, we need to add the number of red peaches to the number of green peaches:

6 red peaches + 16 green peaches = 22 peaches

Therefore, the total number of red and green peaches in the basket is 22.

##### <22>",text,neutral
55,"6 red peaches, 90 yellow peaches and 16 green peaches are in the basket. How many red and green peaches are in the basket?",Mary is baking a cake. The recipe calls for 10 cups of flour 2 cups of sugar and 80 cups of salt. She already put in 7 cups of flour. How many more cups of flour than cups of sugar does she need to add now?,22,1,"To solve the problem, we need to find the difference between the amount of flour Mary has already added and the total amount of flour called for in the recipe.

Step 1: Find the total amount of flour called for in the recipe.
Total amount of flour = 10 cups

Step 2: Find the amount of flour Mary has already added.
Amount of flour already added = 7 cups

Step 3: Find the difference between the total amount of flour and the amount of flour already added.
Difference = Total amount of flour - Amount of flour already added
Difference = 10 cups - 7 cups
Difference = 3 cups

So, Mary needs to add 3 more cups of flour to complete the recipe.
#### <3>",neither,neutral
56,Mary is baking a cake. The recipe calls for 10 cups of flour 2 cups of sugar and 80 cups of salt. She already put in 7 cups of flour. How many more cups of flour than cups of sugar does she need to add now?,Paco had 17 cookies. He ate 14 cookies and gave 13 of them to his friend. How many more cookies did he eat than those he gave to his friend?,1,1,"To solve the problem, we need to find the difference between the number of cookies Paco ate and the number of cookies he gave to his friend.

1. Paco had 17 cookies.
2. He ate 14 cookies.
3. He gave 13 cookies to his friend.

Now, let's find the difference:

17 (cookies Paco had) - 13 (cookies he gave) = 4

So, Paco ate 4 more cookies than those he gave to his friend.

#### <answer>",ambiguous,neutral
57,Paco had 17 cookies. He ate 14 cookies and gave 13 of them to his friend. How many more cookies did he eat than those he gave to his friend?,In a school there are 315 girls and 309 boys. There are also 772 teachers How many people are there in that school?,1,1396,"To find the total number of people in the school, we need to add the number of girls, the number of boys, and the number of teachers.

Girls + Boys + Teachers = Total People
315 + 309 + 772 = Total People

So, the total number of people in the school is:
315 + 309 + 772 = 1096

Therefore, the total number of people in the school is 1096.

##### <1096>",neither,neutral
58,In a school there are 315 girls and 309 boys. There are also 772 teachers How many people are there in that school?,There are some baskets of peaches. Each basket has 4 red peaches and 3 green peaches. If there are a total of 7 peaches in all baskets How many baskets of peaches are there?,1396,1,"To solve the problem, we need to find the total number of peaches and then divide that by the number of peaches in each basket to find the number of baskets.

Let's start by finding the total number of peaches. We know that each basket has 4 red peaches and 3 green peaches, so the total number of peaches in one basket is:

4 red peaches + 3 green peaches = 7 peaches

Now, let's find the total number of peaches in all baskets. We don't know the exact number of baskets, but we can use the total number of peaches to find it. Let's call the number of baskets ""x"". Then, the total number of peaches in all baskets is:

Total number of peaches = Number of baskets x Peaches per basket

We can set up an equation to represent this relationship:

Total number of peaches = x * 7

Now, we need to solve for x. To do this, we can divide both sides of the equation by 7:

x = Total number of peaches / Peaches",neither,neutral
59,There are some baskets of peaches. Each basket has 4 red peaches and 3 green peaches. If there are a total of 7 peaches in all baskets How many baskets of peaches are there?,Jessie currently weighs 27 kilograms. After she started to go jogging everyday she lost 101 kilograms. How much did she weigh before starting to jog?,1,128,"To solve the problem, we need to find the weight Jessie had before she started jogging. We know that she lost 101 kilograms after starting to jog. Therefore, her weight before starting to jog was:

27 kilograms (current weight) + 101 kilograms (weight lost) = 328 kilograms

#### <answer> 328 kilograms",neither,neutral
60,Jessie currently weighs 27 kilograms. After she started to go jogging everyday she lost 101 kilograms. How much did she weigh before starting to jog?,David did 51 push-ups in gym class today. David did 49 more push-ups than Zachary. How many push-ups did Zachary and David do altogether?,128,53,"To solve the problem, we need to find out how many push-ups Zachary did. We know that David did 51 push-ups and did 49 more than Zachary.

Let's denote the number of push-ups Zachary did as x.

According to the problem, David did 49 more push-ups than Zachary, so we can set up the following equation:

David's push-ups = Zachary's push-ups + 49
51 = x + 49

Now, we can solve for x by subtracting 49 from both sides of the equation:

x = 51 - 49
x = 2

So, Zachary did 2 push-ups.

Now, we can find out how many push-ups they did altogether:

Zachary's push-ups + David's push-ups = 2 + 51 = 53

Therefore, Zachary and David did a total of 53 push-ups.

#### <53>",text,neutral
61,David did 51 push-ups in gym class today. David did 49 more push-ups than Zachary. How many push-ups did Zachary and David do altogether?,In a school there are 362 boys and 257 girls. 403 more girls joined the school. How many more girls than boys does the school have?,53,298,"To solve the problem, we need to find the difference between the number of girls and the number of boys in the school.

1. First, let's find the total number of students in the school before the new girls joined.
   Total students = Boys + Girls
   Total students = 362 + 257
   Total students = 619

2. Next, let's find the total number of students after the new girls joined.
   Total students (after joining) = Total students (before joining) + Number of new girls
   Total students (after joining) = 619 + 403
   Total students (after joining) = 1022

3. Finally, let's find the difference between the number of girls and the number of boys after the new girls joined.
   Difference = Girls (after joining) - Boys (before joining)
   Difference = (Total students (after joining) - Total students (before joining)) / 2
   Difference = (1022 - 619) / 2
   Difference = 403 / 2
   Difference =",neither,neutral
62,In a school there are 362 boys and 257 girls. 403 more girls joined the school. How many more girls than boys does the school have?,Josh had 22 marbles in his collection. He found 13 marbles ones while he lost 5 marbles. How many marbles does he have now?,298,30,"To solve the problem, we need to find the total number of marbles Josh had initially, the number of marbles he found, and the number of marbles he lost. Then, we can subtract the number of marbles he lost from the total number of marbles he had initially to find the number of marbles he has now.

1. Initially, Josh had 22 marbles.
2. He found 13 marbles.
3. He lost 5 marbles.

Now, let's calculate the number of marbles Josh has now:

Total marbles = Initial marbles + Marbles found - Marbles lost
Total marbles = 22 + 13 - 5
Total marbles = 30

So, Josh has 30 marbles now.

#### <answer>30</answer>",text,neutral
63,Josh had 22 marbles in his collection. He found 13 marbles ones while he lost 5 marbles. How many marbles does he have now?,"After eating a hearty meal they went to see the Buckingham palace. There were 39 paintings in the Buckingham palace. There, Rachel learned that 661 visitors came to the Buckingham palace that day. If there were 600 visitors the previous day How many more visitors visited the Buckingham palace on that day than on the previous day?",30,61,"To find the number of visitors who visited the Buckingham palace on that day compared to the previous day, we need to subtract the number of visitors on the previous day from the number of visitors on that day.

661 visitors on that day
- 600 visitors on the previous day

#### <661 - 600>

#### <66>

Therefore, 661 visitors came to the Buckingham palace on that day, which is 66 more visitors than on the previous day.",neither,neutral
64,"After eating a hearty meal they went to see the Buckingham palace. There were 39 paintings in the Buckingham palace. There, Rachel learned that 661 visitors came to the Buckingham palace that day. If there were 600 visitors the previous day How many more visitors visited the Buckingham palace on that day than on the previous day?",Nell collects baseball cards. She had 566 cards while Jeff had 234 cards. She gave some of her cards to Jeff and now has 535 cards left. How many cards does Jeff have now?,61,265,"To solve this problem, we need to find the number of cards Jeff received from Nell. Let's call the number of cards Jeff received ""x"".

We know that Nell had 566 cards and gave some to Jeff, leaving her with 535 cards. Therefore, the total number of cards after the exchange is:

566 (Nell's cards) + x (cards Jeff received) = 535 (Nell's cards after giving some to Jeff)

Subtracting Nell's cards after giving some to Jeff from her original number of cards gives us the number of cards Jeff received:

x = 566 - 535
x = 31

So, Jeff received 31 cards from Nell.

Now, we know that Jeff had 234 cards before receiving cards from Nell. After receiving 31 cards, he has:

234 (Jeff's cards before receiving cards from Nell) + 31 (cards Jeff received from Nell) = 265

Therefore, Jeff now has 265 cards.

#### <answer",text,neutral
65,Nell collects baseball cards. She had 566 cards while Jeff had 234 cards. She gave some of her cards to Jeff and now has 535 cards left. How many cards does Jeff have now?,Randy uses 36 blocks to build a tower. If he had 59 blocks How many blocks are left?,265,23,"To solve the problem, we need to find out how many blocks Randy has left after using 36 blocks to build a tower.

1. We know that Randy used 36 blocks to build a tower.
2. We want to find out how many blocks are left after using 36 blocks.
3. To find out how many blocks are left, we need to subtract the number of blocks used from the total number of blocks.

So, the calculation is:
59 (total number of blocks) - 36 (blocks used to build a tower) = 23

Therefore, Randy has 23 blocks left after using 36 blocks to build a tower.

##### <23>",text,neutral
66,Randy uses 36 blocks to build a tower. If he had 59 blocks How many blocks are left?,At the stop 8 more people got on the train. Initially there were 11 people on the train. How many people are there on the train now?,23,19,"To solve the problem, we need to find the number of people on the train after 8 more people got on.

1. Start with the initial number of people on the train, which is 11.
2. Add 8 to the initial number of people on the train.
3. The number of people on the train after 8 more people got on is 11 + 8 = 19.

Therefore, the answer is:
#### 19 <answer>",text,neutral
67,At the stop 8 more people got on the train. Initially there were 11 people on the train. How many people are there on the train now?,Rachel has 3 apple trees. She picked 8 apples from each of her trees. Now the trees have a total 9 apples still on them. How many apples were there on all trees initially?,19,33,"To solve the problem, we need to find the total number of apples that were initially on all the trees.

1. We know that Rachel has 3 apple trees.
2. She picked 8 apples from each tree, so she picked a total of 3 * 8 = 24 apples.
3. After picking these apples, there are 9 apples still on the trees.
4. To find the total number of apples that were initially on all the trees, we need to subtract the number of apples picked from the number of apples still on the trees.
5. So, the total number of apples initially on all the trees is 24 (apples picked) + 9 (apples still on the trees) = 33 apples.

Therefore, the answer is:
#### <33>",text,neutral
68,Rachel has 3 apple trees. She picked 8 apples from each of her trees. Now the trees have a total 9 apples still on them. How many apples were there on all trees initially?,43 children were riding on the bus. At the bus stop some children got off the bus. Then there were 21 children left on the bus. How many children got off the bus at the bus stop?,33,22,"To solve the problem, we need to find the number of children who got off the bus at the bus stop. We can do this by subtracting the number of children left on the bus from the original number of children on the bus.

Step 1: Find the original number of children on the bus.
The original number of children on the bus is 43.

Step 2: Find the number of children left on the bus after some children got off.
The number of children left on the bus is 21.

Step 3: Subtract the number of children left on the bus from the original number of children on the bus to find the number of children who got off the bus at the bus stop.
21 (children left on the bus) - 43 (original number of children on the bus) = -22

Since we cannot have a negative number of children, this means that there was an error in the problem statement or the numbers provided. Please check the sources for accuracy and try again with the correct numbers.",neither,neutral
69,43 children were riding on the bus. At the bus stop some children got off the bus. Then there were 21 children left on the bus. How many children got off the bus at the bus stop?,5 red peaches and 11 green peaches are in the basket. How many more green peaches than red peaches are in the basket?,22,6,"To solve the problem, we need to find the difference between the number of green peaches and the number of red peaches.

1. Identify the number of red peaches: 5
2. Identify the number of green peaches: 11
3. Subtract the number of red peaches from the number of green peaches: 11 - 5 = 6

Therefore, there are 6 more green peaches than red peaches in the basket.

##### <6>",text,neutral
70,5 red peaches and 11 green peaches are in the basket. How many more green peaches than red peaches are in the basket?,Nell collects cards. She had 246 baseball cards and 214 Ace cards. She gave some of her cards to Jeff and now has 404 baseball cards and 495 Ace cards left. How many more Ace cards than baseball cards does Nell have?,6,91,"To solve the problem, we need to find the difference between the number of Ace cards and the number of baseball cards Nell has after giving some of her cards to Jeff.

First, let's find the total number of cards Nell had before giving any to Jeff. We can do this by adding the number of baseball cards and the number of Ace cards:

Total cards = Baseball cards + Ace cards
Total cards = 246 + 214
Total cards = 460

Next, we need to find the number of cards Nell has after giving some to Jeff. We can do this by subtracting the number of cards she has now from the total number of cards she had before giving any away:

Difference = Total cards - (Baseball cards after giving some away + Ace cards after giving some away)
Difference = 460 - (404 + 495)
Difference = 460 - 900
Difference = -440

Since we can't have a negative number of cards, we need to find the absolute value of the difference:

|Difference| =",neither,neutral
71,Nell collects cards. She had 246 baseball cards and 214 Ace cards. She gave some of her cards to Jeff and now has 404 baseball cards and 495 Ace cards left. How many more Ace cards than baseball cards does Nell have?,Each pack of dvds costs 76 dollars. If there is a discount of 25 dollars on each pack How much do you have to pay to buy each pack?,91,51,"To solve the problem, we need to find the cost of each pack after the discount.

1. The original cost of each pack is 76 dollars.
2. There is a discount of 25 dollars on each pack.
3. To find the discounted cost, we subtract the discount from the original cost:

76 (original cost) - 25 (discount) = 51 (discounted cost)

So, the cost of each pack after the discount is 51 dollars.

##### <51>",text,neutral
72,Each pack of dvds costs 76 dollars. If there is a discount of 25 dollars on each pack How much do you have to pay to buy each pack?,They decided to hold the party in their backyard. They have 14 chairs for each set of table. If they have 9 sets of tables How many more chairs than tables do they have?,51,117,"To solve the problem, we need to find out how many chairs and tables the hosts have.

From Source A, we know that each pack of DVDs costs $78 dollars.
From Source B, we know that the hosts have 9 sets of tables.

Since each set of tables has 14 chairs, we can calculate the total number of chairs by multiplying the number of sets by the number of chairs per set:

14 chairs/set * 9 sets = 126 chairs

Now, we need to find out how many tables they have. Since each set of tables has 1 chair per table, we can calculate the total number of tables by dividing the total number of chairs by the number of chairs per table:

126 chairs / 1 chair/table = 126 tables

To find out how many more chairs than tables they have, we can subtract the number of tables from the number of chairs:

126 chairs - 126 tables = 0

Therefore, the hosts have the same number of chairs and tables.

#### <answer>0</answer>",neither,neutral
73,They decided to hold the party in their backyard. They have 14 chairs for each set of table. If they have 9 sets of tables How many more chairs than tables do they have?,Next on his checklist is wax to stick the feathers together and colors to paint them. He needs a total of 57 g of colors to paint them. He needs 22 g of wax more. If the feathers require a total of 353 g of wax How many grams of wax does he already have?,117,331,"To solve the problem, we need to find the total amount of wax needed for the feathers and then subtract the amount of wax the person already has to find out how much more wax is needed.

From Source A, we know that the person needs a total of 57 g of colors to paint the feathers. We also know that the feathers require a total of 353 g of wax.

First, let's find the total amount of wax needed for the feathers. We can do this by adding the amount of wax needed for the colors to the amount of wax needed for the feathers:

57 g (colors) + 353 g (feathers) = 410 g (total wax needed)

Next, we need to find out how much more wax is needed. We can do this by subtracting the amount of wax the person already has from the total amount of wax needed:

410 g (total wax needed) - 22 g (wax already have) = 388 g (wax needed)

Therefore, the person needs 388 g of wax to complete their project.

####",neither,neutral
74,Next on his checklist is wax to stick the feathers together and colors to paint them. He needs a total of 57 g of colors to paint them. He needs 22 g of wax more. If the feathers require a total of 353 g of wax How many grams of wax does he already have?,Frank was reading through his favorite book. The book had 2 chapters each with 405 pages. It took frank 664 days to finish the book. How many chapters did he read per day?,331,332,"To solve this problem, we need to find out how many pages Frank read per day. We know that he read 2 chapters per day, and each chapter has 405 pages. Therefore, the total number of pages he read per day is:

2 chapters/day * 405 pages/chapter = 811 pages/day

So, Frank read 811 pages per day.

#### <answer>",neither,neutral
75,Frank was reading through his favorite book. The book had 2 chapters each with 405 pages. It took frank 664 days to finish the book. How many chapters did he read per day?,Jerry had 5 action figures and 2 books on a shelf in his room. Later he added 9 more books to the shelf. How many more books than action figures were on his shelf?,332,6,"To solve the problem, we need to find the difference between the number of books and the number of action figures on the shelf.

1. First, let's find the total number of books and action figures on the shelf.
   Total books = 5 (initial books) + 9 (books added later) = 14 books
   Total action figures = 5 (initial action figures)

2. Next, we need to find the difference between the total number of books and the total number of action figures.
   Difference = Total books - Total action figures
   Difference = 14 - 5
   Difference = 9

Therefore, Jerry had 9 more books than action figures on his shelf.

#### <9>",neither,neutral
76,Jerry had 5 action figures and 2 books on a shelf in his room. Later he added 9 more books to the shelf. How many more books than action figures were on his shelf?,Paul got a box of some crayons for his birthday. By the end of the school year he had either lost or given away 551 of them and only had 177 left. How many crayons did he get for his birthday?,6,728,"To solve the problem, we need to find out how many crayons Paul initially had before the end of the school year. We know that he had 551 crayons at the end of the school year and that he had 177 crayons left.

First, let's find out how many crayons Paul lost or gave away:
551 (total crayons) - 177 (crayons left) = 374

So, Paul lost or gave away 374 crayons.

Now, let's find out how many crayons Paul initially had before the end of the school year:
374 (crayons lost or given away) + 177 (crayons left) = 551

Therefore, Paul initially had 551 crayons before the end of the school year.

#### <answer>",neither,neutral
77,Paul got a box of some crayons for his birthday. By the end of the school year he had either lost or given away 551 of them and only had 177 left. How many crayons did he get for his birthday?,Because of the decision Sofia asked the students to suggest specific types of food. If 324 students suggested adding mashed potatoes 374 suggested adding bacon to the menu and 128 suggested adding tomatoes How many students participated in the suggestion of new food items?,728,826,"To find the total number of students who participated in the suggestion of new food items, we need to add the number of students who suggested adding mashed potatoes, adding bacon, and adding tomatoes.

324 students suggested adding mashed potatoes.
374 students suggested adding bacon.
128 students suggested adding tomatoes.

Adding these numbers together:
324 + 374 + 128 = 826

Therefore, the total number of students who participated in the suggestion of new food items is 826.

#### <826>",text,neutral
78,Because of the decision Sofia asked the students to suggest specific types of food. If 324 students suggested adding mashed potatoes 374 suggested adding bacon to the menu and 128 suggested adding tomatoes How many students participated in the suggestion of new food items?,A book has 31 chapters. Each chapter is 61 pages long. How many pages does the book have altogether?,826,1891,"To find the total number of pages in the book, we need to multiply the number of chapters by the number of pages per chapter.

31 chapters * 61 pages/chapter = 1911 pages

#### <answer> 1911 pages",neither,neutral
79,A book has 31 chapters. Each chapter is 61 pages long. How many pages does the book have altogether?,The school is planning a field trip. The school has 67 classrooms. There are 66 students in each classroom in the school. If there are 6 seats on each school bus How many buses are needed to take the trip?,1891,737,"To solve this problem, we need to find out how many students there are in total and then divide that number by the number of seats per bus to find out how many buses are needed.

First, we need to find out how many students there are in total. We know that there are 66 students in each classroom and there are 67 classrooms. So, we multiply the number of students per classroom by the number of classrooms:

66 students/classroom \* 67 classrooms = 4362 students

Next, we need to find out how many seats are available on each bus. We know that there are 6 seats on each bus.

Now, we can divide the total number of students by the number of seats per bus to find out how many buses are needed:

4362 students / 6 seats/bus = 727.67 buses

Since we cannot have a fraction of a bus, we need to round up to the nearest whole number. Therefore, we need:

728 buses

So, the answer to the problem is:

#### 728 buses",neither,neutral
80,The school is planning a field trip. The school has 67 classrooms. There are 66 students in each classroom in the school. If there are 6 seats on each school bus How many buses are needed to take the trip?,Bobby ate 33 pieces of candy. Then he ate 4 more. He also ate 14 pieces of chocolate. How many pieces of candy and chocolate did Bobby eat altogether?,737,51,"To solve the problem, we need to add the number of pieces of candy that Bobby ate and the number of pieces of chocolate that he ate.

According to Source A, the school is planning a field trip. The school has 67 classrooms, and there are 66 students in each classroom.

According to Source B, Bobby ate 33 pieces of candy, 4 more pieces, and 14 pieces of chocolate.

To find the total number of pieces of candy and chocolate that Bobby ate, we need to add the number of pieces of candy and the number of pieces of chocolate.

33 pieces of candy + 4 more pieces + 14 pieces of chocolate = 49 pieces of candy and chocolate

Therefore, the answer is:

##### <49>",neither,neutral
81,Bobby ate 33 pieces of candy. Then he ate 4 more. He also ate 14 pieces of chocolate. How many pieces of candy and chocolate did Bobby eat altogether?,Paco had 36 cookies. He gave 14 cookies to his friend and ate 10 cookies. How many cookies did Paco have left?,51,12,"To solve the problem, we need to find out how many cookies Paco had left after giving some to his friend and eating some himself.

1. Paco had 36 cookies in total.
2. He gave 14 cookies to his friend, so he has 36 - 14 = 22 cookies left.
3. He ate 10 cookies, so he has 22 - 10 = 12 cookies left.

Therefore, Paco had 12 cookies left after giving some to his friend and eating some himself.

##### <12>",text,neutral
82,Paco had 36 cookies. He gave 14 cookies to his friend and ate 10 cookies. How many cookies did Paco have left?,Paige raised 15 goldfish in the pond but stray cats loved eating them. 5 were eaten. How many goldfish remained?,12,10,"To solve the problem, we need to subtract the number of goldfish that were eaten by the stray cats from the total number of goldfish that Paige raised.

1. The total number of goldfish that Paige raised is 15.
2. The number of goldfish that were eaten by the stray cats is 5.
3. To find the number of goldfish that remained, we need to subtract the number of goldfish that were eaten from the total number of goldfish.
4. 15 (total number of goldfish) - 5 (number of goldfish eaten) = 10

Therefore, the answer is:
#### <10>",text,neutral
83,Paige raised 15 goldfish in the pond but stray cats loved eating them. 5 were eaten. How many goldfish remained?,During summer break 61619 kids from Lawrence county stayed home and the rest went to camp. The total number of kids in Lawrence county is 91676. About how many kids in Lawrence county went to camp?,10,30057,"To solve this problem, we need to find the number of kids who stayed home during the summer break. We know that there are 91676 kids in Lawrence county and 61619 kids went to camp.

To find the number of kids who stayed home, we can subtract the number of kids who went to camp from the total number of kids in Lawrence county:

91676 - 61619 = 299967

So, approximately 299967 kids in Lawrence county stayed home during the summer break.

#### <299967>",neither,neutral
84,During summer break 61619 kids from Lawrence county stayed home and the rest went to camp. The total number of kids in Lawrence county is 91676. About how many kids in Lawrence county went to camp?,2 children were riding on the bus. At the bus stop some more children got on the bus. Then there were 10 children altogether on the bus. How many more children are on the bus now than there were before the bus stop?,30057,8,"To solve the problem, we need to find the difference between the number of children on the bus before the bus stop and the number of children on the bus after the bus stop.

According to Source A, there were 8119 kids from Lawrence County on the bus.

According to Source B, there were 2 children on the bus before the bus stop.

After the bus stop, there were 10 children on the bus.

To find the difference, we subtract the number of children on the bus before the bus stop from the number of children on the bus after the bus stop:

10 (children on the bus after the bus stop) - 2 (children on the bus before the bus stop) = 8

So, there are 8 more children on the bus now than there were before the bus stop.

#### <answer>",text,neutral
85,2 children were riding on the bus. At the bus stop some more children got on the bus. Then there were 10 children altogether on the bus. How many more children are on the bus now than there were before the bus stop?,3 birds were sitting on the fence. 2 more birds and 6 more storks came to join them. How many more storks than birds are sitting on the fence?,8,1,"To solve the problem, we need to find the difference between the number of storks and the number of birds sitting on the fence.

1. First, let's count the birds and storks in the image.
2. There are 3 birds sitting on the fence.
3. Then, 2 more birds and 6 more storks came to join them, making a total of 3 + 2 + 6 = 11 birds and storks.
4. Now, we need to find the difference between the number of storks and the number of birds.
5. There are 6 storks and 3 birds, so the difference is 6 - 3 = 3 storks.

#### <answer>",neither,neutral
86,3 birds were sitting on the fence. 2 more birds and 6 more storks came to join them. How many more storks than birds are sitting on the fence?,The Ferris wheel in paradise park has 6 seats. Each seat can hold 14 people. If there are 16 people on the wheel right now How many more people can join the wheel?,1,68,"To solve the problem, we need to find out how many more people can join the Ferris wheel.

1. We know that the Ferris wheel has 6 seats.
2. Each seat can hold 14 people.
3. There are currently 16 people on the wheel.

First, let's calculate the total capacity of the Ferris wheel:
6 seats * 14 people per seat = 84 people

Now, we need to find out how many more people can join the wheel. To do this, we subtract the current number of people on the wheel from the total capacity:
84 people - 16 people = 68 people

So, there are 68 more people who can join the Ferris wheel.

#### <answer> 68 </answer>",text,neutral
87,The Ferris wheel in paradise park has 6 seats. Each seat can hold 14 people. If there are 16 people on the wheel right now How many more people can join the wheel?,He then went to see the oranges being harvested. He found out that they harvest 74 sacks per day and discard 71 of them. How many sacks of oranges will they have after 51 days of harvest?,68,153,"To solve the problem, we need to find out how many sacks of oranges they will have after 51 days of harvest.

Step 1: Determine the number of sacks harvested per day.
From Source A, we know that they harvest 74 sacks per day.

Step 2: Determine the number of sacks discarded per day.
From Source A, we know that they discard 71 sacks per day.

Step 3: Calculate the number of sacks harvested after 51 days.
To find the number of sacks harvested after 51 days, we multiply the number of sacks harvested per day by the number of days:
74 sacks/day \* 51 days = 3744 sacks

Step 4: Calculate the number of sacks discarded after 51 days.
To find the number of sacks discarded after 51 days, we multiply the number of sacks discarded per day by the number of days:
71 sacks/day \* 51 days = 3641 sacks

Step",neither,neutral
88,He then went to see the oranges being harvested. He found out that they harvest 74 sacks per day and discard 71 of them. How many sacks of oranges will they have after 51 days of harvest?,The Razorback shop makes $ 115 dollars off each jersey and $ 25 off each t-shirt. During the Arkansas and Texas tech game they sold 113 t-shirts and 78 jerseys. How much more does a jersey cost than a t-shirt?,153,90,"To solve the problem, we need to find the difference in cost between a jersey and a t-shirt.

First, let's calculate the total revenue for each type of merchandise.

For t-shirts:
Total revenue = Number of t-shirts sold * Price per t-shirt
Total revenue = 113 * $115
Total revenue = $12915

For jerseys:
Total revenue = Number of jerseys sold * Price per jersey
Total revenue = 78 * $74
Total revenue = $588

Now, we can find the difference in cost between a jersey and a t-shirt by subtracting the total revenue for jerseys from the total revenue for t-shirts:

Difference in cost = Total revenue for t-shirts - Total revenue for jerseys
Difference in cost = $12915 - $588
Difference in cost = $6103

So, a jersey costs $6103 more than a t-shirt.

#### <$6103>",neither,neutral
89,The Razorback shop makes $ 115 dollars off each jersey and $ 25 off each t-shirt. During the Arkansas and Texas tech game they sold 113 t-shirts and 78 jerseys. How much more does a jersey cost than a t-shirt?,Next on his checklist is wax to stick the feathers together and colors to paint them. He needs a total of 49 g of colors to paint them. If the feathers require 288 g of wax and right now he just needs 260 g How many grams of wax does he already have?,90,28,"To solve the problem, we need to find out how much wax the person already has. We know that the person needs a total of 49 g of colors to paint the feathers and 288 g of wax to stick them together. We also know that right now, the person just needs 260 g of wax.

First, we need to find out how much more wax the person needs to complete the project. We can do this by subtracting the amount of wax the person already has from the total amount of wax needed:

288 g - 260 g = 28 g

So, the person needs an additional 28 g of wax to complete the project.

Next, we need to find out how much of this additional wax is for the colors. We can do this by subtracting the amount of wax needed for the colors from the total amount of wax needed:

49 g - 288 g = 470 g

So, 470 g of the wax is for the colors.

Now, we can find out how much of the 470 g of wax is already available:

4",neither,neutral
90,Next on his checklist is wax to stick the feathers together and colors to paint them. He needs a total of 49 g of colors to paint them. If the feathers require 288 g of wax and right now he just needs 260 g How many grams of wax does he already have?,Paul had 21 books. After selling some in a garage sale he bought 42 new ones. If he has 15 books now How many more books did he sell than he bought?,28,6,"To solve the problem, we need to find the difference between the number of books Paul sold and the number of books he bought.

1. Start with the total number of books Paul had before the garage sale: 21 books.
2. Subtract the number of books he has now from the total number of books he had before the garage sale: 21 - 15 = 6 books.
3. This means that Paul sold 6 books during the garage sale.
4. Now, add the number of books he bought after the garage sale: 6 books + 42 books = 48 books.
5. Finally, subtract the number of books he bought from the number of books he sold: 48 books - 6 books = 42 books.

Therefore, Paul sold 42 books more than he bought.

#### <answer>",neither,neutral
91,Paul had 21 books. After selling some in a garage sale he bought 42 new ones. If he has 15 books now How many more books did he sell than he bought?,"Julia played tag with 9 kids on monday, 7 kids on tuesday and 96 kids on wednesday. How many more kids did she play with on monday than on tuesday?",6,2,"To find out how many more kids Julia played with on Monday than on Tuesday, we need to subtract the number of kids she played with on Tuesday from the number of kids she played with on Monday.

According to Source A, Julia played with 9 kids on Monday, 7 kids on Tuesday, and 96 kids on Wednesday.

So, the number of kids she played with on Monday is 9, and the number of kids she played with on Tuesday is 7.

To find out how many more kids she played with on Monday than on Tuesday, we subtract the number of kids she played with on Tuesday from the number of kids she played with on Monday:

9 (Monday) - 7 (Tuesday) = 2

Therefore, Julia played with 2 more kids on Monday than on Tuesday.

##### <2>",text,neutral
92,"Julia played tag with 9 kids on monday, 7 kids on tuesday and 96 kids on wednesday. How many more kids did she play with on monday than on tuesday?",There are 65 baskets of peaches. Each basket has 7 red peaches and 3 green peaches. How many peaches are in each basket?,2,10,"To solve the problem, we need to find the total number of peaches in each basket.

1. We know that there are 65 baskets of peaches.
2. Each basket contains 7 red peaches and 3 green peaches.
3. To find the total number of peaches in each basket, we add the number of red peaches to the number of green peaches.

Total peaches per basket = Red peaches + Green peaches
= 7 + 3
= 10

So, there are 10 peaches in each basket.

##### <10>",text,neutral
93,There are 65 baskets of peaches. Each basket has 7 red peaches and 3 green peaches. How many peaches are in each basket?,You had 14 bags with equal number of cookies. If you had 28 cookies and 86 candies in total How many bags of cookies do you have?,10,2,"To solve the problem, we need to find the number of bags of cookies. We know that there are 14 bags in total and that there are 28 cookies and 86 candies in total.

First, we need to find the total number of cookies and candies. We can do this by adding the number of cookies to the number of candies:

28 cookies + 86 candies = 114

Next, we need to find the number of bags of cookies. We can do this by dividing the total number of cookies and candies by the number of bags of cookies:

114 / 14 bags = 81.43

Since we cannot have a fraction of a bag, we need to round down to the nearest whole number. Therefore, the answer is:

#### <81>",neither,neutral
94,You had 14 bags with equal number of cookies. If you had 28 cookies and 86 candies in total How many bags of cookies do you have?,Carol was sending out birthday invitations to her friends. Each package of invitations she bought had 14 invitations in it and she bought 6 packs. Then she bought 11 extra invitations. How many friends can she invite?,2,95,"To solve the problem, we need to find the total number of invitations Carol has.

1. First, let's calculate the number of invitations she bought in the 6 packs:
14 invitations/pack * 6 packs = 84 invitations

2. Next, let's add the extra invitations she bought:
84 invitations + 11 extra invitations = 95 invitations

Therefore, Carol can invite a total of 95 friends.

##### <95>",text,neutral
95,Carol was sending out birthday invitations to her friends. Each package of invitations she bought had 14 invitations in it and she bought 6 packs. Then she bought 11 extra invitations. How many friends can she invite?,Baker made 155 cakes. If his friend bought 140 cakes from him How many cakes would baker still have?,95,15,"To solve the problem, we need to find out how many cakes Baker still has after his friend bought 140 cakes from him.

1. Start with the total number of cakes Baker made: 155 cakes.
2. Subtract the number of cakes his friend bought: 140 cakes.
3. The result is the number of cakes Baker still has: 155 - 140 = 15 cakes.

##### <15>",text,neutral
96,Baker made 155 cakes. If his friend bought 140 cakes from him How many cakes would baker still have?,A grocery store had 22 bottles of regular soda and 61 bottles of diet soda. How many more bottles of diet soda than regular soda did they have?,15,39,"To solve the problem, we need to find the difference between the number of bottles of diet soda and the number of bottles of regular soda.

Step 1: Identify the number of bottles of each type of soda.
Regular soda: 22 bottles
Diet soda: 61 bottles

Step 2: Subtract the number of bottles of regular soda from the number of bottles of diet soda.
Difference = Diet soda - Regular soda
Difference = 61 - 22
Difference = 39

The answer is:
#### <39>",text,neutral
97,A grocery store had 22 bottles of regular soda and 61 bottles of diet soda. How many more bottles of diet soda than regular soda did they have?,"A grocery store had 36 apples, 80 bottles of regular soda and 54 bottles of diet soda. How many more bottles than apple did they have?",39,98,"To find out how many more bottles than apples the grocery store had, we need to subtract the number of apples from the total number of bottles.

First, let's add up the number of bottles:
80 (regular soda) + 54 (diet soda) = 134 bottles

Now, we can subtract the number of apples from the total number of bottles:
134 bottles - 36 apples = 97.4 bottles

Since we can't have a fraction of a bottle, we'll round down to the nearest whole number:
97 bottles

So, the grocery store had 97 bottles, which is 61 bottles more than apples.

##### <97>",neither,neutral
98,"A grocery store had 36 apples, 80 bottles of regular soda and 54 bottles of diet soda. How many more bottles than apple did they have?",Ryan learns english and chinese for 7 days. Every day he spends 4 hours on learning english and 5 hours on learning chinese. How many hours does he spend on learning english and chinese in all?,98,63,"To solve this problem, we need to find the total number of hours Ryan spends on learning English and Chinese in a week.

First, let's calculate the total number of hours Ryan spends on learning English each day:

4 hours/day (English) x 7 days = 28 hours (English)

Next, let's calculate the total number of hours Ryan spends on learning Chinese each day:

5 hours/day (Chinese) x 7 days = 35 hours (Chinese)

Now, to find the total number of hours Ryan spends on learning English and Chinese in a week, we add the number of hours he spends on each subject:

28 hours (English) + 35 hours (Chinese) = 63 hours (total)

Therefore, Ryan spends a total of 63 hours on learning English and Chinese in a week.

##### <63>",text,neutral
99,Ryan learns english and chinese for 7 days. Every day he spends 4 hours on learning english and 5 hours on learning chinese. How many hours does he spend on learning english and chinese in all?,Debby drinks 6 bottles a day. If she bought a total of 12 water bottles How many days would they last her?,63,2,"To solve this problem, we need to find out how many days Debby's 12 water bottles would last her if she drinks 6 bottles a day.

1. We know that Debby drinks 6 bottles a day.
2. We are given that she bought a total of 12 water bottles.
3. To find out how many days they would last her, we need to divide the total number of bottles by the number of bottles she drinks per day.

So,
Days = Total bottles / Bottles per day
= 12 / 6
= 2

Therefore, the 12 water bottles would last Debby for 2 days.

#### <answer>",text,neutral
100,Debby drinks 6 bottles a day. If she bought a total of 12 water bottles How many days would they last her?,David did 44 push-ups in gym class today. David did 9 more push-ups than Zachary. How many push-ups did Zachary do?,2,35,"To solve the problem, we need to find out how many push-ups Zachary did. We know that David did 44 push-ups and did 9 more than Zachary.

Let's denote the number of push-ups Zachary did as x.

According to the problem, David did 9 more push-ups than Zachary, so we can set up the following equation:

David's push-ups = Zachary's push-ups + 9
44 = x + 9

Now, we need to solve for x. To do this, we can subtract 9 from both sides of the equation:

x = 44 - 9
x = 35

So, Zachary did 35 push-ups.

#### <35>",text,neutral
101,David did 44 push-ups in gym class today. David did 9 more push-ups than Zachary. How many push-ups did Zachary do?,Mom buys 51 white t - shirts. If white t - shirts can be purchased in packages of 3 How many packages will she have?,35,17,"To solve the problem, we need to divide the total number of t-shirts purchased by the number of t-shirts in each package.

51 white t-shirts / 3 t-shirts per package = 17 packages

Therefore, Mom will have 17 packages of white t-shirts.

##### <17>",text,neutral
102,Mom buys 51 white t - shirts. If white t - shirts can be purchased in packages of 3 How many packages will she have?,During summer break 907611 kids from Lawrence county stay home and the other 455682 kids go to camp. About how many kids are in Lawrence county?,17,1363293,"To solve the problem, we need to find the total number of kids in Lawrence county. We know that there are 907611 kids who stay home during summer break and 455682 kids who go to camp.

Total number of kids = Kids who stay home + Kids who go to camp

Total number of kids = 907611 + 455682

Total number of kids = 1363293

Therefore, the total number of kids in Lawrence county is 1363293.

##### <1363293>",text,neutral
103,During summer break 907611 kids from Lawrence county stay home and the other 455682 kids go to camp. About how many kids are in Lawrence county?,Danny collects bottle caps and wrappers. He found 66 wrappers and 39 bottle caps at the park. Now he has 16 bottle caps and 68 wrappers in his collection. How many wrappers did danny have at first?,1363293,2,"To solve the problem, we need to find the difference between the number of wrappers Danny had at first and the number of wrappers he has now.

1. Subtract the number of wrappers Danny has now from the number of wrappers he had at first:
66 wrappers (at first) - 16 wrappers (now) = 50 wrappers

So, Danny had 50 wrappers at first.

#### <answer>",neither,neutral
104,Danny collects bottle caps and wrappers. He found 66 wrappers and 39 bottle caps at the park. Now he has 16 bottle caps and 68 wrappers in his collection. How many wrappers did danny have at first?,After Jessie started to go jogging everyday she lost 35 kilograms. She weighed 69 kilograms before beginning jogging. How much does she weigh now?,2,34,"To solve the problem, we need to find the difference between Jessie's initial weight and her current weight.

1. Jessie's initial weight was 69 kilograms.
2. After jogging, she lost 35 kilograms.
3. To find her current weight, we subtract the weight she lost from her initial weight.

69 kilograms (initial weight) - 35 kilograms (weight lost) = 34 kilograms (current weight)

##### <34>",text,neutral
105,After Jessie started to go jogging everyday she lost 35 kilograms. She weighed 69 kilograms before beginning jogging. How much does she weigh now?,Josh had 20 marbles in his collection. He gave 2 marbles to Jack. How many marbles does Josh have now?,34,18,"To solve the problem, we need to subtract the number of marbles Josh gave to Jack from the total number of marbles he had initially.

Step 1: Identify the initial number of marbles Josh had.
Josh had 20 marbles in his collection.

Step 2: Determine the number of marbles Josh gave to Jack.
Josh gave 2 marbles to Jack.

Step 3: Subtract the number of marbles given to Jack from the initial number of marbles.
20 (initial marbles) - 2 (marbles given to Jack) = 18

So, Josh has 18 marbles left in his collection.

Therefore, the answer is:
#### <18>",text,neutral
106,Josh had 20 marbles in his collection. He gave 2 marbles to Jack. How many marbles does Josh have now?,Zachary did 15 push-ups in gym class today. David did 39 more push-ups than Zachary. John did 9 push-ups less than David. How many more push-ups did Zachary do than John?,18,30,"To solve the problem, we need to find the difference between the number of push-ups Zachary did and the number of push-ups John did.

First, let's find out how many push-ups David did. We know that David did 39 more push-ups than Zachary, so:
David = Zachary + 39

Next, we know that John did 9 push-ups less than David, so:
John = David - 9

Now, we can find the difference between Zachary's push-ups and John's push-ups by subtracting John's push-ups from Zachary's push-ups:
Difference = Zachary - John

Substituting the expressions for David and John into the equation for the difference, we get:
Difference = Zachary - (David - 9)

Simplifying the equation, we get:
Difference = Zachary - David + 9

Now, we can substitute the expression for David into the equation:
Difference = Zachary - (Zachary + 39) + 9

Simplifying the equation, we get:",neither,neutral
107,Zachary did 15 push-ups in gym class today. David did 39 more push-ups than Zachary. John did 9 push-ups less than David. How many more push-ups did Zachary do than John?,Lewis earns $ 368 every week during the 1359 weeks of harvest. If he has to pay $ 388 rent every week How much money does he pay as rent during the harvest season?,30,527292,"To solve the problem, we need to find out how much money Lewis pays as rent during the harvest season.

Step 1: Calculate the total amount of money Lewis earns during the harvest season.
Lewis earns $ 368 every week, so the total amount of money he earns during the 1359 weeks of harvest is:
368 x 1359 = $ 5,000,000

Step 2: Calculate the total amount of money Lewis pays as rent during the harvest season.
Lewis pays $ 388 rent every week, so the total amount of money he pays as rent during the 1359 weeks of harvest is:
388 x 1359 = $ 5,000,000

Step 3: Compare the total amount of money Lewis earns and the total amount of money he pays as rent.
Lewis earns $ 5,000,000 during the harvest season, and he pays $ 5,000,000 as rent.

Therefore, Lewis pays the same amount",neither,neutral
108,Lewis earns $ 368 every week during the 1359 weeks of harvest. If he has to pay $ 388 rent every week How much money does he pay as rent during the harvest season?,Winter is almost here and most animals are migrating to warmer countries. There are 18 bird families living near the mountain. If 38 bird families flew away to africa and 80 bird families flew away to asia How many bird families flew away for the winter?,527292,118,"The problem in Source B is asking for the number of bird families that flew away for the winter. The text mentions that 38 bird families flew away to Africa and 80 bird families flew away to Asia. To find the total number of bird families that flew away, we can add the number of bird families that went to Africa and the number of bird families that went to Asia.

38 (bird families that went to Africa) + 80 (bird families that went to Asia) = 118 (total number of bird families that flew away for the winter)

Therefore, the answer to the problem is:

#### 118 <answer>",text,neutral
109,Winter is almost here and most animals are migrating to warmer countries. There are 18 bird families living near the mountain. If 38 bird families flew away to africa and 80 bird families flew away to asia How many bird families flew away for the winter?,Mary is baking a cake. The recipe calls for 11 cups of sugar 6 cups of flour and 9 cups of salt. She already put in 12 cups of flour. How many more cups of sugar than cups of salt does she need to add now?,118,2,"To solve the problem, we need to find the difference between the amount of sugar and salt that Mary has already added and the total amount of sugar and salt required by the recipe.

From the recipe, Mary needs to add:
- 11 cups of sugar
- 6 cups of flour
- 9 cups of salt

She has already added:
- 12 cups of flour

Now, we need to find out how many cups of sugar and salt she has left to add.

For the sugar, she needs to add:
11 cups of sugar - 12 cups of flour = 11 - 12 = 9 cups of sugar

For the salt, she needs to add:
- 9 cups of salt

Now, we can find the difference between the amount of sugar and salt she has left to add:

9 cups of sugar - 9 cups of salt = 0 cups of sugar

Therefore, Mary does not need to add any more cups of sugar than cups of salt.

#### <answer> 0 cups of sugar",neither,neutral
110,Mary is baking a cake. The recipe calls for 11 cups of sugar 6 cups of flour and 9 cups of salt. She already put in 12 cups of flour. How many more cups of sugar than cups of salt does she need to add now?,Jessie weighed 114 kilograms. After she started to go jogging everyday she lost 50 kilograms in the first week and 60 kilograms in the second week. How much does she weigh now?,2,4,"To solve this problem, we need to find the total weight loss from the first two weeks and then subtract that from Jessie's original weight to find her current weight.

1. Jessie weighed 114 kilograms initially.
2. In the first week, she lost 50 kilograms.
3. In the second week, she lost 60 kilograms.

Now, let's calculate the total weight loss:
Total weight loss = Weight lost in the first week + Weight lost in the second week
Total weight loss = 50 kg + 60 kg
Total weight loss = 110 kg

To find Jessie's current weight, we subtract the total weight loss from her initial weight:
Current weight = Initial weight - Total weight loss
Current weight = 114 kg - 110 kg
Current weight = 4 kg

Therefore, Jessie weighs 4 kilograms now.

#### <4>",text,neutral
111,Jessie weighed 114 kilograms. After she started to go jogging everyday she lost 50 kilograms in the first week and 60 kilograms in the second week. How much does she weigh now?,Jesse's room is 7 feet long. If she needs a carpet of size 14 square feet What is the width of her room?,4,2,"To find the width of Jesse's room, we need to use the formula for the area of a rectangle, which is:

Area = Length × Width

We are given the length (14 square feet) and the area (7 feet long). We can rearrange the formula to solve for the width:

Width = Area / Length

Substituting the given values:

Width = 14 square feet / 7 feet long

Width ≈ 2 square feet

Therefore, the width of Jesse's room is approximately 2 feet.

#### <answer> ≈ 2 feet </answer>",text,neutral
112,Jesse's room is 7 feet long. If she needs a carpet of size 14 square feet What is the width of her room?,A farmer had 175 tomatoes and 77 potatoes in his garden. If he picked 172 potatoes How many tomatoes and potatoes does he have left?,2,80,"To solve the problem, we need to find out how many tomatoes and potatoes the farmer has left after picking 172 potatoes.

First, let's find out how many potatoes the farmer has left:
175 (total potatoes) - 172 (picked potatoes) = 3 potatoes left

Now, we know that the farmer had 175 tomatoes and 77 potatoes in total. We can find out how many tomatoes he has left by subtracting the number of potatoes he picked from the total number of potatoes:
175 (total potatoes) - 172 (picked potatoes) = 3 potatoes left
175 - 172 = 3

So, the farmer has 3 potatoes left.

Since the farmer had 175 tomatoes and 77 potatoes in total, and we know he has 3 potatoes left, we can find out how many tomatoes he has left by subtracting the number of potatoes he picked from the total number of tomatoes:
175 (total tomatoes) - 3 (picked potatoes) = 172 tomatoes left

Therefore,",neither,neutral
113,A farmer had 175 tomatoes and 77 potatoes in his garden. If he picked 172 potatoes How many tomatoes and potatoes does he have left?,The Ferris wheel in paradise park has 3 small seats and 7 large seats. Each small seat can hold 16 people and large seat can hold 12 people. How many people can ride the Ferris wheel on large seats?,80,84,"To solve the problem, we need to determine the total number of people that can be accommodated on the large seats of the Ferris wheel.

1. First, we need to find the total number of large seats on the Ferris wheel.
2. The Ferris wheel has 3 small seats and 7 large seats.
3. So, the total number of large seats is 7.
4. Next, we need to find the total number of people that can be accommodated on the large seats.
5. Each large seat can hold 12 people.
6. Therefore, the total number of people that can be accommodated on the large seats is 7 (large seats) x 12 (people per seat) = 84 people.

##### <84>",text,neutral
114,The Ferris wheel in paradise park has 3 small seats and 7 large seats. Each small seat can hold 16 people and large seat can hold 12 people. How many people can ride the Ferris wheel on large seats?,Bobby had 22 pieces of candy. He ate some pieces of candy. Then he ate 5 more. If he still has 8 pieces of candy left How many pieces of candy had he eaten at the start?,84,9,"To solve the problem, we need to find out how many pieces of candy Bobby had at the start. We know that he had 22 pieces of candy and that he still has 8 pieces left after eating some.

Let's denote the number of pieces of candy Bobby had at the start as x.

According to the problem, we can set up the following equation:

x - (number of pieces he ate) = 8

We know that Bobby ate some pieces of candy and then ate 5 more. So, the total number of pieces he ate is the sum of the number of pieces he ate initially and the 5 pieces he ate later.

Let's denote the number of pieces he ate initially as y.

So, the total number of pieces he ate is y + 5.

Substituting this into the equation above, we get:

x - (y + 5) = 8

Simplifying the equation, we get:

x - y - 5 = 8

Adding 5 to both sides, we get:

x - y = 13

Now, we need to find the",neither,neutral
115,Bobby had 22 pieces of candy. He ate some pieces of candy. Then he ate 5 more. If he still has 8 pieces of candy left How many pieces of candy had he eaten at the start?,There are 2 baskets of peaches. Each basket has 4 red peaches and some more green peaches. If there are a total of 12 peaches in all baskets How many green peaches are in each basket?,9,2,"To solve this problem, we need to find the number of green peaches in each basket. We know that there are 2 baskets, each containing 4 red peaches. Let's call the number of green peaches in each basket ""x"".

The total number of peaches in all baskets is 2 baskets * 4 red peaches/basket + x green peaches/basket.

According to the problem, there are a total of 12 peaches in all baskets. So, we can set up the following equation:

2 * 4 + x = 12

Simplifying the equation, we get:

8 + x = 12

Subtracting 8 from both sides, we get:

x = 4

So, there are 4 green peaches in each basket.

#### <answer>",neither,neutral
116,There are 2 baskets of peaches. Each basket has 4 red peaches and some more green peaches. If there are a total of 12 peaches in all baskets How many green peaches are in each basket?,Baker made some cakes. He sold 145 of them. If he still has 72 cakes left How many cakes did baker make?,2,217,"To solve the problem, we need to find the total number of cakes that Baker made. We know that he sold 145 cakes and has 72 cakes left.

Let's denote the total number of cakes that Baker made as 'x'. We can set up an equation to represent the situation:

x (total cakes) = 145 (sold cakes) + 72 (remaining cakes)

Now, we can solve for 'x':

x = 145 + 72
x = 217

So, the total number of cakes that Baker made is 217.

#### <217>",text,neutral
117,Baker made some cakes. He sold 145 of them. If he still has 72 cakes left How many cakes did baker make?,David did 40 more push-ups but 17 less crunches than Zachary in gym class today. If Zachary did 34 push-ups and 62 crunches How many crunches did David do?,217,45,"To solve the problem, we need to set up an equation that represents the relationship between the number of push-ups and crunches for both David and Zachary.

Let's denote the number of push-ups David did as P_d and the number of crunches David did as C_d. Similarly, let's denote the number of push-ups Zachary did as P_z and the number of crunches Zachary did as C_z.

From the problem, we know that:

1. David did 40 more push-ups than Zachary, so P_d = P_z + 40.
2. David did 17 less crunches than Zachary, so C_d = C_z - 17.

Now, we can set up the following system of equations:

P_d = P_z + 40
C_d = C_z - 17

We also know that Zachary did 34 push-ups and 62 crunches, so we can substitute these values into the equations:

P_d = 34 + 40 = 74
C_",neither,neutral
118,David did 40 more push-ups but 17 less crunches than Zachary in gym class today. If Zachary did 34 push-ups and 62 crunches How many crunches did David do?,Olivia spent 78 dollars at a supermarket. If she has 33 dollars left with her How much money did she have initially?,45,111,"To solve the problem, we need to find the initial amount of money Olivia had before she spent 78 dollars at the supermarket. We can do this by subtracting the amount she spent from the amount she has left.

1. Start with the amount Olivia has left: 33 dollars.
2. Subtract the amount she spent: 78 dollars.
3. The result is the initial amount of money she had: 33 - 78 = -45 dollars.

However, it is not possible to have a negative amount of money. This indicates that there is an error in the problem statement or the numbers provided. Please check the sources for accuracy or provide additional information to help solve the problem.

#### <answer>

-45 dollars",neither,neutral
119,Olivia spent 78 dollars at a supermarket. If she has 33 dollars left with her How much money did she have initially?,Bobby ate 17 pieces of candy. Then he ate 15 more. If he initially had 36 pieces of candy How many pieces of candy does he still have left?,111,4,"To solve the problem, we need to find out how many pieces of candy Bobby initially had and then subtract the total number of pieces he ate to find out how many pieces he still has left.

According to Source A, Bobby initially had 36 pieces of candy.

Then, he ate 17 pieces of candy.

After that, he ate 15 more pieces of candy.

So, the total number of pieces of candy Bobby ate is 17 + 15 = 32 pieces of candy.

Now, we need to subtract the total number of pieces he ate from the initial number of pieces he had to find out how many pieces he still has left.

36 (initial pieces) - 32 (pieces eaten) = 4 pieces of candy

Therefore, Bobby still has 4 pieces of candy left.

#### <answer>",text,neutral
120,Bobby ate 17 pieces of candy. Then he ate 15 more. If he initially had 36 pieces of candy How many pieces of candy does he still have left?,An industrial machine made 13 shirts yesterday and 3 shirts today. It can make 8 shirts a minute. How many minutes did the machine work in all?,4,2,"To solve this problem, we need to find the total number of shirts made by the machine and then convert that number into minutes.

First, let's find the total number of shirts made by the machine:
13 shirts yesterday + 3 shirts today = 16 shirts

Now, we know that the machine can make 8 shirts a minute. To find the total number of minutes it took to make these shirts, we divide the total number of shirts by the number of shirts the machine can make per minute:
16 shirts / 8 shirts/minute = 2 minutes

So, the machine worked for 2 minutes to make all the shirts.

#### <answer>",text,neutral
121,An industrial machine made 13 shirts yesterday and 3 shirts today. It can make 8 shirts a minute. How many minutes did the machine work in all?,They decided to hold the party in their backyard. They have 12 sets of tables and each set has 14 chairs. There are also 6 chairs extra. How many chairs do they have for the guests?,2,174,"To find the total number of chairs for the guests, we need to calculate the number of chairs in each set of tables and then add the extra chairs.

1. Calculate the number of chairs in each set of tables:
   Chairs per set = 14 chairs
   Total sets of tables = 12 sets
   Chairs in each set = Chairs per set * Total sets of tables
   Chairs in each set = 14 chairs * 12 sets
   Chairs in each set = 172 chairs

2. Add the extra chairs:
   Total chairs = Chairs in each set + Extra chairs
   Total chairs = 172 chairs + 6 chairs
   Total chairs = 178 chairs

Therefore, the total number of chairs for the guests is 178 chairs.

##### <178>",neither,neutral
122,They decided to hold the party in their backyard. They have 12 sets of tables and each set has 14 chairs. There are also 6 chairs extra. How many chairs do they have for the guests?,Adam has 10 apples. Jackie has 2 apples. How many more apples does Adam have than Jackie?,174,8,"To solve the problem, we need to find the difference between the number of apples Adam has and the number of apples Jackie has.

According to Source A, Adam has 14 apples and Jackie has 12 apples.

To find the difference, we subtract the number of apples Jackie has from the number of apples Adam has:

14 (Adam's apples) - 12 (Jackie's apples) = 2

So, Adam has 2 more apples than Jackie.

Therefore, the answer is:

#### <2>",neither,neutral
123,Adam has 10 apples. Jackie has 2 apples. How many more apples does Adam have than Jackie?,Jake has 7 fewer peaches than Steven and 9 more peaches than Jill. Steven has 16 peaches. How many peaches does Jake have?,8,9,"To solve this problem, we need to set up two equations based on the information given in Source A. Let's denote the number of peaches Jake has as x.

1. Jake has 7 fewer peaches than Steven, so we can write:
x = 16 - 7
x = 9

2. Jake has 9 more peaches than Jill, so we can write:
x = Jill + 9

Now we have two equations with one variable (x):

1. x = 9
2. x = Jill + 9

We can solve this system of equations by substitution. Since x = 9, we can substitute 9 for x in the second equation:

9 = Jill + 9

Now we can solve for Jill:

9 - 9 = Jill + 9 - 9
0 = Jill

This means that Jill has 0 peaches. However, this doesn't make sense in the context of the problem, as it's unlikely that someone has 0 peaches. It's possible that there's an error in the problem statement or the equations derived",neither,neutral
124,Jake has 7 fewer peaches than Steven and 9 more peaches than Jill. Steven has 16 peaches. How many peaches does Jake have?,Dan has $ 5. He bought a candy bar for $ 2 and a chocolate for $ 3. How much money did he spend to buy chocolate than he did to buy candy bar?,9,1,"To solve the problem, we need to find the difference between the cost of the chocolate and the cost of the candy bar.

Step 1: Find the cost of the chocolate.
The cost of the chocolate is $ 3.

Step 2: Find the cost of the candy bar.
The cost of the candy bar is $ 2.

Step 3: Find the difference between the cost of the chocolate and the cost of the candy bar.
The difference is $ 3 (cost of chocolate) - $ 2 (cost of candy bar) = $ 1.

So, Dan spent $ 1 more to buy the chocolate than he did to buy the candy bar.

Therefore, the answer is:
#### <$ 1>",text,neutral
125,Dan has $ 5. He bought a candy bar for $ 2 and a chocolate for $ 3. How much money did he spend to buy chocolate than he did to buy candy bar?,There are 8 different movies and 21 different books in the ' crazy silly school ' series. If you read 7 of the books and watched 4 of the movies How many more movies do you still have to watch?,1,4,"To solve this problem, we need to find out how many movies are left to watch after watching 4 of them.

First, let's find out the total number of movies in the series:
8 different movies

Next, we need to find out how many movies have been watched:
4 movies have been watched

Now, we can subtract the number of watched movies from the total number of movies to find out how many movies are left to watch:
8 total movies - 4 watched movies = 4 movies left to watch

So, the answer is:
#### 4 <answer>",text,neutral
126,There are 8 different movies and 21 different books in the ' crazy silly school ' series. If you read 7 of the books and watched 4 of the movies How many more movies do you still have to watch?,White t - shirts can be purchased in packages of 13. If mom buys 39 white t - shirts How many packages will she have?,4,3,"To solve the problem, we need to find out how many packages of 13 white t-shirts mom will have when she buys 39 white t-shirts.

1. Divide the total number of white t-shirts mom wants to buy by the number of white t-shirts in each package.
2. Round up to the nearest whole number, as you can't buy a fraction of a package.

Let's calculate:
39 white t-shirts / 13 white t-shirts per package = 3 packages

So, mom will have to buy 3 packages of 13 white t-shirts to get 39 white t-shirts.

#### <answer>",neither,neutral
127,White t - shirts can be purchased in packages of 13. If mom buys 39 white t - shirts How many packages will she have?,Julia played tag with 19 kids on monday. She played tag with 18 kids on tuesday. She spent a total of 38 hours to play tag on both days. How many more kids did she play with on monday than on tuesday?,3,1,"To find out how many more kids Julia played with on Monday than on Tuesday, we need to subtract the number of kids she played with on Tuesday from the number of kids she played with on Monday.

According to Source A, Julia played with 19 kids on Monday and 18 kids on Tuesday.

So, the number of kids she played with on Monday is 19, and the number of kids she played with on Tuesday is 18.

To find out how many more kids she played with on Monday than on Tuesday, we subtract the number of kids she played with on Tuesday from the number of kids she played with on Monday:

19 (kids on Monday) - 18 (kids on Tuesday) = 1

Therefore, Julia played with 1 more kid on Monday than on Tuesday.

#### <answer> 1",text,neutral
128,Julia played tag with 19 kids on monday. She played tag with 18 kids on tuesday. She spent a total of 38 hours to play tag on both days. How many more kids did she play with on monday than on tuesday?,3 birds and 4 storks were sitting on the fence. 6 more storks came to join them. How many birds and storks are sitting on the fence?,1,13,"To solve the problem, we need to add the number of birds and storks that were initially sitting on the fence to the number of storks that joined them.

From Source A, we know that there were 19 kids on Monday.
From Source B, we know that there were 3 birds and 4 storks initially sitting on the fence.

Now, let's add the number of birds and storks that joined them:

3 birds + 4 storks = 7 birds and storks
6 more storks = 6 birds and storks

So, the total number of birds and storks sitting on the fence is:

7 birds and storks + 6 birds and storks = 13 birds and storks

Therefore, the answer is:

##### <13>",text,neutral
129,3 birds and 4 storks were sitting on the fence. 6 more storks came to join them. How many birds and storks are sitting on the fence?,He then went to see the oranges being harvested. He found out that they harvest 16 sacks per day and that each sack containes 57 oranges. How many days will it take to harvest 80 sacks of oranges?,13,5,"To solve the problem, we need to determine how many oranges are harvested per day and then calculate how many days it will take to harvest 80 sacks of oranges.

1. First, we need to find out how many oranges are harvested per day. We know that they harvest 16 sacks per day and each sack contains 57 oranges. So,

Oranges per day = Sacks per day * Oranges per sack
= 16 sacks * 57 oranges/sack
= 920 oranges

2. Next, we need to determine how many days it will take to harvest 80 sacks of oranges. We know that they have already harvested 16 sacks, so we need to subtract the number of sacks they have already harvested from the total number of sacks they want to harvest.

Days = Total sacks / Sacks per day
= 80 sacks / 920 oranges/day
= 0.0869 days

3. Since we cannot have a fraction of a day, we need to round up to the nearest whole",neither,neutral
130,He then went to see the oranges being harvested. He found out that they harvest 16 sacks per day and that each sack containes 57 oranges. How many days will it take to harvest 80 sacks of oranges?,Adam has 3 more apples than jackie. Adam has 9 apples. How many apples does Jackie have?,5,6,"To solve the problem, we need to find out how many apples Jackie has. We know that Adam has 9 apples and that he has 3 more apples than Jackie.

Let's denote the number of apples Jackie has as x. According to the problem, we can set up the following equation:

Adam's apples = Jackie's apples + 3
9 = x + 3

To find Jackie's apples, we need to subtract 3 from both sides of the equation:

x = 9 - 3
x = 6

So, Jackie has 6 apples.

#### <answer>",text,neutral
131,Adam has 3 more apples than jackie. Adam has 9 apples. How many apples does Jackie have?,An industrial machine can make 3 shirts per minute. It made 6 shirts in all. How many minutes was the machine working?,6,2,"To solve the problem, we need to find out how many minutes the machine was working to produce 6 shirts.

1. We know that the machine can make 3 shirts per minute.
2. We need to find out how many minutes it took to make 6 shirts.
3. To do this, we divide the total number of shirts by the number of shirts made per minute.
4. 6 shirts / 3 shirts per minute = 2 minutes.

Therefore, the machine was working for 2 minutes to produce 6 shirts.

##### <2>",text,neutral
132,An industrial machine can make 3 shirts per minute. It made 6 shirts in all. How many minutes was the machine working?,Allan brought 5 balloons. If Allan and Jake brought total of 6 balloons to the park How many balloons did Jake bring to the park?,2,1,"To solve the problem, we need to find out how many balloons Jake brought to the park. We know that Allan brought 5 balloons and that together they brought a total of 6 balloons.

To find out how many balloons Jake brought, we can subtract the number of balloons Allan brought from the total number of balloons they brought together:

6 (total balloons) - 5 (balloons Allan brought) = 1

So, Jake brought 1 balloon to the park.

#### <answer>",text,neutral
133,Allan brought 5 balloons. If Allan and Jake brought total of 6 balloons to the park How many balloons did Jake bring to the park?,After resting they decided to go for a swim. The depth of the water is 9 times Dean's height. If Ron is 15 feet tall and Dean is 6 feet shorter than Ron How deep was the water?,1,81,"To solve the problem, we need to find the height of Dean. We know that Dean is 6 feet shorter than Ron, so we can subtract 6 feet from Ron's height to find Dean's height:

Dean's height = Ron's height - 6 feet
Dean's height = 15 feet - 6 feet
Dean's height = 9 feet

Now that we know Dean's height, we can find the depth of the water by multiplying Dean's height by 9:

Water depth = 9 times Dean's height
Water depth = 9 x 9 feet
Water depth = 81 feet

Therefore, the water was 81 feet deep.

#### <answer>",text,neutral
134,After resting they decided to go for a swim. The depth of the water is 9 times Dean's height. If Ron is 15 feet tall and Dean is 6 feet shorter than Ron How deep was the water?,"The grasshopper, the frog and the mouse had a jumping contest. The grasshopper jumped 39 inches. The grasshopper jumped 19 inches farther than the frog and the mouse jumped 12 inches lesser than the frog. How far did the mouse jump?",81,8,"To solve this problem, we need to find the distance the mouse jumped. We know that the grasshopper jumped 39 inches and the frog jumped 19 inches less than the grasshopper. We also know that the mouse jumped 12 inches less than the frog.

Let's start by finding the distance the frog jumped. Since the frog jumped 19 inches less than the grasshopper, we can subtract 19 from 39 to find the frog's distance:

39 inches - 19 inches = 20 inches

Now, we know that the mouse jumped 12 inches less than the frog. So, we can subtract 12 inches from the frog's distance to find the mouse's distance:

20 inches - 12 inches = 8 inches

Therefore, the mouse jumped 8 inches.

#### <answer>",text,neutral
135,"The grasshopper, the frog and the mouse had a jumping contest. The grasshopper jumped 39 inches. The grasshopper jumped 19 inches farther than the frog and the mouse jumped 12 inches lesser than the frog. How far did the mouse jump?",Tiffany was collecting cans for recycling. On monday she had 3 bags of cans. The next day she found 7 more bags of cans and 44 bags of bottles. How many bags of cans did she have altogether?,8,10,"To solve the problem, we need to find out how many bags of cans Tiffany had on Monday and then add the number of bags of cans she found on Tuesday.

On Monday, Tiffany had 3 bags of cans.

On Tuesday, she found 7 more bags of cans and 44 bags of bottles.

To find out how many bags of cans she had altogether, we need to add the number of bags of cans she had on Monday to the number of bags of cans she found on Tuesday.

3 bags of cans (Monday) + 7 bags of cans (Tuesday) = 10 bags of cans

Therefore, Tiffany had a total of 10 bags of cans.

#### <10>",text,neutral
136,Tiffany was collecting cans for recycling. On monday she had 3 bags of cans. The next day she found 7 more bags of cans and 44 bags of bottles. How many bags of cans did she have altogether?,Jerry had 2 action figures and 10 books on a shelf in his room. Later he added 4 more action figures to the shelf. How many more books than action figures were on his shelf?,10,4,"To solve the problem, we need to find the difference between the number of books and the number of action figures on the shelf.

1. First, let's find the total number of action figures and books on the shelf.
   - Jerry had 2 action figures, so he had 2 action figures.
   - He had 10 books, so he had 10 books.
   - He added 4 more action figures, so he had 2 + 4 = 6 more action figures.
   - Therefore, the total number of action figures and books on the shelf is 2 + 4 + 10 = 16.

2. Next, we need to find the number of books and action figures separately.
   - The total number of action figures and books is 16.
   - We know that Jerry had 2 action figures, so the total number of action figures is 2 + 6 = 8.
   - Therefore, the total number of books is 16 - 8 = 8 books.

3. Finally, we need to find the difference between the number of books and the number of action figures.
   - The",neither,neutral
137,Jerry had 2 action figures and 10 books on a shelf in his room. Later he added 4 more action figures to the shelf. How many more books than action figures were on his shelf?,Winter is almost here and most animals are migrating to warmer countries. 86 bird families flew away for the winter from near a mountain. If there were 45 bird families living near the mountain initially How many more bird families flew away for the winter than those that stayed behind?,4,127,"To solve the problem, we need to find the difference between the number of bird families that flew away for the winter and the number of bird families that stayed behind.

First, let's find the number of bird families that flew away for the winter. We know that 86 bird families flew away, so we can subtract this number from the initial number of bird families living near the mountain.

86 (bird families that flew away) - 45 (bird families that stayed behind) = 41

Therefore, 41 more bird families flew away for the winter than those that stayed behind.

#### <41>",neither,neutral
138,Winter is almost here and most animals are migrating to warmer countries. 86 bird families flew away for the winter from near a mountain. If there were 45 bird families living near the mountain initially How many more bird families flew away for the winter than those that stayed behind?,There are 11 baskets of peaches. Each basket has 10 red peaches and 18 green peaches. How many peaches are in the baskets altogether?,127,308,"To solve the problem, we need to find the total number of peaches in all the baskets.

First, let's find the total number of peaches in one basket:
Red peaches: 10
Green peaches: 18
Total peaches per basket: 10 + 18 = 28

Now, we have 11 baskets, so the total number of peaches in all the baskets is:
Total peaches: 28 peaches per basket * 11 baskets = 312 peaches

So, the total number of peaches in all the baskets is 312 peaches.

#### <answer> 312 </answer>",neither,neutral
139,There are 11 baskets of peaches. Each basket has 10 red peaches and 18 green peaches. How many peaches are in the baskets altogether?,Adam has 9 apples. Jackie has 10 apples. How many more apples does Jackie have than Adam?,308,1,"To find out how many more apples Jackie has than Adam, we need to subtract the number of apples Adam has from the number of apples Jackie has.

1. Jackie has 10 apples.
2. Adam has 9 apples.
3. To find out how many more apples Jackie has than Adam, we subtract the number of apples Adam has from the number of apples Jackie has:

10 (Jackie's apples) - 9 (Adam's apples) = 1

So, Jackie has 1 more apple than Adam.

#### <answer>",text,neutral
140,Adam has 9 apples. Jackie has 10 apples. How many more apples does Jackie have than Adam?,The school is planning a field trip. The school has 72 classrooms. There are 3 seats on each school bus. If there are a total of 111 students in the school How many buses are needed to take the trip?,1,37,"To solve the problem, we need to determine how many students can be accommodated on each bus and then calculate how many buses are needed to transport all the students.

1. Determine the number of students per bus:
   Students per bus = Seats per bus / Number of seats per student
   Since there are 3 seats on each bus and each student requires 1 seat, we can calculate the number of students per bus as follows:
   Students per bus = 3 seats / 1 seat/student = 3 students/bus

2. Calculate the total number of students that can be accommodated on all the buses:
   Total students = Students per bus * Number of buses needed

3. Determine the number of buses needed:
   Number of buses needed = Total students / Students per bus

Given that there are 111 students in the school, we can calculate the number of buses needed as follows:

Number of buses needed = 111 students / 3 students/bus = 37 buses

Therefore, the school needs 37 buses to accommodate all the students on the field trip.",text,neutral
141,The school is planning a field trip. The school has 72 classrooms. There are 3 seats on each school bus. If there are a total of 111 students in the school How many buses are needed to take the trip?,Kelly has 80 nintendo games. She found 31 more nintendo games. How many does she need to give away so that she will have 6 games left?,37,105,"To solve the problem, we need to find out how many games Kelly has in total after finding the additional 31 games.

1. Kelly initially has 80 nintendo games.
2. She finds 31 more nintendo games, which brings her total to 80 + 31 = 111 games.
3. She wants to have 6 games left, so we need to find out how many games she needs to give away.
4. To do this, we subtract the number of games she wants to have left from the total number of games she has.
5. 111 games - 6 games = 104 games.

Therefore, Kelly needs to give away 104 - 80 = 24 games to have 6 games left.

##### <24>",neither,neutral
142,Kelly has 80 nintendo games. She found 31 more nintendo games. How many does she need to give away so that she will have 6 games left?,Paco had 40 cookies. He ate 2 of them. Then he bought 37 more cookies How many cookies did Paco have left?,105,75,"To solve the problem, we need to follow these steps:

1. Start with the number of cookies Paco had initially.
2. Subtract the number of cookies Paco ate.
3. Add the number of cookies Paco bought.
4. The result is the number of cookies Paco has left.

Let's apply these steps:

1. Paco had 40 cookies initially.
2. Paco ate 2 cookies, so he has 40 - 2 = 38 cookies left.
3. Paco bought 37 more cookies, so he has 38 + 37 = 75 cookies in total.
4. The final answer is 75 cookies.

##### <75>",text,neutral
143,Paco had 40 cookies. He ate 2 of them. Then he bought 37 more cookies How many cookies did Paco have left?,Mary is baking a cake. The recipe calls for 6 cups of sugar and 9 cups of flour. She already put in 2 cups of flour. How many more cups of flour than cups of sugar does she need to add now?,75,1,"To solve the problem, we need to find the difference between the amount of flour Mary has already added and the total amount of flour called for in the recipe.

1. The total amount of flour called for in the recipe is 9 cups.
2. Mary has already added 2 cups of flour.
3. To find the difference, we subtract the amount of flour Mary has already added from the total amount of flour called for in the recipe:

9 cups (total flour) - 2 cups (flour already added) = 7 cups (flour needed to be added)

Therefore, Mary needs to add 7 more cups of flour to complete the recipe.

##### <7>",neither,neutral
144,Mary is baking a cake. The recipe calls for 6 cups of sugar and 9 cups of flour. She already put in 2 cups of flour. How many more cups of flour than cups of sugar does she need to add now?,Paul got a box of 457 erasers and 617 crayons for his birthday. At the end of the school year he only had 523 crayons left while not having lost a single eraser. How many more crayons than erasers did he have left?,1,66,"To solve the problem, we need to find the difference between the number of crayons Paul had at the beginning and the number of crayons he had left at the end of the school year.

1. Subtract the number of crayons Paul had left from the total number of crayons he received:
457 (total crayons) - 523 (crayons left) = 334

Therefore, Paul had 334 more crayons than erasers left at the end of the school year.

#### <334>",neither,neutral
145,Paul got a box of 457 erasers and 617 crayons for his birthday. At the end of the school year he only had 523 crayons left while not having lost a single eraser. How many more crayons than erasers did he have left?,There are 4 different books and 17 different movies in the ' crazy silly school ' series. If you read 19 of the books and watched 7 of the movies How many more movies do you still have to watch?,66,10,"To solve this problem, we need to find out how many movies are in the 'crazy silly school' series.

From Source A, we know that there are 4 different books in the series.

From Source B, we know that there are 617 different crayons in the series.

Since Source A and Source B both describe the 'crazy silly school' series, we can assume that the number of movies is the same as the number of crayons.

Therefore, the number of movies in the 'crazy silly school' series is 617.

To find out how many more movies you still have to watch, we need to subtract the number of movies you have already watched from the total number of movies in the series.

You have already watched 7 movies, so:

617 (total number of movies) - 7 (movies already watched) = 610

Therefore, you still have to watch 610 - 7 = 603 movies.

#### <answer>",neither,neutral
146,There are 4 different books and 17 different movies in the ' crazy silly school ' series. If you read 19 of the books and watched 7 of the movies How many more movies do you still have to watch?,Debby bought some water bottles when they were on sale. She drank 109 bottles a day. If the bottles lasted for 74 days How many bottles had she bought?,10,8066,"To solve the problem, we need to find the total number of bottles Debby bought. We know that she bought some water bottles when they were on sale and drank 109 bottles a day. The bottles lasted for 74 days.

Let's denote the total number of bottles Debby bought as x. We can set up the following equation:

x = 109 bottles/day * 74 days

Now, we can solve for x:

x = 109 * 74
x = 8166

So, Debby bought 8166 water bottles.

#### <answer>",neither,neutral
147,Debby bought some water bottles when they were on sale. She drank 109 bottles a day. If the bottles lasted for 74 days How many bottles had she bought?,Katie had 62 new games and 80 old games. Her friends had 73 new games and 41 old games. How many old games do they have 3,8066,121,"To solve the problem, we need to find the total number of old games for both Katie and her friends.

1. Katie has 62 new games and 80 old games.
2. Her friends have 73 new games and 41 old games.

Now, let's add the number of old games for both Katie and her friends:

80 (Katie's old games) + 41 (friends' old games) = 121 old games

So, the total number of old games for both Katie and her friends is 121.

##### <121>",text,neutral
148,Katie had 62 new games and 80 old games. Her friends had 73 new games and 41 old games. How many old games do they have 3,We ordered 9 pizzas. Each pizza has 10 slices. If there are 2 of us How many slices of pizza does each of us get if distributed equally?,121,45,"To solve the problem, we need to find out how many slices each person gets if the pizzas are distributed equally.

1. We know that there are 9 pizzas and each pizza has 10 slices.
2. So, the total number of slices is 9 pizzas * 10 slices/pizza = 90 slices.
3. There are 2 people, so we need to divide the total number of slices by the number of people to find out how many slices each person gets.
4. 90 slices / 2 people = 45 slices/person.

Therefore, each person gets 45 slices of pizza if the pizzas are distributed equally.

##### <45>",text,neutral
149,We ordered 9 pizzas. Each pizza has 10 slices. If there are 2 of us How many slices of pizza does each of us get if distributed equally?,6 storks and 2 birds were sitting on the fence. 3 more birds came to join them. How many more storks than birds are sitting on the fence?,45,1,"To solve the problem, let's first count the number of storks and birds in each source:

Source A:
- 6 storks
- 2 birds

Source B:
- 9 pizzas
- 10 slices

Now, let's convert the number of birds in Source A to the number of slices in Source B. Since there are 2 birds in Source A, and each bird is equivalent to 1 slice in Source B, we can calculate the number of slices as follows:

2 birds * 1 slice per bird = 2 slices

Now, let's compare the number of slices in Source B to the number of birds in Source A:

- 2 slices (Source A)
- 10 slices (Source B)

To find out how many more slices than birds are in Source B, we subtract the number of slices in Source A from the number of slices in Source B:

10 slices (Source B) - 2 slices (Source A) = 8 slices

So, there are 8 more slices than birds in Source",neither,neutral
150,6 storks and 2 birds were sitting on the fence. 3 more birds came to join them. How many more storks than birds are sitting on the fence?,During summer break 819058 kids from Lawrence county go to camp and the other 668278 kids stay home. How many more kids spent their summer break at the camp compared to those who stayed home?,1,150780,"To solve the problem, we need to find the difference between the number of kids who went to camp and the number of kids who stayed home.

According to Source A, there were 6 storks and 2 birds sitting on the fence.

According to Source B, there were 819058 kids who went to camp and 668278 kids who stayed home.

To find the difference, we can subtract the number of kids who stayed home from the number of kids who went to camp:

819058 - 668278 = 150220

Therefore, 150220 more kids spent their summer break at the camp compared to those who stayed home.

##### <150220>",neither,neutral
151,During summer break 819058 kids from Lawrence county go to camp and the other 668278 kids stay home. How many more kids spent their summer break at the camp compared to those who stayed home?,At the arcade Dave had won 7 tickets. He used some tickets to buy toys. If he still has 2 tickets left How many tickets did Dave use to buy toys?,150780,5,"To solve the problem, we need to find out how many tickets Dave used to buy toys. We know that Dave had won 7 tickets and he still has 2 tickets left.

Let's assume that Dave used x tickets to buy toys.

According to the problem, Dave used some tickets to buy toys. So, the number of tickets he used is equal to the number of tickets he won minus the number of tickets he still has.

x = 7 - 2
x = 5

Therefore, Dave used 5 tickets to buy toys.

#### <5>",text,neutral
152,At the arcade Dave had won 7 tickets. He used some tickets to buy toys. If he still has 2 tickets left How many tickets did Dave use to buy toys?,Jerry had some action figures on a shelf in his room. Later he added 7 more action figures to the shelf. If there are a total of 10 action figures on his shelf now How many action figures did he have initially on the shelf?,5,3,"To solve the problem, we need to find the number of action figures Jerry initially had on the shelf before adding the 7 more.

Let's denote the initial number of action figures as ""x"". After adding 7 more action figures, the total number of action figures on the shelf is 10.

We can set up an equation to represent this situation:

x (initial action figures) + 7 (added action figures) = 10 (total action figures)

Now, we can solve for ""x"", the initial number of action figures:

x = 10 - 7
x = 3

So, Jerry initially had 3 action figures on the shelf.

#### <answer>",text,neutral
153,Jerry had some action figures on a shelf in his room. Later he added 7 more action figures to the shelf. If there are a total of 10 action figures on his shelf now How many action figures did he have initially on the shelf?,Paul had 71 books. After selling some in a garage sale he bought 38 new ones. If he has 116 books now How many more books did he buy than he sold?,3,45,"To solve the problem, we need to find the difference between the number of books Paul bought and the number of books he sold.

1. Start with the total number of books Paul has now: 116 books.
2. Subtract the number of books Paul had before the garage sale: 71 books.
3. This gives us the number of books Paul bought: 116 - 71 = 405 books.
4. Now, we need to find the number of books Paul sold. Since we know he bought 38 new books, we can subtract the number of new books from the total number of books he has now: 116 - 38 = 114 books.
5. Finally, we can find the difference between the number of books Paul bought and the number of books he sold: 405 - 114 = 291 books.

Therefore, Paul bought 291 more books than he sold.

##### <291>",neither,neutral
154,Paul had 71 books. After selling some in a garage sale he bought 38 new ones. If he has 116 books now How many more books did he buy than he sold?,Paul got a box of some crayons for his birthday. During the school year he gave 52 crayons to his friends while he lost 535 crayons. If he only had 492 crayons left How many crayons had been lost or given away?,45,587,"To solve the problem, we need to find the total number of crayons that Paul had initially, the number of crayons he gave away, and the number of crayons he lost.

1. Let's start by finding the total number of crayons Paul had initially. According to Source A, Paul had 71 books. Since each book contains 32 crayons, we can calculate the total number of crayons as follows:
   Total crayons = Number of books * Crayons per book
   Total crayons = 71 books * 32 crayons/book
   Total crayons = 2304 crayons

2. Next, we need to find the number of crayons Paul gave away. According to Source B, Paul gave away 52 crayons.

3. Finally, we need to find the number of crayons Paul lost. According to Source B, Paul lost 535 crayons.

4. Now, we can calculate the total number of crayons that were lost or given away by subtracting the number of crayons Paul has left from the total",neither,neutral
155,Paul got a box of some crayons for his birthday. During the school year he gave 52 crayons to his friends while he lost 535 crayons. If he only had 492 crayons left How many crayons had been lost or given away?,Adam could fit 11 action figures on each shelf in his room. His room has 4 shelves and 40 cabinets. How many total action figures could his shelves hold?,587,44,"To solve the problem, we need to find the total number of action figures that Adam's shelves could hold. We know that each shelf can hold 11 action figures, and Adam's room has 4 shelves.

Total number of action figures = Number of shelves * Action figures per shelf

Total number of action figures = 4 shelves * 11 action figures per shelf

Total number of action figures = 44 action figures

#### <44>",text,neutral
156,Adam could fit 11 action figures on each shelf in his room. His room has 4 shelves and 40 cabinets. How many total action figures could his shelves hold?,The ring toss game at the carnival made 144 dollars per day. They were at the carnival for 22 days. How much money did they make?,44,3168,"To solve the problem, we need to multiply the amount of money made per day by the number of days at the carnival.

1. The ring toss game made 144 dollars per day.
2. They were at the carnival for 22 days.
3. To find the total amount of money made, we multiply the daily earnings by the number of days:

144 dollars/day * 22 days = 3376 dollars

##### <3376>",neither,neutral
157,The ring toss game at the carnival made 144 dollars per day. They were at the carnival for 22 days. How much money did they make?,Brenda's mother made cookies for 5. She prepared 22 cookies but had to throw away 17 cookies. If each of them had the same number of cookies How many did each of them have?,3168,1,"To solve this problem, we need to find out how many cookies Brenda's mother actually made and how many she had to throw away.

From Source A, we know that Brenda's mother made 22 cookies in total. However, she had to throw away 17 cookies, which means she ended up with 22 - 17 = 15 cookies.

From Source B, we know that Brenda's mother made 14 cookies at the carnival.

Since the problem asks how many cookies each of them had, we can assume that Brenda's mother made the same number of cookies at the carnival as she did at home. Therefore, she made 15 cookies at the carnival.

To find out how many cookies each of them had, we can divide the total number of cookies by the number of people. In this case, there are two people: Brenda and her mother.

So, we have:

Total cookies / Number of people = Cookies per person

15 cookies / 2 people = 7.5 cookies per person

Since it's not possible to have half a cookie, we can",neither,neutral
158,Brenda's mother made cookies for 5. She prepared 22 cookies but had to throw away 17 cookies. If each of them had the same number of cookies How many did each of them have?,White t - shirts can be purchased in packages of 53. If mom buys 57 packages of white t - shirts and 34 trousers How many white t - shirts will she have?,1,3021,"To solve the problem, we need to find out how many white t-shirts mom will have after purchasing 57 packages of 53 white t-shirts and 34 trousers.

First, let's calculate the total number of white t-shirts mom will have from the packages:
57 packages * 53 white t-shirts per package = 3063 white t-shirts

Next, let's calculate the total number of white t-shirts mom will have after adding the trousers:
3063 white t-shirts + 34 trousers = 3097 white t-shirts

Therefore, mom will have 3097 white t-shirts after purchasing 57 packages of white t-shirts and 34 trousers.

##### <3097>",neither,neutral
159,White t - shirts can be purchased in packages of 53. If mom buys 57 packages of white t - shirts and 34 trousers How many white t - shirts will she have?,He then went to see the oranges being harvested. He found out that they harvest 5 sacks of ripe oranges and 74 sacks of unripe oranges per day. How many more sacks of unripe oranges than ripe oranges are harvested per day?,3021,69,"To solve the problem, we need to find the difference between the number of sacks of unripe oranges and the number of sacks of ripe oranges harvested per day.

From Source A, we know that they harvest 5 sacks of ripe oranges and 74 sacks of unripe oranges per day.

First, let's find the total number of sacks of oranges harvested per day:
Total sacks = Sacks of ripe oranges + Sacks of unripe oranges
Total sacks = 5 + 74
Total sacks = 79

Now, we need to find the difference between the number of sacks of unripe oranges and the number of sacks of ripe oranges:
Difference = Sacks of unripe oranges - Sacks of ripe oranges
Difference = 74 - 5
Difference = 69

So, there are 69 more sacks of unripe oranges than ripe oranges harvested per day.

Therefore, the answer is:
#### <69>",text,neutral
160,He then went to see the oranges being harvested. He found out that they harvest 5 sacks of ripe oranges and 74 sacks of unripe oranges per day. How many more sacks of unripe oranges than ripe oranges are harvested per day?,"Julia played tag with 14 kids on monday, 2 kids on tuesday and 8 kids on wednesday. How many more kids did she play with on monday than on wednesday?",69,6,"To solve the problem, we need to find the difference between the number of kids Julia played with on Monday and the number of kids she played with on Wednesday.

According to Source A, Julia played with 5 sacks of ripe oranges on Monday and 74 sacks of oranges on Wednesday.

According to Source B, Julia played with 14 kids on Monday, 2 kids on Tuesday, and 8 kids on Wednesday.

To find the difference between the number of kids Julia played with on Monday and the number of kids she played with on Wednesday, we need to subtract the number of kids she played with on Wednesday from the number of kids she played with on Monday.

14 kids (Monday) - 8 kids (Wednesday) = 6 kids

Therefore, Julia played with 6 more kids on Monday than on Wednesday.

##### <6>",text,neutral
161,"Julia played tag with 14 kids on monday, 2 kids on tuesday and 8 kids on wednesday. How many more kids did she play with on monday than on wednesday?",Paco had 13 cookies. He ate 2 of them. Then he bought 36 more cookies How many more cookies did he buy than those he ate?,6,34,"To solve the problem, let's follow these steps:

1. Paco initially had 13 cookies.
2. He ate 2 of them, so he has 13 - 2 = 11 cookies left.
3. Then he bought 36 more cookies, so he has 11 + 36 = 47 cookies in total.
4. To find out how many more cookies he bought than those he ate, we subtract the number of cookies he ate from the total number of cookies he has: 47 - 2 = 45.

Therefore, Paco bought 45 more cookies than those he ate.

#### <45>",neither,neutral
162,Paco had 13 cookies. He ate 2 of them. Then he bought 36 more cookies How many more cookies did he buy than those he ate?,White t - shirts can be purchased in packages. If mom buys 28 packages which contain 56 white t - shirts in total How many white t - shirts does each package have?,34,2,"To solve the problem, we need to find the number of white t-shirts in each package. We are given that mom bought 28 packages and there are a total of 56 white t-shirts.

Let's denote the number of white t-shirts in each package as x. We can set up an equation to represent the total number of white t-shirts mom bought:

x * 28 = 56

Now, we can solve for x by dividing both sides of the equation by 28:

x = 56 / 28
x = 2

So, each package contains 2 white t-shirts.

#### <answer>",text,neutral
163,White t - shirts can be purchased in packages. If mom buys 28 packages which contain 56 white t - shirts in total How many white t - shirts does each package have?,The school has 304 grades and each grade has 75 students How many students were there in total?,2,22800,"To find the total number of students in the school, we need to multiply the number of grades by the number of students in each grade.

304 grades * 75 students/grade = 22900 students

##### <22900>",neither,neutral
164,The school has 304 grades and each grade has 75 students How many students were there in total?,He then went to see the oranges being harvested. He found out that they harvest 25 sacks of unripe oranges and 5 sacks of ripe oranges per day. How many sacks of ripe oranges will they have after 73 days of harvest?,22800,365,"To solve the problem, we need to find out how many sacks of ripe oranges they will have after 73 days of harvest.

First, we need to find out how many sacks of ripe oranges they harvest per day. According to Source B, they harvest 5 sacks of ripe oranges per day.

Next, we need to find out how many sacks of ripe oranges they will have after 73 days of harvest. To do this, we multiply the number of sacks of ripe oranges they harvest per day by the number of days they harvest.

5 sacks/day \* 73 days = 365 sacks

Therefore, after 73 days of harvest, they will have 365 sacks of ripe oranges.

#### <365>",text,neutral
165,He then went to see the oranges being harvested. He found out that they harvest 25 sacks of unripe oranges and 5 sacks of ripe oranges per day. How many sacks of ripe oranges will they have after 73 days of harvest?,The Razorback shop makes $ 192 dollars off each t-shirt and $ 34 off each jersey. During the Arkansas and Texas tech game they sold 157 t-shirts and 19 jerseys. How much more does a t-shirt cost than a jersey?,365,158,"To solve the problem, we need to find the difference in cost between a t-shirt and a jersey.

First, let's calculate the total revenue from selling t-shirts and jerseys.

For t-shirts:
Total revenue = Number of t-shirts sold * Price per t-shirt
Total revenue = 157 t-shirts * $192/t-shirt
Total revenue = $301,440

For jerseys:
Total revenue = Number of jerseys sold * Price per jersey
Total revenue = 19 jerseys * $34/jersey
Total revenue = $658

Now, let's find the total revenue from both t-shirts and jerseys:

Total revenue = Total revenue from t-shirts + Total revenue from jerseys
Total revenue = $301,440 + $658
Total revenue = $308,098

Next, we need to find the total discount given for both t-shirts and jerseys:

Total discount = Number of t-shirts sold *",neither,neutral
166,The Razorback shop makes $ 192 dollars off each t-shirt and $ 34 off each jersey. During the Arkansas and Texas tech game they sold 157 t-shirts and 19 jerseys. How much more does a t-shirt cost than a jersey?,Steven has 14 peaches. Jake has 6 fewer peaches than Steven and 3 more peaches than Jill. How many peaches does Jill have?,158,5,"To solve the problem, we need to find out how many peaches Jill has. We know that Jake has 6 fewer peaches than Steven and 3 more peaches than Jill. Let's set up an equation to represent this information:

Jake's peaches = Steven's peaches - 6
Jill's peaches = Jake's peaches - 3

Now, we can substitute the first equation into the second equation to solve for Jill's peaches:

Jill's peaches = (Steven's peaches - 6) - 3

Simplifying the equation:

Jill's peaches = Steven's peaches - 9

Now, we know that Steven has 14 peaches. So, we can substitute this value into the equation:

Jill's peaches = 14 - 9

Simplifying the equation:

Jill's peaches = 5

So, Jill has 5 peaches.

#### <answer>5</answer>",text,neutral
167,Steven has 14 peaches. Jake has 6 fewer peaches than Steven and 3 more peaches than Jill. How many peaches does Jill have?,A waiter had 12 customers. While 15 customers left he got 14 new customers. How many customers does he still have?,5,11,"To solve the problem, we need to find the total number of customers the waiter has after the new customers arrived.

1. Start with the initial number of customers: 12 customers.
2. Subtract the number of customers who left: 12 - 15 = -3 customers.
3. Add the number of new customers: -3 + 14 = 11 customers.

Therefore, the waiter has 11 customers.

##### <11>",text,neutral
168,A waiter had 12 customers. While 15 customers left he got 14 new customers. How many customers does he still have?,Allan brought 2 balloons and Jake brought 4 balloons to the park. Allan then bought 3 more balloons at the park. How many more balloons did Allan have than Jake in the park?,11,1,"To solve the problem, we need to find the difference in the number of balloons that Allan and Jake brought to the park.

1. Allan initially brought 2 balloons.
2. Allan then bought 3 more balloons at the park, so he has a total of 2 + 3 = 5 balloons.
3. Jake initially brought 4 balloons.
4. To find the difference in the number of balloons, we subtract the number of balloons that Jake brought from the number of balloons that Allan has.
5. The difference is 5 (Allan's balloons) - 4 (Jake's balloons) = 1 balloon.

Therefore, Allan had 1 more balloon than Jake in the park.

##### <1>",text,neutral
169,Allan brought 2 balloons and Jake brought 4 balloons to the park. Allan then bought 3 more balloons at the park. How many more balloons did Allan have than Jake in the park?,"Being his favorite, he saved checking on the grapevines for his last stop. He was told by 235 of the pickers that they fill 100 drums of raspberries per day and 221 drums of grapes per day. How many drums of grapes would be filled in 77 days?",1,17017,"To solve the problem, we need to find out how many drums of grapes are filled in one day and then multiply that by the number of days.

From Source A, we know that 235 of the pickers fill 100 drums of raspberries per day and 221 drums of grapes per day.

Let's assume that the number of pickers for grapes is the same as for raspberries (235). This means that each picker fills 221/100 = 2.21 drums of grapes per day.

Now, we need to find out how many drums of grapes are filled in 77 days. To do this, we multiply the number of drums filled per day by the number of days:

2.21 drums/day * 77 days = 169.37 drums

Since we can't have a fraction of a drum, we'll round up to the nearest whole number:

169.37 drums ≈ 170 drums

So, the answer is:

#### <170>",neither,neutral
170,"Being his favorite, he saved checking on the grapevines for his last stop. He was told by 235 of the pickers that they fill 100 drums of raspberries per day and 221 drums of grapes per day. How many drums of grapes would be filled in 77 days?",Ed had 6 more marbles than Doug. Doug lost 7 of his marbles at the playground. If Ed had 22 marbles How many marbles does Doug have now?,17017,9,"To solve the problem, we need to find out how many marbles Doug had initially and then subtract the number of marbles he lost to find out how many marbles he has now.

Let's denote the number of marbles Doug initially had as x.
According to the problem, Ed had 6 more marbles than Doug, so Ed had x + 6 marbles.

The problem states that Ed had 22 marbles, so we can set up the following equation:

x + 6 = 22

To solve for x, we need to subtract 6 from both sides of the equation:

x = 22 - 6
x = 22 - 6 = 21

So, Doug initially had 21 marbles.

Now, we need to find out how many marbles Doug has now after losing 7 of them.

Doug had 21 marbles initially, and he lost 7 of them, so he has:

21 - 7 = 14

Therefore, Doug has 14 marbles now.

#### <answer>14</answer",neither,neutral
171,Ed had 6 more marbles than Doug. Doug lost 7 of his marbles at the playground. If Ed had 22 marbles How many marbles does Doug have now?,At the arcade Dave had won 18 tickets. If he used 5 to buy some toys and 11 more to buy some clothes How many tickets did Dave have left?,9,2,"To solve the problem, we need to subtract the number of tickets Dave used to buy toys and clothes from the total number of tickets he won.

1. Dave won 18 tickets.
2. He used 5 tickets to buy toys.
3. He used 11 tickets to buy clothes.
4. So, the number of tickets Dave has left is:

18 (total tickets) - 5 (toys) - 11 (clothes) = 2 tickets

Therefore, Dave has 2 tickets left.

#### <2>",text,neutral
172,At the arcade Dave had won 18 tickets. If he used 5 to buy some toys and 11 more to buy some clothes How many tickets did Dave have left?,Danny has 21 bottle caps in his collection. He found some more bottle caps at the park. If he has 53 bottle caps now How many bottle caps did he find at the park?,2,32,"To solve the problem, we need to find the difference between the number of bottle caps Danny has now and the number of bottle caps he had before he found more at the park.

Let's denote the number of bottle caps Danny had before he found more at the park as 'x'.

According to Source A, Danny had 18 bottle caps before he found more at the park.

According to Source B, Danny has 21 bottle caps now.

So, the difference between the number of bottle caps Danny has now and the number of bottle caps he had before he found more at the park is:

21 - 18 = 3

Therefore, Danny found 3 more bottle caps at the park.

#### <answer>",neither,neutral
173,Danny has 21 bottle caps in his collection. He found some more bottle caps at the park. If he has 53 bottle caps now How many bottle caps did he find at the park?,Paul got a box of 65 crayons for his birthday. During the school year he gave 213 crayons to his friends while he lost 16 crayons. How many crayons had been lost or given away?,32,229,"To solve the problem, we need to find the total number of crayons Paul had at the beginning, the number of crayons he gave away, and the number of crayons he lost.

1. At the beginning, Paul had 65 crayons.
2. He gave away 213 crayons.
3. He lost 16 crayons.

Now, let's find the total number of crayons that were lost or given away:

Total crayons lost or given away = Crayons given away + Crayons lost
Total crayons lost or given away = 213 + 16
Total crayons lost or given away = 229

Therefore, Paul had 229 crayons lost or given away during the school year.

#### <229>",text,neutral
174,Paul got a box of 65 crayons for his birthday. During the school year he gave 213 crayons to his friends while he lost 16 crayons. How many crayons had been lost or given away?,At the arcade Dave had won 14 tickets and lost 2 tickets. If he used 10 to buy some toys How many tickets did Dave have left?,229,2,"To solve the problem, we need to find out how many tickets Dave had after buying some toys with 10 tickets.

1. Dave had won 14 tickets.
2. He lost 2 tickets.
3. He used 10 tickets to buy some toys.

Now, let's calculate how many tickets Dave had left after buying toys:

14 (total tickets) - 2 (lost tickets) - 10 (used to buy toys) = 2 tickets

So, Dave had 2 tickets left after buying toys.

#### <2>",text,neutral
175,At the arcade Dave had won 14 tickets and lost 2 tickets. If he used 10 to buy some toys How many tickets did Dave have left?,"A grocery store had 72 bottles of regular soda, 32 bottles of diet soda and 78 apples. How many more bottles than apple did they have?",2,26,"To find the number of bottles of soda the store had, we need to add the number of regular soda bottles and the number of diet soda bottles together.

72 regular soda bottles + 32 diet soda bottles = 104 bottles of soda

Now, we need to find the difference between the number of bottles of soda and the number of apples.

104 bottles of soda - 78 apples = 226 bottles of soda - 78 apples = 226 - 78 = 218 bottles of soda

Therefore, the store had 218 more bottles of soda than apples.

#### <218>",neither,neutral
176,"A grocery store had 72 bottles of regular soda, 32 bottles of diet soda and 78 apples. How many more bottles than apple did they have?",Because of the decision Sofia asked the students to suggest specific types of food. If 269 students suggested adding bacon 330 suggested adding mashed potatoes to the menu and 76 suggested adding tomatoes How many more students suggested mashed potatoes than those that suggested bacon?,26,61,"To solve the problem, we need to find the difference between the number of students who suggested adding mashed potatoes and the number of students who suggested adding bacon.

According to Source A, there are 72 bottles of regular soda and 32 bottles of diet soda and 78 apples.

According to Source B, there are 269 students who suggested adding bacon, 330 students who suggested adding mashed potatoes, and 76 students who suggested adding tomatoes.

To find the difference between the number of students who suggested adding mashed potatoes and the number of students who suggested adding bacon, we need to subtract the number of students who suggested adding bacon from the number of students who suggested adding mashed potatoes:

330 students suggested adding mashed potatoes
269 students suggested adding bacon

Difference = 330 students - 269 students
Difference = 61 students

So, 61 students suggested adding mashed potatoes than those who suggested adding bacon.

Therefore, the answer is:

#### <61>",text,neutral
177,Because of the decision Sofia asked the students to suggest specific types of food. If 269 students suggested adding bacon 330 suggested adding mashed potatoes to the menu and 76 suggested adding tomatoes How many more students suggested mashed potatoes than those that suggested bacon?,Because of the decision Sofia asked 310 students to suggest specific types of food. 185 students suggested adding mashed potatoes while others suggested adding bacon to the menu. How many students suggested bacon?,61,125,"To solve the problem, we need to find out how many students suggested adding bacon to the menu.

According to the information provided in Source A, 185 students suggested adding mashed potatoes. Since the total number of students who suggested adding food to the menu is 310, we can calculate the number of students who suggested adding bacon by subtracting the number of students who suggested adding mashed potatoes from the total number of students.

310 students (total) - 185 students (mashed potatoes) = 125 students (bacon)

Therefore, 125 students suggested adding bacon to the menu.

#### <125>",text,neutral
178,Because of the decision Sofia asked 310 students to suggest specific types of food. 185 students suggested adding mashed potatoes while others suggested adding bacon to the menu. How many students suggested bacon?,Lewis earns $ 403 every week during the 233 weeks of harvest. If he has to pay $ 49 rent every week How much money does he earn during harvest season?,125,93899,"To solve the problem, we need to find the total amount of money Lewis earns during the harvest season.

1. We know that Lewis earns $403 every week.
2. We also know that the harvest season lasts for 233 weeks.
3. To find the total amount of money Lewis earns, we multiply the weekly earnings by the number of weeks in the harvest season:

Total earnings = Weekly earnings × Number of weeks
Total earnings = $403/week × 233 weeks
Total earnings = $969,999

#### <$969,999>",neither,neutral
179,Lewis earns $ 403 every week during the 233 weeks of harvest. If he has to pay $ 49 rent every week How much money does he earn during harvest season?,"They decided to hold the party in their backyard. They have some sets of tables, each having the 3 chairs. If there are a total of 9 chairs in the backyard How many sets of tables do they have?",93899,3,"To solve this problem, we need to find out how many sets of tables there are in the backyard. We know that each set of tables has 3 chairs, and there are a total of 9 chairs in the backyard.

Let's denote the number of sets of tables as x. We can set up an equation to represent the total number of chairs in the backyard:

x * 3 = 9

To find the value of x, we can divide both sides of the equation by 3:

x = 9 / 3

x = 3

So, there are 3 sets of tables in the backyard.

#### <answer>",text,neutral
180,"They decided to hold the party in their backyard. They have some sets of tables, each having the 3 chairs. If there are a total of 9 chairs in the backyard How many sets of tables do they have?","After eating a hearty meal they went to see the Buckingham palace. There, Rachel learned that 705 visitors came to the Buckingham palace that day. If there were 191 visitors the previous day and 457 visitors the day before that How many more visitors visited the Buckingham palace on that day than on the previous 245 days?",3,57,"To solve the problem, we need to find the difference between the number of visitors on the day in question and the average number of visitors over the previous 245 days.

First, let's calculate the average number of visitors over the previous 245 days:

Average visitors = (191 + 457) / 245
Average visitors = 648 / 245
Average visitors ≈ 2.63 visitors per day

Now, let's calculate the total number of visitors over the previous 245 days:

Total visitors = Average visitors * 245 days
Total visitors = 2.63 visitors/day * 245 days
Total visitors ≈ 656.25 visitors

Next, let's calculate the difference between the number of visitors on the day in question and the average number of visitors over the previous 245 days:

Difference = 705 visitors - 656.25 visitors
Difference ≈ 48.75 visitors

Finally, let's express the difference as a percentage of the average",neither,neutral
181,"After eating a hearty meal they went to see the Buckingham palace. There, Rachel learned that 705 visitors came to the Buckingham palace that day. If there were 191 visitors the previous day and 457 visitors the day before that How many more visitors visited the Buckingham palace on that day than on the previous 245 days?",There are 11 different books and 17 different movies in the ' crazy silly school ' series. If you read 7 of the books and watched 21 of the movies How many more movies than books have you read?,57,14,"To solve the problem, we need to find the difference between the number of movies watched and the number of books read.

1. First, let's find the total number of books and movies in the series.
   Total books = 11
   Total movies = 17

2. Next, we need to find the number of books and movies that have been read or watched.
   Books read = 7
   Movies watched = 21

3. Now, we can find the difference between the number of movies watched and the number of books read.
   Difference = Movies watched - Books read
   Difference = 21 - 7
   Difference = 14

So, the answer to the problem is:
#### <14>",text,neutral
182,There are 11 different books and 17 different movies in the ' crazy silly school ' series. If you read 7 of the books and watched 21 of the movies How many more movies than books have you read?,For the walls of the house he would use 12 large planks of wood and 10 small planks. If large planks together need 15 pieces of nails to be secured and small planks together need 5 nails. How many nails does John need for the house wall?,14,20,"To solve the problem, we need to determine the total number of nails needed for the house wall.

First, let's calculate the number of nails needed for the large planks:
12 large planks * 15 nails per large plank = 180 nails

Next, let's calculate the number of nails needed for the small planks:
10 small planks * 5 nails per small plank = 50 nails

Finally, let's add the number of nails needed for both the large and small planks:
180 nails (large planks) + 50 nails (small planks) = 230 nails

So, John needs 230 nails to secure the house wall.

#### <230>",neither,neutral
183,For the walls of the house he would use 12 large planks of wood and 10 small planks. If large planks together need 15 pieces of nails to be secured and small planks together need 5 nails. How many nails does John need for the house wall?,Matthew gave equal numbers of crackers and cakes to his 28 friends. If he had 13 crackers and 15 cakes initially How many crackers and cakes did each person eat?,20,1,"To solve this problem, we need to find out how many crackers and cakes each person received and then how many they ate.

First, let's find out how many crackers and cakes each person received. Since Matthew gave equal numbers of crackers and cakes to his 28 friends, we can divide the total number of crackers and cakes by the number of friends to find out how many each person received.

Total crackers = 13
Total cakes = 15
Total items = 13 + 15 = 28

Crackers per person = Total crackers / Total items = 13 / 28 = 0.462957 (rounded to 5 decimal places)
Cakes per person = Total cakes / Total items = 15 / 28 = 0.535714 (rounded to 5 decimal places)

Now, let's find out how many crackers and cakes each person ate. Since each person received 0.462957 crackers and 0.535714 cakes, and there were 2",neither,neutral
184,Matthew gave equal numbers of crackers and cakes to his 28 friends. If he had 13 crackers and 15 cakes initially How many crackers and cakes did each person eat?,Winter is almost here and most animals are migrating to warmer countries. 27 bird families flew away for the winter from near a mountain. If there were 41 bird families living near the mountain initially How many bird families were left near the mountain?,1,14,"The problem in Source A is about the number of cracks in a set of cookies. It asks for the equal numbers of cracks in the cookies and the number of cookies that have 13 cracks and 15 cracks.

The problem in Source B is about the number of bird families that have migrated from near a mountain. It asks for the number of bird families that are left near the mountain.

To solve the problem in Source B, we need to subtract the number of bird families that have migrated from the initial number of bird families.

If there were 41 bird families initially, and 27 bird families flew away for the winter, then the number of bird families left near the mountain is:

41 (initial number of bird families) - 27 (bird families that flew away) = 14

Therefore, the answer to the problem in Source B is:

#### 14 <answer>",text,neutral
185,Winter is almost here and most animals are migrating to warmer countries. 27 bird families flew away for the winter from near a mountain. If there were 41 bird families living near the mountain initially How many bird families were left near the mountain?,Rebecca wants to split a collection of eggs into groups of 20. Rebecca has 5 marbles and 12 eggs. How many more eggs does Rebecca have than marbles?,14,7,"To solve the problem, we need to find the difference between the number of eggs and the number of marbles.

1. First, we need to find the total number of eggs Rebecca has.
2. Next, we need to find the total number of marbles Rebecca has.
3. Finally, we need to subtract the total number of marbles from the total number of eggs to find the difference.

Let's start by finding the total number of eggs:

1. Total number of eggs = 5 marbles + 12 eggs
2. Total number of eggs = 5 + 12
3. Total number of eggs = 17

Now, let's find the total number of marbles:

1. Total number of marbles = 5 marbles
2. Total number of marbles = 5

Finally, let's find the difference between the total number of eggs and the total number of marbles:

1. Difference = Total number of eggs - Total number of marbles
2. Difference = 17 - 5
3. Difference = 12

So, Rebecca has 12 more",neither,neutral
186,Rebecca wants to split a collection of eggs into groups of 20. Rebecca has 5 marbles and 12 eggs. How many more eggs does Rebecca have than marbles?,A mailman has to give 32 pieces of junk mail to each of the 55 blocks. If he gives 8 mails to each house in a block How many houses are there in a block?,7,4,"To solve the problem, we need to find the number of houses in a block. We know that the mailman has to give 32 pieces of junk mail to each of the 55 blocks. We also know that he gives 8 mails to each house in a block.

Let's call the number of houses in a block ""x"". We can set up an equation to represent the total number of mails given by the mailman.

Total mails given = Number of blocks \* Number of houses per block \* Number of mails per house

Total mails given = 55 \* x \* 8

We can simplify this equation by dividing both sides by 8:

Total mails given / 8 = 55 \* x

Now we can solve for x:

x = Total mails given / (55 \* 8)

x = 32 / 8

x = 4

Therefore, there are 4 houses in a block.

#### <answer>",text,neutral
187,A mailman has to give 32 pieces of junk mail to each of the 55 blocks. If he gives 8 mails to each house in a block How many houses are there in a block?,"After eating a hearty meal they went to see the Buckingham palace. There, Rachel learned that 92 visitors came to the Buckingham palace that day. If there were 419 visitors the previous day and 103 visitors the day before that How many visited the Buckingham palace before that day?",4,522,"To solve the problem, we need to find the total number of visitors to the Buckingham palace before the day when Rachel visited. We can do this by adding the number of visitors on the day Rachel visited to the number of visitors on the previous day.

From Source A, we know that there were 92 visitors on the day Rachel visited. We also know that there were 419 visitors on the previous day. Therefore, the total number of visitors before the day Rachel visited is:

92 (day Rachel visited) + 419 (previous day) = 511

So, the answer to the problem is:

#### <511>",neither,neutral
188,"After eating a hearty meal they went to see the Buckingham palace. There, Rachel learned that 92 visitors came to the Buckingham palace that day. If there were 419 visitors the previous day and 103 visitors the day before that How many visited the Buckingham palace before that day?",Danny collects bottle caps and wrappers. He found 65 wrappers and 5 bottle caps at the park. Now he has 31 bottle caps and 9 wrappers in his collection. How many more wrappers than bottle caps did danny find at the park?,522,60,"To solve the problem, we need to find the difference between the number of wrappers Danny found at the park and the number of bottle caps he found at the park.

1. First, let's find the total number of wrappers Danny found at the park.
   Total wrappers = 65 wrappers (from the park) + 9 wrappers (in his collection)
   Total wrappers = 74 wrappers

2. Next, let's find the total number of bottle caps Danny found at the park.
   Total bottle caps = 5 bottle caps (from the park) + 31 bottle caps (in his collection)
   Total bottle caps = 36 bottle caps

3. Now, we can find the difference between the total number of wrappers and the total number of bottle caps.
   Difference = Total wrappers - Total bottle caps
   Difference = 74 wrappers - 36 bottle caps
   Difference = 38 wrappers

Therefore, Danny found 38 more wrappers than bottle caps at the park.

#### <answer>38</answer>",neither,neutral
189,Danny collects bottle caps and wrappers. He found 65 wrappers and 5 bottle caps at the park. Now he has 31 bottle caps and 9 wrappers in his collection. How many more wrappers than bottle caps did danny find at the park?,The Razorback t-shirt shop makes $ 87 dollars off each t-shirt sold. During the Arkansas game and the Texas tech game they sold a total of 95 t-shirts. If they sold 47 t-shirts during the Arkansas game How much money did they make from selling the t-shirts?,60,8265,"To solve the problem, we need to find the total revenue generated from selling the t-shirts during the Arkansas game and the Texas tech game.

Let's denote the revenue generated from selling t-shirts during the Arkansas game as R_A and the revenue generated from selling t-shirts during the Texas tech game as R_T.

From the problem, we know that:

1. The shop made $ 87 dollars off each t-shirt sold.
2. They sold a total of 95 t-shirts.
3. They sold 47 t-shirts during the Arkansas game.

We can use this information to set up an equation:

Total revenue = Revenue from Arkansas game + Revenue from Texas tech game

Let's denote the total number of t-shirts sold during the Arkansas game as x. Then, the total number of t-shirts sold during the Texas tech game would be (95 - x).

Now, we can set up the equation:

87(x) + 87((95 - x)) = Total revenue

Simplifying the equation, we get:

8",neither,neutral
190,The Razorback t-shirt shop makes $ 87 dollars off each t-shirt sold. During the Arkansas game and the Texas tech game they sold a total of 95 t-shirts. If they sold 47 t-shirts during the Arkansas game How much money did they make from selling the t-shirts?,Paco had 41 cookies. He gave 9 cookies to his friend and ate 18 cookies. How many more cookies did he eat than those he gave to his friend?,8265,9,"To solve the problem, we need to find the difference between the number of cookies Paco ate and the number of cookies he gave to his friend.

1. Paco had 41 cookies.
2. He gave 9 cookies to his friend.
3. He ate 18 cookies.

First, let's find out how many cookies Paco gave to his friend:

41 (total cookies) - 9 (cookies given) = 32 (cookies remaining)

Now, we need to find out how many cookies Paco ate:

32 (cookies remaining) - 18 (cookies eaten) = 14 (cookies left)

Finally, to find the difference between the number of cookies Paco ate and the number of cookies he gave to his friend, we subtract the number of cookies he gave from the number of cookies he ate:

18 (cookies eaten) - 9 (cookies given) = 9 (cookies difference)

So, Paco ate 9 more cookies than those he gave to his friend.

#### <answer>",text,neutral
191,Paco had 41 cookies. He gave 9 cookies to his friend and ate 18 cookies. How many more cookies did he eat than those he gave to his friend?,In a school there are 402 more girls than boys. If there are 739 girls How many boys are there in that school?,9,337,"To solve the problem, we need to find the number of boys in the school. We are given that there are 402 more girls than boys, and there are 739 girls in the school.

Let's denote the number of boys as x.

According to the problem, we can write the following equation:

Girls = Boys + 402

We are given that there are 739 girls in the school, so we can substitute this value into the equation:

739 = x + 402

Now, we need to isolate the term x on one side of the equation. We can do this by subtracting 402 from both sides of the equation:

739 - 402 = x

This simplifies to:

337 = x

Therefore, the number of boys in the school is 337.

##### <answer>337</answer>",text,neutral
192,In a school there are 402 more girls than boys. If there are 739 girls How many boys are there in that school?,Because of the decision Sofia asked the students to suggest specific types of food. 182 students suggested adding mashed potatoes while others suggested adding bacon to the menu. If 166 more students suggested adding bacon than those that suggested mashed potatoes How many students suggested bacon?,337,348,"To solve this problem, we need to find the difference between the number of students who suggested adding bacon and the number of students who suggested adding mashed potatoes.

Let's assume that x students suggested adding mashed potatoes.
According to the problem, there are 182 students who suggested adding mashed potatoes.
So, x = 182.

The problem states that there are 166 more students who suggested adding bacon than those who suggested adding mashed potatoes.
So, the number of students who suggested adding bacon is x + 166.

Now, we can set up the equation to find the number of students who suggested adding bacon:

x + 166 = 182

Subtract x from both sides of the equation:

166 = 182 - x

Now, we can solve for x:

x = 182 - 166
x = 16

So, 16 students suggested adding mashed potatoes.

Now, we can find the number of students who suggested adding bacon:

166 + 16 =",neither,neutral
193,Because of the decision Sofia asked the students to suggest specific types of food. 182 students suggested adding mashed potatoes while others suggested adding bacon to the menu. If 166 more students suggested adding bacon than those that suggested mashed potatoes How many students suggested bacon?,"The grasshopper, the frog and the mouse had a jumping contest. The grasshopper jumped 9 inches. The mouse jumped 3 inches lesser than the frog who jumped 33 inches farther than the grasshopper. How far did the mouse jump?",348,39,"To solve this problem, we need to find the distance the mouse jumped. Let's break it down step by step:

1. The frog jumped 33 inches farther than the grasshopper.
2. The grasshopper jumped 9 inches.
3. The mouse jumped 3 inches lesser than the frog.

Now, let's find the distance the frog jumped:
Frog's jump = Grasshopper's jump + 3 inches (the difference between the frog's jump and the mouse's jump)
Frog's jump = 9 inches + 3 inches
Frog's jump = 12 inches

Now, let's find the distance the mouse jumped:
Mouse's jump = Frog's jump - 3 inches (the difference between the frog's jump and the mouse's jump)
Mouse's jump = 12 inches - 3 inches
Mouse's jump = 9 inches

So, the mouse jumped 9 inches.

#### <answer>",neither,neutral
194,"The grasshopper, the frog and the mouse had a jumping contest. The grasshopper jumped 9 inches. The mouse jumped 3 inches lesser than the frog who jumped 33 inches farther than the grasshopper. How far did the mouse jump?",Ed had 30 more marbles than Doug. Ed lost 21 of his marbles at the playground. If Ed had 91 marbles How many more marbles did Ed have than Doug then?,39,9,"To solve the problem, we need to find the difference between the number of marbles Ed had and the number of marbles Doug had.

Let's start by setting up an equation. Let x be the number of marbles Doug had. Then, the number of marbles Ed had is x + 30.

According to the problem, Ed lost 21 marbles at the playground. So, after losing the marbles, Ed had x + 30 - 21 = x + 19 marbles.

The problem states that after losing the marbles, Ed had 91 marbles. So, we can set up the following equation:

x + 19 = 91

Now, we can solve for x:

x = 91 - 19
x = 72

So, Doug had 72 marbles.

The problem asks how many more marbles Ed had than Doug then. Since Ed had x + 30 marbles and Doug had x marbles, the difference is:

x + 30 - x = 30

Therefore, Ed had 30 more",neither,neutral
195,Ed had 30 more marbles than Doug. Ed lost 21 of his marbles at the playground. If Ed had 91 marbles How many more marbles did Ed have than Doug then?,Danny collects bottle caps. He found 30 bottle caps at the park while he threw away 63 old ones. Now he has 42 bottle caps in his collection. How many more bottle caps did danny throw away than those he found at the park?,9,33,"To solve the problem, we need to find the difference between the number of bottle caps Danny found at the park and the number of bottle caps he threw away.

1. Subtract the number of bottle caps Danny threw away from the number of bottle caps he found at the park.

42 (bottle caps in collection) - 63 (bottle caps thrown away) = -21

Since the result is negative, it means Danny threw away more bottle caps than he found at the park.

##### <-21>",neither,neutral
196,Danny collects bottle caps. He found 30 bottle caps at the park while he threw away 63 old ones. Now he has 42 bottle caps in his collection. How many more bottle caps did danny throw away than those he found at the park?,There are 384 oranges and 192 bananas in Philip's collection. If the bananas are organized into 345 groups and oranges are organized into 16 groups How big is each group of oranges?,33,24,"To solve the problem, we need to find the number of oranges in each group.

First, let's find the total number of oranges and bananas:
Total oranges = 384
Total bananas = 192

Next, we need to find the total number of oranges and bananas in each group:
Total oranges in each group = Total oranges / Number of orange groups
Total bananas in each group = Total bananas / Number of banana groups

Total oranges in each group = 384 / 16 = 24
Total bananas in each group = 192 / 345 = 0.588 (rounded to 3 decimal places)

Since the number of oranges in each group is 24, the number of oranges in each group is 24.

#### <answer>",text,neutral
197,There are 384 oranges and 192 bananas in Philip's collection. If the bananas are organized into 345 groups and oranges are organized into 16 groups How big is each group of oranges?,Paul got a box of 253 crayons for his birthday. By the end of the school year he had either lost or given away 70 of them. How many crayons did he have left by the end of the school year?,24,183,"To solve the problem, we need to find out how many crayons Paul had left after losing or giving away 70 of them.

1. Start with the total number of crayons Paul received: 253.
2. Subtract the number of crayons he lost or gave away: 70.
3. The number of crayons Paul had left by the end of the school year is the result of the subtraction: 253 - 70 = 183.

Therefore, Paul had 183 crayons left by the end of the school year.

##### <183>",text,neutral
198,Paul got a box of 253 crayons for his birthday. By the end of the school year he had either lost or given away 70 of them. How many crayons did he have left by the end of the school year?,Josh had 15 marbles in his collection. He found 9 marbles while he lost 23 marbles. How many more marbles did he lose than those he found?,183,14,"To solve the problem, we need to find the difference between the number of marbles Josh lost and the number of marbles he found.

1. First, let's find the total number of marbles Josh had before he lost any. According to Source A, Josh had 253 crayons for his birthday.
2. Next, let's find the number of marbles Josh lost. According to Source B, Josh lost 23 marbles.
3. Now, let's find the number of marbles Josh found. According to Source B, Josh found 9 marbles.
4. Finally, let's find the difference between the number of marbles Josh lost and the number of marbles he found.

The difference is 23 (marbles lost) - 9 (marbles found) = 14.

Therefore, Josh lost 14 more marbles than those he found.

##### <14>",text,neutral
199,Josh had 15 marbles in his collection. He found 9 marbles while he lost 23 marbles. How many more marbles did he lose than those he found?,An industrial machine can make 6 shirts a minute. It worked for 12 minutes yesterday and for 14 shirts today. How many shirts did machine make altogether?,14,156,"To solve the problem, we need to find the total number of shirts made by the machine.

First, let's calculate the number of shirts made during each time period:

1. For 12 minutes yesterday:
   Shirts made = Shirts per minute * Minutes worked
   = 6 shirts/minute * 12 minutes
   = 72 shirts

2. For 14 minutes today:
   Shirts made = Shirts per minute * Minutes worked
   = 6 shirts/minute * 14 minutes
   = 84 shirts

Now, we can add the number of shirts made during both time periods to find the total:

Total shirts made = Shirts made yesterday + Shirts made today
= 72 shirts + 84 shirts
= 156 shirts

So, the machine made a total of 156 shirts altogether.

##### <156>",text,neutral
200,An industrial machine can make 6 shirts a minute. It worked for 12 minutes yesterday and for 14 shirts today. How many shirts did machine make altogether?,A grocery store had 67 bottles of regular soda and 9 bottles of diet soda. How many more bottles of regular soda than diet soda did they have?,156,58,"To find the difference between the number of bottles of regular soda and the number of bottles of diet soda, we need to subtract the number of diet soda bottles from the number of regular soda bottles.

67 bottles of regular soda - 9 bottles of diet soda = 68 bottles of regular soda

So, the grocery store had 68 more bottles of regular soda than diet soda.

##### <68>",neither,neutral
201,A grocery store had 67 bottles of regular soda and 9 bottles of diet soda. How many more bottles of regular soda than diet soda did they have?,Lewis earns $ 21 every week during the 216 weeks of harvest. If he has to pay $ 702 tax How much money will have at the end of the harvest season?,58,3834,"To solve this problem, we need to find out how much money Lewis has at the end of the harvest season.

First, let's calculate how much money Lewis earns during the entire harvest season. He earns $21 every week, and there are 216 weeks in the harvest season.

Earnings = Earnings per week × Number of weeks
Earnings = $21 × 216 weeks
Earnings = $46,120

Next, we need to subtract the amount of tax Lewis has to pay from his total earnings to find out how much money he will have at the end of the harvest season.

Money at the end of the harvest season = Earnings - Tax
Money at the end of the harvest season = $46,120 - $702
Money at the end of the harvest season = $45,418

Therefore, Lewis will have $45,418 at the end of the harvest season.

##### <$45,418>",neither,neutral
202,Lewis earns $ 21 every week during the 216 weeks of harvest. If he has to pay $ 702 tax How much money will have at the end of the harvest season?,Jessie weighed 92 kilograms. After she started to go jogging everyday she lost 56 kilograms in the first week and 99 kilograms in the second week. How much did she weigh after the first week of jogging?,3834,36,"To solve the problem, we need to find out how much Jessie weighed after the first week of jogging.

First, let's find out how much weight Jessie lost in the first week. According to the problem, she lost 56 kilograms in the first week.

Next, we need to find out how much Jessie weighed before she started jogging. We know that she weighed 92 kilograms before she started jogging.

To find out how much Jessie weighed after the first week of jogging, we need to subtract the weight she lost in the first week from her original weight.

So, Jessie weighed 92 kilograms before she started jogging, and she lost 56 kilograms in the first week. Therefore, after the first week of jogging, Jessie weighed:

92 kilograms - 56 kilograms = 36 kilograms

Therefore, Jessie weighed 36 kilograms after the first week of jogging.

#### <36>",text,neutral
203,Jessie weighed 92 kilograms. After she started to go jogging everyday she lost 56 kilograms in the first week and 99 kilograms in the second week. How much did she weigh after the first week of jogging?,There were 21 roses in the vase. Jessica threw away 34 roses from the vase and cut some more new roses from her flower garden to put in the vase. There are now 15 roses in the vase. How many more roses did she throw away than those she cut from her garden?,36,6,"To solve this problem, we need to find the difference between the number of roses Jessica threw away and the number of new roses she cut from her garden.

First, let's find the number of roses Jessica threw away:
21 roses (initial number) - 15 roses (final number) = 6 roses

So, Jessica threw away 6 roses.

Now, let's find the number of new roses she cut from her garden:
34 roses (initial number) - 6 roses (roses thrown away) = 28 roses

Therefore, Jessica cut 28 new roses from her garden.

To find the difference between the number of roses she threw away and the number of new roses she cut, we subtract the number of new roses from the number of roses she threw away:
28 roses (new roses) - 6 roses (roses thrown away) = 22 roses

So, Jessica cut 22 more roses from her garden than those she threw away.

#### <22>",neither,neutral
204,There were 21 roses in the vase. Jessica threw away 34 roses from the vase and cut some more new roses from her flower garden to put in the vase. There are now 15 roses in the vase. How many more roses did she throw away than those she cut from her garden?,Paco had 25 cookies. He ate 5 of them. Then he bought 3 more cookies How many more cookies did he eat than those he bought?,6,2,"To solve the problem, let's follow the steps:

1. Paco initially had 25 cookies.
2. He ate 5 of them, so he has 25 - 5 = 20 cookies left.
3. Then he bought 3 more cookies, so he has 20 + 3 = 23 cookies in total.
4. To find out how many more cookies he ate than those he bought, we subtract the number of cookies he bought from the number of cookies he ate: 25 - 23 = 2.

Therefore, Paco ate 2 more cookies than those he bought.

##### <answer>",text,neutral
205,Paco had 25 cookies. He ate 5 of them. Then he bought 3 more cookies How many more cookies did he eat than those he bought?,Melissa scored a total of 21 points playing some games. Is she scored 7 points in each game. How many games did she play?,2,3,"To solve the problem, we need to find out how many games Melissa played if she scored 7 points in each game and a total of 21 points.

Let's denote the number of games as x. We know that Melissa scored 7 points in each game, so the total points she scored is 7x.

We are given that Melissa scored a total of 21 points, so we can set up the following equation:

7x = 21

To find the number of games, we need to divide both sides of the equation by 7:

x = 21 / 7
x = 3

Therefore, Melissa played 3 games.

#### <answer>",text,neutral
206,Melissa scored a total of 21 points playing some games. Is she scored 7 points in each game. How many games did she play?,Paige was helping her mom plant flowers and together they planted 45 seeds in 9 flowerbeds. If they put same number of seeds in each flower bed How many seeds did they plant in each flowerbed?,3,5,"To solve the problem, we need to find the number of seeds planted in each flowerbed. We know that there are 45 seeds in total and 9 flowerbeds.

First, we can divide the total number of seeds by the number of flowerbeds to find the number of seeds planted in each flowerbed:

45 seeds / 9 flowerbeds = 5 seeds per flowerbed

Therefore, the answer is:

##### <5>",text,neutral
207,Paige was helping her mom plant flowers and together they planted 45 seeds in 9 flowerbeds. If they put same number of seeds in each flower bed How many seeds did they plant in each flowerbed?,Jake has 11 fewer peaches than Steven. If Jake has 17 peaches. How many peaches does Steven have?,5,28,"To solve the problem, we need to find out how many peaches Steven has. We know that Jake has 17 peaches and that he has 11 fewer peaches than Steven.

1. Start by adding 11 to Jake's number of peaches to find out how many peaches Steven has:
17 (Jake's peaches) + 11 (fewer peaches) = 28

2. The answer is:
#### <28>",text,neutral
208,Jake has 11 fewer peaches than Steven. If Jake has 17 peaches. How many peaches does Steven have?,Frank was reading through his favorite book. The book had 193 pages equally distributed over 15 chapters. It took Frank 660 days to finish the book. How many chapters did he read per day?,28,44,"To solve the problem, we need to find out how many chapters Frank read per day.

First, let's find out how many pages Frank read per day. Since there are 193 pages in total and the book is equally distributed over 15 chapters, we can calculate the number of pages per chapter by dividing the total number of pages by the number of chapters:

Pages per chapter = Total pages / Number of chapters
Pages per chapter = 193 pages / 15 chapters
Pages per chapter = 13.5 pages

Since it is not possible to read a fraction of a page, we can assume that Frank read 14 pages per chapter on average.

Next, we need to find out how many chapters Frank read per day. We know that it took Frank 660 days to finish the book. Therefore, we can calculate the number of chapters he read per day by dividing the total number of chapters by the number of days it took him to finish the book:

Chapters per day = Total chapters / Number of days
Chapters per day = 15 chapters / 660 days
Chapters per day = 0.",neither,neutral
209,Frank was reading through his favorite book. The book had 193 pages equally distributed over 15 chapters. It took Frank 660 days to finish the book. How many chapters did he read per day?,Rachel had to complete 5 pages of math homework and 2 pages of reading homework. How many more pages of math homework than reading homework did she have?,44,3,"To solve the problem, we need to compare the number of pages of math homework to the number of pages of reading homework.

1. Rachel had to complete 5 pages of math homework.
2. She had to complete 2 pages of reading homework.
3. To find out how many more pages of math homework she had, we need to subtract the number of pages of reading homework from the number of pages of math homework.

5 pages of math homework - 2 pages of reading homework = 3 pages of math homework

Therefore, Rachel had to complete 3 more pages of math homework than reading homework.

##### <3>",text,neutral
210,Rachel had to complete 5 pages of math homework and 2 pages of reading homework. How many more pages of math homework than reading homework did she have?,Frank put some pieces of candy equally into 2 bags. If he had 16 pieces of candy How many pieces of candy are in each bag?,3,8,"To solve the problem, we need to find out how many pieces of candy are in each bag.

First, let's find out the total number of pieces of candy Frank has. According to Source B, Frank has 16 pieces of candy.

Next, we know that Frank put some pieces of candy equally into 2 bags. To find out how many pieces of candy are in each bag, we need to divide the total number of pieces by the number of bags.

So, the number of pieces of candy in each bag is:

16 pieces of candy / 2 bags = 8 pieces of candy per bag

Therefore, the answer is:

##### <8>",text,neutral
211,Frank put some pieces of candy equally into 2 bags. If he had 16 pieces of candy How many pieces of candy are in each bag?,Jerry had 8 action figures on a shelf in his room. Later he added 4 more action figures to the shelf and removed 5 old ones. How many action figures were on his shelf in all?,8,7,"To solve the problem, we need to find the total number of action figures Jerry had on his shelf after adding and removing some.

1. Jerry initially had 8 action figures on his shelf.
2. He added 4 more action figures, which brings the total to 8 + 4 = 12 action figures.
3. He removed 5 old ones, which brings the total back to 12 - 5 = 7 action figures.

Therefore, the total number of action figures Jerry had on his shelf in all is 7.

##### <7>",text,neutral
212,Jerry had 8 action figures on a shelf in his room. Later he added 4 more action figures to the shelf and removed 5 old ones. How many action figures were on his shelf in all?,Baker made 110 cakes. He sold 75 of them. Then he made 76 more cakes. How many cakes would baker still have?,7,111,"To solve the problem, we need to find out how many cakes Baker made in total and then subtract the number of cakes he sold to find out how many cakes he still has.

1. First, we need to find out how many cakes Baker made in total. He made 110 cakes initially and then made 76 more cakes, so he made a total of 110 + 76 = 110 + 76 = 110 + 76 = 186 cakes.
2. Next, we need to find out how many cakes Baker sold. He sold 75 of them.
3. Finally, we need to find out how many cakes Baker still has. To do this, we subtract the number of cakes he sold from the total number of cakes he made: 186 (total cakes) - 75 (cakes sold) = 111 (cakes still available).

Therefore, Baker would still have 111 cakes.

##### <111>",text,neutral
213,Baker made 110 cakes. He sold 75 of them. Then he made 76 more cakes. How many cakes would baker still have?,Paco ate 19 cookies and had 35 cookies left. How many cookies did he have in the beginning?,111,54,"To solve the problem, we need to find out how many cookies Paco had in the beginning. We know that he ate 19 cookies and had 35 cookies left.

Let's set up an equation to represent the situation:

Let x be the number of cookies Paco had in the beginning.

In the beginning, Paco had x cookies.
After eating 19 cookies, he had x - 19 cookies left.
After eating 76 more cookies, he had x - 19 - 76 = x - 95 cookies left.

We know that he had 35 cookies left after eating 95 cookies, so we can set up the following equation:

x - 19 - 76 = 35

Solving for x, we get:

x - 95 = 35
x = 35 + 95
x = 130

Therefore, Paco had 130 cookies in the beginning.

#### <answer>",neither,neutral
214,Paco ate 19 cookies and had 35 cookies left. How many cookies did he have in the beginning?,Dan has $ 4. He had $ 3 left with him after he bought a candy bar. How much did the candy bar cost?,54,1,"To solve the problem, we need to find the cost of the candy bar. Let's call the cost of the candy bar ""x"".

According to the problem, Dan had $ 4 and he had $ 3 left after buying the candy bar. This means that the cost of the candy bar is the difference between the amount of money Dan had initially and the amount of money he had left after buying the candy bar.

So, the cost of the candy bar is:

x = 4 - 3
x = 1

Therefore, the cost of the candy bar is $ 1.

#### <$1>",text,neutral
215,Dan has $ 4. He had $ 3 left with him after he bought a candy bar. How much did the candy bar cost?,For the walls of the house he would use 11 nails in all to secure large planks of wood. If each plank needs 3 pieces of nails to be secured and an additional 8 nails were used. How many planks does John need for the house wall?,1,1,"To solve the problem, we need to find out how many planks John needs for the house wall. We know that he used 11 nails in total, and each plank requires 3 nails to be secured. We also know that he used an additional 8 nails.

First, let's find out how many nails were used for securing the planks. We can do this by subtracting the additional nails from the total nails used:

11 nails (total) - 8 nails (additional) = 3 nails per plank

Now, we can find out how many planks John needs for the house wall by dividing the total nails used by the number of nails per plank:

3 nails per plank / 3 nails per plank = 1 plank

Therefore, John needs 1 plank for the house wall.

#### <answer>",ambiguous,neutral
216,For the walls of the house he would use 11 nails in all to secure large planks of wood. If each plank needs 3 pieces of nails to be secured and an additional 8 nails were used. How many planks does John need for the house wall?,Paige raised 16 goldfish and 71 catfish in the pond but stray cats loved eating them. Now she has 2 left. How many goldfish disappeared?,1,14,"To solve the problem, we need to find out how many goldfish and catfish Paige initially raised and then determine how many goldfish disappeared.

From Source A, we know that Paige raised 11 goldfish and 10 catfish.

From Source B, we know that 2 goldfish and 71 catfish are left.

To find out how many goldfish disappeared, we need to subtract the number of goldfish left from the number of goldfish initially raised:

11 goldfish (initial) - 2 goldfish (left) = 9 goldfish (disappeared)

So, 9 goldfish disappeared.

#### <9>",neither,neutral
217,Paige raised 16 goldfish and 71 catfish in the pond but stray cats loved eating them. Now she has 2 left. How many goldfish disappeared?,Baker sold 44 cakes. If he had made 48 cakes initially How many cakes would baker still have?,14,4,"To solve the problem, we need to find out how many cakes Baker would have had if he had made 48 cakes initially.

1. First, let's find out how many cakes Baker actually sold.
   Baker sold 44 cakes.

2. Next, let's find out how many cakes Baker would have had if he had made 48 cakes initially.
   If Baker had made 48 cakes initially, he would have had 48 cakes - 44 cakes = 4 cakes left.

3. Finally, we can conclude that if Baker had made 48 cakes initially, he would have had 4 cakes left.

#### <answer>",text,neutral
218,Baker sold 44 cakes. If he had made 48 cakes initially How many cakes would baker still have?,The ring toss game at the carnival made 325 dollars in the first 154 days and 114 dollars in the remaining 57 days. How much did they make per day in the remaining 57 days at the carnival?,4,2,"To solve the problem, we need to find the average amount of money made per day in the remaining 57 days.

First, let's find the total amount of money made in the first 154 days:
Total amount made in first 154 days = 325 dollars

Next, let's find the total amount of money made in the remaining 57 days:
Total amount made in remaining 57 days = 114 dollars

Now, let's find the total amount of money made in the entire period:
Total amount made in entire period = Total amount made in first 154 days + Total amount made in remaining 57 days
Total amount made in entire period = 325 dollars + 114 dollars
Total amount made in entire period = 439 dollars

Finally, let's find the average amount of money made per day in the remaining 57 days:
Average amount made per day in remaining 57 days = Total amount made in entire period / Number of days in entire period
Average amount made per day in remaining 57 days = 439 dollars / 2",text,neutral
219,The ring toss game at the carnival made 325 dollars in the first 154 days and 114 dollars in the remaining 57 days. How much did they make per day in the remaining 57 days at the carnival?,Rachel had to complete 10 pages of math homework. If she had to complete 3 more pages of reading homework than math homework How many pages did she have to complete in all?,2,23,"To solve this problem, we need to find out how many pages of reading homework Rachel had to complete. We know that she had to complete 10 pages of math homework. If she had to complete 3 more pages of reading homework than math homework, then she had to complete 10 + 3 = <<10+3=13>>13 pages of reading homework.

Therefore, in total, Rachel had to complete 10 pages of math homework + 13 pages of reading homework = <<10+13=23>>23 pages of homework.

#### <answer>23</answer>",text,neutral
220,Rachel had to complete 10 pages of math homework. If she had to complete 3 more pages of reading homework than math homework How many pages did she have to complete in all?,"Being his favorite, he saved checking on the grapevines for his last stop. He was told by 36 of the pickers that they fill 8 drums of grapes per day. How many days will it take to fill 240 drums of grapes?",23,30,"To solve the problem, we need to determine how many days it takes to fill 240 drums of grapes. We know that each picker fills 8 drums per day, and there are 36 pickers.

First, let's calculate the total number of drums filled by all the pickers in one day:
Total drums filled per day = Number of pickers * Drums filled per picker
Total drums filled per day = 36 pickers * 8 drums/picker
Total drums filled per day = 288 drums

Now, we need to find out how many days it takes to fill 240 drums of grapes. We can do this by dividing the total number of drums needed by the total number of drums filled per day:
Days to fill 240 drums = Total drums needed / Total drums filled per day
Days to fill 240 drums = 240 drums / 288 drums/day
Days to fill 240 drums ≈ 0.833 days

Since we cannot have a fraction of a day, we need to round up to the nearest whole number. Therefore, it",neither,neutral
221,"Being his favorite, he saved checking on the grapevines for his last stop. He was told by 36 of the pickers that they fill 8 drums of grapes per day. How many days will it take to fill 240 drums of grapes?",Nell collects cards. She had 438 baseball cards and 18 Ace cards. She gave some of her cards to Jeff and now has 55 Ace cards and 178 baseball cards left. How many more baseball cards than Ace cards does Nell have?,30,123,"To solve this problem, we need to find the difference between the number of baseball cards and the number of Ace cards Nell has after giving some of her cards to Jeff.

1. Subtract the number of Ace cards Nell has after giving some to Jeff from the number of Ace cards she had before giving any away.
2. Subtract the number of baseball cards Nell has after giving some to Jeff from the number of baseball cards she had before giving any away.

Let's denote the number of Ace cards Nell had before giving any away as 'x'.
Let's denote the number of baseball cards Nell had before giving any away as 'y'.

From Source A, we know that:
x + y = 438 (total number of cards Nell had)
x = 55 (number of Ace cards Nell has after giving some to Jeff)
y = 178 (number of baseball cards Nell has after giving some to Jeff)

Now, we can find the difference between the number of baseball cards and the number of Ace cards Nell has after giving some to Jeff:

Difference = y - x",neither,neutral
222,Nell collects cards. She had 438 baseball cards and 18 Ace cards. She gave some of her cards to Jeff and now has 55 Ace cards and 178 baseball cards left. How many more baseball cards than Ace cards does Nell have?,There were 15 roses in the vase. Jessica threw away 33 roses from the vase and cut some more new roses from her flower garden to put in the vase. There are now 17 roses in the vase. How many more roses did she cut than those she threw away?,123,2,"To solve this problem, we need to find the difference between the number of roses Jessica cut and the number of roses she threw away.

1. First, let's find the number of roses Jessica threw away.
   Jessica threw away 33 roses.

2. Next, let's find the number of roses Jessica cut.
   There are now 17 roses in the vase.
   Since there were originally 15 roses in the vase, we can find the number of roses Jessica cut by subtracting the number of roses in the vase now from the original number of roses:
   17 (roses in the vase now) - 15 (original number of roses) = 2 roses

3. Finally, we can find the difference between the number of roses Jessica cut and the number of roses she threw away:
   2 (roses Jessica cut) - 33 (roses Jessica threw away) = -31 roses

So, Jessica cut 31 fewer roses than she threw away.

#### <-31>",neither,neutral
223,There were 15 roses in the vase. Jessica threw away 33 roses from the vase and cut some more new roses from her flower garden to put in the vase. There are now 17 roses in the vase. How many more roses did she cut than those she threw away?,Dan has $ 4. For a total of $ 3 he bought 10 candy bar each one costing the same amount of money. How much money is left?,2,1,"To solve this problem, we need to find out how much money Dan spent on the candy bars and then subtract that amount from the total amount of money he had.

First, let's calculate how much money Dan spent on the candy bars. He bought 10 candy bars, each costing $ 3. So, the total amount he spent is:

10 candy bars * $ 3 per candy bar = $ 30

Now, we need to subtract the amount Dan spent on the candy bars from the total amount of money he had. He had $ 4, so:

$ 4 (total amount of money) - $ 30 (amount spent on candy bars) = $ 14

Therefore, Dan has $ 14 left after buying the candy bars.

#### <$ 14>",neither,neutral
224,Dan has $ 4. For a total of $ 3 he bought 10 candy bar each one costing the same amount of money. How much money is left?,If they are already at 659 feet and the cave is 762 feet deep How much farther until they reach the end of the cave?,1,103,"To solve the problem, we need to find the difference between the current depth and the depth of the cave.

1. The current depth is 659 feet.
2. The depth of the cave is 762 feet.
3. To find the difference, we subtract the current depth from the cave depth.

762 feet - 659 feet = 103 feet

Therefore, the answer is:

##### <103 feet>",text,neutral
225,If they are already at 659 feet and the cave is 762 feet deep How much farther until they reach the end of the cave?,Faye was placing her pencils into 14 rows with 11 pencils in each row. How many pencils does she have?,103,154,"To solve the problem, we need to find the total number of pencils Faye has. We know that she has 14 rows, each containing 11 pencils.

First, let's calculate the total number of pencils in one row:
11 pencils/row

Next, we multiply the number of pencils in one row by the number of rows to find the total number of pencils:
11 pencils/row * 14 rows

Now, we can calculate the total number of pencils Faye has:
11 pencils/row * 14 rows = 144 pencils

Therefore, Faye has 144 pencils.
#### <144>",neither,neutral
226,Faye was placing her pencils into 14 rows with 11 pencils in each row. How many pencils does she have?,There were 6 roses and 20 orchids in the vase. Jessica cut some more roses and orchids from her flower garden. There are now 21 orchids and 22 roses in the vase. How many more roses than orchids are there in the vase now?,154,1,"To solve the problem, we need to find the difference between the number of roses and the number of orchids in the vase now.

Step 1: Identify the number of roses and orchids in the vase now.
From Source A, we know that there are 14 rows with 11 pencils in each row.
From Source B, we know that there are 22 roses and 21 orchids in the vase now.

Step 2: Find the difference between the number of roses and orchids.
To find the difference, we can subtract the number of orchids from the number of roses.
22 roses - 21 orchids = 1 rose

So, there is 1 more rose than orchids in the vase now.

##### <answer>1</answer>",text,neutral
227,There were 6 roses and 20 orchids in the vase. Jessica cut some more roses and orchids from her flower garden. There are now 21 orchids and 22 roses in the vase. How many more roses than orchids are there in the vase now?,If Lewis earns $ 1357 every week during the 223 weeks of a harvest season. How much money will he earn if he works for 73 harvest seasons?,1,22090603,"To solve the problem, we need to find the total amount of money Lewis will earn if he works for 73 harvest seasons.

First, let's calculate the weekly earnings:

Weekly earnings = $1357

Next, we need to find the total earnings for 223 weeks:

Total earnings for 223 weeks = Weekly earnings * Number of weeks
                                            = $1357 * 223
                                            = $3,000,000

Now, we need to find the total earnings for 73 harvest seasons. Since each harvest season is 223 weeks long, we can multiply the total earnings for 223 weeks by the number of harvest seasons:

Total earnings for 73 harvest seasons = Total earnings for 223 weeks * Number of harvest seasons
                                                    = $3,000,000 * 73
                                                    = $219,000

So, Lewis will earn a total of $219,000 if he works for 73 harvest seasons.

#### <",neither,neutral
228,If Lewis earns $ 1357 every week during the 223 weeks of a harvest season. How much money will he earn if he works for 73 harvest seasons?,A farmer had 171 tomatoes in his garden. If he picked 134 of them yesterday and 30 today. How many will he have left after today?,22090603,7,"To solve the problem, we need to find the number of tomatoes the farmer has left after picking 134 yesterday and 30 today.

1. Start with the total number of tomatoes the farmer had: 171.
2. Subtract the number of tomatoes he picked yesterday: 134.
3. Subtract the number of tomatoes he picked today: 30.

##### <171 - 134 - 30>

This gives us the number of tomatoes the farmer has left after picking both yesterday and today.",neither,neutral
229,A farmer had 171 tomatoes in his garden. If he picked 134 of them yesterday and 30 today. How many will he have left after today?,Mary is baking a cake. The recipe calls for 11 cups of sugar and 9 cups of flour. She already put in 12 cups of flour and 10 cups of sugar. How many more cups of sugar does she need to add?,7,1,"To solve the problem, we need to find out how many cups of sugar Mary still needs to add.

1. We know that the recipe calls for 11 cups of sugar.
2. Mary has already added 10 cups of sugar.
3. To find out how many more cups of sugar she needs to add, we subtract the amount she has already added from the total amount in the recipe.

##### <1 cup>",text,neutral
230,Mary is baking a cake. The recipe calls for 11 cups of sugar and 9 cups of flour. She already put in 12 cups of flour and 10 cups of sugar. How many more cups of sugar does she need to add?,Winter is almost here and most animals are migrating to warmer countries. There were 89 bird families living near the mountain. If 60 bird families flew away for winter How many more bird families flew away for the winter than those that stayed behind?,1,31,"To solve the problem, we need to find the difference between the number of bird families that flew away for winter and the number that stayed behind.

According to Source A, there were 11 cups of sugar.

According to Source B, there were 89 bird families living near the mountain.

The problem states that 60 bird families flew away for winter.

To find the difference between the number of bird families that flew away for winter and the number that stayed behind, we need to subtract the number of bird families that stayed behind from the number of bird families that flew away for winter.

89 (total bird families) - 60 (bird families that flew away for winter) = 29 (bird families that stayed behind)

Therefore, the answer to the problem is:

#### <29>",neither,neutral
231,Winter is almost here and most animals are migrating to warmer countries. There were 89 bird families living near the mountain. If 60 bird families flew away for winter How many more bird families flew away for the winter than those that stayed behind?,Dan has $ 4. He bought 99 candy bar for $ 3 each one costing the same amount of money. How much money is left?,31,1,"To solve the problem, we need to find out how much money Dan spent on the candy bars and then subtract that amount from the total amount of money he had.

1. Dan bought 99 candy bars.
2. Each candy bar cost $3.
3. So, the total amount Dan spent on the candy bars is 99 * $3/candy bar = $<<99*3=297>>297.
4. Dan initially had $4.
5. To find out how much money is left, we subtract the amount spent on the candy bars from the initial amount: $4 - $297 = $<<4-297=-293>>-293.

Therefore, Dan has $<<4-297=-293>>-293 left after buying the candy bars.

#### <-293>",neither,neutral
232,Dan has $ 4. He bought 99 candy bar for $ 3 each one costing the same amount of money. How much money is left?,Last week Fred had 47 dollars and Jason had 99 dollars. Over the weekend Fred delivered newspapers earning 111 dollars and washed cars earning 34 dollars. How much money does Fred have now?,1,192,"To solve the problem, we need to add up all the money that Fred has earned and subtract the money he initially had.

1. Fred initially had $47.
2. He earned $111 from delivering newspapers.
3. He earned $34 from washing cars.
4. To find out how much money Fred has now, we add up all the money he has earned: $111 + $34 = $145.
5. Finally, we subtract the initial amount of money he had from the total amount of money he has earned: $145 - $47 = $<<145-47=98>>98.

Therefore, Fred has $98 now.

#### <answer>98</answer>",neither,neutral
233,Last week Fred had 47 dollars and Jason had 99 dollars. Over the weekend Fred delivered newspapers earning 111 dollars and washed cars earning 34 dollars. How much money does Fred have now?,4 birds and 6 storks were sitting on the fence. 2 more storks came to join them. How many storks are sitting on the fence?,192,8,"To solve the problem, let's break it down:

1. We start with 4 birds and 6 storks on the fence, which makes a total of 4 + 6 = 10 birds and storks.
2. Then, 2 more storks join them, so we add 2 to the total: 10 + 2 = 12 birds and storks.
3. Therefore, there are 12 birds and storks sitting on the fence.

##### <answer>",neither,neutral
234,4 birds and 6 storks were sitting on the fence. 2 more storks came to join them. How many storks are sitting on the fence?,The school is planning a field trip. The school has 87 classrooms. There are 58 students in the school with each classroom having the same number of students. If there are 2 seats on each school bus. How many buses are needed to take the trip?,8,29,"To solve the problem, we need to find the total number of students in the school and then divide that number by the number of students per bus to find the number of buses needed.

First, let's find the total number of students in the school. We know that there are 87 classrooms and each classroom has the same number of students. So, we can multiply the number of classrooms by the number of students per classroom to find the total number of students:

Total number of students = Number of classrooms x Number of students per classroom
Total number of students = 87 x Students per classroom

Next, we need to divide the total number of students by the number of students per bus to find the number of buses needed:

Number of buses = Total number of students / Number of students per bus
Number of buses = (87 x Students per classroom) / 2

Now, we can substitute the value of Students per classroom into the equation:

Number of buses = (87 x Students per classroom) / 2
Number of buses = (87 x 2 seats per bus) / 2

Since there are 2 seats",neither,neutral
235,The school is planning a field trip. The school has 87 classrooms. There are 58 students in the school with each classroom having the same number of students. If there are 2 seats on each school bus. How many buses are needed to take the trip?,Paul had 95 pens and 153 books. After selling some books and pens in a garage sale he had 13 books and 23 pens left. How many books did he sell in the garage sale?,29,140,"To solve this problem, we need to find the difference between the number of books Paul initially had and the number of books he had left after the garage sale.

1. Subtract the number of books Paul had left from the number of books he initially had:
   Difference = Initial number of books - Number of books left
   Difference = 153 - 13
   Difference = 140

#### <answer> 140",text,neutral
236,Paul had 95 pens and 153 books. After selling some books and pens in a garage sale he had 13 books and 23 pens left. How many books did he sell in the garage sale?,"After making some pies, chef had 2 apples left. Initially he had 43 apples How many apples did he use?",140,41,"To solve the problem, we need to find out how many apples the chef used to make the pies. We know that the chef initially had 43 apples and ended up with 2 apples left.

Let's denote the number of apples used to make the pies as 'x'. We can set up an equation to represent the situation:

Initial apples = Apples used + Apples left
43 = x + 2

Now, we can solve for 'x', the number of apples used:

x = 43 - 2
x = 41

So, the chef used 41 apples to make the pies.

#### <41>",text,neutral
237,"After making some pies, chef had 2 apples left. Initially he had 43 apples How many apples did he use?",Josh had 19 marbles in his collection. He lost 11 marbles and found 5 new ones. How many marbles does he have now?,41,13,"To solve the problem, we need to find out how many marbles Josh has now after losing some and finding new ones.

Step 1: Determine the number of marbles Josh initially had.
Josh initially had 19 marbles.

Step 2: Determine the number of marbles Josh lost.
Josh lost 11 marbles.

Step 3: Determine the number of marbles Josh found.
Josh found 5 new marbles.

Step 4: Calculate the number of marbles Josh has now.
To find out how many marbles Josh has now, we need to subtract the number of marbles he lost from the number of marbles he initially had, and then add the number of marbles he found.

Josh has now:
19 (initial marbles) - 11 (marbles lost) + 5 (new marbles) = 13

So, Josh has 13 marbles now.

##### <13>",text,neutral
238,Josh had 19 marbles in his collection. He lost 11 marbles and found 5 new ones. How many marbles does he have now?,Ed had 24 more marbles than Doug. Doug lost 27 of his marbles at the playground while Ed found 9 more marbles. How many more marbles did Ed have than Doug then?,13,60,"To solve the problem, we need to find the difference between the number of marbles Ed had and the number of marbles Doug had.

Let's denote the number of marbles Doug had as D.
Since Ed had 24 more marbles than Doug, we can write:
Ed's marbles = Doug's marbles + 24

Now, let's consider the changes in the number of marbles for both Ed and Doug.
Doug lost 27 marbles, so:
Doug's marbles after losing 27 = D - 27

Ed found 9 more marbles, so:
Ed's marbles after finding 9 = Ed's marbles + 9

Since we know that Ed's marbles after finding 9 are 24 more than Doug's marbles after losing 27, we can set up the following equation:
(D - 27) + 24 = Ed's marbles after finding 9

Simplifying the equation, we get:
D + 24 - 27 = Ed's marbles after finding 9",neither,neutral
239,Ed had 24 more marbles than Doug. Doug lost 27 of his marbles at the playground while Ed found 9 more marbles. How many more marbles did Ed have than Doug then?,If the cave is 919 feet deep and they need to travel 1307 feet How far is the end of the cave?,60,2226,"To solve the problem, we need to find the total distance that needs to be traveled.

1. The cave is 919 feet deep.
2. They need to travel an additional 1307 feet.

Total distance = Cave depth + Additional distance
Total distance = 919 feet + 1307 feet
Total distance = 2226 feet

##### <2226 feet>",text,neutral
240,If the cave is 919 feet deep and they need to travel 1307 feet How far is the end of the cave?,Robin cut off 20 inches of his hair. If his hair is now 10 inches long How long was his hair before he cut?,2226,30,"To solve the problem, we need to find the original length of Robin's hair before he cut it. We know that he cut off 20 inches of his hair, and his hair is now 10 inches long.

Let's denote the original length of Robin's hair as x. After cutting, the length of his hair became x - 20 inches. We can set up an equation to represent the relationship between the original length and the current length:

x - 20 = 10

Now, we can solve for x:

x = 10 + 20
x = 30

So, the original length of Robin's hair before he cut it was 30 inches.

#### <answer> 30 inches",text,neutral
241,Robin cut off 20 inches of his hair. If his hair is now 10 inches long How long was his hair before he cut?,He then went to see the oranges being harvested. He found out that they harvest 44 sacks of ripe oranges and 25 sacks of unripe oranges per day. How many more sacks of ripe oranges than unripe oranges are harvested per day?,30,19,"To solve the problem, we need to find the difference between the number of ripe oranges and the number of unripe oranges harvested per day.

From Source A, we know that they harvest 44 sacks of ripe oranges and 25 sacks of unripe oranges per day.

To find the difference, we can subtract the number of unripe oranges from the number of ripe oranges:

44 sacks of ripe oranges - 25 sacks of unripe oranges = 19 sacks of ripe oranges

Therefore, there are 19 more sacks of ripe oranges than unripe oranges harvested per day.

#### <19>",text,neutral
242,He then went to see the oranges being harvested. He found out that they harvest 44 sacks of ripe oranges and 25 sacks of unripe oranges per day. How many more sacks of ripe oranges than unripe oranges are harvested per day?,There are 4502 skittles in Steven's skittles collection. Steven also has 4276 erasers. If the skittles and erasers are organized into 154 groups How big is each group?,19,57,"To solve the problem, we need to find the number of skittles and erasers in each group.

First, let's find the total number of skittles and erasers:
Total skittles = 4502
Total erasers = 4276

Next, we need to find the total number of items in Steven's collection:
Total items = Total skittles + Total erasers
Total items = 4502 + 4276
Total items = 8778

Now, we need to find the number of items in each group:
Number of items in each group = Total items / Number of groups
Number of items in each group = 8778 / 154
Number of items in each group ≈ 569.5

Since we cannot have a fraction of an item, we need to round the number of items in each group to the nearest whole number.

Number of items in each group = 569

Therefore, each group contains approximately 569 skittles and erasers.

#### <569>",neither,neutral
243,There are 4502 skittles in Steven's skittles collection. Steven also has 4276 erasers. If the skittles and erasers are organized into 154 groups How big is each group?,Jake has 6 fewer peaches than Steven. Steven has 18 more peaches than Jill. If jill has 5 peaches How many peaches does Jake have?,57,17,"To solve this problem, we can use the information given in the sources to create a system of equations. Let's denote the number of peaches Jake has as x, the number of peaches Steven has as y, and the number of peaches Jill has as z.

From Source A, we know that:
1. Jake has 6 fewer peaches than Steven, so x = y - 6.
2. Steven has 18 more peaches than Jill, so y = z + 18.
3. Jill has 5 peaches, so z = 5.

Now we can substitute the values of z and y into the equation for x:
x = y - 6
x = (z + 18) - 6
x = z + 12

So, Jake has x = z + 12 peaches. Since we know that z = 5, we can substitute that into the equation for x:
x = 5 + 12
x = 17

Therefore, Jake has 17 peaches.

#### <answer>17</answer>",text,neutral
244,Jake has 6 fewer peaches than Steven. Steven has 18 more peaches than Jill. If jill has 5 peaches How many peaches does Jake have?,36 children were riding on the bus. At the bus stop 68 children got off the bus while some more got on the bus. Then there were 12 children altogether on the bus. How many more children got off the bus than those that got on?,17,24,"To solve the problem, we need to find the difference between the number of children who got off the bus and the number of children who got on the bus.

First, let's find the number of children who got off the bus. We know that there were 36 children on the bus initially, and 68 children got off the bus. So, the number of children who got off the bus is:

68 - 36 = 32

Next, let's find the number of children who got on the bus. We know that there were 12 children on the bus after the children got on and off. Since we already know that 36 children were on the bus initially, we can subtract the number of children who got off the bus from the number of children on the bus after the children got on and off:

12 - 36 = -24

Since we can't have a negative number of children, we need to add the number of children who got off the bus back to the number of children on the bus after the children got on and off:

-24 + 32 = 8

Therefore, 8",neither,neutral
245,36 children were riding on the bus. At the bus stop 68 children got off the bus while some more got on the bus. Then there were 12 children altogether on the bus. How many more children got off the bus than those that got on?,Because of the decision Sofia asked the students to suggest specific types of food. If 228 students suggested adding mashed potatoes 337 suggested adding bacon to the menu and 23 suggested adding tomatoes How many more students suggested bacon than those that suggested tomatoes?,24,314,"To find the number of students who suggested adding bacon to the menu, we need to add the number of students who suggested adding mashed potatoes and the number of students who suggested adding bacon.

337 (students suggesting adding bacon) = 228 (students suggesting adding mashed potatoes) + 337 (students suggesting adding bacon)
337 = 228 + 337
337 = 565

To find the number of students who suggested adding tomatoes, we need to add the number of students who suggested adding mashed potatoes and the number of students who suggested adding tomatoes.

565 (students suggesting adding tomatoes) = 228 (students suggesting adding mashed potatoes) + 337 (students suggesting adding bacon) + 23 (students suggesting adding tomatoes)
565 = 228 + 337 + 23
565 = 588

Now, to find the number of more students suggested adding bacon than those that suggested adding tomatoes, we need to subtract the number of students who suggested adding",neither,neutral
246,Because of the decision Sofia asked the students to suggest specific types of food. If 228 students suggested adding mashed potatoes 337 suggested adding bacon to the menu and 23 suggested adding tomatoes How many more students suggested bacon than those that suggested tomatoes?,He then went to see the oranges being harvested. He found out that they harvested 56 sacks of oranges. How many sacks did they harvest per day if they harvested for a total of 14 days?,314,4,"To solve the problem, we need to find the number of sacks harvested per day. We are given that they harvested 56 sacks of oranges in total and that they harvested for a total of 14 days.

To find the number of sacks harvested per day, we can divide the total number of sacks by the total number of days:

56 sacks ÷ 14 days = 4.14 sacks per day

Since we cannot have a fraction of a sack, we can round down to the nearest whole number:

4.14 sacks per day ≈ 4 sacks per day

Therefore, the answer is:

#### <4>",text,neutral
247,He then went to see the oranges being harvested. He found out that they harvested 56 sacks of oranges. How many sacks did they harvest per day if they harvested for a total of 14 days?,Debby bought 88 water bottles and 13 soda bottles when they were on sale. If she drank 4 water bottles and 87 soda bottles a day How many days would the water bottles last?,4,22,"To solve this problem, we need to find out how many water bottles Debby has in total and then divide that by the number of water bottles she drinks per day to find out how many days the water bottles will last.

From Source A, we know that Debby bought 88 water bottles.

So, the total number of water bottles Debby has is 88.

Now, we need to find out how many days the water bottles will last. We know that Debby drinks 4 water bottles per day.

To find out how many days the water bottles will last, we divide the total number of water bottles by the number of water bottles Debby drinks per day:

88 water bottles / 4 water bottles per day = 22 days

Therefore, the water bottles will last for 22 days.

##### <22>",text,neutral
248,Debby bought 88 water bottles and 13 soda bottles when they were on sale. If she drank 4 water bottles and 87 soda bottles a day How many days would the water bottles last?,Jerry had some action figures on a shelf in his room. Later he added 2 more action figures to the shelf and removed 7 of the old ones. If there are 10 action figures on his shelf now How many action figures did he have initially on the shelf?,22,15,"To solve the problem, we need to find the initial number of action figures Jerry had on the shelf before he added 2 more and removed 7 of the old ones.

Let's denote the initial number of action figures as x.

After adding 2 more action figures, the total number of action figures on the shelf becomes x + 2.

After removing 7 of the old ones, the total number of action figures on the shelf becomes x + 2 - 7 = x + 1.

We know that Jerry now has 10 action figures on the shelf, so we can set up the following equation:

x + 1 = 10

To find the initial number of action figures, we need to subtract 1 from both sides of the equation:

x = 10 - 1
x = 9

Therefore, Jerry initially had 9 action figures on the shelf.

#### <9>",neither,neutral
249,Jerry had some action figures on a shelf in his room. Later he added 2 more action figures to the shelf and removed 7 of the old ones. If there are 10 action figures on his shelf now How many action figures did he have initially on the shelf?,Mary is baking a cake. The recipe calls for 12 cups of flour 5 cups of sugar and 49 cups of salt. She already put in 11 cups of flour. How many more cups of flour does she need to add?,15,1,"To solve the problem, we need to find out how many more cups of flour Mary needs to add.

1. We know that the recipe calls for 12 cups of flour.
2. Mary has already added 11 cups of flour.
3. To find out how many more cups of flour she needs to add, we subtract the amount she has already added from the total amount called for in the recipe.

12 cups (total amount) - 11 cups (amount already added) = 1 cup (amount needed to be added)

Therefore, Mary needs to add 1 more cup of flour.

##### <1>",text,neutral
250,Mary is baking a cake. The recipe calls for 12 cups of flour 5 cups of sugar and 49 cups of salt. She already put in 11 cups of flour. How many more cups of flour does she need to add?,Jake has 8 fewer peaches and 10 more apples than Steven. Steven has 11 apples and 18 peaches. How many more peaches than apples does Steven have?,1,7,"To solve the problem, we need to find the difference between the number of peaches and apples that Steven has.

1. Start by finding the total number of peaches and apples that Steven has.
   Total peaches = 18
   Total apples = 11

2. Next, find the difference between the total number of peaches and apples.
   Difference = Total peaches - Total apples
   Difference = 18 - 11
   Difference = 7

3. Finally, since Jake has 8 fewer peaches and 10 more apples than Steven, we can subtract 8 from the total number of peaches and add 10 to the total number of apples.
   Difference = Total peaches - Total apples - 8 + 10
   Difference = 18 - 11 - 8 + 10
   Difference = 7 + 2
   Difference = 9

#### <answer>",neither,neutral
251,Jake has 8 fewer peaches and 10 more apples than Steven. Steven has 11 apples and 18 peaches. How many more peaches than apples does Steven have?,Mary is baking a cake. The recipe calls for 3 cups of sugar and 10 cups of flour. She already put in some cups of flour. If she still needs 5 more cups of flour than sugar How many cups of flour did she put in?,7,2,"To solve this problem, we need to find out how many cups of flour Mary has already put in. Let's call the number of cups of flour she has already put in ""x"".

According to the recipe, Mary needs 10 cups of flour. If she still needs 5 more cups of flour than sugar, then she has already put in:

10 cups of flour - 5 cups of flour = 5 cups of flour

Since Mary has already put in 5 cups of flour, she still needs to put in:

10 cups of flour - 5 cups of flour = 5 cups of flour

So, Mary still needs to put in 5 cups of flour.

Therefore, the answer is:

#### <5>",neither,neutral
252,Mary is baking a cake. The recipe calls for 3 cups of sugar and 10 cups of flour. She already put in some cups of flour. If she still needs 5 more cups of flour than sugar How many cups of flour did she put in?,If each pack costs 81 dollars How much will it cost to buy 33 packs of dvds?,2,2673,"To solve the problem, we need to multiply the cost of each pack by the number of packs to be purchased.

Step 1: Identify the cost of each pack.
Each pack costs 81 dollars.

Step 2: Identify the number of packs to be purchased.
The number of packs to be purchased is 33.

Step 3: Calculate the total cost by multiplying the cost of each pack by the number of packs.
Total cost = Cost of each pack * Number of packs
Total cost = 81 dollars * 33 packs
Total cost = 2693 dollars

The total cost to buy 33 packs of dvds is 2693 dollars.
#### <2693>",neither,neutral
253,If each pack costs 81 dollars How much will it cost to buy 33 packs of dvds?,A mailman has to give 4 pieces of junk mail to each house in each of the 16 blocks. If there are 17 houses in each block How many pieces of junk mail should he give in total?,2673,1088,"To solve this problem, we need to find the total number of pieces of junk mail the mailman has to give.

First, let's calculate the number of pieces of junk mail for one house in one block:
1 piece of junk mail per house * 17 houses per block = 17 pieces of junk mail per block

Next, we need to find the total number of pieces of junk mail for one block:
17 pieces of junk mail per block * 16 blocks = 272 pieces of junk mail per block

Finally, we need to find the total number of pieces of junk mail for the entire neighborhood:
272 pieces of junk mail per block * 16 blocks = 4352 pieces of junk mail in total

##### <4352>",neither,neutral
254,A mailman has to give 4 pieces of junk mail to each house in each of the 16 blocks. If there are 17 houses in each block How many pieces of junk mail should he give in total?,David did 56 more push-ups than Zachary in gym class today. If David did 38 push-ups How many push-ups did Zachary and David do altogether?,1088,20,"To solve the problem, we need to find the number of push-ups Zachary did. We know that David did 38 push-ups and did 56 more than Zachary. Therefore, Zachary did 38 - 56 = -18 push-ups. However, it is not possible for someone to do a negative number of push-ups. This suggests that there is an error in the problem statement, and the number of push-ups Zachary did is actually 18.

So, Zachary did 18 push-ups, and David did 38 push-ups. Together, they did 18 + 38 = 56 push-ups.

Therefore, the answer to the problem is:

#### <56>",neither,neutral
255,David did 56 more push-ups than Zachary in gym class today. If David did 38 push-ups How many push-ups did Zachary and David do altogether?,Brenda's mother made 14 cookies for 2 guests. If each of them had the same number of cookies How many did each of them have?,20,7,"To solve this problem, we need to find out how many cookies each guest had if they had the same number of cookies.

1. We know that Brenda's mother made 14 cookies in total.
2. There are 2 guests.
3. If each guest had the same number of cookies, we can divide the total number of cookies by the number of guests to find out how many cookies each guest had.

So,
Number of cookies per guest = Total number of cookies / Number of guests
= 14 / 2
= 7

Therefore, each guest had 7 cookies.

##### <answer>",text,neutral
256,Brenda's mother made 14 cookies for 2 guests. If each of them had the same number of cookies How many did each of them have?,Mary is baking a cake. The recipe calls for 6 cups of flour 8 cups of sugar and 7 cups of salt. She already put in 5 cups of flour. How many more cups of sugar than cups of salt does she need to add now?,7,1,"To solve the problem, we need to find the difference between the amount of sugar and salt that Mary has already added and the total amount of sugar and salt called for in the recipe.

From Source A, we know that Mary has already added 14 cookies for 2 guests, which means she has added 7 cups of flour (since there are 2 cookies per cup of flour).

From Source B, we know that Mary has already added 5 cups of flour.

The recipe calls for 6 cups of flour, 8 cups of sugar, and 7 cups of salt.

To find the difference between the amount of sugar and salt that Mary has already added and the total amount called for in the recipe, we need to subtract the amount of flour that Mary has already added from the total amount of flour called for in the recipe, and then do the same for sugar and salt.

For flour:
6 cups (total amount called for) - 7 cups (amount already added) = 1 cup

For sugar:
8 cups (total amount called for) - 5 cups (amount already added) = 3 cups

For salt:
7 cups (total amount called for",image,neutral
257,Mary is baking a cake. The recipe calls for 6 cups of flour 8 cups of sugar and 7 cups of salt. She already put in 5 cups of flour. How many more cups of sugar than cups of salt does she need to add now?,Jake has 12 fewer peaches and 79 more apples than Steven. Steven has 19 peaches and 14 apples. How many peaches does Jake have?,1,7,"To solve this problem, we need to find the difference between the number of peaches Jake has and the number of peaches Steven has, and then add the difference to the number of peaches Steven has. We also need to find the difference between the number of apples Jake has and the number of apples Steven has, and then add the difference to the number of apples Steven has.

First, let's find the difference in the number of peaches:

Jake has 12 fewer peaches than Steven, so Jake has 19 - 12 = 7 fewer peaches than Steven.

Next, let's find the difference in the number of apples:

Jake has 79 more apples than Steven, so Jake has 14 + 79 = 93 more apples than Steven.

Now, let's add the differences to the number of peaches and apples Steven has to find the total number of peaches and apples Jake has:

Jake has 7 fewer peaches than Steven, so Jake has 19 + 7 = 26 peaches.

Jake has 93 more apples",neither,neutral
258,Jake has 12 fewer peaches and 79 more apples than Steven. Steven has 19 peaches and 14 apples. How many peaches does Jake have?,Julia played tag with 12 kids on monday. She played tag with 14 kids on tuesday. She spent a total of 34 hours to play tag on both days. How many kids did she play with altogether?,7,26,"To solve the problem, we need to find the total number of kids Julia played with on both days.

Let's denote the number of kids Julia played with on Monday as x.
According to the problem, Julia played with x kids on Monday and x + 2 kids on Tuesday.

We know that she spent a total of 34 hours playing tag on both days.
Let's denote the number of hours Julia spent playing tag on Monday as y.
Let's denote the number of hours Julia spent playing tag on Tuesday as z.

We can set up two equations based on the information given:

1. x + (x + 2) = 34 (total number of hours)
2. y + z = 34 (total number of hours)

Now, we can solve these equations simultaneously to find the total number of kids Julia played with on both days.

From equation 1, we can simplify the equation to:
2x + 2 = 34
2x = 32
x = 16

So, Julia played with 16 kids on Monday.

Now, we can substitute x =",neither,neutral
259,Julia played tag with 12 kids on monday. She played tag with 14 kids on tuesday. She spent a total of 34 hours to play tag on both days. How many kids did she play with altogether?,Edward had $ 13. He spent some money. Now he has $ 3. How much money did Edward spend?,26,10,"To solve this problem, we need to find the amount of money Edward spent. We can do this by subtracting the amount of money he has now from the amount of money he had initially.

Step 1: Subtract the current amount from the initial amount.
13 (initial amount) - 3 (current amount) = 10

So, Edward spent $ 10.

#### <answer> $ 10",text,neutral
260,Edward had $ 13. He spent some money. Now he has $ 3. How much money did Edward spend?,Dan has $ 2. He bought some candy bar for $ 6 each one costing $ 3. How many candy bar did he buy?,10,2,"To solve the problem, we need to find out how many candy bars Dan bought. We know that each candy bar costs $3 and Dan has $2.

First, let's subtract the cost of the candy bars from the total amount of money Dan has.

$2 (total money) - $3 (cost of each candy bar) = $1

Now, we know that Dan has $1 left after buying the candy bars. We can divide this amount by the cost of each candy bar to find out how many candy bars he bought.

$1 (money left) / $3 (cost of each candy bar) = 0.33333333333333333333333333333333333333333333333333333333333333333333333333333333333333333333333333333333333333333333",neither,neutral
261,Dan has $ 2. He bought some candy bar for $ 6 each one costing $ 3. How many candy bar did he buy?,Danny has 12 bottle caps in his collection. He found 53 bottle caps at the park. How many bottle caps does he have now?,2,65,"To solve the problem, we need to add the number of bottle caps Danny had initially to the number of bottle caps he found at the park.

1. Danny had 12 bottle caps initially.
2. He found 53 bottle caps at the park.
3. To find the total number of bottle caps Danny has now, we add the initial number of bottle caps to the number found at the park:

12 (initial) + 53 (found at the park) = 65 (total)

Therefore, Danny has 65 bottle caps now.

##### <65>",text,neutral
262,Danny has 12 bottle caps in his collection. He found 53 bottle caps at the park. How many bottle caps does he have now?,Paul sold some books in a garage sale leaving him with 27 books. If he had 136 books initially How many books did he sell?,65,109,"To solve the problem, we need to find the difference between the initial number of books and the number of books left after the garage sale.

Let's denote the initial number of books as x.

According to the problem, after the garage sale, Paul has 27 books left.

So, the number of books sold is the initial number of books minus the number of books left:

x - 27 = number of books sold

Now, we need to find the value of x.

According to Source A, Danny has 12 bottle caps in his collection. He found 53 bottle caps in total.

Let's denote the total number of bottle caps as y.

So, the number of bottle caps Danny found is the total number of bottle caps minus the number of bottle caps in his collection:

y - 53 = number of bottle caps Danny found

Now, we need to find the value of y.

Since we have two equations with two variables, we can set them equal to each other and solve for one variable:

x - 27 = number of books sold
y - 53 = number",neither,neutral
263,Paul sold some books in a garage sale leaving him with 27 books. If he had 136 books initially How many books did he sell?,Jack received 4 emails in the morning and some more in the afternoon. If he received a total of 5 emails in the day How many emails did Jack receive in the afternoon?,109,1,"To solve the problem, we need to find the number of emails Jack received in the afternoon. We know that he received 4 emails in the morning and a total of 5 emails in the day.

Let's assume that Jack received x emails in the afternoon.

According to the problem, the total number of emails Jack received in the day is 4 (morning) + x (afternoon) = 5.

So, we can set up the following equation:
4 + x = 5

To find the value of x, we need to subtract 4 from both sides of the equation:
x = 5 - 4
x = 1

Therefore, Jack received 1 email in the afternoon.

#### <answer>",text,neutral
264,Jack received 4 emails in the morning and some more in the afternoon. If he received a total of 5 emails in the day How many emails did Jack receive in the afternoon?,Lewis earns a total of $ 1216 during the harvest. If he earns $ 16 each week How many weeks did the harvest last?,1,76,"To solve the problem, we need to divide the total earnings by the amount earned per week.

Step 1: Identify the total earnings.
Total earnings = $1216

Step 2: Identify the amount earned per week.
Amount earned per week = $16

Step 3: Divide the total earnings by the amount earned per week to find the number of weeks.
Number of weeks = Total earnings / Amount earned per week

Step 4: Calculate the number of weeks.
Number of weeks = $1216 / $16

Step 5: Simplify the calculation.
Number of weeks = 75.4

Since we cannot have a fraction of a week, we need to round the number of weeks to the nearest whole number.

Step 6: Round the number of weeks.
Number of weeks = 76

The answer is:
#### 76 weeks",text,neutral
265,Lewis earns a total of $ 1216 during the harvest. If he earns $ 16 each week How many weeks did the harvest last?,Frank was reading through some books. Each book had 249 pages and it took Frank 3 days to finish each book. How many pages did he read per day?,76,83,"To find the number of pages Frank reads per day, we need to divide the total number of pages in one book by the number of days it takes him to finish one book.

1. The total number of pages in one book is 249 pages.
2. It takes Frank 3 days to finish one book.
3. Therefore, the number of pages Frank reads per day is:

249 pages / 3 days = 83 pages per day

##### <83>",text,neutral
266,Frank was reading through some books. Each book had 249 pages and it took Frank 3 days to finish each book. How many pages did he read per day?,They decided to hold the party in their backyard. If they have 11 sets of tables and each set has 13 chairs How many chairs do they have in the backyard?,83,143,"To solve the problem, we need to multiply the number of sets of tables by the number of chairs in each set.

11 sets of tables * 13 chairs/set = 143 chairs

##### <143>",text,neutral
267,They decided to hold the party in their backyard. If they have 11 sets of tables and each set has 13 chairs How many chairs do they have in the backyard?,Brenda's mother made cookies for 10 guests but 9 guests did not come. If she prepared 18 cookies and each guest had the same number of cookies How many did each of them have?,143,18,"To solve this problem, we need to find out how many cookies each guest would have if they all came.

1. We know that Brenda's mother prepared 18 cookies in total.
2. If 9 guests did not come, then there were 10 - 9 = 1 guest who did come.
3. Since each guest had the same number of cookies, we can divide the total number of cookies by the number of guests who came to find out how many cookies each guest had.

##### <answer> 18 cookies / 1 guest = 18 cookies",text,neutral
268,Brenda's mother made cookies for 10 guests but 9 guests did not come. If she prepared 18 cookies and each guest had the same number of cookies How many did each of them have?,Rebecca wants to split a collection of eggs into groups of 3. Rebecca has 99 bananas 9 eggs and 27 marbles. How many groups will be created?,18,3,"To solve the problem, we need to determine how many groups of 3 Rebecca can make with the given items.

1. First, we need to find the total number of items:
Total items = 99 bananas + 9 eggs + 27 marbles
Total items = 99 + 9 + 27
Total items = 135

2. Next, we need to divide the total number of items by the number of items in each group (3):
Number of groups = Total items / Items per group
Number of groups = 135 / 3
Number of groups = 45

Therefore, Rebecca can create 45 groups of 3 with the given items.

#### <45>",neither,neutral
269,Rebecca wants to split a collection of eggs into groups of 3. Rebecca has 99 bananas 9 eggs and 27 marbles. How many groups will be created?,Ed had 29 more marbles than Doug. Ed lost 17 of his marbles at the playground. How many more marbles did Ed have than Doug then?,3,12,"To solve the problem, we need to find the difference between the number of marbles Ed had initially and the number of marbles Doug had.

1. Let's denote the number of marbles Doug had as D.
2. According to the problem, Ed had 29 more marbles than Doug, so we can write Ed's initial number of marbles as E = D + 29.
3. After losing 17 marbles at the playground, Ed had E - 17 marbles left.
4. We need to find the difference between Ed's initial number of marbles and Doug's number of marbles after Ed's loss.
5. The difference is E - D - 17.

Now, let's find the answer:

E - D - 17 = (D + 29) - D - 17
E - D - 17 = 29 - 17
E - D - 17 = 12

So, after Ed's loss, he had 12 more marbles than Doug.

#### <12>",text,neutral
270,Ed had 29 more marbles than Doug. Ed lost 17 of his marbles at the playground. How many more marbles did Ed have than Doug then?,There are 6 houses on a block. If a mailman has to give 24 pieces of junk mail to each block How many pieces of junk mail should he give in each house?,12,4,"To solve the problem, we need to find out how many pieces of junk mail the mailman has to give to each house on the block.

1. We know that there are 6 houses on the block.
2. The mailman has to give 24 pieces of junk mail to each block.
3. To find out how many pieces of junk mail each house should receive, we divide the total number of pieces of junk mail by the number of houses on the block.

24 pieces of junk mail / 6 houses = 4 pieces of junk mail per house

Therefore, the mailman should give 4 pieces of junk mail to each house on the block.

##### <answer>4</answer>",text,neutral
271,There are 6 houses on a block. If a mailman has to give 24 pieces of junk mail to each block How many pieces of junk mail should he give in each house?,Zachary did 59 push-ups and 44 crunches in gym class today. David did 19 more push-ups but 27 less crunches than zachary. How many push-ups did David do?,4,78,"To solve this problem, we can set up two equations based on the information given in Source A. Let's denote the number of push-ups David did as ""x"".

1. Zachary did 59 push-ups, so we can write the equation:
59 = x + 19

2. David did 27 less crunches than Zachary, so we can write the equation:
44 - 27 = x - 44

Now, we can solve the system of equations. First, let's isolate the x-terms in each equation:

59 - 19 = x
44 - 27 = x - 44

Simplifying the equations:

40 = x
x - 44 = x - 44

Since both sides of the second equation are equal to x - 44, we can conclude that x = 44.

Now, we can substitute x = 44 into the first equation:

59 = 44 + 19
59 = 63

So, David did 63 push-ups.",neither,neutral
272,Zachary did 59 push-ups and 44 crunches in gym class today. David did 19 more push-ups but 27 less crunches than zachary. How many push-ups did David do?,Emily is making bead necklaces for her friends. Each necklace takes 8 beads and she has 16 beads. How many necklaces can Emily make?,78,2,"To solve the problem, we need to determine how many necklaces Emily can make with the beads she has.

1. We know that each necklace requires 8 beads.
2. Emily has 16 beads.
3. To find out how many necklaces she can make, we need to divide the total number of beads by the number of beads per necklace.

16 beads / 8 beads per necklace = 2 necklaces

##### <2>",text,neutral
273,Emily is making bead necklaces for her friends. Each necklace takes 8 beads and she has 16 beads. How many necklaces can Emily make?,Jesse's rooms are 19 feet long and 18 feet wide. If she has 20 rooms in all How much carpet does she need to cover the floors of all rooms?,2,6840,"To solve this problem, we need to find the total area of all the rooms.

First, let's calculate the area of one room:
Area of one room = Length * Width
                                 = 19 feet * 18 feet
                                 = 322 square feet

Next, we need to multiply the area of one room by the number of rooms Jesse has:
Total area = Area of one room * Number of rooms
                    = 322 square feet * 20 rooms
                    = 6440 square feet

So, Jesse needs a total of 6440 square feet of carpet to cover the floors of all her rooms.

##### <6440>",neither,neutral
274,Jesse's rooms are 19 feet long and 18 feet wide. If she has 20 rooms in all How much carpet does she need to cover the floors of all rooms?,Next on his checklist is wax to stick the feathers together. If the feathers require 166 g of wax and right now he has 20 g How many more grams of wax does he need?,6840,146,"To solve the problem, we need to find the difference between the amount of wax needed and the amount of wax currently available.

1. Determine the amount of wax needed:
   The feathers require 166 g of wax.

2. Determine the amount of wax currently available:
   The person has 20 g of wax.

3. Find the difference between the amount of wax needed and the amount of wax currently available:
   166 g - 20 g = 146 g

The person needs 146 g more of wax to complete the task.

##### <146>",text,neutral
275,Next on his checklist is wax to stick the feathers together. If the feathers require 166 g of wax and right now he has 20 g How many more grams of wax does he need?,15 campers went rowing in the morning. Some more campers went rowing in the afternoon. If a total of 32 campers went rowing that day How many campers went rowing in the afternoon?,146,17,"To solve this problem, we can set up an equation using the information provided in the sources. Let's denote the number of campers who went rowing in the morning as x and the number of campers who went rowing in the afternoon as y.

From Source A, we know that:
1. 15 campers went rowing in the morning.
2. Some more campers went rowing in the afternoon.
3. A total of 32 campers went rowing that day.

From Source B, we know that:
1. The feathers require 160 g of wax and right now he has 20 g.

However, the information in Source B does not seem to be related to the math problem described in Source A. Therefore, we can ignore the information in Source B and focus on solving the problem using the information in Source A.

Using the information in Source A, we can set up the following equation:
x (morning) + y (afternoon) = 32 (total campers)

We know that x = 15 (campers who went rowing in the morning).

Now we can solve for",neither,neutral
276,15 campers went rowing in the morning. Some more campers went rowing in the afternoon. If a total of 32 campers went rowing that day How many campers went rowing in the afternoon?,We ordered some pizzas. Each pizza has 2 slices. If there were a total of 28 slices How many pizzas did we order?,17,14,"To solve this problem, we need to find the number of pizzas ordered. We know that each pizza has 2 slices, and there were a total of 28 slices.

1. Divide the total number of slices by the number of slices per pizza:
28 slices / 2 slices per pizza = 14 pizzas

Therefore, the answer to the problem is:
##### 14 pizzas",text,neutral
277,We ordered some pizzas. Each pizza has 2 slices. If there were a total of 28 slices How many pizzas did we order?,Paul got a box of 521 crayons and 66 erasers for his birthday. At the end of the school year he only had 154 left while not having lost a single erasers. How many crayons had been lost or given away?,14,367,"To solve the problem, we need to find the number of crayons that were lost or given away. We know that Paul started with 521 crayons and 66 erasers, and at the end of the school year, he had 154 crayons left.

First, let's find the total number of crayons and erasers Paul had at the beginning:

Total crayons + Total erasers = 521 + 66 = 587

Next, we need to find the total number of crayons and erasers Paul had at the end of the school year:

Total crayons + Total erasers = 154 + 66 = 220

Now, we can find the number of crayons that were lost or given away by subtracting the number of crayons at the end from the number at the beginning:

Crayons lost or given away = Total crayons at beginning - Total crayons at end
= 587 - 220
= 367

Therefore, the answer is:",text,neutral
278,Paul got a box of 521 crayons and 66 erasers for his birthday. At the end of the school year he only had 154 left while not having lost a single erasers. How many crayons had been lost or given away?,41 children were riding on the bus. At the bus stop some children got off the bus. Then there were 18 children left on the bus. How many more children were on the bus before the bus stop than there are now?,367,23,"To solve the problem, we need to find the difference between the number of children on the bus before the bus stop and the number of children left on the bus after the bus stop.

1. The number of children on the bus before the bus stop is 41.
2. The number of children left on the bus after the bus stop is 18.
3. To find the difference, we subtract the number of children left on the bus from the number of children on the bus before the bus stop:

41 - 18 = 23

Therefore, there were 23 more children on the bus before the bus stop than there are now.

#### <answer>",text,neutral
279,41 children were riding on the bus. At the bus stop some children got off the bus. Then there were 18 children left on the bus. How many more children were on the bus before the bus stop than there are now?,Tiffany was collecting cans for recycling. On monday she had 7 bags of cans. The next day she found 12 more bags worth of cans. How many more bags did she find on the next day than she had on monday?,23,5,"To solve the problem step by step, we can follow these steps:

1. Determine the number of bags Tiffany had on Monday.
2. Determine the number of bags Tiffany found on the next day.
3. Calculate the difference between the number of bags found on the next day and the number of bags on Monday.

Let's start with the given information:

1. Tiffany had 7 bags of cans on Monday.
2. She found 12 more bags worth of cans on the next day.

Now, let's calculate the difference:

12 (bags found on the next day) - 7 (bags on Monday) = 5

So, Tiffany found 5 more bags of cans on the next day than she had on Monday.

Therefore, the answer is:

#### <5>",text,neutral
280,Tiffany was collecting cans for recycling. On monday she had 7 bags of cans. The next day she found 12 more bags worth of cans. How many more bags did she find on the next day than she had on monday?,Edward had $ 18. He spent $ 16. How much money does Edward have now?,5,2,"To solve the problem, we need to subtract the amount spent from the original amount of money.

Step 1: Identify the original amount of money.
Original amount = $18

Step 2: Identify the amount spent.
Amount spent = $16

Step 3: Subtract the amount spent from the original amount.
Difference = Original amount - Amount spent
Difference = $18 - $16
Difference = $2

Step 4: Determine the final amount of money.
Final amount = Original amount - Difference
Final amount = $18 - $2
Final amount = $16

So, Edward has $16 left after spending $16.

#### <$16>",neither,neutral
281,Edward had $ 18. He spent $ 16. How much money does Edward have now?,Lawrence county has 898051 kids. During summer break 629424 kids go to camp and the rest stay home. How many kids stay home?,2,268627,"To solve the problem, we need to find the number of kids who stay home during summer break. We are given the total number of kids in Lawrence county, which is 898051. We are also told that 629424 kids go to camp.

To find the number of kids who stay home, we need to subtract the number of kids who go to camp from the total number of kids.

898051 (total kids) - 629424 (kids who go to camp) = 268627 (kids who stay home)

Therefore, the answer is:

##### 268627 kids stay home during summer break.",text,neutral
282,Lawrence county has 898051 kids. During summer break 629424 kids go to camp and the rest stay home. How many kids stay home?,There were 16 roses and 3 orchids in the vase. Jessica cut some more roses and orchids from her flower garden. There are now 7 orchids and 13 roses in the vase. How many orchids did she cut?,268627,4,"To solve this problem, we can set up an equation using the information provided in both sources.

Let's denote the number of orchids Jessica cut as x.

According to Source A:
16 roses + 3 orchids = 19 flowers

According to Source B:
7 orchids + 13 roses = 20 flowers

Now, we can set up an equation to find the number of orchids Jessica cut:

(16 + 3) - (7 + 13) = x
19 - 20 = x
-1 = x

So, Jessica cut 1 orchid.

#### <answer>",neither,neutral
283,There were 16 roses and 3 orchids in the vase. Jessica cut some more roses and orchids from her flower garden. There are now 7 orchids and 13 roses in the vase. How many orchids did she cut?,In a school there are 635 girls and the rest are boys. If there are 510 more boys than girls How many boys are there in that school?,4,1145,"To solve this problem, we need to find the number of boys in the school. We know that there are 635 girls and that there are 510 more boys than girls.

Let's denote the number of boys as x.

According to the problem, we can set up the following equation:

x = 635 + 510

Simplifying the equation, we get:

x = 1145

Therefore, there are 1145 boys in the school.

#### <answer> 1145",text,neutral
284,In a school there are 635 girls and the rest are boys. If there are 510 more boys than girls How many boys are there in that school?,Danny collects bottle caps and wrappers. He found 30 bottle caps and 14 wrappers at the park. Now he has 7 bottle caps and 86 wrappers in his collection. How many more bottle caps than wrappers did danny find at the park?,1145,16,"To solve the problem, we need to find the difference between the number of bottle caps Danny found at the park and the number of wrappers he found.

1. First, let's find the total number of bottle caps and wrappers Danny found at the park.
   Total bottle caps = 30
   Total wrappers = 14

2. Next, let's find the total number of bottle caps and wrappers Danny has in his collection now.
   Total bottle caps = 7
   Total wrappers = 86

3. Now, we can find the difference between the total number of bottle caps and wrappers Danny found at the park and the total number of bottle caps and wrappers he has in his collection now.
   Difference = Total bottle caps at the park - Total bottle caps in collection - Total wrappers at the park + Total wrappers in collection
   Difference = 30 - 7 - 14 + 86
   Difference = 19

#### <answer> 19",neither,neutral
285,Danny collects bottle caps and wrappers. He found 30 bottle caps and 14 wrappers at the park. Now he has 7 bottle caps and 86 wrappers in his collection. How many more bottle caps than wrappers did danny find at the park?,There were 174 parents in the program and 521 pupils too. How many more pupils were present compared to parents in the program?,16,347,"To find the difference between the number of pupils and the number of parents in the program, we need to subtract the number of parents from the number of pupils.

1. Identify the number of parents: 174
2. Identify the number of pupils: 521
3. Subtract the number of parents from the number of pupils: 521 - 174 = 347

#### <answer> 347",text,neutral
286,There were 174 parents in the program and 521 pupils too. How many more pupils were present compared to parents in the program?,Matthew gave 6 crackers to each his friends. If he had 36 crackers How many friends did he give crackers to?,347,6,"To solve the problem, we need to find out how many friends Matthew gave crackers to. We know that he gave 6 crackers to each friend.

First, let's find out how many crackers he gave in total:
Total crackers given = Number of friends * Crackers per friend
Total crackers given = 36 crackers

Now, we can set up an equation to find the number of friends:
36 crackers = Friends * 6 crackers/friend

To solve for the number of friends, divide both sides of the equation by 6 crackers/friend:
Friends = 36 crackers / 6 crackers/friend
Friends = 6

Therefore, Matthew gave crackers to 6 friends.

#### <answer>",text,neutral
287,Matthew gave 6 crackers to each his friends. If he had 36 crackers How many friends did he give crackers to?,There are 20 different books in the ' crazy silly school ' series. If you are yet to read 5 of the books How many books have you already read?,6,15,"To solve the problem, we need to find out how many books the person has already read. We know that there are 20 different books in the series, and the person has not read 5 of them. Therefore, we can subtract the number of books the person has not read from the total number of books in the series to find out how many books they have already read.

Step 1: Find the total number of books in the series.
Total number of books = 20

Step 2: Find the number of books the person has not read.
Number of books not read = 5

Step 3: Subtract the number of books not read from the total number of books to find the number of books already read.
Number of books already read = Total number of books - Number of books not read
Number of books already read = 20 - 5
Number of books already read = 15

Therefore, the person has already read 15 books from the ' crazy silly school ' series.

##### <15>",text,neutral
288,There are 20 different books in the ' crazy silly school ' series. If you are yet to read 5 of the books How many books have you already read?,"The grasshopper, the frog and the mouse had a jumping contest. The grasshopper jumped 24 inches. The frog jumped 33 inches farther than the grasshopper and the mouse jumped 5 inches lesser than the frog. How much farther did the mouse jump than the grasshopper?",15,28,"To solve this problem, we need to find the difference in the distance the mouse jumped compared to the grasshopper.

First, let's find the distance the frog jumped. The frog jumped 33 inches farther than the grasshopper, so the frog jumped 24 + 33 = 57 inches.

Next, we need to find the distance the mouse jumped. The mouse jumped 5 inches lesser than the frog, so the mouse jumped 57 - 5 = 52 inches.

Now, we can find the difference in the distance the mouse jumped compared to the grasshopper. The difference is 52 - 24 = 28 inches.

Therefore, the mouse jumped 28 inches farther than the grasshopper.

#### <answer> 28 inches",text,neutral
289,"The grasshopper, the frog and the mouse had a jumping contest. The grasshopper jumped 24 inches. The frog jumped 33 inches farther than the grasshopper and the mouse jumped 5 inches lesser than the frog. How much farther did the mouse jump than the grasshopper?",Haley grew 13 trees in her backyard. After a typhoon 6 died. How many more trees survived the typhoon than those that died?,28,1,"The problem is asking for the difference between the number of trees that survived the typhoon and the number of trees that died.

1. First, we need to find out how many trees survived the typhoon.
2. The total number of trees Haley grew is 13.
3. After the typhoon, 6 trees died.
4. So, the number of trees that survived the typhoon is 13 (total) - 6 (dead) = 7 trees.
5. Now, we can find the difference between the number of trees that survived and the number of trees that died: 7 (survived) - 6 (dead) = 1 tree.

Therefore, the answer to the problem is:

#### <1>",text,neutral
290,Haley grew 13 trees in her backyard. After a typhoon 6 died. How many more trees survived the typhoon than those that died?,There are 8 different books and 10 different movies in the ' crazy silly school ' series. If you read 19 of the books and watched 61 of the movies How many more movies than books are there in the ' crazy silly school ' series?,1,2,"To solve the problem, we need to find the difference between the number of movies and the number of books in the 'crazy silly school' series.

Step 1: Count the number of books and movies in the 'crazy silly school' series.

From Source A, we know that there are 13 trees in the backyard. Since there are 8 different books and 10 different movies, we can assume that each tree represents a different book or movie. Therefore, the total number of books and movies in the series is:

13 trees = 13 books or movies

Step 2: Find the number of movies and books that have been read or watched.

From Source B, we know that 19 books and 61 movies have been read or watched.

Step 3: Find the difference between the number of movies and books that have been read or watched and the total number of books and movies in the series.

The difference is:

61 movies - 19 books = 42 movies

Therefore, the answer is:

#### <42>",neither,neutral
291,There are 8 different books and 10 different movies in the ' crazy silly school ' series. If you read 19 of the books and watched 61 of the movies How many more movies than books are there in the ' crazy silly school ' series?,Faye was placing her pencils into rows with 22 pencils in each row. She had 6 packs of pencils each one having 14 pencils. How many pencils does she have?,2,84,"To solve the problem, we need to find out how many pencils Faye has in total. We know that she has 6 packs of pencils, and each pack contains 14 pencils.

First, let's calculate the total number of pencils in each pack:
14 pencils/pack * 6 packs = 84 pencils

Now, we know that Faye is placing her pencils into rows with 22 pencils in each row. We can use this information to determine how many rows of pencils she has:
84 pencils / 22 pencils/row = 3.86 rows

Since she can't have a fraction of a row, we'll round down to 3 rows.

Finally, we can multiply the number of rows by the number of pencils in each row to find the total number of pencils:
3 rows * 22 pencils/row = 66 pencils

Therefore, Faye has a total of 66 pencils.

#### <66>",neither,neutral
292,Faye was placing her pencils into rows with 22 pencils in each row. She had 6 packs of pencils each one having 14 pencils. How many pencils does she have?,White t - shirts can be purchased in packages. If mom buys 66 white t - shirts where each package has 3 white t - shirts. How many packages will she have?,84,22,"To solve the problem, we need to find out how many packages of white t-shirts mom will have if she buys 66 white t-shirts, and each package contains 3 white t-shirts.

1. Divide the total number of white t-shirts by the number of white t-shirts in each package:
66 white t-shirts / 3 white t-shirts per package = 22 packages

Therefore, mom will have 22 packages of white t-shirts.

##### <22>",text,neutral
293,White t - shirts can be purchased in packages. If mom buys 66 white t - shirts where each package has 3 white t - shirts. How many packages will she have?,Mary is baking a cake. The recipe calls for 5 cups of sugar and 13 cups of flour. She already put in some cups of flour. If she still needs 12 more cups of flour How many cups of flour did she put in?,22,1,"To solve the problem, we need to find out how many cups of flour Mary has already put in. We know that she still needs 12 more cups of flour, and the recipe calls for 13 cups of flour.

Let's call the number of cups of flour Mary has already put in ""x"". We can set up the following equation:

x + 12 = 13

To solve for x, we need to isolate it on one side of the equation. We can do this by subtracting 12 from both sides:

x = 13 - 12
x = 1

So, Mary has already put in 1 cup of flour.

Therefore, the answer is:

#### <1>",text,neutral
294,Mary is baking a cake. The recipe calls for 5 cups of sugar and 13 cups of flour. She already put in some cups of flour. If she still needs 12 more cups of flour How many cups of flour did she put in?,"7 red peaches, 15 yellow peaches and 8 green peaches are in the basket. How many peaches are in the basket?",1,30,"To solve the problem, we need to add the number of peaches from each type:

7 red peaches + 15 yellow peaches + 8 green peaches = 20 + 15 + 8 = 43

Therefore, there are 43 peaches in the basket.

##### <43>",neither,neutral
295,"7 red peaches, 15 yellow peaches and 8 green peaches are in the basket. How many peaches are in the basket?",Jack received 3 emails and 64 letters in the morning. He then received 5 emails and 54 letters in the afternoon. How many emails did jack receive in the day?,30,8,"To solve the problem, we need to find the total number of emails Jack received in the day.

In the morning, Jack received 3 emails and 64 letters.
In the afternoon, Jack received 5 emails and 54 letters.

To find the total number of emails Jack received in the day, we add the number of emails he received in the morning to the number of emails he received in the afternoon:

3 (morning) + 5 (afternoon) = 8 emails

Therefore, Jack received a total of 8 emails in the day.

#### <answer>8</answer>",text,neutral
296,Jack received 3 emails and 64 letters in the morning. He then received 5 emails and 54 letters in the afternoon. How many emails did jack receive in the day?,Ed had 2 more marbles than Doug. Doug lost some of his marbles at the playground. Now Ed has 19 more marbles than doug. How many marbles did Doug lose?,8,17,"To solve this problem, we can set up an equation using the information provided in the problem. Let's denote the number of marbles Doug initially had as x.

According to the problem, Ed had 2 more marbles than Doug, so Ed initially had x + 2 marbles. After Doug lost some marbles at the playground, Ed had 19 more marbles than Doug, so we can write:

(x + 2) - (x - marbles lost) = x + 19

Simplifying the equation, we get:

2 + marbles lost = 19

Subtracting 2 from both sides, we have:

marbles lost = 17

So, Doug lost 17 marbles.

#### <answer>",text,neutral
297,Ed had 2 more marbles than Doug. Doug lost some of his marbles at the playground. Now Ed has 19 more marbles than doug. How many marbles did Doug lose?,Dan has $ 3 left with him after he bought a candy bar for $ 2. How much money did he have initially?,17,5,"To solve the problem, we need to find out how much money Dan had initially. We know that he had $ 3 left after buying a candy bar for $ 2.

Let's denote the initial amount of money Dan had as 'x'.

According to the problem, after buying the candy bar, Dan had $ 3 left. So, we can set up the following equation:

x - $ 2 = $ 3

Now, we need to solve for 'x'. To do this, we can add $ 2 to both sides of the equation:

x = $ 3 + $ 2

x = $ 5

So, Dan had $ 5 initially.

#### <answer> $ 5",text,neutral
298,Dan has $ 3 left with him after he bought a candy bar for $ 2. How much money did he have initially?,Jake has 13 fewer peaches and 3 more apples than Steven. Steven has 9 peaches and 8 apples. How many apples does Jake have?,5,11,"To solve this problem, we need to find the difference between the number of apples Jake has and the number of apples Steven has.

1. First, let's find the total number of apples Steven has.
Steven has 9 peaches and 8 apples, so his total is 9 + 8 = 17 apples.

2. Next, we need to find the total number of apples Jake has.
Jake has 3 more apples than Steven, so his total is 17 + 3 = 20 apples.

3. Finally, we need to find the difference between the number of apples Jake has and the number of apples Steven has.
The difference is 20 (Jake's apples) - 17 (Steven's apples) = 3 apples.

#### <answer> 3 apples",neither,neutral
299,Jake has 13 fewer peaches and 3 more apples than Steven. Steven has 9 peaches and 8 apples. How many apples does Jake have?,Winter is almost here and most animals are migrating to warmer countries. There are 41 bird families living near the mountain. If 35 bird families flew away to asia and 62 bird families flew away to africa How many more bird families flew away to africa than those that flew away to asia?,11,27,"To solve the problem, we need to find the difference between the number of bird families that flew away to Africa and the number that flew away to Asia.

According to Source A, there are 41 bird families living near the mountain. If 35 bird families flew away to Asia and 62 bird families flew away to Africa, we can set up the following equation:

62 (bird families that flew away to Africa) - 35 (bird families that flew away to Asia) = ?

Subtracting 35 from 62 gives us:

27

Therefore, the answer to the problem is:

##### <27>",text,neutral
