problem_id,image_question,text_question,image_reference,text_reference,prediction,follows
0,Winter is almost here and most animals are migrating to warmer countries. There are 41 bird families living near the mountain. If 35 bird families flew away to asia and 62 bird families flew away to africa How many more bird families flew away to africa than those that flew away to asia?,Paige raised 7 goldfish and 12 catfish in the pond but stray cats loved eating them. Now she has 15 left. How many fishes disappeared?,27,4,"Step 1: First, we need to find out the total number of fishes Paige initially had. We can do this by adding the number of goldfish and catfish she raised.
Total_fishes = goldfish + catfish
Total_fishes = 7 + 12
Total_fishes = 19

Step 2: Next, we need to find out how many fishes disappeared. We can do this by subtracting the number of fishes she has left from the total number of fishes she initially had.
Disappeared_fishes = Total_fishes - fishes_left
Disappeared_fishes = 19 - 15
Disappeared_fishes = 4

So, 4 fishes disappeared. Therefore, the answer is 4.",text
1,Paige raised 7 goldfish and 12 catfish in the pond but stray cats loved eating them. Now she has 15 left. How many fishes disappeared?,Marco and his dad went strawberry picking. Together they collected strawberries that weighed 22 pounds. On the way back Marco ' dad found 30 more pounds of strawberries. Marco's strawberries now weighed 36 pounds. How much did his dad's strawberries weigh now?,4,16,"Step 1: First, we need to find out how much strawberries Marco picked. We know that Marco's strawberries weighed 36 pounds after his dad found more strawberries. So, we can subtract the weight of the strawberries his dad found from the total weight to find the weight of Marco's strawberries. 
36 - 30 = 6

Step 2: Now we know that Marco's strawberries weighed 6 pounds. We also know that the total weight of the strawberries they picked together was 22 pounds. So, we can subtract the weight of Marco's strawberries from the total weight to find the weight of his dad's strawberries. 
22 - 6 = 16

Step 3: Therefore, his dad's strawberries weighed 16 pounds. 
Answer: 16.",text
2,Marco and his dad went strawberry picking. Together they collected strawberries that weighed 22 pounds. On the way back Marco ' dad found 30 more pounds of strawberries. Marco's strawberries now weighed 36 pounds. How much did his dad's strawberries weigh now?,Debby bought 200 water bottles and 256 soda bottles when they were on sale. If she drank 312 water bottles and 4 soda bottles a day How many days would the soda bottles last?,16,64,"Computations: (256 / 4)
Answer: 64.0.",text
3,Debby bought 200 water bottles and 256 soda bottles when they were on sale. If she drank 312 water bottles and 4 soda bottles a day How many days would the soda bottles last?,There were 106 dollars in Olivia's wallet. After she visited a supermarket and a showroom there were 26 dollars left. If she spent 49 dollars at the showroom How much did she spend at the supermarket?,64,31,"Step 1: First, we need to find out how much money Olivia had before she visited the supermarket and the showroom.
Step 2: We know that after visiting both places, she had 26 dollars left. So, we can calculate the amount of money she had before by adding the 26 dollars to the 49 dollars she spent at the showroom.
Step 3: 26 + 49 = 75
Step 4: Now we know that Olivia had 75 dollars before visiting the supermarket.
Step 5: To find out how much she spent at the supermarket, we subtract the amount she had before from the amount she had after visiting the supermarket.
Step 6: 75 - 26 = 49
Step 7: Therefore, Olivia spent 49 dollars at the supermarket.

Answer: 49.",neither
4,There were 106 dollars in Olivia's wallet. After she visited a supermarket and a showroom there were 26 dollars left. If she spent 49 dollars at the showroom How much did she spend at the supermarket?,Faye was placing her pencils and crayons into 30 rows with 71 crayons and 24 pencils in each row. How many pencils does she have?,31,720,#### 24,neither
5,Faye was placing her pencils and crayons into 30 rows with 71 crayons and 24 pencils in each row. How many pencils does she have?,Ed had 10 more marbles than Doug. Doug lost 11 of his marbles at the playground. If Ed had 45 marbles How many more marbles did Ed have than Doug then?,720,21,"Step 1: Identify the initial number of marbles Ed had.
Ed had 45 marbles.

Step 2: Determine the initial number of marbles Doug had.
Doug had 10 fewer marbles than Ed, so Doug had 45 - 10 = 35 marbles.

Step 3: Calculate the number of marbles Doug lost.
Doug lost 11 marbles at the playground.

Step 4: Calculate the number of marbles Doug has left.
Doug has 35 - 11 = 24 marbles left.

Step 5: Calculate the difference in the number of marbles between Ed and Doug.
Ed has 45 marbles and Doug has 24 marbles, so Ed has 45 - 24 = 21 more marbles than Doug.

Answer: 21.",text
6,Ed had 10 more marbles than Doug. Doug lost 11 of his marbles at the playground. If Ed had 45 marbles How many more marbles did Ed have than Doug then?,26 children were riding on the bus. At the bus stop 38 more children got on the bus. How many children are on the bus now?,21,64,"Step 1: Start with the initial number of children on the bus, which is 26.
Step 2: Add the number of children who got on the bus at the bus stop, which is 38.
Step 3: Calculate the total number of children on the bus by adding the initial number and the number who got on: 26 + 38 = 64.
Answer: 64.",text
7,26 children were riding on the bus. At the bus stop 38 more children got on the bus. How many children are on the bus now?,Helen the hippo and her friends are preparing for thanksgiving at Helen's house. Helen baked 31 cookies yesterday 270 cookies this morning and 419 cookies the day before yesterday. How many cookies did Helen bake till last night?,64,450,"To find out how many cookies Helen baked till last night, we need to add the number of cookies she baked yesterday, this morning, and the day before yesterday. 

Yesterday: 31 cookies
This morning: 270 cookies
Day before yesterday: 419 cookies

Total cookies baked = 31 + 270 + 419
Total cookies baked = 720

So, Helen baked 720 cookies till last night.#### 720",neither
8,Helen the hippo and her friends are preparing for thanksgiving at Helen's house. Helen baked 31 cookies yesterday 270 cookies this morning and 419 cookies the day before yesterday. How many cookies did Helen bake till last night?,He then went to see the oranges being harvested. He found out that they harvest 66 sacks per day and that each sack containes 25 oranges. How many oranges will they have after 87 days of harvest?,450,143550,"Step 1: First, we need to find out how many sacks of oranges are harvested in 87 days. We can do this by multiplying the number of sacks per day by the number of days.
sacks_per_day = 66
days = 87
total_sacks = sacks_per_day * days
total_sacks = 66 * 87

Step 2: Next, we need to find out how many oranges are in total after 87 days. We can do this by multiplying the number of sacks by the number of oranges per sack.
oranges_per_sack = 25
total_oranges = total_sacks * oranges_per_sack
total_oranges = (66 * 87) * 25

Step 3: Now, we can calculate the total number of oranges.
total_oranges = 66 * 87 * 25
total_oranges = 14490

So, after 87 days of harvest, they will have 14,490 oranges. Therefore, the answer is 14490.",neither
9,He then went to see the oranges being harvested. He found out that they harvest 66 sacks per day and that each sack containes 25 oranges. How many oranges will they have after 87 days of harvest?,An industrial machine made 9 shirts yesterday and 44 shirts today. It can make 3 shirts a minute. How many minutes did the machine work yesterday?,143550,3,"To find out how many minutes the machine worked yesterday, we need to divide the number of shirts made yesterday by the number of shirts the machine can make per minute. 

So, 9 shirts / 3 shirts per minute = 3 minutes.

Therefore, the machine worked for 3 minutes yesterday.#### 3",text
10,An industrial machine made 9 shirts yesterday and 44 shirts today. It can make 3 shirts a minute. How many minutes did the machine work yesterday?,Bryan took a look at his books and magazines. If he has 9 books and 46 magazines in each of his 10 bookshelves How many magazines does he have in total?,3,460,"Step 1: First, we need to find out how many magazines are in each bookshelf. We know that there are 46 magazines in each bookshelf.
Step 2: Next, we need to multiply the number of magazines in each bookshelf by the number of bookshelves to find the total number of magazines. total_magazines = 46 * 10 = 460
Answer: 460.",text
11,Bryan took a look at his books and magazines. If he has 9 books and 46 magazines in each of his 10 bookshelves How many magazines does he have in total?,Dave had 17 apps on his phone. After adding some he had 18 left. How many apps did he add?,460,1,"Step 1: Identify the initial number of apps Dave had on his phone.
Dave initially had 17 apps on his phone.

Step 2: Identify the final number of apps Dave had after adding some.
After adding some apps, Dave had 18 apps left.

Step 3: Determine the number of apps Dave added.
To find out how many apps Dave added, we subtract the initial number of apps from the final number of apps.
Number of apps added = Final number of apps - Initial number of apps
Number of apps added = 18 - 17
Number of apps added = 1

Answer: 1.",text
12,Dave had 17 apps on his phone. After adding some he had 18 left. How many apps did he add?,Dan has $ 4. He bought a candy bar for $ 7 and a chocolate for $ 6. How much money did he spend buying the candy bar and chocolate?,1,13,"Step 1: First, we need to add the cost of the candy bar and the chocolate to find out how much Dan spent in total.
Step 2: The cost of the candy bar is $ 7 and the cost of the chocolate is $ 6.
Step 3: Adding these two amounts together, we get $ 7 + $ 6 = $ 13.
Answer: 13.",text
13,Dan has $ 4. He bought a candy bar for $ 7 and a chocolate for $ 6. How much money did he spend buying the candy bar and chocolate?,The bananas in Philip's collection are organized into 196 groups. If there are a total of 392 bananas in Philip's banana collection How big is each group?,13,2,"Solution: To find out how big each group is, we need to divide the total number of bananas by the number of groups. So, we divide 392 by 196. 392 / 196 = 2. Therefore, each group has 2 bananas. #### 2",text
14,The bananas in Philip's collection are organized into 196 groups. If there are a total of 392 bananas in Philip's banana collection How big is each group?,The cave is 1218 feet deep and they are already at 849 feet. If they are travelling at speed of 17 How much farther until they reach the end of the cave?,2,369,"1218 - 849 = 369
369 / 17 = 21.7
#### 21.7",neither
15,The cave is 1218 feet deep and they are already at 849 feet. If they are travelling at speed of 17 How much farther until they reach the end of the cave?,The Ferris wheel in paradise park has 4 seats. If 20 people can ride the wheel at the same time How many people can each seat hold?,369,5,"Computations: (20 / 4)
Answer: 5.0.",text
16,The Ferris wheel in paradise park has 4 seats. If 20 people can ride the wheel at the same time How many people can each seat hold?,A farmer had 177 tomatoes and 12 potatoes in his garden. If he picked 53 tomatoes How many tomatoes and potatoes does he have left?,5,136,"Step 1: First, we need to determine the initial total number of tomatoes and potatoes the farmer had in his garden.
Step 2: The farmer initially had 177 tomatoes and 12 potatoes.
Step 3: Next, we need to calculate the number of tomatoes the farmer has left after picking 53.
Step 4: To do this, we subtract the number of tomatoes picked from the initial number of tomatoes: 177 - 53 = 124.
Step 5: Now, we need to find the total number of tomatoes and potatoes the farmer has left.
Step 6: To do this, we add the remaining tomatoes to the number of potatoes: 124 (tomatoes) + 12 (potatoes) = 136.
Step 7: Therefore, the farmer has 136 tomatoes and potatoes left.

Answer: 136.",text
17,A farmer had 177 tomatoes and 12 potatoes in his garden. If he picked 53 tomatoes How many tomatoes and potatoes does he have left?,Danny collects bottle caps. He lost 66 bottle caps at the park. Now he has 25 bottle caps in his collection. How many bottle caps did danny have at first?,136,91,"Step 1: Determine the initial number of bottle caps Danny had.
To find the initial number of bottle caps Danny had, we need to add the number of bottle caps he lost at the park to the number he has in his collection now.

Step 2: Add the number of bottle caps lost and the number in his collection.
Initial number of bottle caps = Number of bottle caps lost + Number of bottle caps in his collection
Initial number of bottle caps = 66 + 25

Step 3: Calculate the initial number of bottle caps.
Initial number of bottle caps = 91

Answer: Danny had 91 bottle caps at first.#### 91",text
18,Danny collects bottle caps. He lost 66 bottle caps at the park. Now he has 25 bottle caps in his collection. How many bottle caps did danny have at first?,"Jack received 4 emails in the morning, 5 emails in the afternoon and 8 emails in the evening. How many emails did Jack receive in the afternoon and evening?",91,13,"Step 1: Identify the number of emails received in the afternoon and evening.
Jack received 5 emails in the afternoon and 8 emails in the evening.

Step 2: Add the number of emails received in the afternoon and evening.
5 (afternoon emails) + 8 (evening emails) = 13 emails

Answer: 13.",text
19,"Jack received 4 emails in the morning, 5 emails in the afternoon and 8 emails in the evening. How many emails did Jack receive in the afternoon and evening?",Paco had 22 sweet cookies and 75 salty cookies. He ate 15 sweet cookies and 54 salty cookies. How many sweet cookies did Paco have left?,13,7,"Step 1: First, let's identify the initial number of sweet and salty cookies Paco had.
Paco had 22 sweet cookies and 75 salty cookies.

Step 2: Next, let's determine how many sweet and salty cookies Paco ate.
Paco ate 15 sweet cookies and 54 salty cookies.

Step 3: Now, let's calculate the number of sweet cookies Paco has left.
To find the number of sweet cookies left, we subtract the number of sweet cookies eaten from the initial number of sweet cookies.
Number of sweet cookies left = Initial number of sweet cookies - Number of sweet cookies eaten
Number of sweet cookies left = 22 - 15
Number of sweet cookies left = 7

So, Paco has 7 sweet cookies left. Therefore, the answer is 7.",text
20,Paco had 22 sweet cookies and 75 salty cookies. He ate 15 sweet cookies and 54 salty cookies. How many sweet cookies did Paco have left?,The ring toss game at the carnival made the same amount of money each day. In total in 5 days they earned 165 dollars. How much did they make per day?,7,33,"The ring toss game made 165 dollars in 5 days. To find out how much they made per day, we divide the total amount by the number of days: 165 / 5 = 33. So, they made 33 dollars per day. Therefore, the answer is 33.",text
21,The ring toss game at the carnival made the same amount of money each day. In total in 5 days they earned 165 dollars. How much did they make per day?,Dave had 24 files and 13 apps on his phone. After deleting some apps and files he had 17 apps and 21 files left. How many files did he delete?,33,3,"Dave had 24 files and 13 apps on his phone. After deleting some apps and files, he had 17 apps and 21 files left. To find out how many files he deleted, we need to subtract the number of files he has left from the original number of files. So, 24 - 21 = 3. Dave deleted 3 files. Therefore, the answer is 3.",text
22,Dave had 24 files and 13 apps on his phone. After deleting some apps and files he had 17 apps and 21 files left. How many files did he delete?,In a school there are 569 girls and 236 boys. How many more girls than boys does the school have?,3,333,"569 - 236 = 333
Answer: 333.",text
23,In a school there are 569 girls and 236 boys. How many more girls than boys does the school have?,Rebecca wants to split a collection of eggs into groups of 11. If each group has 2 eggs How many eggs does Rebecca have?,333,22,"Step 1: Determine the number of eggs in each group
Each group has 11 eggs.

Step 2: Determine the number of eggs in each group
Each group has 2 eggs.

Step 3: Calculate the total number of eggs
To find the total number of eggs, we need to multiply the number of eggs in each group by the number of groups. However, we do not have the total number of groups. Therefore, we cannot calculate the total number of eggs without additional information.",neither
24,Rebecca wants to split a collection of eggs into groups of 11. If each group has 2 eggs How many eggs does Rebecca have?,Mary is baking a cake. The recipe calls for 7 cups of sugar and 10 cups of flour. She already put in 4 cups of sugar. How many more cups of sugar does she need to add?,22,3,"Step 1: Determine the total amount of sugar needed for the recipe.
The recipe calls for 7 cups of sugar.

Step 2: Determine the amount of sugar already added.
Mary has already added 4 cups of sugar.

Step 3: Calculate the remaining amount of sugar needed.
To find out how much more sugar Mary needs, subtract the amount already added from the total amount needed: 7 cups - 4 cups = 3 cups.

Answer: Mary needs to add 3 more cups of sugar.",text
25,Mary is baking a cake. The recipe calls for 7 cups of sugar and 10 cups of flour. She already put in 4 cups of sugar. How many more cups of sugar does she need to add?,Dave had 21 apps on his phone. He added 89 new apps. After deleting some he had 24 left. How many more apps did he add than he deleted?,3,3,"Step 1: First, let's find out how many apps Dave had after adding the new apps. apps_after_adding = apps_initial + apps_added = 21 + 89 = 110
Step 2: Next, let's find out how many apps Dave had after deleting some. apps_after_deleting = apps_after_adding - apps_deleted = 110 - 24 = 86
Step 3: Now, let's find out how many more apps Dave added than he deleted. apps_added_than_deleted = apps_added - apps_deleted = 89 - 24 = 65
Step 4: Finally, we'll combine all the steps into a single equation to find the answer. apps_added_than_deleted = 65
Answer: 65.",ambiguous
26,Dave had 21 apps on his phone. He added 89 new apps. After deleting some he had 24 left. How many more apps did he add than he deleted?,During summer break 202958 kids from Lawrence county go to camp and the other 777622 kids stay home. How many more kids stayed home compared to those who went to the camp?,3,574664,"Computations: (777622 - 202958)
Answer: 574664.0.",text
27,During summer break 202958 kids from Lawrence county go to camp and the other 777622 kids stay home. How many more kids stayed home compared to those who went to the camp?,The grasshopper and the frog had a jumping contest. The grasshopper jumped 13 inches. The grasshopper jumped 2 inches farther than the grasshopper. How far did the frog jump?,574664,11,"The grasshopper jumped 13 inches and 2 inches farther than the frog, so the frog jumped 13 - 2 = 11 inches. Therefore, the answer is 11.",text
28,The grasshopper and the frog had a jumping contest. The grasshopper jumped 13 inches. The grasshopper jumped 2 inches farther than the grasshopper. How far did the frog jump?,Allan brought 3 balloons and 20 balls while Jake brought 5 balloons and 59 balls to the park. How many balloons did Allan and Jake have in the park?,11,8,"Step 1: Identify the number of balloons and balls each person brought.
Allan brought 3 balloons and 20 balls, while Jake brought 5 balloons and 59 balls.

Step 2: Add the number of balloons and balls each person brought.
Allan's total: 3 balloons + 20 balls = 23 items
Jake's total: 5 balloons + 59 balls = 64 items

Step 3: Add the total number of items each person brought to find the combined total.
Combined total: 23 items (Allan) + 64 items (Jake) = 87 items

Answer: Allan and Jake had a total of 87 items in the park.#### 87",neither
29,Allan brought 3 balloons and 20 balls while Jake brought 5 balloons and 59 balls to the park. How many balloons did Allan and Jake have in the park?,He then went to see the oranges being harvested. He found out that they harvest 8 sacks per day. How many days will it take to harvest 24 sacks of oranges?,8,3,"Step 1: Determine the number of sacks harvested per day.
The number of sacks harvested per day is given as 8.

Step 2: Determine the total number of sacks to be harvested.
The total number of sacks to be harvested is given as 24.

Step 3: Calculate the number of days required to harvest the sacks.
To find the number of days required, divide the total number of sacks by the number of sacks harvested per day.
24 sacks / 8 sacks per day = 3 days

Answer: 3.",text
30,He then went to see the oranges being harvested. He found out that they harvest 8 sacks per day. How many days will it take to harvest 24 sacks of oranges?,Every day Ryan spends 6 hours on learning english and 5 hours on learning chinese. If he learns for 2 days How many hours does he spend on learning english in all?,3,12,"Computations: (6 + 5) * 2
Answer: 22.0.",neither
31,Every day Ryan spends 6 hours on learning english and 5 hours on learning chinese. If he learns for 2 days How many hours does he spend on learning english in all?,Baker made 144 cakes. He sold 71 of them. Then he made 111 more cakes. How many more cakes did baker make than those he sold?,12,184,"Step 1: First, we need to find out how many cakes Baker made in total. We know he made 144 cakes initially and then made 111 more cakes.
Step 2: To find the total number of cakes Baker made, we add the initial number of cakes to the number of cakes he made later. total_cakes = 144 + 111 = 255
Step 3: Next, we need to find out how many cakes Baker sold. We know he sold 71 cakes.
Step 4: To find out how many more cakes Baker made than those he sold, we subtract the number of cakes sold from the total number of cakes made. more_cakes = total_cakes - 71 = 255 - 71 = 184
Answer: baker made 184 more cakes than those he sold.",text
32,Baker made 144 cakes. He sold 71 of them. Then he made 111 more cakes. How many more cakes did baker make than those he sold?,There were 12 people on the bus. At the next stop 4 more people got on the bus. Each bus can not have more than 36 people. How many people are there on the bus now?,184,16,"Step 1: Start with the initial number of people on the bus, which is 12.
Step 2: Add the number of people who got on the bus at the next stop, which is 4.
Step 3: Check if the total number of people exceeds the maximum capacity of the bus, which is 36.
Step 4: If the total number of people exceeds the maximum capacity, subtract the excess from the total number of people to bring it within the limit.
Step 5: The final number of people on the bus is 16, which is within the limit.

Answer: 16.",text
33,There were 12 people on the bus. At the next stop 4 more people got on the bus. Each bus can not have more than 36 people. How many people are there on the bus now?,Allan brought 5 balloons and Jake brought 6 balloons to the park. Jake then bought 3 more balloons at the park. How many balloons did Jake bring to the park?,16,9,"Step 1: Identify the initial number of balloons Jake brought to the park.
Jake initially brought 6 balloons to the park.

Step 2: Determine the number of additional balloons Jake bought at the park.
Jake bought 3 more balloons at the park.

Step 3: Add the initial number of balloons to the additional balloons bought.
To find the total number of balloons Jake brought to the park, we add the initial 6 balloons to the 3 additional balloons: 6 + 3 = 9.

Answer: Jake brought 9 balloons to the park.",text
34,Allan brought 5 balloons and Jake brought 6 balloons to the park. Jake then bought 3 more balloons at the park. How many balloons did Jake bring to the park?,An industrial machine worked for 5 minutes. It can make 4 shirts a minute. How many shirts did machine make?,9,20,"Computations: (5 * 4)
Answer: 20.",text
35,An industrial machine worked for 5 minutes. It can make 4 shirts a minute. How many shirts did machine make?,Paco had 9 sweet cookies and 6 salty cookies. He ate 36 sweet cookies and 3 salty cookies. How many salty cookies did Paco have left?,20,3,"Step 1: First, let's find out how many sweet cookies Paco had left after eating 36 sweet cookies. Paco had 9 sweet cookies initially and ate 36, so he had 9 - 36 = -27 sweet cookies left. However, since we cannot have a negative number of cookies, this means Paco did not have enough sweet cookies to eat 36. Therefore, we need to adjust the number of sweet cookies he ate to be less than or equal to the number he initially had.

Step 2: Since Paco cannot have a negative number of sweet cookies, we will assume he ate all the sweet cookies he had, which is 9. So, Paco ate 9 sweet cookies.

Step 3: Now, let's find out how many sweet cookies Paco had left after eating 9 sweet cookies. Paco had 9 sweet cookies initially and ate 9, so he had 9 - 9 = 0 sweet cookies left.

Step 4: Now, let's find out how many salty cookies Paco had left after eating 3 salty cookies. Paco had 6 salty cookies initially and ate 3, so he had 6 - 3 = 3 salty cookies left.

Answer",text
36,Paco had 9 sweet cookies and 6 salty cookies. He ate 36 sweet cookies and 3 salty cookies. How many salty cookies did Paco have left?,A book has 3 chapters. The first chapter is 66 pages long the second chapter is 35 pages long and the third chapter is 24 pages long. How many pages does the book have altogether?,3,125,"Step 1: Identify the number of pages in each chapter.
The first chapter has 66 pages.
The second chapter has 35 pages.
The third chapter has 24 pages.

Step 2: Add up the number of pages in each chapter to find the total number of pages in the book.
Total pages = 66 + 35 + 24

Step 3: Perform the addition.
Total pages = 125

Answer: The book has 125 pages altogether.",text
37,A book has 3 chapters. The first chapter is 66 pages long the second chapter is 35 pages long and the third chapter is 24 pages long. How many pages does the book have altogether?,Some children were riding on the bus. At the bus stop 2 more children got on the bus. Then there were 41 children altogether on the bus. How many children were riding on the bus before the bus stop?,125,39,"Solution: Let's call the number of children riding on the bus before the bus stop ""x"". When 2 more children got on the bus, the total number of children became 41. So we can write the equation as x + 2 = 41. To find the number of children before the bus stop, we need to solve for x. Subtract 2 from both sides of the equation: x = 41 - 2. x = 39. Therefore, there were 39 children riding on the bus before the bus stop. #### 39",text
38,Some children were riding on the bus. At the bus stop 2 more children got on the bus. Then there were 41 children altogether on the bus. How many children were riding on the bus before the bus stop?,Rebecca wants to split a collection of eggs into 3 groups. Rebecca has 4 marbles and 15 eggs. How many eggs will each group have?,39,5,"Step 1: First, we need to determine the total number of eggs Rebecca has.
Rebecca has 4 marbles and 15 eggs, so the total number of eggs is 4 + 15 = 19 eggs.

Step 2: Next, we need to divide the total number of eggs by the number of groups Rebecca wants to split them into.
Rebecca wants to split the eggs into 3 groups, so we divide 19 eggs by 3 groups.

Step 3: Finally, we calculate the number of eggs each group will have.
19 eggs / 3 groups = 6 eggs per group.

Answer: 6.",neither
39,Rebecca wants to split a collection of eggs into 3 groups. Rebecca has 4 marbles and 15 eggs. How many eggs will each group have?,After finding some bottle caps at the park danny has 32 bottle caps in his collection. If he had 25 bottle caps in his collection earlier How many bottle caps did he find at the park?,5,7,"Step 1: Identify the initial number of bottle caps Danny had in his collection.
Danny initially had 25 bottle caps.

Step 2: Identify the final number of bottle caps Danny has in his collection.
Danny now has 32 bottle caps.

Step 3: Calculate the difference between the final and initial number of bottle caps to determine how many he found at the park.
To find out how many bottle caps Danny found at the park, we subtract the initial number from the final number: 32 - 25 = 7.

Answer: Danny found 7 bottle caps at the park.",text
40,After finding some bottle caps at the park danny has 32 bottle caps in his collection. If he had 25 bottle caps in his collection earlier How many bottle caps did he find at the park?,"Julia played tag with 15 kids on monday, 18 kids on tuesday and 97 kids on wednesday. How many kids did she play with on monday and tuesday?",7,33,"Computations: (15 + 18)
Answer: 33.",text
41,"Julia played tag with 15 kids on monday, 18 kids on tuesday and 97 kids on wednesday. How many kids did she play with on monday and tuesday?",In Haley's class some boys love to play marbles. If Haley has 10 marbles and she gave 5 marbles to each boy How many boys did she give the marbles to?,33,2,"Step 1: Determine the number of marbles given to each boy.
Haley gave 5 marbles to each boy.

Step 2: Determine the total number of marbles given away.
Haley has 10 marbles and gave 5 marbles to each boy.

Step 3: Calculate the number of boys.
Number of boys = Total marbles / Marbles given to each boy
Number of boys = 10 / 5
Number of boys = 2

Answer: 2.####",text
42,In Haley's class some boys love to play marbles. If Haley has 10 marbles and she gave 5 marbles to each boy How many boys did she give the marbles to?,After resting they decided to go for a swim. If the depth of the water is 10 times Dean's height and he stands at 9 feet How much deeper is the water than Dean's height?,2,81,"Step 1: Determine Dean's height.
Dean's height is given as 9 feet.

Step 2: Calculate the depth of the water.
The depth of the water is 10 times Dean's height, so it is 10 * 9 = 90 feet.

Step 3: Find the difference in depth.
To find how much deeper the water is than Dean's height, we subtract Dean's height from the depth of the water: 90 - 9 = 81 feet.

Answer: The water is 81 feet deeper than Dean's height.",text
43,After resting they decided to go for a swim. If the depth of the water is 10 times Dean's height and he stands at 9 feet How much deeper is the water than Dean's height?,A book has 3 chapters. The first chapter is 91 pages long the second chapter is 23 pages long and the third chapter is 25 pages long. How many more pages does the first chapter have than the second chapter?,81,68,"The first chapter has 91 pages and the second chapter has 23 pages. To find out how many more pages the first chapter has than the second chapter, we subtract the number of pages in the second chapter from the number of pages in the first chapter: 91 - 23 = 68. Therefore, the first chapter has 68 more pages than the second chapter. #### 68",text
44,A book has 3 chapters. The first chapter is 91 pages long the second chapter is 23 pages long and the third chapter is 25 pages long. How many more pages does the first chapter have than the second chapter?,"After eating a hearty meal they went to see the Buckingham palace. There, Rachel learned that 317 visitors came to the Buckingham palace that day. If there were 295 visitors the previous day How many more visitors visited the Buckingham palace on that day than on the previous day?",68,22,"Computations: (317 - 295)
Answer: 22.0.",text
45,"After eating a hearty meal they went to see the Buckingham palace. There, Rachel learned that 317 visitors came to the Buckingham palace that day. If there were 295 visitors the previous day How many more visitors visited the Buckingham palace on that day than on the previous day?",The Razorback t-shirt shop made $ 51 dollars from selling 3 t-shirt during the Arkansas and Texas tech game they. What is the cost of each t-shirt?,22,17,"Computations: (51 / 3)
Answer: 17.0.",text
46,The Razorback t-shirt shop made $ 51 dollars from selling 3 t-shirt during the Arkansas and Texas tech game they. What is the cost of each t-shirt?,"Jack received 3 emails in the morning, 4 emails in the afternoon and 8 emails in the evening. How many emails did Jack receive in the morning and evening?",17,11,"Step 1: Identify the number of emails received in the morning and evening.
Jack received 3 emails in the morning and 8 emails in the evening.

Step 2: Add the number of emails received in the morning and evening.
3 (morning) + 8 (evening) = 11

Answer: Jack received 11 emails in the morning and evening.",text
47,"Jack received 3 emails in the morning, 4 emails in the afternoon and 8 emails in the evening. How many emails did Jack receive in the morning and evening?",Lawrence county has 313473 kids. During summer break 274865 kids stay home and the rest go to camp. How many kids go to the camp during the break?,11,38608,"Problem: (313473 - 274865)
Answer: 38508.0.",neither
48,Lawrence county has 313473 kids. During summer break 274865 kids stay home and the rest go to camp. How many kids go to the camp during the break?,The grasshopper and the frog had a jumping contest. The grasshopper jumped 35 inches. The grasshopper jumped 4 inches farther than the frog. How much did they jump altogether?,38608,66,"The frog jumped 35 - 4 = 31 inches.
The total distance they jumped is 35 + 31 = 66 inches.
#### 66",text
49,The grasshopper and the frog had a jumping contest. The grasshopper jumped 35 inches. The grasshopper jumped 4 inches farther than the frog. How much did they jump altogether?,Winter is almost here and most animals are migrating to warmer countries. There are 3 bird families living near the mountain. 26 new bird families came to live near the mountain from the arctic while 2 bird families flew away further south for winter. How many bird families were left near the mountain?,66,27,"Step 1: First, we need to determine the initial number of bird families living near the mountain.
Step 2: We know that there are 3 bird families initially living near the mountain.
Step 3: Next, we need to calculate the number of bird families that came to live near the mountain from the arctic.
Step 4: We know that 26 new bird families came to live near the mountain from the arctic.
Step 5: Then, we need to calculate the number of bird families that flew away further south for winter.
Step 6: We know that 2 bird families flew away further south for winter.
Step 7: Finally, we need to calculate the total number of bird families left near the mountain.
Step 8: We add the initial number of bird families to the number of new bird families and subtract the number of bird families that flew away.
Step 9: total_bird_families = initial_bird_families + new_bird_families - bird_families_flew_away
Step 10: total_bird_families = 3 + 26 - 2
Step 11: total_bird_families = 27
Answer: 27.",text
50,Winter is almost here and most animals are migrating to warmer countries. There are 3 bird families living near the mountain. 26 new bird families came to live near the mountain from the arctic while 2 bird families flew away further south for winter. How many bird families were left near the mountain?,Adam could fit 8 action figures and 10 cabinets on each shelf in his room. His room has 4 shelves. How many total items could his shelves hold?,27,72,"Step 1: First, we need to find out how many action figures and cabinets can fit on all the shelves combined. We know that each shelf can hold 8 action figures and 10 cabinets.
Step 2: To find the total number of action figures that can fit on all the shelves, we multiply the number of shelves by the number of action figures that can fit on each shelf: 4 shelves * 8 action figures = 32 action figures.
Step 3: Similarly, to find the total number of cabinets that can fit on all the shelves, we multiply the number of shelves by the number of cabinets that can fit on each shelf: 4 shelves * 10 cabinets = 40 cabinets.
Step 4: Finally, to find the total number of items that can fit on all the shelves, we add the total number of action figures and cabinets: 32 action figures + 40 cabinets = 72 items.
Answer: 72.",text
51,Adam could fit 8 action figures and 10 cabinets on each shelf in his room. His room has 4 shelves. How many total items could his shelves hold?,Robin's hair was 16 inches long. He cut off 11 inches. Then it again grew by 12 inches. How long is his hair now?,72,17,"Step 1: Start with the initial length of Robin's hair, which is 16 inches.
Step 2: Subtract the length of hair that Robin cut off, which is 11 inches. So, 16 - 11 = 5 inches.
Step 3: Add the length of hair that Robin's hair grew back, which is 12 inches. So, 5 + 12 = 17 inches.
Answer: 17.",text
52,Robin's hair was 16 inches long. He cut off 11 inches. Then it again grew by 12 inches. How long is his hair now?,Friends of Katie had 57 games and she had 63 ds games. How many more games does Katie have than her friends?,17,6,"Computations: (63 - 57)
Answer: 6.",text
53,Friends of Katie had 57 games and she had 63 ds games. How many more games does Katie have than her friends?,Lucy went to the grocery store. She bought 10 packs of cookie and 4 packs of cake. How many more packs of cookie did she buy over cake?,6,6,"10 - 4 = 6
Answer: 6.",ambiguous
54,Lucy went to the grocery store. She bought 10 packs of cookie and 4 packs of cake. How many more packs of cookie did she buy over cake?,"6 red peaches, 90 yellow peaches and 16 green peaches are in the basket. How many red and green peaches are in the basket?",6,22,"Step 1: Identify the number of red peaches in the basket.
We are given that there are 6 red peaches in the basket.

Step 2: Identify the number of green peaches in the basket.
We are given that there are 16 green peaches in the basket.

Step 3: Add the number of red and green peaches together.
To find the total number of red and green peaches, we add the number of red peaches (6) and the number of green peaches (16).

Answer: 6 + 16 = 22

#### 22",text
55,"6 red peaches, 90 yellow peaches and 16 green peaches are in the basket. How many red and green peaches are in the basket?",Mary is baking a cake. The recipe calls for 10 cups of flour 2 cups of sugar and 80 cups of salt. She already put in 7 cups of flour. How many more cups of flour than cups of sugar does she need to add now?,22,1,"Step 1: Determine the amount of flour and sugar needed for the recipe.
The recipe calls for 10 cups of flour and 2 cups of sugar.

Step 2: Determine the amount of flour already added.
Mary has already added 7 cups of flour.

Step 3: Calculate the remaining amount of flour needed.
The remaining amount of flour needed is 10 - 7 = 3 cups.

Step 4: Compare the remaining amount of flour to the amount of sugar needed.
The remaining amount of flour needed is 3 cups, and the amount of sugar needed is 2 cups.

Step 5: Calculate the difference between the remaining flour and sugar.
The difference between the remaining flour and sugar is 3 - 2 = 1 cup.

Answer: Mary needs to add 1 more cup of flour than cups of sugar.",text
56,Mary is baking a cake. The recipe calls for 10 cups of flour 2 cups of sugar and 80 cups of salt. She already put in 7 cups of flour. How many more cups of flour than cups of sugar does she need to add now?,Paco had 17 cookies. He ate 14 cookies and gave 13 of them to his friend. How many more cookies did he eat than those he gave to his friend?,1,1,"Step 1: First, we need to determine the number of cookies Paco ate and the number he gave to his friend.
Paco had 17 cookies, ate 14, and gave 13 to his friend.

Step 2: Next, we need to find the difference between the number of cookies Paco ate and the number he gave to his friend.
Difference = Number of cookies Paco ate - Number of cookies Paco gave to his friend
Difference = 14 - 13

Step 3: Calculate the difference.
Difference = 1

Answer: Paco ate 1 more cookie than he gave to his friend.#### 1",ambiguous
57,Paco had 17 cookies. He ate 14 cookies and gave 13 of them to his friend. How many more cookies did he eat than those he gave to his friend?,In a school there are 315 girls and 309 boys. There are also 772 teachers How many people are there in that school?,1,1396,"To find the total number of people in the school, we need to add the number of girls, boys, and teachers together.

Number of girls: 315
Number of boys: 309
Number of teachers: 772

Total number of people = Number of girls + Number of boys + Number of teachers
Total number of people = 315 + 309 + 772
Total number of people = 1396

So, there are 1396 people in that school. #### 1396",text
58,In a school there are 315 girls and 309 boys. There are also 772 teachers How many people are there in that school?,There are some baskets of peaches. Each basket has 4 red peaches and 3 green peaches. If there are a total of 7 peaches in all baskets How many baskets of peaches are there?,1396,1,"Step 1: Let's denote the number of baskets as B.
Step 2: Each basket has 4 red peaches and 3 green peaches, so each basket has a total of 4 + 3 = 7 peaches.
Step 3: The total number of peaches in all baskets is 7B.
Step 4: We are given that the total number of peaches is 7, so we can set up the equation 7B = 7.
Step 5: Solving for B, we divide both sides of the equation by 7, which gives us B = 1.
Step 6: Therefore, there is 1 basket of peaches. 

#### 1",text
59,There are some baskets of peaches. Each basket has 4 red peaches and 3 green peaches. If there are a total of 7 peaches in all baskets How many baskets of peaches are there?,Jessie currently weighs 27 kilograms. After she started to go jogging everyday she lost 101 kilograms. How much did she weigh before starting to jog?,1,128,"Step 1: Understand the problem
Jessie currently weighs 27 kilograms and has lost 101 kilograms after starting to jog. We need to find out her weight before starting to jog.

Step 2: Set up the equation
Let x be Jessie's weight before starting to jog. The equation can be set up as:
x - 101 = 27

Step 3: Solve the equation
To solve for x, we need to isolate x on one side of the equation. We can do this by adding 101 to both sides of the equation:
x - 101 + 101 = 27 + 101
x = 128

Step 4: Answer the question
Jessie weighed 128 kilograms before starting to jog.

Answer: 128.",text
60,Jessie currently weighs 27 kilograms. After she started to go jogging everyday she lost 101 kilograms. How much did she weigh before starting to jog?,David did 51 push-ups in gym class today. David did 49 more push-ups than Zachary. How many push-ups did Zachary and David do altogether?,128,53,"Step 1: Find out how many push-ups Zachary did by subtracting 49 from David's total.
Zachary = David - 49
Zachary = 51 - 49
Zachary = 2

Step 2: Add Zachary's push-ups to David's push-ups to find the total.
Total = Zachary + David
Total = 2 + 51
Total = 53

Answer: 53.",text
61,David did 51 push-ups in gym class today. David did 49 more push-ups than Zachary. How many push-ups did Zachary and David do altogether?,In a school there are 362 boys and 257 girls. 403 more girls joined the school. How many more girls than boys does the school have?,53,298,"#### 45
#### 257 + 403
#### 660
#### 660 - 362
#### 298",neither
62,In a school there are 362 boys and 257 girls. 403 more girls joined the school. How many more girls than boys does the school have?,Josh had 22 marbles in his collection. He found 13 marbles ones while he lost 5 marbles. How many marbles does he have now?,298,30,"Step 1: Josh initially had 22 marbles.
Step 2: He found 13 marbles, so we add 13 to his initial amount: 22 + 13 = 35 marbles.
Step 3: He lost 5 marbles, so we subtract 5 from the total: 35 - 5 = 30 marbles.
Answer: Josh now has 30 marbles.",text
63,Josh had 22 marbles in his collection. He found 13 marbles ones while he lost 5 marbles. How many marbles does he have now?,"After eating a hearty meal they went to see the Buckingham palace. There were 39 paintings in the Buckingham palace. There, Rachel learned that 661 visitors came to the Buckingham palace that day. If there were 600 visitors the previous day How many more visitors visited the Buckingham palace on that day than on the previous day?",30,61,"Computations: (661 - 600)
Answer: 61.0.",text
64,"After eating a hearty meal they went to see the Buckingham palace. There were 39 paintings in the Buckingham palace. There, Rachel learned that 661 visitors came to the Buckingham palace that day. If there were 600 visitors the previous day How many more visitors visited the Buckingham palace on that day than on the previous day?",Nell collects baseball cards. She had 566 cards while Jeff had 234 cards. She gave some of her cards to Jeff and now has 535 cards left. How many cards does Jeff have now?,61,265,"To find out how many cards Jeff has now, we need to determine how many cards Nell gave to Jeff. We can do this by subtracting the number of cards Nell has left from the number she had initially.

Nell initially had 566 cards and now has 535 cards left. So, she gave away:
566 - 535 = 31 cards

Now, we add the cards Nell gave to Jeff to the number of cards Jeff initially had to find out how many cards Jeff has now:
Jeff initially had 234 cards, and Nell gave him 31 cards. So, Jeff now has:
234 + 31 = 265 cards

Jeff now has 265 cards. Therefore, the answer is 265.#### 265",text
65,Nell collects baseball cards. She had 566 cards while Jeff had 234 cards. She gave some of her cards to Jeff and now has 535 cards left. How many cards does Jeff have now?,Randy uses 36 blocks to build a tower. If he had 59 blocks How many blocks are left?,265,23,"59 - 36 
Answer: 23.",text
66,Randy uses 36 blocks to build a tower. If he had 59 blocks How many blocks are left?,At the stop 8 more people got on the train. Initially there were 11 people on the train. How many people are there on the train now?,23,19,"Step 1: Identify the initial number of people on the train.
The initial number of people on the train is 11.

Step 2: Determine the number of people who got on the train.
8 more people got on the train.

Step 3: Add the initial number of people to the number of people who got on the train.
11 (initial people) + 8 (people who got on) = 19

Step 4: The final number of people on the train is 19.
So, there are 19 people on the train now. Therefore, the answer is 19.",text
67,At the stop 8 more people got on the train. Initially there were 11 people on the train. How many people are there on the train now?,Rachel has 3 apple trees. She picked 8 apples from each of her trees. Now the trees have a total 9 apples still on them. How many apples were there on all trees initially?,19,33,"Step 1: First, let's determine the total number of apples Rachel picked from all her trees. Since she picked 8 apples from each of her 3 trees, we can calculate this by multiplying the number of apples picked per tree by the number of trees: 8 apples/tree * 3 trees = 24 apples.

Step 2: Now, we know that after picking 24 apples, the trees have 9 apples left on them. To find out the initial number of apples on all the trees, we need to add the apples picked to the apples left: 24 apples (picked) + 9 apples (left) = 33 apples.

Answer: There were initially 33 apples on all the trees.",text
68,Rachel has 3 apple trees. She picked 8 apples from each of her trees. Now the trees have a total 9 apples still on them. How many apples were there on all trees initially?,43 children were riding on the bus. At the bus stop some children got off the bus. Then there were 21 children left on the bus. How many children got off the bus at the bus stop?,33,22,"43 - 21 = 22
Answer: 22.",text
69,43 children were riding on the bus. At the bus stop some children got off the bus. Then there were 21 children left on the bus. How many children got off the bus at the bus stop?,5 red peaches and 11 green peaches are in the basket. How many more green peaches than red peaches are in the basket?,22,6,"11 - 5
Answer: 6.",text
70,5 red peaches and 11 green peaches are in the basket. How many more green peaches than red peaches are in the basket?,Nell collects cards. She had 246 baseball cards and 214 Ace cards. She gave some of her cards to Jeff and now has 404 baseball cards and 495 Ace cards left. How many more Ace cards than baseball cards does Nell have?,6,91,"Step 1: Determine the initial number of cards Nell had.
Nell initially had 246 baseball cards and 214 Ace cards.

Step 2: Determine the number of cards Nell gave to Jeff.
Nell gave away some cards, resulting in 404 baseball cards and 495 Ace cards.

Step 3: Calculate the number of cards Nell gave away.
The number of baseball cards given away is 246 - 404 = -158.
The number of Ace cards given away is 214 - 495 = -281.

Step 4: Determine the number of cards Nell gave to Jeff.
Since the number of cards given away cannot be negative, we need to recalculate the number of cards Nell gave to Jeff. The correct number of baseball cards given away is 404 - 246 = 158.
The correct number of Ace cards given away is 495 - 214 = 281.

Step 5: Calculate the difference between the number of Ace cards and baseball cards Nell has.
The difference between the number of Ace cards and baseball cards is 495 - 404 = 91.

Answer: Nell has 91 more Ace cards than baseball cards.#### 91",text
71,Nell collects cards. She had 246 baseball cards and 214 Ace cards. She gave some of her cards to Jeff and now has 404 baseball cards and 495 Ace cards left. How many more Ace cards than baseball cards does Nell have?,Each pack of dvds costs 76 dollars. If there is a discount of 25 dollars on each pack How much do you have to pay to buy each pack?,91,51,"To find the discounted price of each pack of DVDs, we need to subtract the discount from the original price.

Original price of each pack = 76 dollars
Discount = 25 dollars

Discounted price = Original price - Discount
Discounted price = 76 - 25
Discounted price = 51 dollars

So, you have to pay 51 dollars to buy each pack after the discount. Therefore, the answer is 51.",text
72,Each pack of dvds costs 76 dollars. If there is a discount of 25 dollars on each pack How much do you have to pay to buy each pack?,They decided to hold the party in their backyard. They have 14 chairs for each set of table. If they have 9 sets of tables How many more chairs than tables do they have?,51,117,"Step 1: First, we need to find out how many chairs they have in total. We know that they have 14 chairs for each set of table and they have 9 sets of tables.
Step 2: To find the total number of chairs, we multiply the number of chairs per set by the number of sets. total_chairs = 14 * 9 = 126
Step 3: Now, we need to find out how many more chairs than tables they have. We know that they have 9 sets of tables.
Step 4: To find the difference, we subtract the number of tables from the total number of chairs. more_chairs_than_tables = total_chairs - 9 = 126 - 9 = 117
Answer: 117.",text
73,They decided to hold the party in their backyard. They have 14 chairs for each set of table. If they have 9 sets of tables How many more chairs than tables do they have?,Next on his checklist is wax to stick the feathers together and colors to paint them. He needs a total of 57 g of colors to paint them. He needs 22 g of wax more. If the feathers require a total of 353 g of wax How many grams of wax does he already have?,117,331,"Step 1: First, let's identify the total amount of wax needed for the feathers and the additional wax required.
Total wax needed for feathers = 353 g
Additional wax required = 22 g

Step 2: Now, let's calculate the total wax needed for the feathers and the additional wax.
Total wax needed = Total wax for feathers + Additional wax required
Total wax needed = 353 g + 22 g
Total wax needed = 375 g

Step 3: Finally, we need to find out how many grams of wax he already has.
Wax already have = Total wax needed - Wax already have
375 g - Wax already have = 375 g - 375 g

Since the wax already have is not provided in the question, we cannot calculate the exact amount of wax he already has. Therefore, the answer is ""375 g - Wax already have"".",neither
74,Next on his checklist is wax to stick the feathers together and colors to paint them. He needs a total of 57 g of colors to paint them. He needs 22 g of wax more. If the feathers require a total of 353 g of wax How many grams of wax does he already have?,Frank was reading through his favorite book. The book had 2 chapters each with 405 pages. It took frank 664 days to finish the book. How many chapters did he read per day?,331,332,"Computations: (2 * 405) / 664
Answer: 1.21555.",neither
75,Frank was reading through his favorite book. The book had 2 chapters each with 405 pages. It took frank 664 days to finish the book. How many chapters did he read per day?,Jerry had 5 action figures and 2 books on a shelf in his room. Later he added 9 more books to the shelf. How many more books than action figures were on his shelf?,332,6,"Step 1: First, we need to determine the initial number of books and action figures on the shelf.
Jerry initially had 5 action figures and 2 books.

Step 2: Next, we need to calculate the total number of books after Jerry added more books to the shelf.
Jerry added 9 more books to the shelf, so the total number of books is 2 + 9 = 11 books.

Step 3: Now, we need to find the difference between the number of books and action figures on the shelf.
The difference between the number of books and action figures is 11 - 5 = 6.

Step 4: Finally, we need to express the difference as the number of more books than action figures.
There are 6 more books than action figures on the shelf.

Answer: 6.",text
76,Jerry had 5 action figures and 2 books on a shelf in his room. Later he added 9 more books to the shelf. How many more books than action figures were on his shelf?,Paul got a box of some crayons for his birthday. By the end of the school year he had either lost or given away 551 of them and only had 177 left. How many crayons did he get for his birthday?,6,728,The answer is 728.,text
77,Paul got a box of some crayons for his birthday. By the end of the school year he had either lost or given away 551 of them and only had 177 left. How many crayons did he get for his birthday?,Because of the decision Sofia asked the students to suggest specific types of food. If 324 students suggested adding mashed potatoes 374 suggested adding bacon to the menu and 128 suggested adding tomatoes How many students participated in the suggestion of new food items?,728,826,"324 + 374 + 128 = 826
Answer: 826.",text
78,Because of the decision Sofia asked the students to suggest specific types of food. If 324 students suggested adding mashed potatoes 374 suggested adding bacon to the menu and 128 suggested adding tomatoes How many students participated in the suggestion of new food items?,A book has 31 chapters. Each chapter is 61 pages long. How many pages does the book have altogether?,826,1891,"# First, we need to find the total number of pages in the book by multiplying the number of chapters by the number of pages per chapter.
# So, 31 chapters * 61 pages = 1891 pages
# Therefore, the book has 1891 pages altogether.
Answer: 1891.",text
79,A book has 31 chapters. Each chapter is 61 pages long. How many pages does the book have altogether?,The school is planning a field trip. The school has 67 classrooms. There are 66 students in each classroom in the school. If there are 6 seats on each school bus How many buses are needed to take the trip?,1891,737,"The school has 67 classrooms and each classroom has 66 students, so the total number of students is 67 * 66 = 4422 students. If there are 6 seats on each school bus, then the number of buses needed is 4422 / 6 = 737.0. Since you can't have a fraction of a bus, you would need 737 buses to take the trip. Therefore, the answer is 737.",text
80,The school is planning a field trip. The school has 67 classrooms. There are 66 students in each classroom in the school. If there are 6 seats on each school bus How many buses are needed to take the trip?,Bobby ate 33 pieces of candy. Then he ate 4 more. He also ate 14 pieces of chocolate. How many pieces of candy and chocolate did Bobby eat altogether?,737,51,"Step 1: First, we need to find out how many pieces of candy Bobby ate.
Bobby ate 33 pieces of candy.

Step 2: Next, we need to add the 4 more pieces of candy that Bobby ate.
Bobby ate 33 + 4 = 37 pieces of candy.

Step 3: Now, we need to add the 14 pieces of chocolate that Bobby ate.
Bobby ate 37 + 14 = 51 pieces of candy and chocolate.

Answer: Bobby ate 51 pieces of candy and chocolate altogether.#### 51",text
81,Bobby ate 33 pieces of candy. Then he ate 4 more. He also ate 14 pieces of chocolate. How many pieces of candy and chocolate did Bobby eat altogether?,Paco had 36 cookies. He gave 14 cookies to his friend and ate 10 cookies. How many cookies did Paco have left?,51,12,"Step 1: Paco initially had 36 cookies.
Step 2: He gave 14 cookies to his friend, so we subtract 14 from 36: 36 - 14 = 22.
Step 3: Paco then ate 10 cookies, so we subtract 10 from 22: 22 - 10 = 12.
Answer: Paco has 12 cookies left.",text
82,Paco had 36 cookies. He gave 14 cookies to his friend and ate 10 cookies. How many cookies did Paco have left?,Paige raised 15 goldfish in the pond but stray cats loved eating them. 5 were eaten. How many goldfish remained?,12,10,"15 - 5 = 10
Answer: 10.",text
83,Paige raised 15 goldfish in the pond but stray cats loved eating them. 5 were eaten. How many goldfish remained?,During summer break 61619 kids from Lawrence county stayed home and the rest went to camp. The total number of kids in Lawrence county is 91676. About how many kids in Lawrence county went to camp?,10,30057,"Step 1: First, we need to find out how many kids stayed home during summer break. We know that 61619 kids stayed home.
Step 2: To find out how many kids went to camp, we need to subtract the number of kids who stayed home from the total number of kids in Lawrence county. So, we subtract 61619 from 91676.
Step 3: 91676 - 61619 = 30057
Answer: 30057.####",text
84,During summer break 61619 kids from Lawrence county stayed home and the rest went to camp. The total number of kids in Lawrence county is 91676. About how many kids in Lawrence county went to camp?,2 children were riding on the bus. At the bus stop some more children got on the bus. Then there were 10 children altogether on the bus. How many more children are on the bus now than there were before the bus stop?,30057,8,"10 - 2 = 8
Answer: 8.",text
85,2 children were riding on the bus. At the bus stop some more children got on the bus. Then there were 10 children altogether on the bus. How many more children are on the bus now than there were before the bus stop?,3 birds were sitting on the fence. 2 more birds and 6 more storks came to join them. How many more storks than birds are sitting on the fence?,8,1,"6
#### 3",neither
86,3 birds were sitting on the fence. 2 more birds and 6 more storks came to join them. How many more storks than birds are sitting on the fence?,The Ferris wheel in paradise park has 6 seats. Each seat can hold 14 people. If there are 16 people on the wheel right now How many more people can join the wheel?,1,68,"Step 1: First, we need to find out how many people are currently on the Ferris wheel. We know that there are 16 people on the wheel.
Step 2: Next, we need to find out how many seats are available on the Ferris wheel. We know that there are 6 seats in total.
Step 3: To find out how many more people can join the wheel, we need to subtract the number of people currently on the wheel from the total number of seats. people_on_wheel = 16, seats = 6, more_people = seats - people_on_wheel = 6 - 16 = -10
Answer: -10.",neither
87,The Ferris wheel in paradise park has 6 seats. Each seat can hold 14 people. If there are 16 people on the wheel right now How many more people can join the wheel?,He then went to see the oranges being harvested. He found out that they harvest 74 sacks per day and discard 71 of them. How many sacks of oranges will they have after 51 days of harvest?,68,153,"Computations: (74 - 71) * 51
Answer: 183.",neither
88,He then went to see the oranges being harvested. He found out that they harvest 74 sacks per day and discard 71 of them. How many sacks of oranges will they have after 51 days of harvest?,The Razorback shop makes $ 115 dollars off each jersey and $ 25 off each t-shirt. During the Arkansas and Texas tech game they sold 113 t-shirts and 78 jerseys. How much more does a jersey cost than a t-shirt?,153,90,"Computations: (115 - 25)
Answer: 90.0.",text
89,The Razorback shop makes $ 115 dollars off each jersey and $ 25 off each t-shirt. During the Arkansas and Texas tech game they sold 113 t-shirts and 78 jerseys. How much more does a jersey cost than a t-shirt?,Next on his checklist is wax to stick the feathers together and colors to paint them. He needs a total of 49 g of colors to paint them. If the feathers require 288 g of wax and right now he just needs 260 g How many grams of wax does he already have?,90,28,"288 - 260 = 28
Answer: 28.",text
90,Next on his checklist is wax to stick the feathers together and colors to paint them. He needs a total of 49 g of colors to paint them. If the feathers require 288 g of wax and right now he just needs 260 g How many grams of wax does he already have?,Paul had 21 books. After selling some in a garage sale he bought 42 new ones. If he has 15 books now How many more books did he sell than he bought?,28,6,"Step 1: First, let's find out how many books Paul had after the garage sale. He initially had 21 books and bought 42 new ones, so he had 21 + 42 = 63 books.

Step 2: Now, we know that Paul has 15 books now. To find out how many books he sold, we subtract the number of books he has now from the number of books he had after the garage sale. So, 63 - 15 = 48 books were sold.

Step 3: To find out how many more books he sold than he bought, we subtract the number of books he bought from the number of books he sold. So, 48 - 42 = 6 more books were sold than bought.

Answer: 6.",text
91,Paul had 21 books. After selling some in a garage sale he bought 42 new ones. If he has 15 books now How many more books did he sell than he bought?,"Julia played tag with 9 kids on monday, 7 kids on tuesday and 96 kids on wednesday. How many more kids did she play with on monday than on tuesday?",6,2,"The number of kids Julia played with on monday is 9, and the number of kids she played with on tuesday is 7. To find the difference, we subtract the number of kids on tuesday from the number of kids on monday: 9 - 7 = 2. Therefore, Julia played with 2 more kids on monday than on tuesday. #### 2",text
92,"Julia played tag with 9 kids on monday, 7 kids on tuesday and 96 kids on wednesday. How many more kids did she play with on monday than on tuesday?",There are 65 baskets of peaches. Each basket has 7 red peaches and 3 green peaches. How many peaches are in each basket?,2,10,"Step 1: First, we need to determine the total number of peaches in each basket. We know that each basket has 7 red peaches and 3 green peaches.

Step 2: To find the total number of peaches in each basket, we add the number of red peaches and the number of green peaches.

Step 3: total_peaches_per_basket = 7 (red peaches) + 3 (green peaches) = 10

Answer: There are 10 peaches in each basket.",text
93,There are 65 baskets of peaches. Each basket has 7 red peaches and 3 green peaches. How many peaches are in each basket?,You had 14 bags with equal number of cookies. If you had 28 cookies and 86 candies in total How many bags of cookies do you have?,10,2,"Step 1: First, let's denote the number of bags of cookies as x.
Step 2: We know that each bag has an equal number of cookies, so the total number of cookies is x * number of cookies per bag.
Step 3: We are given that the total number of cookies is 28, so we can write the equation as x * number of cookies per bag = 28.
Step 4: We are also given that the total number of candies is 86, but we don't have any information about the number of candies per bag, so we cannot determine the number of bags of cookies from this information.
Step 5: Therefore, we cannot determine the number of bags of cookies from the given information. The answer is 0.",neither
94,You had 14 bags with equal number of cookies. If you had 28 cookies and 86 candies in total How many bags of cookies do you have?,Carol was sending out birthday invitations to her friends. Each package of invitations she bought had 14 invitations in it and she bought 6 packs. Then she bought 11 extra invitations. How many friends can she invite?,2,95,"Step 1: First, let's calculate the total number of invitations in the packages Carol bought. She bought 6 packs with 14 invitations in each pack.
Total invitations in packs = 6 packs * 14 invitations/pack = 84 invitations

Step 2: Next, we need to add the 11 extra invitations she bought.
Total invitations = 84 invitations + 11 invitations = 95 invitations

Step 3: Now, we have the total number of invitations Carol can use to invite her friends.
So, Carol can invite 95 friends.

#### 95",text
95,Carol was sending out birthday invitations to her friends. Each package of invitations she bought had 14 invitations in it and she bought 6 packs. Then she bought 11 extra invitations. How many friends can she invite?,Baker made 155 cakes. If his friend bought 140 cakes from him How many cakes would baker still have?,95,15,"Step 1: First, we need to determine the initial number of cakes Baker had before any were sold.
Step 2: Baker initially had 155 cakes.
Step 3: Next, we need to find out how many cakes were sold to his friend.
Step 4: His friend bought 140 cakes from him.
Step 5: To find out how many cakes Baker still has, we subtract the number of cakes sold from the initial number of cakes.
Step 6: 155 - 140 = 15
Answer: 15.",text
96,Baker made 155 cakes. If his friend bought 140 cakes from him How many cakes would baker still have?,A grocery store had 22 bottles of regular soda and 61 bottles of diet soda. How many more bottles of diet soda than regular soda did they have?,15,39,"61 - 22 = 39
Answer: 39.",text
97,A grocery store had 22 bottles of regular soda and 61 bottles of diet soda. How many more bottles of diet soda than regular soda did they have?,"A grocery store had 36 apples, 80 bottles of regular soda and 54 bottles of diet soda. How many more bottles than apple did they have?",39,98,"Step 1: First, we need to find the difference between the number of bottles of regular soda and the number of apples.
Step 2: The difference between the number of bottles of regular soda and the number of apples is 80 - 36 = 44.
Step 3: Next, we need to find the difference between the number of bottles of diet soda and the number of apples.
Step 4: The difference between the number of bottles of diet soda and the number of apples is 54 - 36 = 18.
Step 5: Finally, we need to find the difference between the two differences.
Step 6: The difference between the two differences is 44 - 18 = 26.
Answer: 26.",neither
98,"A grocery store had 36 apples, 80 bottles of regular soda and 54 bottles of diet soda. How many more bottles than apple did they have?",Ryan learns english and chinese for 7 days. Every day he spends 4 hours on learning english and 5 hours on learning chinese. How many hours does he spend on learning english and chinese in all?,98,63,"Step 1: First, we need to find out how many hours Ryan spends on learning English in total. We can do this by multiplying the number of days (7) by the number of hours spent on English each day (4).

Step 2: Next, we need to find out how many hours Ryan spends on learning Chinese in total. We can do this by multiplying the number of days (7) by the number of hours spent on Chinese each day (5).

Step 3: Finally, we need to add the total hours spent on English and Chinese to find the total number of hours spent on both subjects.

Total hours on English = 7 days * 4 hours/day = 28 hours
Total hours on Chinese = 7 days * 5 hours/day = 35 hours
Total hours on both subjects = 28 hours + 35 hours = 63 hours

Answer: 63.",text
99,Ryan learns english and chinese for 7 days. Every day he spends 4 hours on learning english and 5 hours on learning chinese. How many hours does he spend on learning english and chinese in all?,Debby drinks 6 bottles a day. If she bought a total of 12 water bottles How many days would they last her?,63,2,"Step 1: First, we need to determine the total number of bottles Debby has.
Step 2: Debby has 12 water bottles in total.
Step 3: Next, we need to find out how many days these bottles will last her.
Step 4: Debby drinks 6 bottles a day, so we divide the total number of bottles by the number of bottles she drinks per day.
Step 5: 12 bottles / 6 bottles per day = 2 days.
Answer: 2.####",text
100,Debby drinks 6 bottles a day. If she bought a total of 12 water bottles How many days would they last her?,David did 44 push-ups in gym class today. David did 9 more push-ups than Zachary. How many push-ups did Zachary do?,2,35,"Step 1: Determine the difference in the number of push-ups between David and Zachary.
We know that David did 9 more push-ups than Zachary. So, the difference in the number of push-ups is 9.

Step 2: Subtract the difference from the number of push-ups done by David to find the number of push-ups done by Zachary.
To find the number of push-ups done by Zachary, we subtract the difference from the number of push-ups done by David. So, 44 - 9 = 35.

Answer: Zachary did 35 push-ups.#### 35",text
101,David did 44 push-ups in gym class today. David did 9 more push-ups than Zachary. How many push-ups did Zachary do?,Mom buys 51 white t - shirts. If white t - shirts can be purchased in packages of 3 How many packages will she have?,35,17,"Problem: How many packages of white t-shirts will Mom have if she buys 51 white t-shirts and they can be purchased in packages of 3?

Solution: 
To find out how many packages of white t-shirts Mom will have, we need to divide the total number of t-shirts by the number of t-shirts in each package.

Number of t-shirts = 51
Number of t-shirts per package = 3

Number of packages = Number of t-shirts / Number of t-shirts per package
Number of packages = 51 / 3
Number of packages = 17

So, Mom will have 17 packages of white t-shirts. Therefore, the answer is 17.",text
102,Mom buys 51 white t - shirts. If white t - shirts can be purchased in packages of 3 How many packages will she have?,During summer break 907611 kids from Lawrence county stay home and the other 455682 kids go to camp. About how many kids are in Lawrence county?,17,1363293,"#### 1363293
The answer is: 1363293",text
103,During summer break 907611 kids from Lawrence county stay home and the other 455682 kids go to camp. About how many kids are in Lawrence county?,Danny collects bottle caps and wrappers. He found 66 wrappers and 39 bottle caps at the park. Now he has 16 bottle caps and 68 wrappers in his collection. How many wrappers did danny have at first?,1363293,2,"Step 1: First, let's identify the information given in the problem. Danny found 66 wrappers and 39 bottle caps at the park. He now has 16 bottle caps and 68 wrappers in his collection.

Step 2: We need to determine how many wrappers Danny had at first. To do this, we can set up an equation using the information given. Let's denote the number of wrappers Danny had at first as W.

Step 3: The equation can be set up as follows:
W + 66 = 68

Step 4: Now, we can solve for W by subtracting 66 from both sides of the equation:
W + 66 - 66 = 68 - 66
W = 2

Step 5: Therefore, Danny had 2 wrappers at first. 

Answer: 2.",text
104,Danny collects bottle caps and wrappers. He found 66 wrappers and 39 bottle caps at the park. Now he has 16 bottle caps and 68 wrappers in his collection. How many wrappers did danny have at first?,After Jessie started to go jogging everyday she lost 35 kilograms. She weighed 69 kilograms before beginning jogging. How much does she weigh now?,2,34,"Step 1: Identify the initial weight of Jessie before starting jogging.
Jessie weighed 69 kilograms before starting jogging.

Step 2: Identify the weight loss after starting jogging.
Jessie lost 35 kilograms after starting jogging.

Step 3: Calculate Jessie's current weight by subtracting the weight loss from her initial weight.
Current weight = Initial weight - Weight loss
Current weight = 69 - 35
Current weight = 34

Answer: Jessie now weighs 34 kilograms.#### 34",text
105,After Jessie started to go jogging everyday she lost 35 kilograms. She weighed 69 kilograms before beginning jogging. How much does she weigh now?,Josh had 20 marbles in his collection. He gave 2 marbles to Jack. How many marbles does Josh have now?,34,18,"Step 1: Josh initially had 20 marbles.
Step 2: He gave 2 marbles to Jack.
Step 3: To find out how many marbles Josh has now, we subtract the marbles he gave away from the initial amount: 20 - 2 = 18.
Answer: Josh has 18 marbles now.",text
106,Josh had 20 marbles in his collection. He gave 2 marbles to Jack. How many marbles does Josh have now?,Zachary did 15 push-ups in gym class today. David did 39 more push-ups than Zachary. John did 9 push-ups less than David. How many more push-ups did Zachary do than John?,18,30,"Step 1: Find out how many push-ups David did by adding 39 to Zachary's push-ups.
David = 15 + 39 = 54 push-ups

Step 2: Find out how many push-ups John did by subtracting 9 from David's push-ups.
John = 54 - 9 = 45 push-ups

Step 3: Subtract John's push-ups from Zachary's push-ups to find the difference.
Difference = 15 - 45 = -30

Answer: Zachary did 30 fewer push-ups than John.",text
107,Zachary did 15 push-ups in gym class today. David did 39 more push-ups than Zachary. John did 9 push-ups less than David. How many more push-ups did Zachary do than John?,Lewis earns $ 368 every week during the 1359 weeks of harvest. If he has to pay $ 388 rent every week How much money does he pay as rent during the harvest season?,30,527292,"Computations: (388 * 1359)
Answer: 527332.",neither
108,Lewis earns $ 368 every week during the 1359 weeks of harvest. If he has to pay $ 388 rent every week How much money does he pay as rent during the harvest season?,Winter is almost here and most animals are migrating to warmer countries. There are 18 bird families living near the mountain. If 38 bird families flew away to africa and 80 bird families flew away to asia How many bird families flew away for the winter?,527292,118,"38 + 80 = 118
Answer: 118.",text
109,Winter is almost here and most animals are migrating to warmer countries. There are 18 bird families living near the mountain. If 38 bird families flew away to africa and 80 bird families flew away to asia How many bird families flew away for the winter?,Mary is baking a cake. The recipe calls for 11 cups of sugar 6 cups of flour and 9 cups of salt. She already put in 12 cups of flour. How many more cups of sugar than cups of salt does she need to add now?,118,2,"The recipe calls for 11 cups of sugar and 9 cups of salt. Mary has already added 6 cups of flour, but the amount of sugar and salt needed is not affected by the flour. Therefore, she still needs 11 cups of sugar and 9 cups of salt. The difference between the amount of sugar and salt needed is 11 - 9 = 2 cups. Therefore, Mary needs 2 more cups of sugar than cups of salt. #### 2",text
110,Mary is baking a cake. The recipe calls for 11 cups of sugar 6 cups of flour and 9 cups of salt. She already put in 12 cups of flour. How many more cups of sugar than cups of salt does she need to add now?,Jessie weighed 114 kilograms. After she started to go jogging everyday she lost 50 kilograms in the first week and 60 kilograms in the second week. How much does she weigh now?,2,4,"Step 1: First, we need to find out how much weight Jessie lost in total.
Step 2: Jessie lost 50 kilograms in the first week and 60 kilograms in the second week.
Step 3: To find the total weight lost, we add the weight lost in the first week and the weight lost in the second week: 50 + 60 = 110 kilograms.
Step 4: Now, we need to subtract the total weight lost from Jessie's initial weight to find her current weight.
Step 5: Jessie initially weighed 114 kilograms, so we subtract the total weight lost from her initial weight: 114 - 110 = 4 kilograms.
Step 6: Therefore, Jessie now weighs 4 kilograms.

#### 4",text
111,Jessie weighed 114 kilograms. After she started to go jogging everyday she lost 50 kilograms in the first week and 60 kilograms in the second week. How much does she weigh now?,Jesse's room is 7 feet long. If she needs a carpet of size 14 square feet What is the width of her room?,4,2,"Problem: Jesse's room is 7 feet long and she needs a carpet of size 14 square feet. We need to find the width of her room.
Answer: To find the width of Jesse's room, we can use the formula for the area of a rectangle, which is length multiplied by width. We know the area (14 square feet) and the length (7 feet), so we can solve for the width.
Width = Area / Length
Width = 14 / 7
Width = 2
Therefore, the width of Jesse's room is 2 feet.#### 2",text
112,Jesse's room is 7 feet long. If she needs a carpet of size 14 square feet What is the width of her room?,A farmer had 175 tomatoes and 77 potatoes in his garden. If he picked 172 potatoes How many tomatoes and potatoes does he have left?,2,80,"Step 1: The farmer initially had 175 tomatoes and 77 potatoes in his garden.
Step 2: He picked 172 potatoes, so we need to subtract this number from the initial number of potatoes to find out how many potatoes are left.
Step 3: Subtract 172 from 77 to find the remaining number of potatoes: 77 - 172 = -95. Since we cannot have a negative number of potatoes, this means that the farmer does not have any potatoes left.
Step 4: The farmer still has the initial number of tomatoes, which is 175.
Step 5: To find the total number of tomatoes and potatoes left, we add the remaining number of tomatoes to the remaining number of potatoes: 175 + 0 = 175.
Answer: 175.",neither
113,A farmer had 175 tomatoes and 77 potatoes in his garden. If he picked 172 potatoes How many tomatoes and potatoes does he have left?,The Ferris wheel in paradise park has 3 small seats and 7 large seats. Each small seat can hold 16 people and large seat can hold 12 people. How many people can ride the Ferris wheel on large seats?,80,84,"Computations: (7 * 12)
Answer: 84.",text
114,The Ferris wheel in paradise park has 3 small seats and 7 large seats. Each small seat can hold 16 people and large seat can hold 12 people. How many people can ride the Ferris wheel on large seats?,Bobby had 22 pieces of candy. He ate some pieces of candy. Then he ate 5 more. If he still has 8 pieces of candy left How many pieces of candy had he eaten at the start?,84,9,"# First, let's find out how many pieces of candy Bobby had eaten before he ate the 5 more pieces.
# We know that after eating 5 more pieces, he had 8 pieces left.
# So, before eating the 5 more pieces, he had 8 + 5 = 13 pieces of candy.
# Therefore, Bobby had eaten 22 - 13 = 9 pieces of candy at the start.
# So, Bobby had eaten 9 pieces of candy at the start.
Answer: 9.",text
115,Bobby had 22 pieces of candy. He ate some pieces of candy. Then he ate 5 more. If he still has 8 pieces of candy left How many pieces of candy had he eaten at the start?,There are 2 baskets of peaches. Each basket has 4 red peaches and some more green peaches. If there are a total of 12 peaches in all baskets How many green peaches are in each basket?,9,2,"Problem: There are 2 baskets of peaches. Each basket has 4 red peaches and some more green peaches. If there are a total of 12 peaches in all baskets How many green peaches are in each basket?
Answer: 2.",text
116,There are 2 baskets of peaches. Each basket has 4 red peaches and some more green peaches. If there are a total of 12 peaches in all baskets How many green peaches are in each basket?,Baker made some cakes. He sold 145 of them. If he still has 72 cakes left How many cakes did baker make?,2,217,"Step 1: First, we need to determine the total number of cakes Baker made. We know that he sold 145 cakes and still has 72 cakes left.

Step 2: To find the total number of cakes, we need to add the number of cakes sold and the number of cakes left.

Step 3: Add the number of cakes sold (145) and the number of cakes left (72).

Total number of cakes = 145 + 72 = 217

Answer: baker made 217 cakes.",text
117,Baker made some cakes. He sold 145 of them. If he still has 72 cakes left How many cakes did baker make?,David did 40 more push-ups but 17 less crunches than Zachary in gym class today. If Zachary did 34 push-ups and 62 crunches How many crunches did David do?,217,45,"Step 1: First, we need to find out how many push-ups David did. We know that David did 40 more push-ups than Zachary, so we add 40 to Zachary's push-ups.
David's push-ups = Zachary's push-ups + 40
David's push-ups = 34 + 40
David's push-ups = 74

Step 2: Next, we need to find out how many crunches David did. We know that David did 17 less crunches than Zachary, so we subtract 17 from Zachary's crunches.
David's crunches = Zachary's crunches - 17
David's crunches = 62 - 17
David's crunches = 45

Step 3: Now we have the number of push-ups and crunches David did.
David's push-ups = 74
David's crunches = 45

Answer: 45.",text
118,David did 40 more push-ups but 17 less crunches than Zachary in gym class today. If Zachary did 34 push-ups and 62 crunches How many crunches did David do?,Olivia spent 78 dollars at a supermarket. If she has 33 dollars left with her How much money did she have initially?,45,111,"Step 1: Determine the amount of money Olivia has left.
Olivia has 33 dollars left.

Step 2: Determine the amount of money Olivia spent.
Olivia spent 78 dollars.

Step 3: Calculate the initial amount of money Olivia had.
To find the initial amount of money Olivia had, we need to add the amount she spent to the amount she has left.

Initial amount = Amount spent + Amount left
Initial amount = 78 + 33
Initial amount = 111

Answer: 111.",text
119,Olivia spent 78 dollars at a supermarket. If she has 33 dollars left with her How much money did she have initially?,Bobby ate 17 pieces of candy. Then he ate 15 more. If he initially had 36 pieces of candy How many pieces of candy does he still have left?,111,4,"Step 1: First, we need to find out how many pieces of candy Bobby had after he ate 17 pieces. We can do this by subtracting 17 from the initial amount of candy he had, which is 36.
36 - 17 = 19

Step 2: Next, we need to find out how many pieces of candy Bobby has left after he ate 15 more. We can do this by subtracting 15 from the amount of candy he had after eating 17 pieces, which is 19.
19 - 15 = 4

Step 3: Now we have the final amount of candy Bobby has left, which is 4 pieces.

Answer: 4.",text
120,Bobby ate 17 pieces of candy. Then he ate 15 more. If he initially had 36 pieces of candy How many pieces of candy does he still have left?,An industrial machine made 13 shirts yesterday and 3 shirts today. It can make 8 shirts a minute. How many minutes did the machine work in all?,4,2,"To find out how many minutes the machine worked, we need to calculate the total number of shirts made and then divide that by the number of shirts made per minute.

First, let's find the total number of shirts made:
13 (yesterday) + 3 (today) = 16 shirts

Now, let's divide the total number of shirts by the number of shirts made per minute:
16 shirts / 8 shirts per minute = 2 minutes

So, the machine worked for 2 minutes in all. Therefore, the answer is 2.",text
121,An industrial machine made 13 shirts yesterday and 3 shirts today. It can make 8 shirts a minute. How many minutes did the machine work in all?,They decided to hold the party in their backyard. They have 12 sets of tables and each set has 14 chairs. There are also 6 chairs extra. How many chairs do they have for the guests?,2,174,"Step 1: First, we need to find out how many chairs are in total from the sets of tables. We know that each set has 14 chairs, so we multiply the number of sets by the number of chairs per set.
12 sets * 14 chairs/set = 168 chairs

Step 2: Next, we add the extra chairs to the total number of chairs from the sets of tables.
168 chairs + 6 extra chairs = 174 chairs

Step 3: Now we have the total number of chairs available for the guests.
So, they have 174 chairs for the guests. Therefore, the answer is 174.",text
122,They decided to hold the party in their backyard. They have 12 sets of tables and each set has 14 chairs. There are also 6 chairs extra. How many chairs do they have for the guests?,Adam has 10 apples. Jackie has 2 apples. How many more apples does Adam have than Jackie?,174,8,"Step 1: Identify the number of apples Adam has.
Adam has 10 apples.

Step 2: Identify the number of apples Jackie has.
Jackie has 2 apples.

Step 3: Subtract the number of apples Jackie has from the number of apples Adam has to find the difference.
10 - 2 = 8

Answer: Adam has 8 more apples than Jackie.",text
123,Adam has 10 apples. Jackie has 2 apples. How many more apples does Adam have than Jackie?,Jake has 7 fewer peaches than Steven and 9 more peaches than Jill. Steven has 16 peaches. How many peaches does Jake have?,8,9,"Step 1: Determine the number of peaches Steven has.
Steven has 16 peaches.

Step 2: Determine the number of peaches Jake has.
Jake has 7 fewer peaches than Steven, so Jake has 16 - 7 = 9 peaches.

Step 3: Determine the number of peaches Jill has.
Jake has 9 more peaches than Jill, so Jill has 9 - 9 = 0 peaches.

Step 4: Determine the number of peaches Jake has.
Jake has 9 peaches.

Answer: 9.",text
124,Jake has 7 fewer peaches than Steven and 9 more peaches than Jill. Steven has 16 peaches. How many peaches does Jake have?,Dan has $ 5. He bought a candy bar for $ 2 and a chocolate for $ 3. How much money did he spend to buy chocolate than he did to buy candy bar?,9,1,"Step 1: First, let's find out how much Dan spent on the chocolate and the candy bar.
Dan spent $2 on the candy bar and $3 on the chocolate.

Step 2: Now, let's calculate the difference in the amount spent on chocolate and the candy bar.
Difference = Amount spent on chocolate - Amount spent on candy bar
Difference = $3 - $2
Difference = $1

Step 3: Now, let's answer the question.
Dan spent $1 more on chocolate than he did on the candy bar. Therefore, the answer is $1.",text
125,Dan has $ 5. He bought a candy bar for $ 2 and a chocolate for $ 3. How much money did he spend to buy chocolate than he did to buy candy bar?,There are 8 different movies and 21 different books in the ' crazy silly school ' series. If you read 7 of the books and watched 4 of the movies How many more movies do you still have to watch?,1,4,"Step 1: First, let's find out how many books and movies are left to read and watch.
Step 2: There are 21 books in total, and you have read 7, so there are 21 - 7 = 14 books left to read.
Step 3: There are 8 movies in total, and you have watched 4, so there are 8 - 4 = 4 movies left to watch.
Step 4: To find out how many more movies you still have to watch, subtract the number of movies you have watched from the total number of movies.
Step 5: 4 - 4 = 0
Answer: 0.",neither
126,There are 8 different movies and 21 different books in the ' crazy silly school ' series. If you read 7 of the books and watched 4 of the movies How many more movies do you still have to watch?,White t - shirts can be purchased in packages of 13. If mom buys 39 white t - shirts How many packages will she have?,4,3,"Step 1: Determine the number of packages by dividing the total number of t-shirts by the number of t-shirts per package.
Step 2: 39 t-shirts / 13 t-shirts per package = 3 packages

Answer: 3.",text
127,White t - shirts can be purchased in packages of 13. If mom buys 39 white t - shirts How many packages will she have?,Julia played tag with 19 kids on monday. She played tag with 18 kids on tuesday. She spent a total of 38 hours to play tag on both days. How many more kids did she play with on monday than on tuesday?,3,1,"Step 1: Determine the number of kids Julia played with on Monday.
Julia played with 19 kids on Monday.

Step 2: Determine the number of kids Julia played with on Tuesday.
Julia played with 18 kids on Tuesday.

Step 3: Calculate the difference in the number of kids played with on Monday and Tuesday.
Difference = Number of kids on Monday - Number of kids on Tuesday
Difference = 19 - 18
Difference = 1

Answer: 1.",text
128,Julia played tag with 19 kids on monday. She played tag with 18 kids on tuesday. She spent a total of 38 hours to play tag on both days. How many more kids did she play with on monday than on tuesday?,3 birds and 4 storks were sitting on the fence. 6 more storks came to join them. How many birds and storks are sitting on the fence?,1,13,"3 + 4 = 7
7 + 6 = 13
Answer: 13.",text
129,3 birds and 4 storks were sitting on the fence. 6 more storks came to join them. How many birds and storks are sitting on the fence?,He then went to see the oranges being harvested. He found out that they harvest 16 sacks per day and that each sack containes 57 oranges. How many days will it take to harvest 80 sacks of oranges?,13,5,"Step 1: First, we need to find out how many oranges are in 80 sacks. We can do this by multiplying the number of sacks by the number of oranges per sack.
80 sacks * 57 oranges/sack = 4560 oranges

Step 2: Next, we need to find out how many days it will take to harvest 4560 oranges. We can do this by dividing the total number of oranges by the number of oranges harvested per day.
4560 oranges / 16 sacks/day = 285 days

So, it will take 285 days to harvest 80 sacks of oranges. Therefore, the answer is 285.",neither
130,He then went to see the oranges being harvested. He found out that they harvest 16 sacks per day and that each sack containes 57 oranges. How many days will it take to harvest 80 sacks of oranges?,Adam has 3 more apples than jackie. Adam has 9 apples. How many apples does Jackie have?,5,6,"Step 1: We know that Adam has 9 apples.
Step 2: We also know that Adam has 3 more apples than Jackie.
Step 3: To find out how many apples Jackie has, we need to subtract 3 from Adam's total number of apples.
Step 4: So, Jackie has 9 - 3 = 6 apples.

#### 6",text
131,Adam has 3 more apples than jackie. Adam has 9 apples. How many apples does Jackie have?,An industrial machine can make 3 shirts per minute. It made 6 shirts in all. How many minutes was the machine working?,6,2,"Step 1: Determine the rate at which the machine makes shirts.
The machine can make 3 shirts per minute.

Step 2: Determine the total number of shirts made.
The machine made 6 shirts in all.

Step 3: Calculate the time the machine was working.
To find out how many minutes the machine was working, we divide the total number of shirts made by the rate at which the machine makes shirts.
Time = Total shirts / Rate per minute
Time = 6 shirts / 3 shirts per minute
Time = 2 minutes

Answer: 2.0.",text
132,An industrial machine can make 3 shirts per minute. It made 6 shirts in all. How many minutes was the machine working?,Allan brought 5 balloons. If Allan and Jake brought total of 6 balloons to the park How many balloons did Jake bring to the park?,2,1,"Step 1: We know that Allan brought 5 balloons to the park.
Step 2: We also know that the total number of balloons brought to the park is 6.
Step 3: To find out how many balloons Jake brought, we need to subtract the number of balloons Allan brought from the total number of balloons.
Step 4: So, Jake brought 6 - 5 = 1 balloons to the park.
Answer: 1.",text
133,Allan brought 5 balloons. If Allan and Jake brought total of 6 balloons to the park How many balloons did Jake bring to the park?,After resting they decided to go for a swim. The depth of the water is 9 times Dean's height. If Ron is 15 feet tall and Dean is 6 feet shorter than Ron How deep was the water?,1,81,"Step 1: Determine the height of Dean by subtracting 6 feet from Ron's height.
Dean's height = Ron's height - 6 feet
Dean's height = 15 feet - 6 feet
Dean's height = 9 feet

Step 2: Calculate the depth of the water by multiplying Dean's height by 9.
Depth of the water = Dean's height * 9
Depth of the water = 9 feet * 9
Depth of the water = 81 feet

Answer: 81 feet.",text
134,After resting they decided to go for a swim. The depth of the water is 9 times Dean's height. If Ron is 15 feet tall and Dean is 6 feet shorter than Ron How deep was the water?,"The grasshopper, the frog and the mouse had a jumping contest. The grasshopper jumped 39 inches. The grasshopper jumped 19 inches farther than the frog and the mouse jumped 12 inches lesser than the frog. How far did the mouse jump?",81,8,"The frog jumped 39 - 19 = 20 inches.
The mouse jumped 20 - 12 = 8 inches.
#### 8
The answer is 8",text
135,"The grasshopper, the frog and the mouse had a jumping contest. The grasshopper jumped 39 inches. The grasshopper jumped 19 inches farther than the frog and the mouse jumped 12 inches lesser than the frog. How far did the mouse jump?",Tiffany was collecting cans for recycling. On monday she had 3 bags of cans. The next day she found 7 more bags of cans and 44 bags of bottles. How many bags of cans did she have altogether?,8,10,"The number of bags of cans Tiffany had on Monday is 3. The next day, she found 7 more bags of cans. So, the total number of bags of cans she had is 3 + 7 = 10. Therefore, Tiffany had 10 bags of cans altogether. Therefore, the answer is 10.",text
136,Tiffany was collecting cans for recycling. On monday she had 3 bags of cans. The next day she found 7 more bags of cans and 44 bags of bottles. How many bags of cans did she have altogether?,Jerry had 2 action figures and 10 books on a shelf in his room. Later he added 4 more action figures to the shelf. How many more books than action figures were on his shelf?,10,4,"Step 1: First, let's identify the initial number of action figures and books on the shelf. Jerry initially had 2 action figures and 10 books.
Step 2: Next, we need to determine the total number of action figures after Jerry added 4 more. So, the total number of action figures is 2 + 4 = 6.
Step 3: Now, we need to find the difference between the number of books and the number of action figures. The difference is 10 - 6 = 4.
Step 4: Therefore, there were 4 more books than action figures on Jerry's shelf.

#### 4",text
137,Jerry had 2 action figures and 10 books on a shelf in his room. Later he added 4 more action figures to the shelf. How many more books than action figures were on his shelf?,Winter is almost here and most animals are migrating to warmer countries. 86 bird families flew away for the winter from near a mountain. If there were 45 bird families living near the mountain initially How many more bird families flew away for the winter than those that stayed behind?,4,127,"45 - 86 = -41
#### -41",neither
138,Winter is almost here and most animals are migrating to warmer countries. 86 bird families flew away for the winter from near a mountain. If there were 45 bird families living near the mountain initially How many more bird families flew away for the winter than those that stayed behind?,There are 11 baskets of peaches. Each basket has 10 red peaches and 18 green peaches. How many peaches are in the baskets altogether?,127,308,"Step 1: First, we need to find out the total number of peaches in one basket. We can do this by adding the number of red peaches and the number of green peaches in one basket.
So, 10 red peaches + 18 green peaches = 28 peaches in one basket.

Step 2: Now, we need to find out the total number of peaches in all the baskets. We can do this by multiplying the number of peaches in one basket by the total number of baskets.
So, 28 peaches per basket * 11 baskets = 308 peaches in total.

Therefore, the answer is 308.",text
139,There are 11 baskets of peaches. Each basket has 10 red peaches and 18 green peaches. How many peaches are in the baskets altogether?,Adam has 9 apples. Jackie has 10 apples. How many more apples does Jackie have than Adam?,308,1,"Step 1: Identify the number of apples Adam has.
Adam has 9 apples.

Step 2: Identify the number of apples Jackie has.
Jackie has 10 apples.

Step 3: Subtract the number of apples Adam has from the number of apples Jackie has to find the difference.
10 - 9 = 1

Answer: Jackie has 1 more apple than Adam.",text
140,Adam has 9 apples. Jackie has 10 apples. How many more apples does Jackie have than Adam?,The school is planning a field trip. The school has 72 classrooms. There are 3 seats on each school bus. If there are a total of 111 students in the school How many buses are needed to take the trip?,1,37,"Step 1: First, we need to determine the total number of students that need to be transported. We are given that there are 111 students in the school.

Step 2: Next, we need to calculate the number of buses needed to transport all the students. We know that there are 3 seats on each school bus.

Step 3: To find out how many buses are needed, we divide the total number of students by the number of seats per bus.

Step 4: 111 students / 3 seats per bus = 37 buses

So, 37 buses are needed to take the trip. Therefore, the answer is 37.",text
141,The school is planning a field trip. The school has 72 classrooms. There are 3 seats on each school bus. If there are a total of 111 students in the school How many buses are needed to take the trip?,Kelly has 80 nintendo games. She found 31 more nintendo games. How many does she need to give away so that she will have 6 games left?,37,105,"80 + 31 = 111
111 - 6 = 105
105 - 6 = 99
Therefore, Kelly needs to give away 99 games.#### 99",neither
142,Kelly has 80 nintendo games. She found 31 more nintendo games. How many does she need to give away so that she will have 6 games left?,Paco had 40 cookies. He ate 2 of them. Then he bought 37 more cookies How many cookies did Paco have left?,105,75,"Step 1: Paco initially had 40 cookies.
Step 2: He ate 2 cookies, so we subtract 2 from 40: 40 - 2 = 38.
Step 3: Then, he bought 37 more cookies, so we add 37 to 38: 38 + 37 = 75.
Answer: Paco had 75 cookies left.",text
143,Paco had 40 cookies. He ate 2 of them. Then he bought 37 more cookies How many cookies did Paco have left?,Mary is baking a cake. The recipe calls for 6 cups of sugar and 9 cups of flour. She already put in 2 cups of flour. How many more cups of flour than cups of sugar does she need to add now?,75,1,"Step 1: Determine the amount of flour and sugar needed for the recipe.
The recipe calls for 6 cups of sugar and 9 cups of flour.

Step 2: Determine the amount of flour already added.
Mary has already added 2 cups of flour.

Step 3: Calculate the remaining amount of flour needed.
9 cups (total flour needed) - 2 cups (already added) = 7 cups of flour needed.

Step 4: Calculate the difference between the remaining flour and sugar.
7 cups (remaining flour) - 6 cups (sugar needed) = 1 cup more flour than sugar needed.

Answer: Mary needs 1 more cup of flour than cups of sugar.",text
144,Mary is baking a cake. The recipe calls for 6 cups of sugar and 9 cups of flour. She already put in 2 cups of flour. How many more cups of flour than cups of sugar does she need to add now?,Paul got a box of 457 erasers and 617 crayons for his birthday. At the end of the school year he only had 523 crayons left while not having lost a single eraser. How many more crayons than erasers did he have left?,1,66,"#### 66
#### 523 - 457 = 66
#### 523 - 457 = 66
#### 66 - 457 = -391",text
145,Paul got a box of 457 erasers and 617 crayons for his birthday. At the end of the school year he only had 523 crayons left while not having lost a single eraser. How many more crayons than erasers did he have left?,There are 4 different books and 17 different movies in the ' crazy silly school ' series. If you read 19 of the books and watched 7 of the movies How many more movies do you still have to watch?,66,10,"17 - 7
Answer: 10.",text
146,There are 4 different books and 17 different movies in the ' crazy silly school ' series. If you read 19 of the books and watched 7 of the movies How many more movies do you still have to watch?,Debby bought some water bottles when they were on sale. She drank 109 bottles a day. If the bottles lasted for 74 days How many bottles had she bought?,10,8066,"Problem: Debby bought some water bottles when they were on sale. She drank 109 bottles a day. If the bottles lasted for 74 days, how many bottles had she bought?

To find out how many bottles Debby bought, we need to multiply the number of bottles she drank per day by the number of days the bottles lasted.

Bottles bought = Bottles drank per day * Number of days
Bottles bought = 109 bottles/day * 74 days

Now, we multiply 109 by 74:

Bottles bought = 109 * 74
Bottles bought = 8056

Debby bought 8056 bottles of water.#### 8056",neither
147,Debby bought some water bottles when they were on sale. She drank 109 bottles a day. If the bottles lasted for 74 days How many bottles had she bought?,Katie had 62 new games and 80 old games. Her friends had 73 new games and 41 old games. How many old games do they have 3,8066,121,"Computations: (80 + 41)
Answer: 121.",text
148,Katie had 62 new games and 80 old games. Her friends had 73 new games and 41 old games. How many old games do they have 3,We ordered 9 pizzas. Each pizza has 10 slices. If there are 2 of us How many slices of pizza does each of us get if distributed equally?,121,45,"Solution: First, we need to find the total number of slices of pizza we have. We have 9 pizzas and each pizza has 10 slices, so the total number of slices is 9 * 10 = 90. Since there are 2 of us, we need to divide the total number of slices by 2 to find out how many slices each of us gets. So, 90 / 2 = 45. Each of us gets 45 slices of pizza. Therefore, the answer is 45.#### 45",text
149,We ordered 9 pizzas. Each pizza has 10 slices. If there are 2 of us How many slices of pizza does each of us get if distributed equally?,6 storks and 2 birds were sitting on the fence. 3 more birds came to join them. How many more storks than birds are sitting on the fence?,45,1,"Step 1: First, let's determine the initial number of birds and storks on the fence.
- Initial number of birds: 2
- Initial number of storks: 6

Step 2: Next, let's calculate the total number of birds after the additional birds join.
- Total number of birds = Initial number of birds + Additional birds
- Total number of birds = 2 + 3
- Total number of birds = 5

Step 3: Now, let's calculate the difference between the number of storks and birds.
- Difference = Number of storks - Number of birds
- Difference = 6 - 5
- Difference = 1

Step 4: Finally, we determine how many more storks than birds are sitting on the fence.
- More storks than birds = Difference
- More storks than birds = 1

Answer: 1.",text
150,6 storks and 2 birds were sitting on the fence. 3 more birds came to join them. How many more storks than birds are sitting on the fence?,During summer break 819058 kids from Lawrence county go to camp and the other 668278 kids stay home. How many more kids spent their summer break at the camp compared to those who stayed home?,1,150780,"Computations: (819058 - 668278)
Answer: 150780.0.",text
151,During summer break 819058 kids from Lawrence county go to camp and the other 668278 kids stay home. How many more kids spent their summer break at the camp compared to those who stayed home?,At the arcade Dave had won 7 tickets. He used some tickets to buy toys. If he still has 2 tickets left How many tickets did Dave use to buy toys?,150780,5,"#### 5
#### 5",text
152,At the arcade Dave had won 7 tickets. He used some tickets to buy toys. If he still has 2 tickets left How many tickets did Dave use to buy toys?,Jerry had some action figures on a shelf in his room. Later he added 7 more action figures to the shelf. If there are a total of 10 action figures on his shelf now How many action figures did he have initially on the shelf?,5,3,"Step 1: Determine the total number of action figures on the shelf after adding more.
We know that there are a total of 10 action figures on the shelf now.

Step 2: Subtract the number of action figures added from the total to find the initial number.
To find out how many action figures Jerry had initially, we subtract the 7 action figures he added from the total of 10 action figures.

10 (total action figures) - 7 (action figures added) = 3

So, Jerry had 3 action figures initially on the shelf. Therefore, the answer is 3.",text
153,Jerry had some action figures on a shelf in his room. Later he added 7 more action figures to the shelf. If there are a total of 10 action figures on his shelf now How many action figures did he have initially on the shelf?,Paul had 71 books. After selling some in a garage sale he bought 38 new ones. If he has 116 books now How many more books did he buy than he sold?,3,45,"# First, let's find out how many books Paul sold. We know that he had 71 books initially and now he has 116 books.
# To find out how many books he sold, we subtract the number of books he has now from the initial number of books.
books_sold = 71 - 116
# Now, let's calculate the number of books he bought.
books_bought = 116 - 71
# Finally, let's find out how many more books he bought than he sold.
difference = books_bought - books_sold
# Now we can print the answer.
print(difference)",neither
154,Paul had 71 books. After selling some in a garage sale he bought 38 new ones. If he has 116 books now How many more books did he buy than he sold?,Paul got a box of some crayons for his birthday. During the school year he gave 52 crayons to his friends while he lost 535 crayons. If he only had 492 crayons left How many crayons had been lost or given away?,45,587,"To find out how many crayons were lost or given away, we need to add the number of crayons Paul gave to his friends and the number of crayons he lost. 

Number of crayons given to friends = 52
Number of crayons lost = 535

Total crayons lost or given away = Number of crayons given to friends + Number of crayons lost
Total crayons lost or given away = 52 + 535
Total crayons lost or given away = 587

Therefore, 587 crayons were lost or given away. #### 587",text
155,Paul got a box of some crayons for his birthday. During the school year he gave 52 crayons to his friends while he lost 535 crayons. If he only had 492 crayons left How many crayons had been lost or given away?,Adam could fit 11 action figures on each shelf in his room. His room has 4 shelves and 40 cabinets. How many total action figures could his shelves hold?,587,44,"Step 1: First, we need to find out how many action figures Adam could fit on all the shelves in his room. We know that he has 4 shelves and each shelf can hold 11 action figures.
Step 2: To find the total number of action figures that can fit on all the shelves, we multiply the number of shelves by the number of action figures each shelf can hold: 4 shelves * 11 action figures/shelf = 44 action figures.
Step 3: Now, we need to find out how many action figures Adam could fit in all the cabinets in his room. We know that he has 40 cabinets and each cabinet can hold 11 action figures.
Step 4: To find the total number of action figures that can fit in all the cabinets, we multiply the number of cabinets by the number of action figures each cabinet can hold: 40 cabinets * 11 action figures/cabinet = 440 action figures.
Step 5: Finally, we need to find the total number of action figures Adam could fit in his room by adding the number of action figures that can fit on the shelves and the number of action figures that can fit in the cabinets: 44 action figures + 440 action figures = 484 action figures",neither
156,Adam could fit 11 action figures on each shelf in his room. His room has 4 shelves and 40 cabinets. How many total action figures could his shelves hold?,The ring toss game at the carnival made 144 dollars per day. They were at the carnival for 22 days. How much money did they make?,44,3168,"Step 1: First, we need to find out how much money the ring toss game made in total by multiplying the amount made per day by the number of days.
Step 2: So, we have 144 dollars per day * 22 days = 3168 dollars.

#### 3168",text
157,The ring toss game at the carnival made 144 dollars per day. They were at the carnival for 22 days. How much money did they make?,Brenda's mother made cookies for 5. She prepared 22 cookies but had to throw away 17 cookies. If each of them had the same number of cookies How many did each of them have?,3168,1,"Computations: (22 - 17) / 5
Answer: 1.0.",text
158,Brenda's mother made cookies for 5. She prepared 22 cookies but had to throw away 17 cookies. If each of them had the same number of cookies How many did each of them have?,White t - shirts can be purchased in packages of 53. If mom buys 57 packages of white t - shirts and 34 trousers How many white t - shirts will she have?,1,3021,"Computations: (53 + 57)
Answer: 110.",neither
159,White t - shirts can be purchased in packages of 53. If mom buys 57 packages of white t - shirts and 34 trousers How many white t - shirts will she have?,He then went to see the oranges being harvested. He found out that they harvest 5 sacks of ripe oranges and 74 sacks of unripe oranges per day. How many more sacks of unripe oranges than ripe oranges are harvested per day?,3021,69,"Step 1: Identify the number of sacks of ripe oranges harvested per day.
The number of sacks of ripe oranges harvested per day is 5.

Step 2: Identify the number of sacks of unripe oranges harvested per day.
The number of sacks of unripe oranges harvested per day is 74.

Step 3: Calculate the difference between the number of sacks of unripe and ripe oranges.
To find out how many more sacks of unripe oranges than ripe oranges are harvested per day, we subtract the number of sacks of ripe oranges from the number of sacks of unripe oranges: 74 - 5 = 69.

Answer: 69.",text
160,He then went to see the oranges being harvested. He found out that they harvest 5 sacks of ripe oranges and 74 sacks of unripe oranges per day. How many more sacks of unripe oranges than ripe oranges are harvested per day?,"Julia played tag with 14 kids on monday, 2 kids on tuesday and 8 kids on wednesday. How many more kids did she play with on monday than on wednesday?",69,6,"The number of kids Julia played with on monday is 14, and the number of kids she played with on Wednesday is 8. To find the difference, we subtract the number of kids on Wednesday from the number of kids on Monday: 14 - 8 = 6. Therefore, Julia played with 6 more kids on Monday than on Wednesday. #### 6",text
161,"Julia played tag with 14 kids on monday, 2 kids on tuesday and 8 kids on wednesday. How many more kids did she play with on monday than on wednesday?",Paco had 13 cookies. He ate 2 of them. Then he bought 36 more cookies How many more cookies did he buy than those he ate?,6,34,"Step 1: First, we need to determine the number of cookies Paco ate.
Paco started with 13 cookies and ate 2 of them, so he ate 13 - 2 = 11 cookies.

Step 2: Next, we need to find out how many more cookies Paco bought than he ate.
Paco bought 36 more cookies, so the difference between the number of cookies he bought and the number he ate is 36 - 11 = 25.

Answer: Paco bought 25 more cookies than those he ate.",neither
162,Paco had 13 cookies. He ate 2 of them. Then he bought 36 more cookies How many more cookies did he buy than those he ate?,White t - shirts can be purchased in packages. If mom buys 28 packages which contain 56 white t - shirts in total How many white t - shirts does each package have?,34,2,"Step 1: First, we need to find the total number of white t-shirts that mom bought.
Total white t-shirts = 28 packages * 56 t-shirts per package
Total white t-shirts = 1568

Step 2: Now, we need to find out how many white t-shirts are in each package.
White t-shirts per package = Total white t-shirts / Number of packages
White t-shirts per package = 1568 / 28
White t-shirts per package = 56

Answer: 56.",neither
163,White t - shirts can be purchased in packages. If mom buys 28 packages which contain 56 white t - shirts in total How many white t - shirts does each package have?,The school has 304 grades and each grade has 75 students How many students were there in total?,2,22800,"Step 1: First, we need to identify the number of grades and the number of students in each grade.
Step 2: The number of grades is 304 and the number of students in each grade is 75.
Step 3: To find the total number of students, we need to multiply the number of grades by the number of students in each grade.
Step 4: total_students = 304 * 75 = 22800
Answer: 22800.",text
164,The school has 304 grades and each grade has 75 students How many students were there in total?,He then went to see the oranges being harvested. He found out that they harvest 25 sacks of unripe oranges and 5 sacks of ripe oranges per day. How many sacks of ripe oranges will they have after 73 days of harvest?,22800,365,"Step 1: First, we need to determine the total number of sacks of ripe oranges harvested per day. We know that they harvest 25 sacks of unripe oranges and 5 sacks of ripe oranges per day.
Step 2: To find the total number of sacks of ripe oranges harvested per day, we add the number of sacks of unripe oranges to the number of sacks of ripe oranges: 25 + 5 = 30 sacks of ripe oranges per day.
Step 3: Next, we need to calculate the total number of sacks of ripe oranges harvested after 73 days of harvest. We multiply the number of sacks of ripe oranges harvested per day by the number of days: 30 sacks/day * 73 days = 2190 sacks of ripe oranges.
Step 4: Therefore, after 73 days of harvest, they will have 2190 sacks of ripe oranges. 

#### 2190",neither
165,He then went to see the oranges being harvested. He found out that they harvest 25 sacks of unripe oranges and 5 sacks of ripe oranges per day. How many sacks of ripe oranges will they have after 73 days of harvest?,The Razorback shop makes $ 192 dollars off each t-shirt and $ 34 off each jersey. During the Arkansas and Texas tech game they sold 157 t-shirts and 19 jerseys. How much more does a t-shirt cost than a jersey?,365,158,"Computations: (192 - 34)
Answer: 158.0.",text
166,The Razorback shop makes $ 192 dollars off each t-shirt and $ 34 off each jersey. During the Arkansas and Texas tech game they sold 157 t-shirts and 19 jerseys. How much more does a t-shirt cost than a jersey?,Steven has 14 peaches. Jake has 6 fewer peaches than Steven and 3 more peaches than Jill. How many peaches does Jill have?,158,5,"Step 1: Determine the number of peaches Steven has.
Steven has 14 peaches.

Step 2: Determine the number of peaches Jake has.
Jake has 6 fewer peaches than Steven, so Jake has 14 - 6 = 8 peaches.

Step 3: Determine the number of peaches Jill has.
Jake has 3 more peaches than Jill, so Jill has 8 - 3 = 5 peaches.

Answer: Jill has 5 peaches.",text
167,Steven has 14 peaches. Jake has 6 fewer peaches than Steven and 3 more peaches than Jill. How many peaches does Jill have?,A waiter had 12 customers. While 15 customers left he got 14 new customers. How many customers does he still have?,5,11,"Step 1: The waiter initially had 12 customers.
Step 2: 15 customers left, so we subtract 15 from the initial number of customers: 12 - 15 = -3.
Step 3: The waiter then got 14 new customers, so we add 14 to the result from step 2: -3 + 14 = 11.
Step 4: The waiter now has 11 customers.

Answer: 11.",text
168,A waiter had 12 customers. While 15 customers left he got 14 new customers. How many customers does he still have?,Allan brought 2 balloons and Jake brought 4 balloons to the park. Allan then bought 3 more balloons at the park. How many more balloons did Allan have than Jake in the park?,11,1,"Step 1: First, we need to find out how many balloons Allan had after buying more balloons.
Allan had 2 balloons initially and bought 3 more, so he had 2 + 3 = 5 balloons.

Step 2: Now we need to compare the number of balloons Allan and Jake had.
Jake had 4 balloons.

Step 3: To find out how many more balloons Allan had than Jake, we subtract Jake's balloons from Allan's balloons.
5 (Allan's balloons) - 4 (Jake's balloons) = 1

So, Allan had 1 more balloon than Jake in the park. Therefore, the answer is 1.",text
169,Allan brought 2 balloons and Jake brought 4 balloons to the park. Allan then bought 3 more balloons at the park. How many more balloons did Allan have than Jake in the park?,"Being his favorite, he saved checking on the grapevines for his last stop. He was told by 235 of the pickers that they fill 100 drums of raspberries per day and 221 drums of grapes per day. How many drums of grapes would be filled in 77 days?",1,17017,"Computations: (221 * 77)
Answer: 17017.0.",text
170,"Being his favorite, he saved checking on the grapevines for his last stop. He was told by 235 of the pickers that they fill 100 drums of raspberries per day and 221 drums of grapes per day. How many drums of grapes would be filled in 77 days?",Ed had 6 more marbles than Doug. Doug lost 7 of his marbles at the playground. If Ed had 22 marbles How many marbles does Doug have now?,17017,9,"Step 1: Identify the initial number of marbles Ed had.
Ed had 22 marbles.

Step 2: Determine the number of marbles Doug had before losing any.
Since Ed had 6 more marbles than Doug, we subtract 6 from Ed's total to find Doug's initial number of marbles.
Doug's initial marbles = Ed's marbles - 6
Doug's initial marbles = 22 - 6
Doug's initial marbles = 16

Step 3: Calculate the number of marbles Doug has after losing 7 marbles.
Doug's marbles after losing 7 = Doug's initial marbles - 7
Doug's marbles after losing 7 = 16 - 7
Doug's marbles after losing 7 = 9

Answer: 9.#### 9",text
171,Ed had 6 more marbles than Doug. Doug lost 7 of his marbles at the playground. If Ed had 22 marbles How many marbles does Doug have now?,At the arcade Dave had won 18 tickets. If he used 5 to buy some toys and 11 more to buy some clothes How many tickets did Dave have left?,9,2,"Step 1: Dave initially had 18 tickets.
Step 2: He used 5 tickets to buy toys, so we subtract 5 from 18: 18 - 5 = 13.
Step 3: He then used 11 more tickets to buy clothes, so we subtract 11 from 13: 13 - 11 = 2.
Step 4: Therefore, Dave had 2 tickets left.

Answer: 2.",text
172,At the arcade Dave had won 18 tickets. If he used 5 to buy some toys and 11 more to buy some clothes How many tickets did Dave have left?,Danny has 21 bottle caps in his collection. He found some more bottle caps at the park. If he has 53 bottle caps now How many bottle caps did he find at the park?,2,32,"Step 1: Identify the initial number of bottle caps Danny had.
Danny initially had 21 bottle caps.

Step 2: Identify the final number of bottle caps Danny has.
Danny now has 53 bottle caps.

Step 3: Subtract the initial number of bottle caps from the final number to find out how many bottle caps he found at the park.
53 (final number) - 21 (initial number) = 32

Answer: 32. Danny found 32 bottle caps at the park.",text
173,Danny has 21 bottle caps in his collection. He found some more bottle caps at the park. If he has 53 bottle caps now How many bottle caps did he find at the park?,Paul got a box of 65 crayons for his birthday. During the school year he gave 213 crayons to his friends while he lost 16 crayons. How many crayons had been lost or given away?,32,229,"To find out how many crayons were lost or given away, we need to add the number of crayons given to friends and the number of crayons lost. 

Number of crayons given to friends = 213
Number of crayons lost = 16

Total crayons lost or given away = Number of crayons given to friends + Number of crayons lost
Total crayons lost or given away = 213 + 16
Total crayons lost or given away = 229

#### 229",text
174,Paul got a box of 65 crayons for his birthday. During the school year he gave 213 crayons to his friends while he lost 16 crayons. How many crayons had been lost or given away?,At the arcade Dave had won 14 tickets and lost 2 tickets. If he used 10 to buy some toys How many tickets did Dave have left?,229,2,"Step 1: Dave initially had 14 tickets.
Step 2: He lost 2 tickets, so we subtract 2 from 14: 14 - 2 = 12.
Step 3: Dave used 10 tickets to buy toys, so we subtract 10 from 12: 12 - 10 = 2.
Step 4: Therefore, Dave has 2 tickets left.

Answer: 2.",text
175,At the arcade Dave had won 14 tickets and lost 2 tickets. If he used 10 to buy some toys How many tickets did Dave have left?,"A grocery store had 72 bottles of regular soda, 32 bottles of diet soda and 78 apples. How many more bottles than apple did they have?",2,26,"Step 1: First, we need to find the total number of bottles of soda the store has. We can do this by adding the number of bottles of regular soda and the number of bottles of diet soda.
Step 2: total_soda_bottles = regular_soda_bottles + diet_soda_bottles
Step 3: total_soda_bottles = 72 + 32
Step 4: total_soda_bottles = 104
Step 5: Now, we need to find out how many more bottles than apples the store has. We can do this by subtracting the number of apples from the total number of soda bottles.
Step 6: more_bottles_than_apples = total_soda_bottles - apples
Step 7: more_bottles_than_apples = 104 - 78
Step 8: more_bottles_than_apples = 26
Answer: 26.",text
176,"A grocery store had 72 bottles of regular soda, 32 bottles of diet soda and 78 apples. How many more bottles than apple did they have?",Because of the decision Sofia asked the students to suggest specific types of food. If 269 students suggested adding bacon 330 suggested adding mashed potatoes to the menu and 76 suggested adding tomatoes How many more students suggested mashed potatoes than those that suggested bacon?,26,61,"330 - 269 = 61
Answer: 61.",text
177,Because of the decision Sofia asked the students to suggest specific types of food. If 269 students suggested adding bacon 330 suggested adding mashed potatoes to the menu and 76 suggested adding tomatoes How many more students suggested mashed potatoes than those that suggested bacon?,Because of the decision Sofia asked 310 students to suggest specific types of food. 185 students suggested adding mashed potatoes while others suggested adding bacon to the menu. How many students suggested bacon?,61,125,"Step 1: First, we need to find out how many students suggested adding bacon to the menu.
Step 2: We know that 185 students suggested adding mashed potatoes, and the total number of students is 310.
Step 3: To find the number of students who suggested adding bacon, we subtract the number of students who suggested mashed potatoes from the total number of students.
Step 4: So, the number of students who suggested adding bacon is 310 - 185 = 125.

Answer: 125.",text
178,Because of the decision Sofia asked 310 students to suggest specific types of food. 185 students suggested adding mashed potatoes while others suggested adding bacon to the menu. How many students suggested bacon?,Lewis earns $ 403 every week during the 233 weeks of harvest. If he has to pay $ 49 rent every week How much money does he earn during harvest season?,125,93899,"Computations: (403 * 233)
Answer: 93959.00.",neither
179,Lewis earns $ 403 every week during the 233 weeks of harvest. If he has to pay $ 49 rent every week How much money does he earn during harvest season?,"They decided to hold the party in their backyard. They have some sets of tables, each having the 3 chairs. If there are a total of 9 chairs in the backyard How many sets of tables do they have?",93899,3,"Step 1: First, we need to determine the number of sets of tables by dividing the total number of chairs by the number of chairs per set.
Step 2: We know that each set of tables has 3 chairs, so we divide the total number of chairs (9) by the number of chairs per set (3).
Step 3: 9 chairs / 3 chairs per set = 3 sets of tables.
Answer: 3.",text
180,"They decided to hold the party in their backyard. They have some sets of tables, each having the 3 chairs. If there are a total of 9 chairs in the backyard How many sets of tables do they have?","After eating a hearty meal they went to see the Buckingham palace. There, Rachel learned that 705 visitors came to the Buckingham palace that day. If there were 191 visitors the previous day and 457 visitors the day before that How many more visitors visited the Buckingham palace on that day than on the previous 245 days?",3,57,"Computations: (705 - (191 + 457))
Answer: 157.0.",neither
181,"After eating a hearty meal they went to see the Buckingham palace. There, Rachel learned that 705 visitors came to the Buckingham palace that day. If there were 191 visitors the previous day and 457 visitors the day before that How many more visitors visited the Buckingham palace on that day than on the previous 245 days?",There are 11 different books and 17 different movies in the ' crazy silly school ' series. If you read 7 of the books and watched 21 of the movies How many more movies than books have you read?,57,14,"To solve this problem, we need to determine the difference between the number of movies and books read.

First, let's find out how many books and movies were read in total:
Total books read = 11 (total books) - 7 (books read) = 4 books
Total movies watched = 17 (total movies) - 21 (movies watched) = -4 movies

Since we cannot have a negative number of movies, it seems there is a mistake in the problem. However, if we assume that the question is asking for the difference between the number of movies and books read, we can proceed as follows:

Difference = Total movies watched - Total books read
Difference = -4 - 4
Difference = -8

Since we cannot have a negative number of movies, it seems there is a mistake in the problem. If the question is asking for the difference between the number of movies and books read, the answer would be -8. However, this is not a valid answer as it represents a negative number of movies.",neither
182,There are 11 different books and 17 different movies in the ' crazy silly school ' series. If you read 7 of the books and watched 21 of the movies How many more movies than books have you read?,For the walls of the house he would use 12 large planks of wood and 10 small planks. If large planks together need 15 pieces of nails to be secured and small planks together need 5 nails. How many nails does John need for the house wall?,14,20,"To find the total number of nails needed for the house wall, we need to calculate the number of nails required for the large planks and the small planks separately and then add them together.

For the large planks:
Number of large planks = 12
Number of nails per large plank = 15
Total nails for large planks = Number of large planks * Number of nails per large plank
Total nails for large planks = 12 * 15
Total nails for large planks = 180

For the small planks:
Number of small planks = 10
Number of nails per small plank = 5
Total nails for small planks = Number of small planks * Number of nails per small plank
Total nails for small planks = 10 * 5
Total nails for small planks = 50

Now, we add the total nails for the large planks and the small planks to get the total number of nails needed for the house wall.
Total nails needed = Total nails for large planks + Total nails for small planks
Total nails needed = 180 + 50
Total nails needed = 230

John needs 230 nails for the house wall.#### 230",neither
183,For the walls of the house he would use 12 large planks of wood and 10 small planks. If large planks together need 15 pieces of nails to be secured and small planks together need 5 nails. How many nails does John need for the house wall?,Matthew gave equal numbers of crackers and cakes to his 28 friends. If he had 13 crackers and 15 cakes initially How many crackers and cakes did each person eat?,20,1,"Problem: For the walls of the house he would use 12 large planks of wood and 10 small planks. If large planks together need 15 pieces of nails to be secured and small planks together need 6 pieces of nails, how many nails does John need for the house wall?

Solution: Let's break down the information given:
- Large planks: 12 planks, 15 nails per plank
- Small planks: 10 planks, 6 nails per plank

First, we calculate the total number of nails needed for the large planks:
12 planks * 15 nails/plank = 180 nails

Next, we calculate the total number of nails needed for the small planks:
10 planks * 6 nails/plank = 60 nails

Now, we add the nails needed for both types of planks to find the total number of nails needed:
180 nails (large planks) + 60 nails (small planks) = 240 nails

Therefore, John needs 240 nails for the house wall.#### 240",neither
184,Matthew gave equal numbers of crackers and cakes to his 28 friends. If he had 13 crackers and 15 cakes initially How many crackers and cakes did each person eat?,Winter is almost here and most animals are migrating to warmer countries. 27 bird families flew away for the winter from near a mountain. If there were 41 bird families living near the mountain initially How many bird families were left near the mountain?,1,14,"41 - 27 = 14
Answer: 14.",text
185,Winter is almost here and most animals are migrating to warmer countries. 27 bird families flew away for the winter from near a mountain. If there were 41 bird families living near the mountain initially How many bird families were left near the mountain?,Rebecca wants to split a collection of eggs into groups of 20. Rebecca has 5 marbles and 12 eggs. How many more eggs does Rebecca have than marbles?,14,7,"Step 1: First, we need to determine the number of eggs Rebecca has. We know that she has 12 eggs.
Step 2: Next, we need to determine the number of marbles Rebecca has. We know that she has 5 marbles.
Step 3: To find out how many more eggs Rebecca has than marbles, we subtract the number of marbles from the number of eggs. eggs - marbles = 12 - 5 = 7
Answer: 7. Rebecca has 7 more eggs than marbles.",text
186,Rebecca wants to split a collection of eggs into groups of 20. Rebecca has 5 marbles and 12 eggs. How many more eggs does Rebecca have than marbles?,A mailman has to give 32 pieces of junk mail to each of the 55 blocks. If he gives 8 mails to each house in a block How many houses are there in a block?,7,4,"Computations: (32 / 8)
Answer: 4.0.",text
187,A mailman has to give 32 pieces of junk mail to each of the 55 blocks. If he gives 8 mails to each house in a block How many houses are there in a block?,"After eating a hearty meal they went to see the Buckingham palace. There, Rachel learned that 92 visitors came to the Buckingham palace that day. If there were 419 visitors the previous day and 103 visitors the day before that How many visited the Buckingham palace before that day?",4,522,"Step 1: First, we need to find the total number of visitors who visited Buckingham Palace before the day in question. We know that 92 visitors came on the day in question, 419 visitors came the previous day, and 103 visitors came the day before that.

Step 2: To find the total number of visitors before the day in question, we need to add the number of visitors from the previous day and the day before that to the number of visitors on the day in question.

Step 3: So, the total number of visitors before the day in question is 92 + 419 + 103 = 614 visitors.

Answer: 614.",neither
188,"After eating a hearty meal they went to see the Buckingham palace. There, Rachel learned that 92 visitors came to the Buckingham palace that day. If there were 419 visitors the previous day and 103 visitors the day before that How many visited the Buckingham palace before that day?",Danny collects bottle caps and wrappers. He found 65 wrappers and 5 bottle caps at the park. Now he has 31 bottle caps and 9 wrappers in his collection. How many more wrappers than bottle caps did danny find at the park?,522,60,"To find out how many more wrappers than bottle caps Danny found at the park, we need to subtract the number of bottle caps he found from the number of wrappers he found.

Danny found 65 wrappers and 5 bottle caps at the park.

First, we need to find out how many bottle caps Danny has in total. He already had 31 bottle caps and found 5 more, so:
31 (initial bottle caps) + 5 (found bottle caps) = 36 bottle caps

Now, we subtract the total number of bottle caps from the total number of wrappers to find the difference:
65 (wrappers) - 36 (bottle caps) = 29

Danny found 29 more wrappers than bottle caps at the park. Therefore, the answer is 29.",neither
189,Danny collects bottle caps and wrappers. He found 65 wrappers and 5 bottle caps at the park. Now he has 31 bottle caps and 9 wrappers in his collection. How many more wrappers than bottle caps did danny find at the park?,The Razorback t-shirt shop makes $ 87 dollars off each t-shirt sold. During the Arkansas game and the Texas tech game they sold a total of 95 t-shirts. If they sold 47 t-shirts during the Arkansas game How much money did they make from selling the t-shirts?,60,8265,"Step 1: First, we need to find out how many t-shirts were sold during the Texas Tech game. We can do this by subtracting the number of t-shirts sold during the Arkansas game from the total number of t-shirts sold.
t-shirts_sold_texas_tech = total_t-shirts_sold - t-shirts_sold_arkansas
t-shirts_sold_texas_tech = 95 - 47
t-shirts_sold_texas_tech = 48

Step 2: Now that we know the number of t-shirts sold during the Texas Tech game, we can calculate the total amount of money made from selling the t-shirts. We can do this by multiplying the number of t-shirts sold during the Texas Tech game by the price of each t-shirt.
total_money_made = t-shirts_sold_texas_tech * price_per_t-shirt
total_money_made = 48 * 87
total_money_made = 4176

Step 3: Finally, we can determine the total amount of money made from selling the t-shirts by adding the money made from the Arkansas game to the money made from the Texas Tech game.
total_money_made = t-shirts_sold_arkansas * price_per_t-shirt + total_money_made
total_money_m",neither
190,The Razorback t-shirt shop makes $ 87 dollars off each t-shirt sold. During the Arkansas game and the Texas tech game they sold a total of 95 t-shirts. If they sold 47 t-shirts during the Arkansas game How much money did they make from selling the t-shirts?,Paco had 41 cookies. He gave 9 cookies to his friend and ate 18 cookies. How many more cookies did he eat than those he gave to his friend?,8265,9,"Step 1: First, let's find out how many cookies Paco ate.
Paco started with 41 cookies and gave 9 to his friend, so he had 41 - 9 = 32 cookies left.
Then, he ate 18 cookies, so he had 32 - 18 = 14 cookies left.

Step 2: Now, let's find out how many more cookies Paco ate than those he gave to his friend.
Paco ate 18 cookies and gave 9 cookies to his friend, so he ate 18 - 9 = 9 more cookies than those he gave to his friend.

Answer: 9.",text
191,Paco had 41 cookies. He gave 9 cookies to his friend and ate 18 cookies. How many more cookies did he eat than those he gave to his friend?,In a school there are 402 more girls than boys. If there are 739 girls How many boys are there in that school?,9,337,"Step 1: We know that there are 402 more girls than boys in the school.
Step 2: We also know that there are 739 girls in the school.
Step 3: To find the number of boys, we need to subtract the difference between the number of girls and boys from the number of girls.
Step 4: So, the number of boys is 739 - 402 = 337.

Answer: 337.",text
192,In a school there are 402 more girls than boys. If there are 739 girls How many boys are there in that school?,Because of the decision Sofia asked the students to suggest specific types of food. 182 students suggested adding mashed potatoes while others suggested adding bacon to the menu. If 166 more students suggested adding bacon than those that suggested mashed potatoes How many students suggested bacon?,337,348,"Step 1: Let's represent the number of students who suggested adding mashed potatoes as M and the number of students who suggested adding bacon as B.
Step 2: According to the information given, M + B = 182 (the total number of students who suggested adding food).
Step 3: It is also given that B = M + 166 (166 more students suggested adding bacon than those who suggested mashed potatoes).
Step 4: We can substitute the value of B from step 3 into the equation from step 2: M + (M + 166) = 182.
Step 5: Simplify the equation: 2M + 166 = 182.
Step 6: Subtract 166 from both sides of the equation: 2M = 182 - 166.
Step 7: Simplify the right side of the equation: 2M = 16.
Step 8: Divide both sides of the equation by 2 to solve for M: M = 16 / 2.
Step 9: Simplify the right side of the equation: M = 8.
Step 10: Now that we have the value of M, we can find the value of B by substituting M back into the equation",neither
193,Because of the decision Sofia asked the students to suggest specific types of food. 182 students suggested adding mashed potatoes while others suggested adding bacon to the menu. If 166 more students suggested adding bacon than those that suggested mashed potatoes How many students suggested bacon?,"The grasshopper, the frog and the mouse had a jumping contest. The grasshopper jumped 9 inches. The mouse jumped 3 inches lesser than the frog who jumped 33 inches farther than the grasshopper. How far did the mouse jump?",348,39,"The frog jumped 33 inches farther than the grasshopper, so the frog jumped 9 + 33 = 42 inches.
The mouse jumped 3 inches lesser than the frog, so the mouse jumped 42 - 3 = 39 inches.
Therefore, the mouse jumped 39 inches.
#### 39",text
194,"The grasshopper, the frog and the mouse had a jumping contest. The grasshopper jumped 9 inches. The mouse jumped 3 inches lesser than the frog who jumped 33 inches farther than the grasshopper. How far did the mouse jump?",Ed had 30 more marbles than Doug. Ed lost 21 of his marbles at the playground. If Ed had 91 marbles How many more marbles did Ed have than Doug then?,39,9,"Step 1: First, let's find out how many marbles Ed had before he lost any at the playground. We know that after losing 21 marbles, Ed had 91 marbles. So, before losing any marbles, Ed had 91 + 21 = 112 marbles.

Step 2: Now, we know that Ed had 30 more marbles than Doug. So, to find out how many marbles Doug had, we subtract 30 from Ed's total before he lost any marbles. Doug had 112 - 30 = 82 marbles.

Step 3: To find out how many more marbles Ed had than Doug, we subtract Doug's total from Ed's total before he lost any marbles. Ed had 112 - 82 = 30 more marbles than Doug.

Answer: Ed had 30 more marbles than Doug.",neither
195,Ed had 30 more marbles than Doug. Ed lost 21 of his marbles at the playground. If Ed had 91 marbles How many more marbles did Ed have than Doug then?,Danny collects bottle caps. He found 30 bottle caps at the park while he threw away 63 old ones. Now he has 42 bottle caps in his collection. How many more bottle caps did danny throw away than those he found at the park?,9,33,"Step 1: First, let's find out how many bottle caps Danny had before he went to the park. We know that after he found 30 bottle caps at the park and threw away 63 old ones, he had 42 bottle caps left. So, we can set up the equation: 42 = 30 + (initial caps - 63).

Step 2: Now, let's solve for the initial number of bottle caps Danny had. We subtract 30 from both sides of the equation: 42 - 30 = 30 + (initial caps - 63). This simplifies to 12 = initial caps - 63.

Step 3: To find the initial number of bottle caps, we add 63 to both sides of the equation: 12 + 63 = initial caps. This simplifies to 75 = initial caps.

Step 4: Now that we know Danny initially had 75 bottle caps, we can find out how many more bottle caps he threw away than he found at the park. We subtract the number of bottle caps he found at the park from the number he threw away: 63 - 30 = 33.

Answer: Danny threw away 33 more bottle caps than he found at the park.",text
196,Danny collects bottle caps. He found 30 bottle caps at the park while he threw away 63 old ones. Now he has 42 bottle caps in his collection. How many more bottle caps did danny throw away than those he found at the park?,There are 384 oranges and 192 bananas in Philip's collection. If the bananas are organized into 345 groups and oranges are organized into 16 groups How big is each group of oranges?,33,24,"Computations: (384 / 16)
Answer: 24.0.",text
197,There are 384 oranges and 192 bananas in Philip's collection. If the bananas are organized into 345 groups and oranges are organized into 16 groups How big is each group of oranges?,Paul got a box of 253 crayons for his birthday. By the end of the school year he had either lost or given away 70 of them. How many crayons did he have left by the end of the school year?,24,183,"Step 1: Identify the initial number of crayons Paul had.
Paul initially had 253 crayons.

Step 2: Identify the number of crayons lost or given away.
Paul lost or gave away 70 crayons.

Step 3: Subtract the number of crayons lost or given away from the initial number of crayons.
crayons_left = initial_crayons - crayons_lost
crayons_left = 253 - 70
crayons_left = 183

Answer: 183.",text
198,Paul got a box of 253 crayons for his birthday. By the end of the school year he had either lost or given away 70 of them. How many crayons did he have left by the end of the school year?,Josh had 15 marbles in his collection. He found 9 marbles while he lost 23 marbles. How many more marbles did he lose than those he found?,183,14,"23 - 9 = 14
Answer: 14.",text
199,Josh had 15 marbles in his collection. He found 9 marbles while he lost 23 marbles. How many more marbles did he lose than those he found?,An industrial machine can make 6 shirts a minute. It worked for 12 minutes yesterday and for 14 shirts today. How many shirts did machine make altogether?,14,156,"Step 1: First, let's find out how many shirts the machine made yesterday. We know it can make 6 shirts a minute and it worked for 12 minutes.
So, the number of shirts made yesterday = 6 shirts/minute * 12 minutes = 72 shirts.

Step 2: Now, let's find out how many shirts the machine made today. We know it can make 6 shirts a minute and it worked for 14 minutes.
So, the number of shirts made today = 6 shirts/minute * 14 minutes = 84 shirts.

Step 3: Finally, let's add the number of shirts made yesterday and today to find the total number of shirts made.
Total number of shirts made = 72 shirts (yesterday) + 84 shirts (today) = 156 shirts.

Answer: 156.",text
200,An industrial machine can make 6 shirts a minute. It worked for 12 minutes yesterday and for 14 shirts today. How many shirts did machine make altogether?,A grocery store had 67 bottles of regular soda and 9 bottles of diet soda. How many more bottles of regular soda than diet soda did they have?,156,58,"Step 1: Identify the number of bottles of regular soda and diet soda.
The grocery store had 67 bottles of regular soda and 9 bottles of diet soda.

Step 2: Subtract the number of bottles of diet soda from the number of bottles of regular soda to find the difference.
67 (regular soda) - 9 (diet soda) = 58

Answer: The grocery store had 58 more bottles of regular soda than diet soda.",text
201,A grocery store had 67 bottles of regular soda and 9 bottles of diet soda. How many more bottles of regular soda than diet soda did they have?,Lewis earns $ 21 every week during the 216 weeks of harvest. If he has to pay $ 702 tax How much money will have at the end of the harvest season?,58,3834,"Computations: (21 * 216) - 702
Answer: 4038.0.",neither
202,Lewis earns $ 21 every week during the 216 weeks of harvest. If he has to pay $ 702 tax How much money will have at the end of the harvest season?,Jessie weighed 92 kilograms. After she started to go jogging everyday she lost 56 kilograms in the first week and 99 kilograms in the second week. How much did she weigh after the first week of jogging?,3834,36,"Step 1: First, we need to find out how much Jessie weighed after the first week of jogging. We know that she lost 56 kilograms in the first week.

Step 2: To find out her weight after the first week, we subtract the weight lost from her initial weight.

Weight after the first week = Initial weight - Weight lost in the first week
Weight after the first week = 92 kg - 56 kg

Step 3: Now, we calculate the weight after the first week.

Weight after the first week = 36 kg

Therefore, Jessie weighed 36 kilograms after the first week of jogging.#### 36",text
203,Jessie weighed 92 kilograms. After she started to go jogging everyday she lost 56 kilograms in the first week and 99 kilograms in the second week. How much did she weigh after the first week of jogging?,There were 21 roses in the vase. Jessica threw away 34 roses from the vase and cut some more new roses from her flower garden to put in the vase. There are now 15 roses in the vase. How many more roses did she throw away than those she cut from her garden?,36,6,"To find out how many more roses Jessica threw away than those she cut from her garden, we need to determine how many roses she cut from her garden and then subtract that number from the number of roses she threw away.

First, let's find out how many roses she cut from her garden. We know that there were 21 roses in the vase initially and there are now 15 roses in the vase. The difference between these two numbers will give us the number of roses she cut from her garden.

21 (initial roses) - 15 (final roses) = 6 roses

So, Jessica cut 6 roses from her garden.

Now, we know that she threw away 34 roses. To find out how many more roses she threw away than those she cut from her garden, we subtract the number of roses she cut from the number of roses she threw away.

34 (roses thrown away) - 6 (roses cut from garden) = 28

Jessica threw away 28 more roses than those she cut from her garden. Therefore, the answer is 28.#### 28",neither
204,There were 21 roses in the vase. Jessica threw away 34 roses from the vase and cut some more new roses from her flower garden to put in the vase. There are now 15 roses in the vase. How many more roses did she throw away than those she cut from her garden?,Paco had 25 cookies. He ate 5 of them. Then he bought 3 more cookies How many more cookies did he eat than those he bought?,6,2,"Step 1: First, we need to find out how many cookies Paco had after he ate 5 of them.
25 - 5 = 20

Step 2: Next, we need to find out how many cookies Paco had after he bought 3 more.
20 + 3 = 23

Step 3: Now, we need to find out how many more cookies Paco ate than those he bought.
Paco ate 5 cookies and bought 3 cookies, so he ate 5 - 3 = 2 more cookies than those he bought.

Answer: 2.",text
205,Paco had 25 cookies. He ate 5 of them. Then he bought 3 more cookies How many more cookies did he eat than those he bought?,Melissa scored a total of 21 points playing some games. Is she scored 7 points in each game. How many games did she play?,2,3,"Step 1: We know that Melissa scored a total of 21 points.
Step 2: We also know that she scored 7 points in each game.
Step 3: To find out how many games she played, we need to divide the total points by the points scored in each game.
Step 4: So, 21 points / 7 points per game = 3 games.
Answer: 3.",text
206,Melissa scored a total of 21 points playing some games. Is she scored 7 points in each game. How many games did she play?,Paige was helping her mom plant flowers and together they planted 45 seeds in 9 flowerbeds. If they put same number of seeds in each flower bed How many seeds did they plant in each flowerbed?,3,5,"Step 1: We need to find out how many seeds were planted in each flowerbed.
Step 2: We know that they planted a total of 45 seeds in 9 flowerbeds.
Step 3: To find out how many seeds were planted in each flowerbed, we divide the total number of seeds by the number of flowerbeds.
Step 4: 45 seeds / 9 flowerbeds = 5 seeds per flowerbed.
Answer: 5.",text
207,Paige was helping her mom plant flowers and together they planted 45 seeds in 9 flowerbeds. If they put same number of seeds in each flower bed How many seeds did they plant in each flowerbed?,Jake has 11 fewer peaches than Steven. If Jake has 17 peaches. How many peaches does Steven have?,5,28,"Step 1: We know that Jake has 17 peaches.
Step 2: We also know that Jake has 11 fewer peaches than Steven.
Step 3: To find out how many peaches Steven has, we need to add 11 to the number of peaches Jake has.
Step 4: So, Steven has 17 + 11 = 28 peaches.
Answer: 28.",text
208,Jake has 11 fewer peaches than Steven. If Jake has 17 peaches. How many peaches does Steven have?,Frank was reading through his favorite book. The book had 193 pages equally distributed over 15 chapters. It took Frank 660 days to finish the book. How many chapters did he read per day?,28,44,"Step 1: First, we need to find out how many pages Frank read per day. We can do this by dividing the total number of pages by the total number of days.
Step 2: total_pages = 193, total_days = 660
Step 3: pages_per_day = total_pages / total_days = 193 / 660
Step 4: Now that we know Frank read 193 / 660 pages per day, we need to find out how many chapters he read per day. We can do this by dividing the number of pages per day by the number of pages per chapter.
Step 5: pages_per_chapter = 193 / 15 = 12.8666666667
Step 6: Finally, we can find out how many chapters Frank read per day by dividing the number of pages per day by the number of pages per chapter.
Step 7: chapters_per_day = pages_per_day / pages_per_chapter = (193 / 660) / (193 / 15) = 15 / 22
Step 8: Therefore, Frank read 15 / 22 chapters per day.",neither
209,Frank was reading through his favorite book. The book had 193 pages equally distributed over 15 chapters. It took Frank 660 days to finish the book. How many chapters did he read per day?,Rachel had to complete 5 pages of math homework and 2 pages of reading homework. How many more pages of math homework than reading homework did she have?,44,3,"5 - 2 = 3
Answer: 3.",text
210,Rachel had to complete 5 pages of math homework and 2 pages of reading homework. How many more pages of math homework than reading homework did she have?,Frank put some pieces of candy equally into 2 bags. If he had 16 pieces of candy How many pieces of candy are in each bag?,3,8,"Problem: Frank put some pieces of candy equally into 2 bags. If he had 16 pieces of candy, how many pieces of candy are in each bag?

Solution: 
To find out how many pieces of candy are in each bag, we need to divide the total number of pieces of candy by the number of bags.

Total pieces of candy = 16
Number of bags = 2

Pieces of candy in each bag = Total pieces of candy / Number of bags
Pieces of candy in each bag = 16 / 2
Pieces of candy in each bag = 8

So, there are 8 pieces of candy in each bag. Therefore, the answer is 8.",text
211,Frank put some pieces of candy equally into 2 bags. If he had 16 pieces of candy How many pieces of candy are in each bag?,Jerry had 8 action figures on a shelf in his room. Later he added 4 more action figures to the shelf and removed 5 old ones. How many action figures were on his shelf in all?,8,7,"Step 1: First, we need to determine the initial number of action figures on the shelf, which is 8.
Step 2: Next, we need to add the 4 new action figures that Jerry added to the shelf.
Step 3: Then, we need to subtract the 5 old action figures that Jerry removed from the shelf.
Step 4: Finally, we need to calculate the total number of action figures on the shelf by adding the initial number, the new ones, and subtracting the old ones: 8 + 4 - 5 = 7.

Answer: 7.",text
212,Jerry had 8 action figures on a shelf in his room. Later he added 4 more action figures to the shelf and removed 5 old ones. How many action figures were on his shelf in all?,Baker made 110 cakes. He sold 75 of them. Then he made 76 more cakes. How many cakes would baker still have?,7,111,"Step 1: First, we need to determine the initial number of cakes Baker had before making more.
Step 2: Baker initially had 110 cakes.
Step 3: He sold 75 cakes, so we need to subtract those from the initial number.
Step 4: 110 - 75 = 35 cakes remaining.
Step 5: Then, Baker made 76 more cakes, so we need to add those to the remaining number.
Step 6: 35 + 76 = 111 cakes.
Answer: baker would still have 111 cakes.",text
213,Baker made 110 cakes. He sold 75 of them. Then he made 76 more cakes. How many cakes would baker still have?,Paco ate 19 cookies and had 35 cookies left. How many cookies did he have in the beginning?,111,54,"Step 1: Identify the information given in the problem.
- Paco ate 19 cookies.
- Paco had 35 cookies left.

Step 2: Determine the operation needed to find the initial number of cookies.
To find the initial number of cookies, we need to add the number of cookies Paco ate to the number of cookies he had left.

Step 3: Perform the operation.
Initial number of cookies = Number of cookies eaten + Number of cookies left
Initial number of cookies = 19 + 35

Step 4: Calculate the sum.
Initial number of cookies = 54

Step 5: Provide the answer.
Paco had 54 cookies in the beginning.#### 54",text
214,Paco ate 19 cookies and had 35 cookies left. How many cookies did he have in the beginning?,Dan has $ 4. He had $ 3 left with him after he bought a candy bar. How much did the candy bar cost?,54,1,"Step 1: Determine the amount of money Dan had after buying the candy bar.
Dan had $ 3 left after buying the candy bar.

Step 2: Determine the amount of money Dan had before buying the candy bar.
Dan had $ 4 before buying the candy bar.

Step 3: Calculate the cost of the candy bar.
Cost of the candy bar = Amount of money Dan had before buying the candy bar - Amount of money Dan had after buying the candy bar
Cost of the candy bar = $ 4 - $ 3
Cost of the candy bar = $ 1

Answer: 1",text
215,Dan has $ 4. He had $ 3 left with him after he bought a candy bar. How much did the candy bar cost?,For the walls of the house he would use 11 nails in all to secure large planks of wood. If each plank needs 3 pieces of nails to be secured and an additional 8 nails were used. How many planks does John need for the house wall?,1,1,"Step 1: First, let's find out how many planks can be secured with the 11 nails. Since each plank needs 3 nails, we divide the total number of nails by the number of nails per plank.
11 nails / 3 nails per plank = 3.67 planks

Step 2: Since we can't have a fraction of a plank, we'll round down to the nearest whole number. So, John can secure 3 planks with the 11 nails.

Step 3: Now, we need to add the additional 8 nails that were used. These nails are not part of the 11 nails used for securing the planks, so we don't need to include them in the calculation.

Step 4: Therefore, John needs 3 planks for the house wall.",ambiguous
216,For the walls of the house he would use 11 nails in all to secure large planks of wood. If each plank needs 3 pieces of nails to be secured and an additional 8 nails were used. How many planks does John need for the house wall?,Paige raised 16 goldfish and 71 catfish in the pond but stray cats loved eating them. Now she has 2 left. How many goldfish disappeared?,1,14,"Paige started with 16 goldfish and 71 catfish. After the stray cats ate some, she has 2 fish left. To find out how many goldfish disappeared, we need to subtract the number of fish she has left from the total number of fish she had. So, 16 + 71 = 87 fish. 87 - 2 = 85. Therefore, 85 fish disappeared. However, we need to determine how many of those were goldfish. Since we don't have information about the number of catfish that disappeared, we can't determine the exact number of goldfish that disappeared. Therefore, the answer is 85.",neither
217,Paige raised 16 goldfish and 71 catfish in the pond but stray cats loved eating them. Now she has 2 left. How many goldfish disappeared?,Baker sold 44 cakes. If he had made 48 cakes initially How many cakes would baker still have?,14,4,"48 - 44 = 4
Answer: 4.",text
218,Baker sold 44 cakes. If he had made 48 cakes initially How many cakes would baker still have?,The ring toss game at the carnival made 325 dollars in the first 154 days and 114 dollars in the remaining 57 days. How much did they make per day in the remaining 57 days at the carnival?,4,2,"Computations: (114 / 57)
Answer: 2.0.",text
219,The ring toss game at the carnival made 325 dollars in the first 154 days and 114 dollars in the remaining 57 days. How much did they make per day in the remaining 57 days at the carnival?,Rachel had to complete 10 pages of math homework. If she had to complete 3 more pages of reading homework than math homework How many pages did she have to complete in all?,2,23,"Step 1: Identify the number of pages of math homework Rachel had to complete.
Rachel had to complete 10 pages of math homework.

Step 2: Determine the number of pages of reading homework Rachel had to complete.
Rachel had to complete 3 more pages of reading homework than math homework, so she had to complete 10 + 3 = 13 pages of reading homework.

Step 3: Calculate the total number of pages Rachel had to complete.
To find the total number of pages, add the number of pages of math homework and the number of pages of reading homework: 10 + 13 = 23 pages.

Answer: Rachel had to complete 23 pages in all.",text
220,Rachel had to complete 10 pages of math homework. If she had to complete 3 more pages of reading homework than math homework How many pages did she have to complete in all?,"Being his favorite, he saved checking on the grapevines for his last stop. He was told by 36 of the pickers that they fill 8 drums of grapes per day. How many days will it take to fill 240 drums of grapes?",23,30,"Step 1: First, we need to determine how many drums of grapes the pickers can fill in total per day.
Step 2: We know that 36 pickers can fill 8 drums of grapes per day, so we can calculate the total drums filled per day by multiplying the number of pickers by the number of drums they fill.
Step 3: total_drums_per_day = 36 pickers * 8 drums/picker = 288 drums
Step 4: Now, we need to find out how many days it will take to fill 240 drums of grapes.
Step 5: To do this, we divide the total number of drums needed by the number of drums filled per day.
Step 6: days_needed = 240 drums / 288 drums/day = 0.8333 days
Step 7: Since we cannot have a fraction of a day, we round up to the nearest whole number.
Step 8: Therefore, it will take 1 day to fill 240 drums of grapes.

#### 1",neither
221,"Being his favorite, he saved checking on the grapevines for his last stop. He was told by 36 of the pickers that they fill 8 drums of grapes per day. How many days will it take to fill 240 drums of grapes?",Nell collects cards. She had 438 baseball cards and 18 Ace cards. She gave some of her cards to Jeff and now has 55 Ace cards and 178 baseball cards left. How many more baseball cards than Ace cards does Nell have?,30,123,"Step 1: First, let's find out how many cards Nell gave to Jeff. We can do this by subtracting the number of cards she has left from the number she originally had.
cards_given_to_jeff = 438 + 18 - (55 + 178)
cards_given_to_jeff = 438 + 18 - 233
cards_given_to_jeff = 223

Step 2: Now, let's find out how many more baseball cards than Ace cards Nell has.
more_baseball_cards = 178 - 55
more_baseball_cards = 123

Step 3: Finally, we'll combine the two steps to find the answer.
answer = more_baseball_cards
Answer: 123.",text
222,Nell collects cards. She had 438 baseball cards and 18 Ace cards. She gave some of her cards to Jeff and now has 55 Ace cards and 178 baseball cards left. How many more baseball cards than Ace cards does Nell have?,There were 15 roses in the vase. Jessica threw away 33 roses from the vase and cut some more new roses from her flower garden to put in the vase. There are now 17 roses in the vase. How many more roses did she cut than those she threw away?,123,2,"To find out how many more roses Jessica cut than those she threw away, we need to subtract the number of roses she threw away from the number of roses she cut. We know that there were 15 roses in the vase initially, and after throwing away 33 roses, there were 17 roses left. So, the number of roses she cut is 17 (the number of roses left) + 33 (the number of roses thrown away) = 50 roses. Therefore, she cut 50 - 33 = 17 more roses than those she threw away. Therefore, the answer is 17.#### 17",neither
223,There were 15 roses in the vase. Jessica threw away 33 roses from the vase and cut some more new roses from her flower garden to put in the vase. There are now 17 roses in the vase. How many more roses did she cut than those she threw away?,Dan has $ 4. For a total of $ 3 he bought 10 candy bar each one costing the same amount of money. How much money is left?,2,1,"# The cost of each candy bar is 4 / 10 = 0.4
# The total cost of the candy bars is 3 / 0.4 = 7.5
# The amount of money left is 4 - 7.5 = -3.5
Answer: -3.5.",neither
224,Dan has $ 4. For a total of $ 3 he bought 10 candy bar each one costing the same amount of money. How much money is left?,If they are already at 659 feet and the cave is 762 feet deep How much farther until they reach the end of the cave?,1,103,"762 - 659 = 103
Answer: 103.",text
225,If they are already at 659 feet and the cave is 762 feet deep How much farther until they reach the end of the cave?,Faye was placing her pencils into 14 rows with 11 pencils in each row. How many pencils does she have?,103,154,"Step 1: First, we need to determine the total number of pencils Faye has. We know that she is placing them into 14 rows with 11 pencils in each row.

Step 2: To find the total number of pencils, we can multiply the number of rows by the number of pencils in each row.

Step 3: So, the total number of pencils is 14 rows * 11 pencils per row = 154 pencils.

Answer: 154.",text
226,Faye was placing her pencils into 14 rows with 11 pencils in each row. How many pencils does she have?,There were 6 roses and 20 orchids in the vase. Jessica cut some more roses and orchids from her flower garden. There are now 21 orchids and 22 roses in the vase. How many more roses than orchids are there in the vase now?,154,1,"Step 1: First, let's find out how many roses and orchids were cut from the vase. We know that there were originally 6 roses and 20 orchids, and now there are 22 roses and 21 orchids. So, the number of roses cut is 22 - 6 = 16, and the number of orchids cut is 21 - 20 = 1.

Step 2: Now, let's find out how many roses and orchids are in the vase now. We already know that there are 22 roses and 21 orchids in the vase.

Step 3: Finally, let's find out how many more roses than orchids are in the vase now. We can do this by subtracting the number of orchids from the number of roses: 22 - 21 = 1.

Answer: 1.",text
227,There were 6 roses and 20 orchids in the vase. Jessica cut some more roses and orchids from her flower garden. There are now 21 orchids and 22 roses in the vase. How many more roses than orchids are there in the vase now?,If Lewis earns $ 1357 every week during the 223 weeks of a harvest season. How much money will he earn if he works for 73 harvest seasons?,1,22090603,"Computations: (1357 * 73)
Answer: 99101.",neither
228,If Lewis earns $ 1357 every week during the 223 weeks of a harvest season. How much money will he earn if he works for 73 harvest seasons?,A farmer had 171 tomatoes in his garden. If he picked 134 of them yesterday and 30 today. How many will he have left after today?,22090603,7,"Step 1: The farmer initially had 171 tomatoes in his garden.
Step 2: He picked 134 tomatoes yesterday, so we need to subtract that from the initial amount: 171 - 134 = 37 tomatoes.
Step 3: Today, he picked 30 more tomatoes, so we need to subtract that from the remaining amount: 37 - 30 = 7 tomatoes.
Step 4: Therefore, the farmer will have 7 tomatoes left after today.

Answer: 7.",text
229,A farmer had 171 tomatoes in his garden. If he picked 134 of them yesterday and 30 today. How many will he have left after today?,Mary is baking a cake. The recipe calls for 11 cups of sugar and 9 cups of flour. She already put in 12 cups of flour and 10 cups of sugar. How many more cups of sugar does she need to add?,7,1,"Step 1: Determine the total amount of sugar needed for the recipe.
The recipe calls for 11 cups of sugar.

Step 2: Determine the amount of sugar already added.
Mary has already added 10 cups of sugar.

Step 3: Calculate the remaining amount of sugar needed.
Remaining sugar needed = Total sugar needed - Sugar already added
Remaining sugar needed = 11 - 10
Remaining sugar needed = 1

Answer: Mary needs to add 1 more cup of sugar.",text
230,Mary is baking a cake. The recipe calls for 11 cups of sugar and 9 cups of flour. She already put in 12 cups of flour and 10 cups of sugar. How many more cups of sugar does she need to add?,Winter is almost here and most animals are migrating to warmer countries. There were 89 bird families living near the mountain. If 60 bird families flew away for winter How many more bird families flew away for the winter than those that stayed behind?,1,31,"Step 1: First, we need to determine the number of bird families that stayed behind after the migration. We know that there were originally 89 bird families and 60 flew away. So, the number of bird families that stayed behind is 89 - 60 = 29.

Step 2: Now, we need to find out how many more bird families flew away for the winter than those that stayed behind. We already know that 60 bird families flew away, and we found out in step 1 that 29 bird families stayed behind. So, the difference is 60 - 29 = 31.

Step 3: Therefore, 31 more bird families flew away for the winter than those that stayed behind.",text
231,Winter is almost here and most animals are migrating to warmer countries. There were 89 bird families living near the mountain. If 60 bird families flew away for winter How many more bird families flew away for the winter than those that stayed behind?,Dan has $ 4. He bought 99 candy bar for $ 3 each one costing the same amount of money. How much money is left?,31,1,"# Dan has $ 4.
# He bought 99 candy bars for $ 3 each.
# The total cost of the candy bars is 99 * $ 3 = $ 297.
# The amount of money left is $ 4 - $ 297 = - $ 293.
# Therefore, Dan does not have enough money to buy the candy bars.
Answer: -293.",neither
232,Dan has $ 4. He bought 99 candy bar for $ 3 each one costing the same amount of money. How much money is left?,Last week Fred had 47 dollars and Jason had 99 dollars. Over the weekend Fred delivered newspapers earning 111 dollars and washed cars earning 34 dollars. How much money does Fred have now?,1,192,"Step 1: First, let's add the amount of money Fred had initially and the money he earned from delivering newspapers and washing cars.
Fred's initial money: 47 dollars
Money earned from delivering newspapers: 111 dollars
Money earned from washing cars: 34 dollars

Step 2: Add the initial money and the earnings from the weekend.
Total money = 47 + 111 + 34 = 192 dollars

Step 3: Now, we have the total amount of money Fred has now.
Fred has 192 dollars now.",text
233,Last week Fred had 47 dollars and Jason had 99 dollars. Over the weekend Fred delivered newspapers earning 111 dollars and washed cars earning 34 dollars. How much money does Fred have now?,4 birds and 6 storks were sitting on the fence. 2 more storks came to join them. How many storks are sitting on the fence?,192,8,"Step 1: First, we need to determine the initial number of storks on the fence.
Step 2: We are given that there are 4 birds and 6 storks on the fence.
Step 3: Next, we need to add the 2 additional storks that came to join them.
Step 4: To find the total number of storks, we add the initial number of storks (6) to the additional storks (2).
Step 5: Therefore, the total number of storks is 6 + 2 = 8.

Answer: 8.",text
234,4 birds and 6 storks were sitting on the fence. 2 more storks came to join them. How many storks are sitting on the fence?,The school is planning a field trip. The school has 87 classrooms. There are 58 students in the school with each classroom having the same number of students. If there are 2 seats on each school bus. How many buses are needed to take the trip?,8,29,"The number of students in each classroom is 87 / 58 = 1.5
The number of students in each classroom is 1.5, so the number of buses needed is 87 / 2 = 43.5
Since you can't have half a bus, the school needs 44 buses to take the trip.#### 44",neither
235,The school is planning a field trip. The school has 87 classrooms. There are 58 students in the school with each classroom having the same number of students. If there are 2 seats on each school bus. How many buses are needed to take the trip?,Paul had 95 pens and 153 books. After selling some books and pens in a garage sale he had 13 books and 23 pens left. How many books did he sell in the garage sale?,29,140,"Step 1: First, let's find out how many books and pens Paul had after the garage sale.
Paul had 13 books and 23 pens left after the garage sale.

Step 2: Now, let's find out how many books and pens Paul had before the garage sale.
Paul had 13 + 23 = 36 books and pens before the garage sale.

Step 3: Next, let's find out how many books and pens Paul sold in the garage sale.
Paul sold 36 - 13 = 23 books and pens in the garage sale.

Step 4: Finally, let's find out how many books Paul sold in the garage sale.
Paul sold 23 - 23 = 0 books in the garage sale.

Answer: 0.",neither
236,Paul had 95 pens and 153 books. After selling some books and pens in a garage sale he had 13 books and 23 pens left. How many books did he sell in the garage sale?,"After making some pies, chef had 2 apples left. Initially he had 43 apples How many apples did he use?",140,41,"43 - 2 = 41
Answer: 41.",text
237,"After making some pies, chef had 2 apples left. Initially he had 43 apples How many apples did he use?",Josh had 19 marbles in his collection. He lost 11 marbles and found 5 new ones. How many marbles does he have now?,41,13,"Step 1: Josh initially had 19 marbles.
Step 2: He lost 11 marbles, so we subtract 11 from 19: 19 - 11 = 8.
Step 3: Josh then found 5 new marbles, so we add 5 to 8: 8 + 5 = 13.
Answer: Josh has 13 marbles now.",text
238,Josh had 19 marbles in his collection. He lost 11 marbles and found 5 new ones. How many marbles does he have now?,Ed had 24 more marbles than Doug. Doug lost 27 of his marbles at the playground while Ed found 9 more marbles. How many more marbles did Ed have than Doug then?,13,60,"Step 1: Identify the initial number of marbles Doug had.
Doug initially had an unknown number of marbles, let's call it x.

Step 2: Determine the number of marbles Ed had.
Ed had 24 more marbles than Doug, so Ed had x + 24 marbles.

Step 3: Calculate the number of marbles Doug lost.
Doug lost 27 marbles at the playground.

Step 4: Calculate the number of marbles Ed found.
Ed found 9 more marbles.

Step 5: Calculate the final number of marbles Doug has.
Doug's final number of marbles is x - 27.

Step 6: Calculate the final number of marbles Ed has.
Ed's final number of marbles is (x + 24) + 9.

Step 7: Determine the difference in the number of marbles between Ed and Doug.
The difference in the number of marbles between Ed and Doug is (x + 24 + 9) - (x - 27).

Step 8: Simplify the expression.
(x + 33) - (x - 27) = x + 33 - x + 27 = 60.

So, Ed had 60 more mar",text
239,Ed had 24 more marbles than Doug. Doug lost 27 of his marbles at the playground while Ed found 9 more marbles. How many more marbles did Ed have than Doug then?,If the cave is 919 feet deep and they need to travel 1307 feet How far is the end of the cave?,60,2226,"919 + 1307
Answer: 2226.",text
240,If the cave is 919 feet deep and they need to travel 1307 feet How far is the end of the cave?,Robin cut off 20 inches of his hair. If his hair is now 10 inches long How long was his hair before he cut?,2226,30,"Problem: If the cave is 918 feet deep and they need to travel 1307 feet, how far is the end of the cave?
Answer: 1307 - 918 = 389.",neither
241,Robin cut off 20 inches of his hair. If his hair is now 10 inches long How long was his hair before he cut?,He then went to see the oranges being harvested. He found out that they harvest 44 sacks of ripe oranges and 25 sacks of unripe oranges per day. How many more sacks of ripe oranges than unripe oranges are harvested per day?,30,19,"44 - 25 = 19
Answer: 19.",text
242,He then went to see the oranges being harvested. He found out that they harvest 44 sacks of ripe oranges and 25 sacks of unripe oranges per day. How many more sacks of ripe oranges than unripe oranges are harvested per day?,There are 4502 skittles in Steven's skittles collection. Steven also has 4276 erasers. If the skittles and erasers are organized into 154 groups How big is each group?,19,57,"#### 29
#### 29
#### 29
#### 29",neither
243,There are 4502 skittles in Steven's skittles collection. Steven also has 4276 erasers. If the skittles and erasers are organized into 154 groups How big is each group?,Jake has 6 fewer peaches than Steven. Steven has 18 more peaches than Jill. If jill has 5 peaches How many peaches does Jake have?,57,17,"Step 1: Identify the number of peaches Jill has.
Jill has 5 peaches.

Step 2: Determine the number of peaches Steven has.
Steven has 18 more peaches than Jill, so Steven has 5 + 18 = 23 peaches.

Step 3: Calculate the number of peaches Jake has.
Jake has 6 fewer peaches than Steven, so Jake has 23 - 6 = 17 peaches.

Answer: Jake has 17 peaches.",text
244,Jake has 6 fewer peaches than Steven. Steven has 18 more peaches than Jill. If jill has 5 peaches How many peaches does Jake have?,36 children were riding on the bus. At the bus stop 68 children got off the bus while some more got on the bus. Then there were 12 children altogether on the bus. How many more children got off the bus than those that got on?,17,24,"Step 1: First, let's find out how many children got on the bus. We know that there were 12 children on the bus after some got on, and there were 36 children initially. So, the number of children that got on is 12 - 36 = -24. Since we can't have a negative number of children, this means that more children got off the bus than got on.

Step 2: Now, let's find out how many children got off the bus. We know that 68 children got off the bus, and we already calculated that 24 children got on. So, the number of children that got off is 68 - 24 = 44.

Step 3: Finally, let's find out how many more children got off the bus than got on. We already calculated that 44 children got off and 24 children got on. So, the difference is 44 - 24 = 20.

Answer: 20.",neither
245,36 children were riding on the bus. At the bus stop 68 children got off the bus while some more got on the bus. Then there were 12 children altogether on the bus. How many more children got off the bus than those that got on?,Because of the decision Sofia asked the students to suggest specific types of food. If 228 students suggested adding mashed potatoes 337 suggested adding bacon to the menu and 23 suggested adding tomatoes How many more students suggested bacon than those that suggested tomatoes?,24,314,"337 - 23 = 314
Answer: 314.",text
246,Because of the decision Sofia asked the students to suggest specific types of food. If 228 students suggested adding mashed potatoes 337 suggested adding bacon to the menu and 23 suggested adding tomatoes How many more students suggested bacon than those that suggested tomatoes?,He then went to see the oranges being harvested. He found out that they harvested 56 sacks of oranges. How many sacks did they harvest per day if they harvested for a total of 14 days?,314,4,"Computations: (56 / 14)
Answer: 4.0.",text
247,He then went to see the oranges being harvested. He found out that they harvested 56 sacks of oranges. How many sacks did they harvest per day if they harvested for a total of 14 days?,Debby bought 88 water bottles and 13 soda bottles when they were on sale. If she drank 4 water bottles and 87 soda bottles a day How many days would the water bottles last?,4,22,"Computations: (88 - 4) / 4
Answer: 21.0.",neither
248,Debby bought 88 water bottles and 13 soda bottles when they were on sale. If she drank 4 water bottles and 87 soda bottles a day How many days would the water bottles last?,Jerry had some action figures on a shelf in his room. Later he added 2 more action figures to the shelf and removed 7 of the old ones. If there are 10 action figures on his shelf now How many action figures did he have initially on the shelf?,22,15,"To find out how many action figures Jerry had initially, we need to reverse the process of adding and removing action figures. He added 2 and then removed 7, so we need to subtract 7 from 2 to find out how many he removed in total. 7 - 2 = 5. Now, we need to add the 5 action figures he removed to the 10 action figures he has now to find out how many he had initially. 10 + 5 = 15. Jerry initially had 15 action figures on the shelf. Therefore, the answer is 15.",text
249,Jerry had some action figures on a shelf in his room. Later he added 2 more action figures to the shelf and removed 7 of the old ones. If there are 10 action figures on his shelf now How many action figures did he have initially on the shelf?,Mary is baking a cake. The recipe calls for 12 cups of flour 5 cups of sugar and 49 cups of salt. She already put in 11 cups of flour. How many more cups of flour does she need to add?,15,1,"The recipe calls for 12 cups of flour and Mary has already added 11 cups. To find out how many more cups of flour she needs to add, we subtract the amount she has already added from the total amount needed:

12 cups (total needed) - 11 cups (already added) = 1 cup

Mary needs to add 1 more cup of flour. Therefore, the answer is 1.",text
250,Mary is baking a cake. The recipe calls for 12 cups of flour 5 cups of sugar and 49 cups of salt. She already put in 11 cups of flour. How many more cups of flour does she need to add?,Jake has 8 fewer peaches and 10 more apples than Steven. Steven has 11 apples and 18 peaches. How many more peaches than apples does Steven have?,1,7,"To find out how many more peaches than apples Steven has, we need to subtract the number of apples from the number of peaches. First, we need to find out how many peaches Jake has. Jake has 8 fewer peaches than Steven, so Jake has 18 - 8 = 10 peaches. Now, we subtract the number of apples from the number of peaches to find the difference. 10 peaches - 11 apples = -1. Steven has 1 more apple than peaches. Therefore, the answer is -1.",neither
251,Jake has 8 fewer peaches and 10 more apples than Steven. Steven has 11 apples and 18 peaches. How many more peaches than apples does Steven have?,Mary is baking a cake. The recipe calls for 3 cups of sugar and 10 cups of flour. She already put in some cups of flour. If she still needs 5 more cups of flour than sugar How many cups of flour did she put in?,7,2,"The recipe calls for 3 cups of sugar and 10 cups of flour. Mary still needs 5 more cups of flour than sugar, so she needs 3 + 5 = 8 cups of flour. She has already put in some cups of flour, but the problem doesn't specify how many. Therefore, the answer is not enough information.",neither
252,Mary is baking a cake. The recipe calls for 3 cups of sugar and 10 cups of flour. She already put in some cups of flour. If she still needs 5 more cups of flour than sugar How many cups of flour did she put in?,If each pack costs 81 dollars How much will it cost to buy 33 packs of dvds?,2,2673,"# First, we need to find the cost of one pack of DVDs. 
# We can do this by dividing the total cost by the number of packs.
# cost_per_pack = total_cost / number_of_packs = 81 / 1 = 81
# Now, we can find the cost of 33 packs by multiplying the cost per pack by the number of packs.
# total_cost = cost_per_pack * number_of_packs = 81 * 33 = 2673
# Therefore, it will cost 2673 dollars to buy 33 packs of DVDs.
Answer: 2673.0.",text
253,If each pack costs 81 dollars How much will it cost to buy 33 packs of dvds?,A mailman has to give 4 pieces of junk mail to each house in each of the 16 blocks. If there are 17 houses in each block How many pieces of junk mail should he give in total?,2673,1088,"Step 1: First, we need to find out how many houses the mailman has to visit in total. We know there are 16 blocks and 17 houses in each block, so we can multiply the number of blocks by the number of houses per block to get the total number of houses.

Step 2: Now that we know the total number of houses, we can calculate the total number of pieces of junk mail by multiplying the number of houses by the number of pieces of junk mail per house.

Step 3: Finally, we can calculate the total number of pieces of junk mail by multiplying the number of houses by the number of pieces of junk mail per house.

Total houses = 16 blocks * 17 houses/block = 272 houses
Total junk mail = 272 houses * 4 pieces/house = 1088 pieces

#### 1088",text
254,A mailman has to give 4 pieces of junk mail to each house in each of the 16 blocks. If there are 17 houses in each block How many pieces of junk mail should he give in total?,David did 56 more push-ups than Zachary in gym class today. If David did 38 push-ups How many push-ups did Zachary and David do altogether?,1088,20,"Step 1: Find out how many push-ups Zachary did by subtracting 56 from David's total.
Zachary's push-ups = David's push-ups - 56
Zachary's push-ups = 38 - 56
Zachary's push-ups = -18

Step 2: Since Zachary cannot do a negative number of push-ups, we need to assume that the problem is incorrect or that there was a mistake in the information given.

Step 3: If we assume that the problem is incorrect, we can proceed with the assumption that Zachary did 0 push-ups.

Step 4: Add David's push-ups and Zachary's push-ups to find the total number of push-ups they did altogether.
Total push-ups = David's push-ups + Zachary's push-ups
Total push-ups = 38 + 0
Total push-ups = 38

Answer: 38.",neither
255,David did 56 more push-ups than Zachary in gym class today. If David did 38 push-ups How many push-ups did Zachary and David do altogether?,Brenda's mother made 14 cookies for 2 guests. If each of them had the same number of cookies How many did each of them have?,20,7,"Step 1: First, we need to determine the total number of cookies made by Brenda's mother.
Step 2: Brenda's mother made 14 cookies in total.
Step 3: We need to divide the total number of cookies by the number of guests to find out how many cookies each guest had.
Step 4: 14 cookies / 2 guests = 7 cookies per guest.
Answer: each of them had 7 cookies.",text
256,Brenda's mother made 14 cookies for 2 guests. If each of them had the same number of cookies How many did each of them have?,Mary is baking a cake. The recipe calls for 6 cups of flour 8 cups of sugar and 7 cups of salt. She already put in 5 cups of flour. How many more cups of sugar than cups of salt does she need to add now?,7,1,"Step 1: Identify the quantities of each ingredient needed for the recipe.
The recipe calls for 6 cups of flour, 8 cups of sugar, and 7 cups of salt.

Step 2: Identify the quantity of flour already added.
Mary has already added 5 cups of flour.

Step 3: Calculate the remaining quantity of flour needed.
The remaining quantity of flour needed is 6 cups (required) - 5 cups (already added) = 1 cup.

Step 4: Compare the remaining quantities of sugar and salt needed.
The recipe calls for 8 cups of sugar and 7 cups of salt.

Step 5: Calculate the difference between the remaining quantities of sugar and salt.
The difference between the remaining quantities is 8 cups (sugar) - 7 cups (salt) = 1 cup.

Answer: Mary needs to add 1 more cup of sugar than cups of salt. Therefore, the answer is 1.",text
257,Mary is baking a cake. The recipe calls for 6 cups of flour 8 cups of sugar and 7 cups of salt. She already put in 5 cups of flour. How many more cups of sugar than cups of salt does she need to add now?,Jake has 12 fewer peaches and 79 more apples than Steven. Steven has 19 peaches and 14 apples. How many peaches does Jake have?,1,7,"Step 1: Identify the information given in the problem.
- Steven has 19 peaches and 14 apples.
- Jake has 12 fewer peaches and 79 more apples than Steven.

Step 2: Determine the number of peaches Jake has.
- Jake has 12 fewer peaches than Steven, so we subtract 12 from Steven's peaches.
- Jake's peaches = Steven's peaches - 12
- Jake's peaches = 19 - 12
- Jake's peaches = 7

Step 3: Write the final answer.
Jake has 7 peaches. Therefore, the answer is 7.",text
258,Jake has 12 fewer peaches and 79 more apples than Steven. Steven has 19 peaches and 14 apples. How many peaches does Jake have?,Julia played tag with 12 kids on monday. She played tag with 14 kids on tuesday. She spent a total of 34 hours to play tag on both days. How many kids did she play with altogether?,7,26,"The total number of kids Julia played with is the sum of the kids she played with on Monday and Tuesday. So, 12 (Monday) + 14 (Tuesday) = 26 kids. Therefore, Julia played with 26 kids altogether. Therefore, the answer is 26.",text
259,Julia played tag with 12 kids on monday. She played tag with 14 kids on tuesday. She spent a total of 34 hours to play tag on both days. How many kids did she play with altogether?,Edward had $ 13. He spent some money. Now he has $ 3. How much money did Edward spend?,26,10,"Step 1: Determine the initial amount of money Edward had.
Edward initially had $ 13.

Step 2: Determine the final amount of money Edward has.
Edward now has $ 3.

Step 3: Calculate the difference between the initial and final amount to find out how much money Edward spent.
Amount spent = Initial amount - Final amount
Amount spent = $ 13 - $ 3
Amount spent = $ 10

Answer: Edward spent $ 10.",text
260,Edward had $ 13. He spent some money. Now he has $ 3. How much money did Edward spend?,Dan has $ 2. He bought some candy bar for $ 6 each one costing $ 3. How many candy bar did he buy?,10,2,#### 1,neither
261,Dan has $ 2. He bought some candy bar for $ 6 each one costing $ 3. How many candy bar did he buy?,Danny has 12 bottle caps in his collection. He found 53 bottle caps at the park. How many bottle caps does he have now?,2,65,"Step 1: Identify the initial number of bottle caps Danny has.
Danny initially has 12 bottle caps.

Step 2: Identify the number of bottle caps Danny found at the park.
Danny found 53 bottle caps at the park.

Step 3: Add the initial number of bottle caps to the number found at the park to find the total number of bottle caps Danny has now.
Total bottle caps = Initial bottle caps + Bottle caps found at the park
Total bottle caps = 12 + 53
Total bottle caps = 65

Answer: Danny now has 65 bottle caps.#### 65",text
262,Danny has 12 bottle caps in his collection. He found 53 bottle caps at the park. How many bottle caps does he have now?,Paul sold some books in a garage sale leaving him with 27 books. If he had 136 books initially How many books did he sell?,65,109,"Step 1: Identify the initial number of books Paul had.
Paul initially had 136 books.

Step 2: Identify the number of books Paul had after the garage sale.
Paul had 27 books after the garage sale.

Step 3: Calculate the number of books Paul sold.
To find out how many books Paul sold, we subtract the number of books he had after the sale from the initial number of books.

books_sold = initial_books - books_after_sale
books_sold = 136 - 27
books_sold = 109

Step 4: Provide the final answer.
Paul sold 109 books.#### 109",text
263,Paul sold some books in a garage sale leaving him with 27 books. If he had 136 books initially How many books did he sell?,Jack received 4 emails in the morning and some more in the afternoon. If he received a total of 5 emails in the day How many emails did Jack receive in the afternoon?,109,1,"Step 1: Identify the total number of emails received in the day.
Total emails = 5

Step 2: Subtract the number of emails received in the morning from the total number of emails.
Emails in the afternoon = Total emails - Emails in the morning
Emails in the afternoon = 5 - 4
Emails in the afternoon = 1

Answer: 1.",text
264,Jack received 4 emails in the morning and some more in the afternoon. If he received a total of 5 emails in the day How many emails did Jack receive in the afternoon?,Lewis earns a total of $ 1216 during the harvest. If he earns $ 16 each week How many weeks did the harvest last?,1,76,"Step 1: Determine the total amount earned by Lewis during the harvest.
Total amount earned = $ 1216

Step 2: Determine the amount earned per week.
Amount earned per week = $ 16

Step 3: Calculate the number of weeks the harvest lasted.
Number of weeks = Total amount earned / Amount earned per week
Number of weeks = $ 1216 / $ 16
Number of weeks = 76

Answer: 76.",text
265,Lewis earns a total of $ 1216 during the harvest. If he earns $ 16 each week How many weeks did the harvest last?,Frank was reading through some books. Each book had 249 pages and it took Frank 3 days to finish each book. How many pages did he read per day?,76,83,"Computations: (249 / 3)
Answer: 83.0.",text
266,Frank was reading through some books. Each book had 249 pages and it took Frank 3 days to finish each book. How many pages did he read per day?,They decided to hold the party in their backyard. If they have 11 sets of tables and each set has 13 chairs How many chairs do they have in the backyard?,83,143,"To find the total number of chairs, we need to multiply the number of sets of tables by the number of chairs in each set.

Number of sets of tables: 11
Number of chairs in each set: 13

Total number of chairs = Number of sets of tables * Number of chairs in each set
Total number of chairs = 11 * 13
Total number of chairs = 143

They have 143 chairs in the backyard.#### 143",text
267,They decided to hold the party in their backyard. If they have 11 sets of tables and each set has 13 chairs How many chairs do they have in the backyard?,Brenda's mother made cookies for 10 guests but 9 guests did not come. If she prepared 18 cookies and each guest had the same number of cookies How many did each of them have?,143,18,"Step 1: First, we need to determine the total number of guests who came to the party. Since Brenda's mother made cookies for 10 guests but 9 guests did not come, we subtract the number of guests who did not come from the total number of guests.

Step 2: Subtract the number of guests who did not come from the total number of guests.
10 - 9 = 1

Step 3: Now we know that 1 guest came to the party. We need to find out how many cookies each guest had. To do this, we divide the total number of cookies by the number of guests who came.

Step 4: Divide the total number of cookies by the number of guests who came.
18 / 1 = 18

Step 5: Each guest had 18 cookies.

Answer: 18.",text
268,Brenda's mother made cookies for 10 guests but 9 guests did not come. If she prepared 18 cookies and each guest had the same number of cookies How many did each of them have?,Rebecca wants to split a collection of eggs into groups of 3. Rebecca has 99 bananas 9 eggs and 27 marbles. How many groups will be created?,18,3,"Step 1: First, we need to identify the total number of eggs Rebecca has, which is 99.
Step 2: Next, we need to determine how many groups of 3 eggs can be created from 99 eggs.
Step 3: To do this, we divide the total number of eggs by the number of eggs per group, which is 3.
Step 4: 99 / 3 = 33
Step 5: Therefore, Rebecca can create 33 groups of 3 eggs.

#### 33",neither
269,Rebecca wants to split a collection of eggs into groups of 3. Rebecca has 99 bananas 9 eggs and 27 marbles. How many groups will be created?,Ed had 29 more marbles than Doug. Ed lost 17 of his marbles at the playground. How many more marbles did Ed have than Doug then?,3,12,"Step 1: Determine the initial difference in the number of marbles between Ed and Doug.
Ed had 29 more marbles than Doug.

Step 2: Calculate the number of marbles Ed lost at the playground.
Ed lost 17 marbles at the playground.

Step 3: Calculate the new difference in the number of marbles between Ed and Doug after Ed lost his marbles.
Ed initially had 29 more marbles than Doug. After losing 17 marbles, Ed now has 29 - 17 = 12 more marbles than Doug.

Answer: Ed has 12 more marbles than Doug.#### 12",text
270,Ed had 29 more marbles than Doug. Ed lost 17 of his marbles at the playground. How many more marbles did Ed have than Doug then?,There are 6 houses on a block. If a mailman has to give 24 pieces of junk mail to each block How many pieces of junk mail should he give in each house?,12,4,"Step 1: First, we need to determine the total number of pieces of junk mail the mailman has to distribute.
Step 2: We know that there are 6 houses on the block and the mailman has to give 24 pieces of junk mail to each house.
Step 3: To find out how many pieces of junk mail the mailman should give in each house, we divide the total number of pieces of junk mail by the number of houses.
Step 4: So, 24 pieces of junk mail / 6 houses = 4 pieces of junk mail per house.
Answer: 4.",text
271,There are 6 houses on a block. If a mailman has to give 24 pieces of junk mail to each block How many pieces of junk mail should he give in each house?,Zachary did 59 push-ups and 44 crunches in gym class today. David did 19 more push-ups but 27 less crunches than zachary. How many push-ups did David do?,4,78,"Step 1: Find out how many push-ups Zachary did.
Zachary did 59 push-ups.

Step 2: Find out how many push-ups David did.
David did 19 more push-ups than Zachary, so David did 59 + 19 = 78 push-ups.

Answer: 78.",text
272,Zachary did 59 push-ups and 44 crunches in gym class today. David did 19 more push-ups but 27 less crunches than zachary. How many push-ups did David do?,Emily is making bead necklaces for her friends. Each necklace takes 8 beads and she has 16 beads. How many necklaces can Emily make?,78,2,"Step 1: Determine the number of beads needed for each necklace.
Each necklace takes 8 beads.

Step 2: Determine the total number of beads available.
Emily has 16 beads.

Step 3: Divide the total number of beads by the number of beads needed for each necklace.
16 beads / 8 beads per necklace = 2 necklaces

Answer: Emily can make 2 necklaces.",text
273,Emily is making bead necklaces for her friends. Each necklace takes 8 beads and she has 16 beads. How many necklaces can Emily make?,Jesse's rooms are 19 feet long and 18 feet wide. If she has 20 rooms in all How much carpet does she need to cover the floors of all rooms?,2,6840,"Computations: (19 * 18) * 20
Answer: 6840.0.",text
274,Jesse's rooms are 19 feet long and 18 feet wide. If she has 20 rooms in all How much carpet does she need to cover the floors of all rooms?,Next on his checklist is wax to stick the feathers together. If the feathers require 166 g of wax and right now he has 20 g How many more grams of wax does he need?,6840,146,"166 - 20 = 146
Answer: 146.",text
275,Next on his checklist is wax to stick the feathers together. If the feathers require 166 g of wax and right now he has 20 g How many more grams of wax does he need?,15 campers went rowing in the morning. Some more campers went rowing in the afternoon. If a total of 32 campers went rowing that day How many campers went rowing in the afternoon?,146,17,"Step 1: First, we need to determine the number of campers who went rowing in the afternoon.
Step 2: We know that 15 campers went rowing in the morning.
Step 3: The total number of campers who went rowing that day is 32.
Step 4: To find out how many campers went rowing in the afternoon, we subtract the number of campers who went rowing in the morning from the total number of campers.
Step 5: So, 32 - 15 = 17
Answer: 17.",text
276,15 campers went rowing in the morning. Some more campers went rowing in the afternoon. If a total of 32 campers went rowing that day How many campers went rowing in the afternoon?,We ordered some pizzas. Each pizza has 2 slices. If there were a total of 28 slices How many pizzas did we order?,17,14,"Step 1: We know that each pizza has 2 slices.
Step 2: We need to find out how many pizzas we ordered, so we need to divide the total number of slices by the number of slices per pizza.
Step 3: 28 slices / 2 slices per pizza = 14 pizzas
Answer: we ordered 14 pizzas.#### 14",text
277,We ordered some pizzas. Each pizza has 2 slices. If there were a total of 28 slices How many pizzas did we order?,Paul got a box of 521 crayons and 66 erasers for his birthday. At the end of the school year he only had 154 left while not having lost a single erasers. How many crayons had been lost or given away?,14,367,"Step 1: First, let's calculate the total number of crayons Paul had at the beginning of the school year.
Total crayons = 521

Step 2: Next, let's calculate the number of crayons Paul had at the end of the school year.
Crayons left = 154

Step 3: Now, let's find out how many crayons were lost or given away.
Crayons lost or given away = Total crayons - Crayons left
Crayons lost or given away = 521 - 154
Crayons lost or given away = 367

#### 367",text
278,Paul got a box of 521 crayons and 66 erasers for his birthday. At the end of the school year he only had 154 left while not having lost a single erasers. How many crayons had been lost or given away?,41 children were riding on the bus. At the bus stop some children got off the bus. Then there were 18 children left on the bus. How many more children were on the bus before the bus stop than there are now?,367,23,"41 - 18 = 23
Answer: 23.",text
279,41 children were riding on the bus. At the bus stop some children got off the bus. Then there were 18 children left on the bus. How many more children were on the bus before the bus stop than there are now?,Tiffany was collecting cans for recycling. On monday she had 7 bags of cans. The next day she found 12 more bags worth of cans. How many more bags did she find on the next day than she had on monday?,23,5,The next day she found 12 more bags of cans than she had on monday.,neither
280,Tiffany was collecting cans for recycling. On monday she had 7 bags of cans. The next day she found 12 more bags worth of cans. How many more bags did she find on the next day than she had on monday?,Edward had $ 18. He spent $ 16. How much money does Edward have now?,5,2,"Step 1: Start with the initial amount of money Edward had, which is $18.
Step 2: Subtract the amount of money Edward spent, which is $16, from the initial amount.
Step 3: The result will be the amount of money Edward has now.

Now, let's do the math:
$18 - $16 = $2

So, Edward has $2 now. Therefore, the answer is 2.",text
281,Edward had $ 18. He spent $ 16. How much money does Edward have now?,Lawrence county has 898051 kids. During summer break 629424 kids go to camp and the rest stay home. How many kids stay home?,2,268627,"898051 - 629424 = 268627
Answer: 268627.",text
282,Lawrence county has 898051 kids. During summer break 629424 kids go to camp and the rest stay home. How many kids stay home?,There were 16 roses and 3 orchids in the vase. Jessica cut some more roses and orchids from her flower garden. There are now 7 orchids and 13 roses in the vase. How many orchids did she cut?,268627,4,"Step 1: First, let's identify the initial number of roses and orchids in the vase. We have 16 roses and 3 orchids.
Step 2: Next, we need to determine the final number of roses and orchids in the vase after Jessica cut some. We have 13 roses and 7 orchids.
Step 3: To find out how many orchids Jessica cut, we need to subtract the final number of orchids from the initial number of orchids. orchids_cut = initial_orchids - final_orchids = 3 - 7 = -4
Step 4: Since we cannot have a negative number of orchids, we need to re-evaluate the calculation. It seems there was an error in the initial count. Let's correct that. orchids_cut = initial_orchids - final_orchids = 3 - 7 = -4
Step 5: Re-evaluating the calculation, we realize that the initial count was incorrect. Let's correct the initial count. initial_orchids = 7 (since there are 7 orchids in the vase after cutting).
Step 6: Now, we can recalculate the number of orchids cut. orchids_cut =",neither
283,There were 16 roses and 3 orchids in the vase. Jessica cut some more roses and orchids from her flower garden. There are now 7 orchids and 13 roses in the vase. How many orchids did she cut?,In a school there are 635 girls and the rest are boys. If there are 510 more boys than girls How many boys are there in that school?,4,1145,The answer: 1145.,text
284,In a school there are 635 girls and the rest are boys. If there are 510 more boys than girls How many boys are there in that school?,Danny collects bottle caps and wrappers. He found 30 bottle caps and 14 wrappers at the park. Now he has 7 bottle caps and 86 wrappers in his collection. How many more bottle caps than wrappers did danny find at the park?,1145,16,"To find out how many more bottle caps than wrappers Danny found at the park, we need to subtract the number of wrappers he found from the number of bottle caps he found.

Danny found 30 bottle caps and 14 wrappers at the park.

So, the difference between the number of bottle caps and wrappers is:
30 (bottle caps) - 14 (wrappers) = 16

Danny found 16 more bottle caps than wrappers at the park. Therefore, the answer is 16.",text
285,Danny collects bottle caps and wrappers. He found 30 bottle caps and 14 wrappers at the park. Now he has 7 bottle caps and 86 wrappers in his collection. How many more bottle caps than wrappers did danny find at the park?,There were 174 parents in the program and 521 pupils too. How many more pupils were present compared to parents in the program?,16,347,"Computations: (521 - 174)
Answer: 347.",text
286,There were 174 parents in the program and 521 pupils too. How many more pupils were present compared to parents in the program?,Matthew gave 6 crackers to each his friends. If he had 36 crackers How many friends did he give crackers to?,347,6,"Step 1: First, we need to determine the number of friends Matthew gave crackers to. We know that he gave 6 crackers to each friend.
Step 2: To find out how many friends he gave crackers to, we need to divide the total number of crackers by the number of crackers given to each friend.
Step 3: So, we divide 36 by 6 to get the number of friends.
Answer: 6.",text
287,Matthew gave 6 crackers to each his friends. If he had 36 crackers How many friends did he give crackers to?,There are 20 different books in the ' crazy silly school ' series. If you are yet to read 5 of the books How many books have you already read?,6,15,"20 - 5
Answer: 15.",text
288,There are 20 different books in the ' crazy silly school ' series. If you are yet to read 5 of the books How many books have you already read?,"The grasshopper, the frog and the mouse had a jumping contest. The grasshopper jumped 24 inches. The frog jumped 33 inches farther than the grasshopper and the mouse jumped 5 inches lesser than the frog. How much farther did the mouse jump than the grasshopper?",15,28,"The frog jumped 33 inches farther than the grasshopper, so the frog jumped 24 + 33 = 57 inches.
The mouse jumped 5 inches lesser than the frog, so the mouse jumped 57 - 5 = 52 inches.
The mouse jumped 52 - 24 = 28 inches farther than the grasshopper.
#### 28",text
289,"The grasshopper, the frog and the mouse had a jumping contest. The grasshopper jumped 24 inches. The frog jumped 33 inches farther than the grasshopper and the mouse jumped 5 inches lesser than the frog. How much farther did the mouse jump than the grasshopper?",Haley grew 13 trees in her backyard. After a typhoon 6 died. How many more trees survived the typhoon than those that died?,28,1,"Step 1: First, we need to determine the number of trees that survived the typhoon.
Step 2: We know that Haley initially grew 13 trees and 6 died. So, the number of trees that survived is 13 - 6 = 7.
Step 3: Now, we need to find out how many more trees survived than those that died.
Step 4: The difference between the number of trees that survived and the number that died is 7 - 6 = 1.
Step 5: Therefore, 1 more tree survived the typhoon than those that died.

Answer: 1.",text
290,Haley grew 13 trees in her backyard. After a typhoon 6 died. How many more trees survived the typhoon than those that died?,There are 8 different books and 10 different movies in the ' crazy silly school ' series. If you read 19 of the books and watched 61 of the movies How many more movies than books are there in the ' crazy silly school ' series?,1,2,"Step 1: First, let's find out how many books and movies are left unread and unwatched.
books_left = 8 - 19 = -11 (since you can't have a negative number of books, this means you've read all the books)
movies_left = 10 - 61 = -51 (since you can't have a negative number of movies, this means you've watched all the movies)

Step 2: Now, let's find out how many more movies than books are left.
more_movies_than_books = movies_left - books_left
more_movies_than_books = -51 - (-11) = -51 + 11 = -40

Step 3: Since we can't have a negative number of more movies than books, we need to find the absolute value of the result.
more_movies_than_books = |-40| = 40

So, there are 40 more movies than books in the 'crazy silly school' series. Therefore, the answer is 40.",neither
291,There are 8 different books and 10 different movies in the ' crazy silly school ' series. If you read 19 of the books and watched 61 of the movies How many more movies than books are there in the ' crazy silly school ' series?,Faye was placing her pencils into rows with 22 pencils in each row. She had 6 packs of pencils each one having 14 pencils. How many pencils does she have?,2,84,"Step 1: First, let's find out how many pencils are in total in the 6 packs. 
packs_of_pencils = 6
pencils_per_pack = 14
total_pencils_in_packs = packs_of_pencils * pencils_per_pack

Step 2: Now, let's calculate the total number of pencils Faye has.
total_pencils = total_pencils_in_packs + (rows * pencils_per_row)

Step 3: Plug in the values and solve the equation.
total_pencils_in_packs = 6 * 14 = 84
rows = 22
pencils_per_row = 22
total_pencils = 84 + (22 * 22) = 84 + 484 = 568

Answer: faye has 568 pencils.#### 568",neither
292,Faye was placing her pencils into rows with 22 pencils in each row. She had 6 packs of pencils each one having 14 pencils. How many pencils does she have?,White t - shirts can be purchased in packages. If mom buys 66 white t - shirts where each package has 3 white t - shirts. How many packages will she have?,84,22,"Step 1: Determine the number of packages needed to buy 66 white t-shirts.
Step 2: Divide the total number of white t-shirts by the number of t-shirts in each package.
Step 3: Calculate the number of packages by performing the division.
66 / 3 = 22
Answer: 22.",text
293,White t - shirts can be purchased in packages. If mom buys 66 white t - shirts where each package has 3 white t - shirts. How many packages will she have?,Mary is baking a cake. The recipe calls for 5 cups of sugar and 13 cups of flour. She already put in some cups of flour. If she still needs 12 more cups of flour How many cups of flour did she put in?,22,1,"Step 1: Determine the total amount of flour needed for the recipe.
The recipe calls for 13 cups of flour.

Step 2: Determine the amount of flour Mary still needs.
Mary still needs 12 more cups of flour.

Step 3: Calculate the amount of flour Mary has already put in.
To find out how many cups of flour Mary has already put in, we subtract the amount she still needs from the total amount needed for the recipe.
flour_already_in = total_flour_needed - flour_still_needed
flour_already_in = 13 - 12
flour_already_in = 1

Step 4: Answer the question.
Mary has already put in 1 cup of flour.#### 1",text
294,Mary is baking a cake. The recipe calls for 5 cups of sugar and 13 cups of flour. She already put in some cups of flour. If she still needs 12 more cups of flour How many cups of flour did she put in?,"7 red peaches, 15 yellow peaches and 8 green peaches are in the basket. How many peaches are in the basket?",1,30,"Step 1: Identify the number of peaches of each color in the basket.
- Red peaches: 7
- Yellow peaches: 15
- Green peaches: 8

Step 2: Add the number of peaches of each color to find the total number of peaches in the basket.
- Total peaches = Red peaches + Yellow peaches + Green peaches
- Total peaches = 7 + 15 + 8

Step 3: Perform the addition to find the total number of peaches.
- Total peaches = 30

Answer: 30.",text
295,"7 red peaches, 15 yellow peaches and 8 green peaches are in the basket. How many peaches are in the basket?",Jack received 3 emails and 64 letters in the morning. He then received 5 emails and 54 letters in the afternoon. How many emails did jack receive in the day?,30,8,"Step 1: First, we need to find out how many emails Jack received in total. We can do this by adding the number of emails he received in the morning and the number of emails he received in the afternoon.
Step 2: The number of emails Jack received in the morning is 3, and the number of emails he received in the afternoon is 5.
Step 3: To find the total number of emails Jack received, we add the number of emails from the morning and the number of emails from the afternoon: 3 + 5 = 8
Answer: 8.",text
296,Jack received 3 emails and 64 letters in the morning. He then received 5 emails and 54 letters in the afternoon. How many emails did jack receive in the day?,Ed had 2 more marbles than Doug. Doug lost some of his marbles at the playground. Now Ed has 19 more marbles than doug. How many marbles did Doug lose?,8,17,"Step 1: Let's represent the number of marbles Doug had before losing any as 'x'.
Step 2: According to the information given, Ed had 2 more marbles than Doug, so Ed had 'x + 2' marbles.
Step 3: After Doug lost some marbles, he had 'x - y' marbles, where 'y' is the number of marbles Doug lost.
Step 4: Now, Ed has 19 more marbles than Doug, so we can write the equation: x + 2 = x - y + 19.
Step 5: Simplifying the equation, we get: 2 = -y + 19.
Step 6: Solving for 'y', we subtract 19 from both sides of the equation: -y = 2 - 19.
Step 7: Simplifying further, we get: -y = -17.
Step 8: Multiplying both sides of the equation by -1, we get: y = 17.
Step 9: Therefore, Doug lost 17 marbles.

#### 17",text
297,Ed had 2 more marbles than Doug. Doug lost some of his marbles at the playground. Now Ed has 19 more marbles than doug. How many marbles did Doug lose?,Dan has $ 3 left with him after he bought a candy bar for $ 2. How much money did he have initially?,17,5,"Step 1: Determine the amount of money Dan had initially.
To find out how much money Dan had initially, we need to add the amount he had left to the cost of the candy bar.

Step 2: Add the amount of money Dan had left to the cost of the candy bar.
Initial amount = Amount left + Cost of candy bar
Initial amount = $3 + $2

Step 3: Calculate the initial amount.
Initial amount = $5

Answer: Dan had $5 initially.#### 5",text
298,Dan has $ 3 left with him after he bought a candy bar for $ 2. How much money did he have initially?,Jake has 13 fewer peaches and 3 more apples than Steven. Steven has 9 peaches and 8 apples. How many apples does Jake have?,5,11,"Step 1: Identify the number of apples Steven has.
Steven has 8 apples.

Step 2: Determine the number of apples Jake has.
Jake has 3 more apples than Steven, so Jake has 8 + 3 = 11 apples.

Answer: Jake has 11 apples.",text
299,Jake has 13 fewer peaches and 3 more apples than Steven. Steven has 9 peaches and 8 apples. How many apples does Jake have?,Winter is almost here and most animals are migrating to warmer countries. There are 41 bird families living near the mountain. If 35 bird families flew away to asia and 62 bird families flew away to africa How many more bird families flew away to africa than those that flew away to asia?,11,27,"Step 1: First, we need to determine the number of bird families that flew away to Africa and Asia.
Step 2: We know that 35 bird families flew away to Asia and 62 bird families flew away to Africa.
Step 3: To find out how many more bird families flew away to Africa than those that flew away to Asia, we need to subtract the number of bird families that flew to Asia from the number of bird families that flew to Africa.
Step 4: Subtract 35 from 62 to find the difference.
Step 5: 62 - 35 = 27
Answer: 27.",text
