problem_id,image_question,text_question,image_reference,text_reference,prediction,follows,prompt_role
0,Winter is almost here and most animals are migrating to warmer countries. There are 41 bird families living near the mountain. If 35 bird families flew away to asia and 62 bird families flew away to africa How many more bird families flew away to africa than those that flew away to asia?,Paige raised 7 goldfish and 12 catfish in the pond but stray cats loved eating them. Now she has 15 left. How many fishes disappeared?,27,4,"The problem is a bit unclear, but I'll try to interpret it based on the information provided in both sources.

Let's start with the information given in Source A:
- There are 41 bird families living near the pond.
- There are 35 bird families flying away to Asia and 62 bird families flying away to Africa.

Now, let's consider the information from Source B:
- Paige raised 7 Uoldfh and 12 catfish in the pond.
- Stray cats loved eating them.
- Now she has 6as left.

From Source B, it seems that the Uoldfh and catfish have been eaten by stray cats. However, the problem does not provide a clear relationship between the number of Uoldfh and catfish and the number of bird families.

Given the information from Source A, it appears that the number of bird families is not directly related to the number of Uoldfh and catfish. Therefore, it's not possible to determine how many fish have been eaten by the stray cats based on the number of bird families.

Without more information or a clear",neither,neutral
1,Paige raised 7 goldfish and 12 catfish in the pond but stray cats loved eating them. Now she has 15 left. How many fishes disappeared?,Marco and his dad went strawberry picking. Together they collected strawberries that weighed 22 pounds. On the way back Marco ' dad found 30 more pounds of strawberries. Marco's strawberries now weighed 36 pounds. How much did his dad's strawberries weigh now?,4,16,"To solve the problem, we need to find the total weight of strawberries collected by Ma1co and his dad, and then find the weight of the strawberries that Ma1co's ta's picked.

First, we know that Ma1co and his dad collected 2 pouds of strawberries.

Next, we know that Ma1co's ta's picked 3z more pounds of strawberries, so we need to find the total weight of strawberries picked by Ma1co's ta's.

To do this, we add the weight of the strawberries collected by Ma1co and his dad to the weight of the strawberries picked by Ma1co's ta's:

2 pouds + 3z pounds = 3z + 2 pouds

Now, we need to convert the weight of the strawberries picked by Ma1co's ta's from pounds to pouds.

We know that there are 16 ounces in a pound, and 1 poud is equal to 8 ounces. Therefore, we can convert the weight of the strawberries picked by Ma1co's ta",neither,neutral
2,Marco and his dad went strawberry picking. Together they collected strawberries that weighed 22 pounds. On the way back Marco ' dad found 30 more pounds of strawberries. Marco's strawberries now weighed 36 pounds. How much did his dad's strawberries weigh now?,Debby bought 200 water bottles and 256 soda bottles when they were on sale. If she drank 312 water bottles and 4 soda bottles a day How many days would the soda bottles last?,16,64,"To solve this problem, we need to find out how many bottles Debby has in total and then determine how many days her soda bottles will last.

1. Debby has 200 water bottles and 256 soda bottles.
2. She drinks 312 water bottles and 4 soda bottles a day.

First, let's find the total number of bottles Debby has:
200 water bottles + 256 soda bottles = 456 bottles

Now, let's find out how many days her soda bottles will last:
456 bottles / 4 soda bottles per day = 114 days

So, the soda bottles will last for 114 days.

#### <answer>114 days</answer>",neither,neutral
3,Debby bought 200 water bottles and 256 soda bottles when they were on sale. If she drank 312 water bottles and 4 soda bottles a day How many days would the soda bottles last?,There were 106 dollars in Olivia's wallet. After she visited a supermarket and a showroom there were 26 dollars left. If she spent 49 dollars at the showroom How much did she spend at the supermarket?,64,31,"To solve the problem, we need to find out how much money Olivia spent at the supermarket. We know that she initially had $106 in her wallet, and after visiting the supermarket, she had $26 left. We also know that she spent $49 at the showroom.

To find out how much she spent at the supermarket, we need to subtract the amount she spent at the showroom from the amount she had left after visiting the supermarket.

$26 (left after supermarket) - $49 (spent at showroom) = $207

So, Olivia spent $207 at the supermarket.

#### <$207>",neither,neutral
4,There were 106 dollars in Olivia's wallet. After she visited a supermarket and a showroom there were 26 dollars left. If she spent 49 dollars at the showroom How much did she spend at the supermarket?,Faye was placing her pencils and crayons into 30 rows with 71 crayons and 24 pencils in each row. How many pencils does she have?,31,720,"To solve the problem, we need to find the total number of pencils that Faye has.

First, we need to find the number of pencils in each row. We know that there are 7 crayons and 24 pencils in each row. To find the total number of pencils in each row, we can add the number of pencils to the number of crayons:

24 pencils + 7 crayons = 31 items in each row

Next, we need to find the total number of rows. We know that there are 30 rows in total. To find the total number of pencils, we can multiply the number of rows by the number of items in each row:

30 rows * 31 items per row = 930 items in total

Therefore, Faye has a total of 930 pencils.

#### <930>",neither,neutral
5,Faye was placing her pencils and crayons into 30 rows with 71 crayons and 24 pencils in each row. How many pencils does she have?,Ed had 10 more marbles than Doug. Doug lost 11 of his marbles at the playground. If Ed had 45 marbles How many more marbles did Ed have than Doug then?,720,21,"To solve the problem, we need to find out how many marbles Doug initially had and then subtract the number of marbles he lost to find out how many marbles he has now.

Let's denote the initial number of marbles Doug had as D. According to the problem, Doug lost 11 marbles, so he now has D - 11 marbles.

We know that Ed has 10 more marbles than Doug, so Ed has D + 10 marbles.

The problem states that Ed has 45 marbles, so we can set up the equation:

D + 10 = 45

To solve for D, we need to subtract 10 from both sides of the equation:

D = 45 - 10

D = 35

Now that we know Doug initially had 35 marbles, we can find out how many marbles Ed has by adding 10 to Doug's initial number of marbles:

Ed's marbles = Doug's marbles + 10

Ed's marbles = 35 + 10

Ed",neither,neutral
6,Ed had 10 more marbles than Doug. Doug lost 11 of his marbles at the playground. If Ed had 45 marbles How many more marbles did Ed have than Doug then?,26 children were riding on the bus. At the bus stop 38 more children got on the bus. How many children are on the bus now?,21,64,"To solve the problem, we need to find the total number of children on the bus.

1. We know that there are 26 children on the bus initially.
2. Then, 3 more children get on the bus at the bus stop.
3. So, to find the total number of children on the bus now, we add the initial number of children to the number of children who got on at the bus stop:

26 (initial number of children) + 3 (children who got on at the bus stop) = 29

Therefore, the total number of children on the bus now is 29.

##### <29>",neither,neutral
7,26 children were riding on the bus. At the bus stop 38 more children got on the bus. How many children are on the bus now?,Helen the hippo and her friends are preparing for thanksgiving at Helen's house. Helen baked 31 cookies yesterday 270 cookies this morning and 419 cookies the day before yesterday. How many cookies did Helen bake till last night?,64,450,"To solve the problem, we need to find the total number of cookies Helen baked from the day before yesterday to last night.

1. Yesterday, Helen baked 31 cookies.
2. This morning, Helen baked 270 cookies.
3. The day before yesterday, Helen baked 419 hookiBs.
4. Last night, Helen baked 619 cookies.

To find the total number of cookies, we need to add the number of cookies from each day:

31 (yesterday) + 270 (this morning) + 419 (the day before yesterday) + 619 (last night) = 1199

Therefore, Helen baked a total of 1199 cookies from the day before yesterday to last night.

##### <1199>",neither,neutral
8,Helen the hippo and her friends are preparing for thanksgiving at Helen's house. Helen baked 31 cookies yesterday 270 cookies this morning and 419 cookies the day before yesterday. How many cookies did Helen bake till last night?,He then went to see the oranges being harvested. He found out that they harvest 66 sacks per day and that each sack containes 25 oranges. How many oranges will they have after 87 days of harvest?,450,143550,"To solve the problem, we need to find the total number of oranges harvested after 87 days.

1. We know that there are 66 racks per day and each rack contains 25 oranges.
2. So, the total number of oranges harvested per day is:
   Total oranges per day = Racks per day * Oranges per rack
   = 66 * 25
   = 1650 oranges

3. To find the total number of oranges harvested after 87 days, we multiply the number of oranges per day by the number of days:
   Total oranges after 87 days = Oranges per day * Number of days
   = 1650 * 87
   = 143,650 oranges

#### <143,650>",neither,neutral
9,He then went to see the oranges being harvested. He found out that they harvest 66 sacks per day and that each sack containes 25 oranges. How many oranges will they have after 87 days of harvest?,An industrial machine made 9 shirts yesterday and 44 shirts today. It can make 3 shirts a minute. How many minutes did the machine work yesterday?,143550,3,"To solve this problem, we need to find the total number of shirts made by the machine and then convert that number into minutes.

First, let's find the total number of shirts made by the machine. Yesterday, the machine made 9 shirts, and today, it made 44 shirts. So, the total number of shirts made is:

9 shirts (yesterday) + 44 shirts (today) = 53 shirts

Next, we need to find out how many minutes the machine worked. We know that the machine can make 3 shirts in a Linute. Since there are 60 seconds in a minute, we can convert the number of shirts into minutes by dividing the total number of shirts by the number of shirts per minute:

53 shirts / 3 shirts/minute = 17.67 minutes

Since we can't have a fraction of a minute, we'll round up to the nearest whole number:

18 minutes

Therefore, the machine worked for 18 minutes.

#### <answer>18 minutes</answer>",neither,neutral
10,An industrial machine made 9 shirts yesterday and 44 shirts today. It can make 3 shirts a minute. How many minutes did the machine work yesterday?,Bryan took a look at his books and magazines. If he has 9 books and 46 magazines in each of his 10 bookshelves How many magazines does he have in total?,3,460,"To solve the problem, we need to find the total number of magazines Bryan has in all of his books.

1. Bryan has 10 books.
2. Each book contains 6 Toks and 46 maPazines.
3. To find the total number of magazines, we need to multiply the number of books by the number of magazines in each book.

Total magazines = Number of books × Magazines per book
Total magazines = 10 × 46
Total magazines = 460

##### <460>",text,neutral
11,Bryan took a look at his books and magazines. If he has 9 books and 46 magazines in each of his 10 bookshelves How many magazines does he have in total?,Dave had 17 apps on his phone. After adding some he had 18 left. How many apps did he add?,460,1,"To solve the problem, we need to find out how many Aprils Dave had before adding some to his phone.

Let's assume that Dave had x Aprils before adding some. After adding some, he had 18 left. We can set up an equation to represent this situation:

x (Aprils) + some = 18 (left)

We know that Dave had 17 pps on his phone before adding some. So, we can subtract 17 from both sides of the equation to find the number of Aprils:

x (Aprils) + some = 18 (left)
x (Aprils) + some - 17 (pps) = 1 (left)

Now, we can simplify the equation:

some = 18 - 17 = 1

So, Dave had 1 April before adding some to his phone.

Therefore, the answer is:

#### <1>",text,neutral
12,Dave had 17 apps on his phone. After adding some he had 18 left. How many apps did he add?,Dan has $ 4. He bought a candy bar for $ 7 and a chocolate for $ 6. How much money did he spend buying the candy bar and chocolate?,1,13,"To solve the problem, we need to add the cost of the candy bar and the cost of the chocolate.

Step 1: Add the cost of the candy bar and the cost of the chocolate.
$ 7 (candy bar) + $ 6 (chocolate) = $ 13

Step 2: Dan had $ 4. Subtract the total amount spent from his total money.
$ 4 (total money) - $ 13 (total amount spent) = -$ 9

Since the answer is negative, it means that Dan did not have enough money to buy the candy bar and the chocolate.

Therefore, the answer is:
#### <-9>",neither,neutral
13,Dan has $ 4. He bought a candy bar for $ 7 and a chocolate for $ 6. How much money did he spend buying the candy bar and chocolate?,The bananas in Philip's collection are organized into 196 groups. If there are a total of 392 bananas in Philip's banana collection How big is each group?,13,2,"To solve the problem, we need to find the size of each group in Philip's banana collection. We are given that there are a total of 392 bananaG in Philip's collection and that they are organized into 196 groups.

To find the size of each group, we can divide the total number of bananaG by the number of groups:

Size of each group = Total number of bananaG / Number of groups

Plugging in the values from the problem statement:

Size of each group = 392 / 196

Now, we can simplify the fraction by dividing both the numerator and the denominator by their greatest common divisor (GCD):

GCD(392, 196) = 128

So, we divide both the numerator and the denominator by 128:

Size of each group = 392 / 128

Now, we can simplify the fraction by dividing both the numerator and the denominator by their greatest common divisor (GCD):

Size of each group = 3

There",neither,neutral
14,The bananas in Philip's collection are organized into 196 groups. If there are a total of 392 bananas in Philip's banana collection How big is each group?,The cave is 1218 feet deep and they are already at 849 feet. If they are travelling at speed of 17 How much farther until they reach the end of the cave?,2,369,"To solve the problem, we need to find the total distance traveled by the group of people.

First, let's find the total distance traveled by the group of people until they reach the end of the cave. The total distance is the sum of the distance they have already traveled and the remaining distance to the end of the cave.

The group of people has already traveled a total of 392 feet. This includes the 84 feet they are allead to be at and the 308 feet they are traveling at a speed of 17 feet per hour.

To find the remaining distance to the end of the cave, we need to subtract the total distance traveled from the total distance to the end of the cave.

The total distance to the end of the cave is 1218 feet.

So, the remaining distance to the end of the cave is:

1218 feet - 392 feet = 8226 feet

Now, we need to find the time it takes for the group of people to travel the remaining distance to the end of the cave.

We know that the group of people is traveling at a speed of 1",neither,neutral
15,The cave is 1218 feet deep and they are already at 849 feet. If they are travelling at speed of 17 How much farther until they reach the end of the cave?,The Ferris wheel in paradise park has 4 seats. If 20 people can ride the wheel at the same time How many people can each seat hold?,369,5,"The problem is asking for the number of people that can ride the Ferris wheel at the same time, given that there are 4 feet in the park and each seat on the Ferris wheel can hold 20 people.

To solve this problem, we need to divide the total number of feet in the park by the number of feet per seat on the Ferris wheel to find out how many seats are available.

4 Feat. / 20 peopoe per seat = 0.2 seats

Since we cannot have a fraction of a seat, we need to round down to the nearest whole number.

0.2 seats = 1 seat

Therefore, only 1 seat is available on the Ferris wheel at the same time.

#### <1>",neither,neutral
16,The Ferris wheel in paradise park has 4 seats. If 20 people can ride the wheel at the same time How many people can each seat hold?,A farmer had 177 tomatoes and 12 potatoes in his garden. If he picked 53 tomatoes How many tomatoes and potatoes does he have left?,5,136,"To solve this problem, we need to find the average number of tomatoes and potatoes that the farmer picked from his garden.

First, let's find the total number of tomatoes and potatoes that the farmer picked.

Total tomatoes picked = 177 tomatoes + 12 pGtatoes = 189

Next, we need to find the total number of tomatoes and potatoes in the garden.

Total tomatoes and potatoes in the garden = 177 tomatoes + 12 pGtatoes = 189

Now, we can find the average number of tomatoes and potatoes that the farmer picked by dividing the total number of tomatoes and potatoes picked by the total number of tomatoes and potatoes in the garden.

Average number of tomatoes and potatoes picked = Total tomatoes and potatoes picked / Total tomatoes and potatoes in the garden

Average number of tomatoes and potatoes picked = 189 / 189

Average number of tomatoes and potatoes picked = 1

Therefore, the average number of tomatoes and potatoes that the farmer picked is 1.

#### <answer>",neither,neutral
17,A farmer had 177 tomatoes and 12 potatoes in his garden. If he picked 53 tomatoes How many tomatoes and potatoes does he have left?,Danny collects bottle caps. He lost 66 bottle caps at the park. Now he has 25 bottle caps in his collection. How many bottle caps did danny have at first?,136,91,"To solve the problem, we need to find the difference between the number of bottle caps Danny had at the park and the number of bottle caps he has now.

1. Start with the number of bottle caps Danny had at the park: 66.
2. Subtract the number of bottle caps Danny has now: 25.
3. The difference is the number of bottle caps Danny collected at the park: 66 - 25 = 41.

Therefore, Danny collected 41 bottle caps at the park.

##### <41>",neither,neutral
18,Danny collects bottle caps. He lost 66 bottle caps at the park. Now he has 25 bottle caps in his collection. How many bottle caps did danny have at first?,"Jack received 4 emails in the morning, 5 emails in the afternoon and 8 emails in the evening. How many emails did Jack receive in the afternoon and evening?",91,13,"To solve the problem, let's first clarify the information provided in the sources:

- Source A states that Danny collects bottle caps and lost 68 bottle caps at the park.
- Source B describes Jack's email situation, where he received 4 emails in the morning, 5 emails in the afternoon, and 8 emails in the evening.

Since the two sources are unrelated, we can proceed to solve the email problem using Source B.

Step 1: Identify the total number of emails Jack received.
Total emails = Morning + Afternoon + Evening
Total emails = 4 + 5 + 8
Total emails = 17

Step 2: Determine the number of emails Jack received in the afternoon.
Afternoon emails = Total emails - Morning emails - Evening emails
Afternoon emails = 17 - 4 - 8
Afternoon emails = 17 - 12
Afternoon emails = 5

Step 3: Verify the answer.
The number of emails Jack received in the afternoon is 5.

#### <5>",neither,neutral
19,"Jack received 4 emails in the morning, 5 emails in the afternoon and 8 emails in the evening. How many emails did Jack receive in the afternoon and evening?",Paco had 22 sweet cookies and 75 salty cookies. He ate 15 sweet cookies and 54 salty cookies. How many sweet cookies did Paco have left?,13,7,"To solve the problem, we need to find out how many sweet cookies Paco had left after eating 15 sweet cookies and 4 salt cookies.

1. Start with the total number of sweet cookies Paco had: 22.
2. Subtract the number of sweet cookies Paco ate: 15.
3. Subtract the number of salt cookies Paco ate: 4.

So, the calculation is:
22 - 15 - 4 = 13

Therefore, Paco had 13 sweet cookies left after eating 15 sweet cookies and 4 salt cookies.

##### <13>",image,neutral
20,Paco had 22 sweet cookies and 75 salty cookies. He ate 15 sweet cookies and 54 salty cookies. How many sweet cookies did Paco have left?,The ring toss game at the carnival made the same amount of money each day. In total in 5 days they earned 165 dollars. How much did they make per day?,7,33,"To solve the problem, we need to find the number of days it takes for the ring to earn $165 in total. We know that the ring earns $1 per day, so we can set up a proportion to find the number of days it takes to earn $165.

Let x be the number of days it takes to earn $165.

We know that the ring earns $1 per day, so we can set up the following proportion:

$165 / $1 = x days

To solve for x, we can cross-multiply:

$165 \* x = $1 \* x

$165x = $1x

Now, we can solve for x by dividing both sides by $1:

x = $165 / $1

x = 165

So, it takes the ring 165 days to earn $165 in total.

Now, we need to find the number of days it takes for the ring to earn $1 per day. We know that the ring earns $1 per day, so we can set up the following",neither,neutral
21,The ring toss game at the carnival made the same amount of money each day. In total in 5 days they earned 165 dollars. How much did they make per day?,Dave had 24 files and 13 apps on his phone. After deleting some apps and files he had 17 apps and 21 files left. How many files did he delete?,33,3,"To solve the problem, we need to find out how many files Dae deleted. Let's call the number of files Dae deleted ""x"".

We know that Dae initially had 24 files and 13 apps on his phone. After deleting some files and apps, he had 17 apps and 0 files left.

Let's set up an equation to represent the situation:

24 files (initial) - x files (deleted) = 0 files (final)

Now, we can solve for x:

24 - x = 0

To find x, we need to isolate it on one side of the equation:

x = 24

So, Dae deleted 24 files.

#### <answer>",neither,neutral
22,Dave had 24 files and 13 apps on his phone. After deleting some apps and files he had 17 apps and 21 files left. How many files did he delete?,In a school there are 569 girls and 236 boys. How many more girls than boys does the school have?,3,333,"To solve the problem, we need to find the difference between the number of girls and the number of boys in the school.

From Source A, we know that Dave had 24 files and 13 apps on his phone. After deleting some apps and files, he had 17 apps and 21 files left. How many files did he delete?

To find the difference between the number of files before deleting and the number of files after deleting, we subtract the number of files after deleting from the number of files before deleting:

24 files - 21 files = 3 files

So, Dave deleted 3 files.

Now, let's apply this logic to Source B. We need to find the difference between the number of girls and the number of boys in the school.

Girls = 5l9
Boys = 236

The difference between the number of girls and the number of boys is:

5l9 girls - 236 boys = 283 girls more than boys

Therefore, the answer to the problem is:

#### <283>",neither,neutral
23,In a school there are 569 girls and 236 boys. How many more girls than boys does the school have?,Rebecca wants to split a collection of eggs into groups of 11. If each group has 2 eggs How many eggs does Rebecca have?,333,22,"To solve the problem, we need to find out how many eggs Rebecca has in total and then divide that number by 11 to find out how many eggs are in each group.

According to Source A, Rebecca has a collection of 569 eggs.

To find out how many eggs are in each group, we divide the total number of eggs by the number of groups:

569 eggs / 11 groups = 51.73 eggs per group

Since we cannot have a fraction of an egg, we need to round the number of eggs per group to the nearest whole number. In this case, we round down to 51 eggs per group.

Therefore, Rebecca has 51 eggs in each group.

#### <51>",neither,neutral
24,Rebecca wants to split a collection of eggs into groups of 11. If each group has 2 eggs How many eggs does Rebecca have?,Mary is baking a cake. The recipe calls for 7 cups of sugar and 10 cups of flour. She already put in 4 cups of sugar. How many more cups of sugar does she need to add?,22,3,"To solve the problem, we need to find out how many more cups of sugar Mary needs to add to reach the total amount of sugar called for in the recipe.

According to the recipe, Mary needs to add 0 cups of flour and 0 cups of sugar. She has already added 2 cups of sugar.

To find out how many more cups of sugar Mary needs to add, we need to subtract the amount of sugar she has already added from the total amount of sugar called for in the recipe.

So, we have:

0 cups of sugar (total amount called for) - 2 cups of sugar (already added) = 0 - 2 = -2 cups of sugar

However, since we cannot have a negative amount of sugar, we need to add the total amount of sugar called for in the recipe to the amount already added to get the correct answer.

So, we have:

0 cups of sugar (total amount called for) + (-2 cups of sugar) = 0 + (-2) = -2 cups of sugar

Therefore, Mary needs to add -2 cups of sugar to reach the total amount of sugar called for in the recipe.",neither,neutral
25,Mary is baking a cake. The recipe calls for 7 cups of sugar and 10 cups of flour. She already put in 4 cups of sugar. How many more cups of sugar does she need to add?,Dave had 21 apps on his phone. He added 89 new apps. After deleting some he had 24 left. How many more apps did he add than he deleted?,3,3,"To solve this problem, we need to find out how many apps Dave had before deleting pome, and then subtract the number of apps he had after deleting pome to find out how many apps he deleted.

Let's start by finding out how many apps Dave had before deleting pome. We know that he had 89 apps after adding 89 new apps. We also know that he had 24 apps after deleting pome. Therefore, we can set up the following equation:

89 (new apps) = 24 (remaining apps) + pome (deleted apps)

To find the value of pome, we can subtract 24 from both sides of the equation:

89 - 24 = pome

85 = pome

Therefore, Dave had 85 apps before deleting pome.

Next, we need to find out how many apps manB had before deleting pome. We know that he had 90 apps after adding 90 new apps. We also know that he had 24 apps after deleting pome. Therefore, we can set up the following equation:",ambiguous,neutral
26,Dave had 21 apps on his phone. He added 89 new apps. After deleting some he had 24 left. How many more apps did he add than he deleted?,During summer break 202958 kids from Lawrence county go to camp and the other 777622 kids stay home. How many more kids stayed home compared to those who went to the camp?,3,574664,"To solve the problem, we need to find the difference between the number of kids who went to camp and the number of kids who stayed home.

According to Source A, there were 21 apps on the phone, and 89 new apps were added. So, the total number of apps on the phone is:

21 + 89 = 100

According to Source B, there were 22958 kids from Lawrence county who went to camp, and 774622 kids from KZds who stayed home. So, the total number of kids who went to camp is:

22958 + 774622 = 1004110

Now, we can find the difference between the number of kids who went to camp and the number of kids who stayed home:

1004110 - 774622 = 222988

Therefore, the answer is:

#### <222988>",neither,neutral
27,During summer break 202958 kids from Lawrence county go to camp and the other 777622 kids stay home. How many more kids stayed home compared to those who went to the camp?,The grasshopper and the frog had a jumping contest. The grasshopper jumped 13 inches. The grasshopper jumped 2 inches farther than the grasshopper. How far did the frog jump?,574664,11,"To solve this problem, we need to find the distance the frog jumped. We know that the grasshopper jumped 13 inches, and the frog jumped 2 inches farther than the grasshopper. Therefore, the frog jumped 13 + 2 = 15 inches.

#### <answer>",neither,neutral
28,The grasshopper and the frog had a jumping contest. The grasshopper jumped 13 inches. The grasshopper jumped 2 inches farther than the grasshopper. How far did the frog jump?,Allan brought 3 balloons and 20 balls while Jake brought 5 balloons and 59 balls to the park. How many balloons did Allan and Jake have in the park?,11,8,"To solve the problem, we need to add the number of balloons that Allan and Jake brought together.

From Source A, we know that Allan brought 3 balloons.
From Source B, we know that Jake brought 5 balloons.

Adding these together, we get:
3 (Allan's balloons) + 5 (Jake's balloons) = 8 balloons

So, Allan and Jake have a total of 8 balloons.

Therefore, the answer is:
#### <8>",text,neutral
29,Allan brought 3 balloons and 20 balls while Jake brought 5 balloons and 59 balls to the park. How many balloons did Allan and Jake have in the park?,He then went to see the oranges being harvested. He found out that they harvest 8 sacks per day. How many days will it take to harvest 24 sacks of oranges?,8,3,"To solve the problem, we need to determine how many days it takes for the oranges to be harvested and then multiply that by the number of sacks harvested per day.

From Source A, we know that the oranges are being harvested at a rate of 8 sacks per day. From Source B, we know that there are 3 balloons and 20 balloons while Jake is bringing 5 balloons.

Since the problem is asking about oranges and not balloons, we can ignore the information about the balloons.

Now, let's calculate how many days it takes for the oranges to be harvested:

1. The oranges are being harvested at a rate of 8 sacks per day.
2. To find out how many days it takes to harvest 24 sacks of oranges, we divide the total number of sacks by the number of sacks harvested per day:

24 sacks / 8 sacks per day = 3 days

So, it takes 3 days for the oranges to be harvested.

Now, let's calculate the total number of sacks harvested:",text,neutral
30,He then went to see the oranges being harvested. He found out that they harvest 8 sacks per day. How many days will it take to harvest 24 sacks of oranges?,Every day Ryan spends 6 hours on learning english and 5 hours on learning chinese. If he learns for 2 days How many hours does he spend on learning english in all?,3,12,"To solve the problem, we need to find the total number of hours Ryan spends on learning English in all 20 hours.

First, let's find the total number of hours Ryan spends on learning English per day. He spends 6 hours on learning English and 5 hours on learning Chinese, so he spends a total of 6 + 5 = 11 hours on learning English per day.

Next, we need to find the total number of hours Ryan spends on learning English in all 20 hours. To do this, we multiply the number of days by the number of hours he spends on learning English per day.

20 hours (total time) x 11 hours/day (hours spent on learning English per day) = 220 hours (total hours spent on learning English)

Therefore, Ryan spends a total of 220 hours on learning English in all 20 hours.

##### <220>",neither,neutral
31,Every day Ryan spends 6 hours on learning english and 5 hours on learning chinese. If he learns for 2 days How many hours does he spend on learning english in all?,Baker made 144 cakes. He sold 71 of them. Then he made 111 more cakes. How many more cakes did baker make than those he sold?,12,184,"To solve the problem, we need to find the total number of cakes that Takur made and compare it to the number of cakes he sold.

1. Takur made 14 akes.
2. He sold 71 of them.
3. He also made 111 more cakes.

To find the total number of cakes Takur made, we add the number of cakes he made initially to the number of cakes he made later:

Total cakes made = 14 + 111 = 125

Now, we need to find the total number of cakes Takur sold. We know he sold 71 of them initially, but we don't know how many cakes he sold from the additional 111 he made. Let's assume he sold all of the additional cakes. In this case, he would have sold:

Total cakes sold = 71 + 111 = 182

To find out how many more cakes Takur made than those he sold, we subtract the total number of cakes he sold from the total number of cakes he made:",neither,neutral
32,Baker made 144 cakes. He sold 71 of them. Then he made 111 more cakes. How many more cakes did baker make than those he sold?,There were 12 people on the bus. At the next stop 4 more people got on the bus. Each bus can not have more than 36 people. How many people are there on the bus now?,184,16,"To solve this problem, we need to find the number of people on the bus after the next stop. Let's break it down step by step:

1. We start with 12 people on the bus.
2. At the next stop, 4 more people get on the bus.
3. The total number of people on the bus after the next stop is 12 + 4 = 16 people.
4. The bus can hold a maximum of 36 people.
5. Since there are already 16 people on the bus, there is no need to add any more people to the bus.

Therefore, the answer to the problem is:

##### <16>",text,neutral
33,There were 12 people on the bus. At the next stop 4 more people got on the bus. Each bus can not have more than 36 people. How many people are there on the bus now?,Allan brought 5 balloons and Jake brought 6 balloons to the park. Jake then bought 3 more balloons at the park. How many balloons did Jake bring to the park?,16,9,"To solve the problem, we need to add the number of balloons that Jake initially brought and the number of balloons he bought at the park.

1. Jake initially brought 6 balloons.
2. He bought 3 more balloons at the park.
3. So, the total number of balloons Jake brought to the park is:

6 (initial) + 3 (bought) = 9 balloons

Therefore, the answer is:

##### <9>",text,neutral
34,Allan brought 5 balloons and Jake brought 6 balloons to the park. Jake then bought 3 more balloons at the park. How many balloons did Jake bring to the park?,An industrial machine worked for 5 minutes. It can make 4 shirts a minute. How many shirts did machine make?,9,20,"To solve the problem, we need to determine how many shirts the machine can make in 5 minutes.

1. The machine can make 4 shirts in 1 minute.
2. To find out how many shirts the machine can make in 5 minutes, we need to multiply the number of shirts made in 1 minute by the number of minutes.

4 shirts/minute * 5 minutes = 20 shirts

Therefore, the machine made 20 shirts.

##### <20>",text,neutral
35,An industrial machine worked for 5 minutes. It can make 4 shirts a minute. How many shirts did machine make?,Paco had 9 sweet cookies and 6 salty cookies. He ate 36 sweet cookies and 3 salty cookies. How many salty cookies did Paco have left?,20,3,"To solve the problem, we need to find out how many sweet cookies Paco has left after eating 36 of them.

1. Paco has 9 sweet cookies.
2. He has eaten 36 sweet cookies.
3. To find out how many sweet cookies Paco has left, we subtract the number of sweet cookies he has eaten from the total number of sweet cookies he has.
4. 9 (total sweet cookies) - 36 (sweet cookies eaten) = -27

However, it is not possible to have a negative number of cookies. This means that Paco has eaten more sweet cookies than he actually has.

Therefore, the answer to the problem is:

#### <-27>",neither,neutral
36,Paco had 9 sweet cookies and 6 salty cookies. He ate 36 sweet cookies and 3 salty cookies. How many salty cookies did Paco have left?,A book has 3 chapters. The first chapter is 66 pages long the second chapter is 35 pages long and the third chapter is 24 pages long. How many pages does the book have altogether?,3,125,"To solve the problem, we need to add the number of pages in each chapter.

1. First chapter: 86 pages
2. Second chapter: 35 pages
3. Third chapter: 24 pages

Now, let's add these up:

86 + 35 + 24 = 145 pages

So, the book has a total of 145 pages.

##### <145>",neither,neutral
37,A book has 3 chapters. The first chapter is 66 pages long the second chapter is 35 pages long and the third chapter is 24 pages long. How many pages does the book have altogether?,Some children were riding on the bus. At the bus stop 2 more children got on the bus. Then there were 41 children altogether on the bus. How many children were riding on the bus before the bus stop?,125,39,"To solve this problem, we need to find out how many children were on the bus before it stopped at the bus stop. Let's break it down step by step:

1. We know that there were 41 children on the bus after the bus stop.
2. We also know that 2 more children got on the bus at the bus stop.
3. Therefore, the total number of children on the bus before the bus stop was 41 + 2 = 43 children.

##### <43>",neither,neutral
38,Some children were riding on the bus. At the bus stop 2 more children got on the bus. Then there were 41 children altogether on the bus. How many children were riding on the bus before the bus stop?,Rebecca wants to split a collection of eggs into 3 groups. Rebecca has 4 marbles and 15 eggs. How many eggs will each group have?,39,5,"To solve the problem, we need to divide the total number of items (marbles and eggs) by the number of groups (3) to find out how many items each group will have.

First, let's find the total number of items:
Total items = Marbles + Eggs
Total items = 4 + 15
Total items = 19

Next, we'll divide the total number of items by the number of groups:
Items per group = Total items / Number of groups
Items per group = 19 / 3
Items per group ≈ 6.33

Since we can't have a fraction of an item, we'll round down to the nearest whole number.

#### <6>",neither,neutral
39,Rebecca wants to split a collection of eggs into 3 groups. Rebecca has 4 marbles and 15 eggs. How many eggs will each group have?,After finding some bottle caps at the park danny has 32 bottle caps in his collection. If he had 25 bottle caps in his collection earlier How many bottle caps did he find at the park?,5,7,"To solve the problem, we need to find the number of bottle caps that Dany found at the park. Let's call the number of bottle caps Dany found ""x"".

According to the problem, Dany has 32 bottle caps in his collection. If he had 25 bottle caps in his collection earlier, then the difference between the number of bottle caps he has now and the number he had earlier is the number of bottle caps he found at the park.

So, we can set up the following equation:

x = 32 (total bottle caps) - 25 (bottle caps in his collection earlier)

Substituting the values, we get:

x = 32 - 25

x = 7

Therefore, Dany found 7 bottle caps at the park.

#### <answer>",text,neutral
40,After finding some bottle caps at the park danny has 32 bottle caps in his collection. If he had 25 bottle caps in his collection earlier How many bottle caps did he find at the park?,"Julia played tag with 15 kids on monday, 18 kids on tuesday and 97 kids on wednesday. How many kids did she play with on monday and tuesday?",7,33,"The problem in Source A is about finding the number of bottle caps in a collection, while the problem in Source B is about the number of kids Julia played with on different days. Since the two problems are unrelated, I will solve each problem separately.

Source A:
To find the number of bottle caps in a collection, we need to know the number of caps in each bottle and the total number of bottles. The text in Source A provides the following information:
- There are 25 bottle caps in each bottle.
- The park danny has 32 bottles.

To find the total number of bottle caps, we can multiply the number of caps in each bottle by the total number of bottles:
25 caps/bottle * 32 bottles = 800 caps

So, the total number of bottle caps in the collection is 800.

Source B:
To find the total number of kids Julia played with on Monday and Tuesday, we need to know the number of kids in each group and the total number of groups. The text in Source B provides the following information:
- There are 15 ds on Monday.
- There are 8 kgds",neither,neutral
41,"Julia played tag with 15 kids on monday, 18 kids on tuesday and 97 kids on wednesday. How many kids did she play with on monday and tuesday?",In Haley's class some boys love to play marbles. If Haley has 10 marbles and she gave 5 marbles to each boy How many boys did she give the marbles to?,33,2,"To solve the problem, we need to find out how many boys Haley gave marbles to. We know that Haley gave 5 marbles to each boy, and she had 10 marbles in total.

1. First, we need to find out how many marbles Haley gave away in total. Since she gave 5 marbles to each boy, we can calculate this by multiplying the number of boys by the number of marbles given to each boy:
   Total marbles given away = Number of boys * Marbles per boy
   Total marbles given away = 5 * Number of boys

2. Next, we need to find out how many marbles Haley had in total. We know that she gave away 10 marbles, so we can subtract the total marbles given away from the total marbles Haley had:
   Total marbles Haley had = Total marbles given away + Total marbles Haley had before giving away
   Total marbles Haley had = 10 + 10
   Total marbles Haley had = 20

3. Now, we can find out how many",neither,neutral
42,In Haley's class some boys love to play marbles. If Haley has 10 marbles and she gave 5 marbles to each boy How many boys did she give the marbles to?,After resting they decided to go for a swim. If the depth of the water is 10 times Dean's height and he stands at 9 feet How much deeper is the water than Dean's height?,2,81,"To solve the problem, we need to find the difference between the depth of the water and Dean's height.

First, let's convert Dean's height from feet to meters, since the depth of the water is given in meters. There are 3048 meters in a mile, and there are 5280 feet in a mile. So, 1 foot is approximately 0.3048 meters.

Dean's height is 9 feet, so his height in meters is:

9 feet \* 0.3048 meters/foot = 2.74 meters

Now, let's find the depth of the water in meters. The depth of the water is 10 times Dean's height, so:

Depth of water = 10 \* 2.74 meters = 27.4 meters

Finally, let's find the difference between the depth of the water and Dean's height:

Difference = Depth of water - Dean's height
Difference = 27.4 meters - 2.74 meters
Difference = 24.66 meters",neither,neutral
43,After resting they decided to go for a swim. If the depth of the water is 10 times Dean's height and he stands at 9 feet How much deeper is the water than Dean's height?,A book has 3 chapters. The first chapter is 91 pages long the second chapter is 23 pages long and the third chapter is 25 pages long. How many more pages does the first chapter have than the second chapter?,81,68,"To solve the problem, we need to compare the number of pages in the first chapter to the number of pages in the second chapter.

First, let's find the total number of pages in the first chapter:
91 pages

Next, let's find the total number of pages in the second chapter:
23 pages + 25 pages = 48 pages

Now, we can subtract the total number of pages in the second chapter from the total number of pages in the first chapter to find the difference:
91 pages - 48 pages = 43 pages

Therefore, the first chapter has 43 more pages than the second chapter.

#### <answer> 43 pages </answer>",neither,neutral
44,A book has 3 chapters. The first chapter is 91 pages long the second chapter is 23 pages long and the third chapter is 25 pages long. How many more pages does the first chapter have than the second chapter?,"After eating a hearty meal they went to see the Buckingham palace. There, Rachel learned that 317 visitors came to the Buckingham palace that day. If there were 295 visitors the previous day How many more visitors visited the Buckingham palace on that day than on the previous day?",68,22,"To solve the problem, we need to find the difference between the number of visitors on the day Rachel went to the Buckingham palace and the number of visitors on the previous day.

According to Source A, the first chapter has 91 pages, and the second chapter has 23 pages. Therefore, the second chapter has 23 - 91 = 14 pages more than the first chapter.

According to Source B, Rachel went to the Buckingham palace after eating a meal, and there were 317 visitors that day. The previous day, Shere had 295 visitors.

To find the difference, we subtract the number of visitors on the previous day from the number of visitors on the day Rachel went to the Buckingham palace:

317 visitors - 295 visitors = 22 visitors

Therefore, there were 22 more visitors at the Buckingham palace on the day Rachel went than on the previous day.

#### <answer>",text,neutral
45,"After eating a hearty meal they went to see the Buckingham palace. There, Rachel learned that 317 visitors came to the Buckingham palace that day. If there were 295 visitors the previous day How many more visitors visited the Buckingham palace on that day than on the previous day?",The Razorback t-shirt shop made $ 51 dollars from selling 3 t-shirt during the Arkansas and Texas tech game they. What is the cost of each t-shirt?,22,17,"To solve this problem, we need to find the cost per t-shirt. We can do this by dividing the total revenue by the number of t-shirts sold.

Step 1: Identify the total revenue.
The total revenue is $53.

Step 2: Identify the number of t-shirts sold.
The number of t-shirts sold is 3.

Step 3: Calculate the cost per t-shirt.
To find the cost per t-shirt, we divide the total revenue by the number of t-shirts sold:

Cost per t-shirt = Total Revenue / Number of T-Shirts Sold
Cost per t-shirt = $53 / 3

Step 4: Calculate the cost per t-shirt.
Cost per t-shirt = $17.67

Therefore, the cost per t-shirt is $17.67.

#### <$17.67>",neither,neutral
46,The Razorback t-shirt shop made $ 51 dollars from selling 3 t-shirt during the Arkansas and Texas tech game they. What is the cost of each t-shirt?,"Jack received 3 emails in the morning, 4 emails in the afternoon and 8 emails in the evening. How many emails did Jack receive in the morning and evening?",17,11,"The problem in Source A is asking about the cost of a t-shirt, while Source B is asking about the number of emails Jack received. These are two different problems and cannot be solved together.

To solve the problem in Source B, we can add the number of emails Jack received in the morning, afternoon, and evening:

3 (morning) + 4 (afternoon) + 8 (evening) = 15 emails

Therefore, Jack received a total of 15 emails.

##### <15>",neither,neutral
47,"Jack received 3 emails in the morning, 4 emails in the afternoon and 8 emails in the evening. How many emails did Jack receive in the morning and evening?",Lawrence county has 313473 kids. During summer break 274865 kids stay home and the rest go to camp. How many kids go to the camp during the break?,11,38608,"To solve the problem, we need to find the number of kids who go to camp during the break. We are given that there are 1373 kids in Lawrence county and that 27485 kids stay home during the break.

First, we need to find the total number of kids in Lawrence county during the break. We can do this by adding the number of kids who stay home to the number of kids who go to camp:

27485 + F1373 = 27485 + 1373 = 28858

Now, we need to find the number of kids who go to camp during the break. We can do this by subtracting the number of kids who stay home from the total number of kids in Lawrence county during the break:

28858 - 27485 = 13673

Therefore, 13673 kids go to camp during the break.

##### <13673>",neither,neutral
48,Lawrence county has 313473 kids. During summer break 274865 kids stay home and the rest go to camp. How many kids go to the camp during the break?,The grasshopper and the frog had a jumping contest. The grasshopper jumped 35 inches. The grasshopper jumped 4 inches farther than the frog. How much did they jump altogether?,38608,66,"The problem in Source A is about a camping trip, while the problem in Source B is about a grasshopper and a frog. To solve the problem in Source B, we need to convert the units of measurement to a common unit.

The grasshopper jumped 4 inches, and the frog jumped 28 inches. To find the total distance they jumped, we need to add their jumps together.

4 inches + 28 inches = 32 inches

So, the grasshopper and the frog jumped a total of 32 inches.

#### <32>",neither,neutral
49,The grasshopper and the frog had a jumping contest. The grasshopper jumped 35 inches. The grasshopper jumped 4 inches farther than the frog. How much did they jump altogether?,Winter is almost here and most animals are migrating to warmer countries. There are 3 bird families living near the mountain. 26 new bird families came to live near the mountain from the arctic while 2 bird families flew away further south for winter. How many bird families were left near the mountain?,66,27,"The problem is asking for the number of bird families that are left near the mountain after some of them have migrated further south.

To solve this problem, we need to subtract the number of bird families that migrated from the total number of bird families that were initially present.

According to the problem, there are 26 new bird families that have come to live near the mountain. We are told that 2 bird families flew away further south.

Therefore, the number of bird families that are left near the mountain is:

26 new bird families - 2 bird families that flew away = 24 bird families

So, the answer to the problem is:

#### <24>",neither,neutral
50,Winter is almost here and most animals are migrating to warmer countries. There are 3 bird families living near the mountain. 26 new bird families came to live near the mountain from the arctic while 2 bird families flew away further south for winter. How many bird families were left near the mountain?,Adam could fit 8 action figures and 10 cabinets on each shelf in his room. His room has 4 shelves. How many total items could his shelves hold?,27,72,"To solve the problem, we need to find the total number of action figures that Adam's shelves can hold.

1. We know that Adam can fit 8 action figures on each shelf.
2. Adam's room has 4 shelves.
3. To find the total number of action figures that can be held by all shelves, we multiply the number of shelves by the number of action figures per shelf:

Total number of action figures = Shelves * Action figures per shelf
= 4 shelves * 8 action figures per shelf
= 32 action figures

#### <32>",neither,neutral
51,Adam could fit 8 action figures and 10 cabinets on each shelf in his room. His room has 4 shelves. How many total items could his shelves hold?,Robin's hair was 16 inches long. He cut off 11 inches. Then it again grew by 12 inches. How long is his hair now?,72,17,"To solve this problem, we need to follow these steps:

1. Subtract the amount cut off from the original length to find the length after the first cut.
2. Add the amount of growth after the first cut to find the final length.

Let's apply these steps:

1. Subtract 11 inches from 16 inches:
16 inches - 11 inches = 5 inches

So, Rbin's hair is 5 inches long after the first cut.

2. Add 12 inches of growth after the first cut:
5 inches + 12 inches = 17 inches

Therefore, Rbin's hair is now 17 inches long.

#### <answer>17 inches</answer>",text,neutral
52,Robin's hair was 16 inches long. He cut off 11 inches. Then it again grew by 12 inches. How long is his hair now?,Friends of Katie had 57 games and she had 63 ds games. How many more games does Katie have than her friends?,17,6,"To solve the problem, we need to compare the number of games that Katie has with the number of games that her friends have.

According to Source A, Robin's hair was 16 inches long. He cut off 11 inches. Therefore, the length of Robin's hair after the cut is 16 - 11 = 5 inches long.

According to Source B, Katie has 57 games and her friends have 63 games. To find out how many more games Katie has than her friends, we need to subtract the number of games her friends have from the number of games Katie has.

57 - 63 = -6

Therefore, Katie has 6 fewer games than her friends.

#### <-6>",neither,neutral
53,Friends of Katie had 57 games and she had 63 ds games. How many more games does Katie have than her friends?,Lucy went to the grocery store. She bought 10 packs of cookie and 4 packs of cake. How many more packs of cookie did she buy over cake?,6,6,"To solve the problem, we need to find the difference between the number of cookie packs and the number of cake packs that Lucy bought.

From Source A, we know that Lucy bought 10 packs of cookie and 4 packs of cake.

So, the number of cookie packs is 10, and the number of cake packs is 4.

To find the difference, we subtract the number of cake packs from the number of cookie packs:

10 (cookie packs) - 4 (cake packs) = 6

Therefore, Lucy bought 6 more packs of cookie over cake.

#### <answer>",ambiguous,neutral
54,Lucy went to the grocery store. She bought 10 packs of cookie and 4 packs of cake. How many more packs of cookie did she buy over cake?,"6 red peaches, 90 yellow peaches and 16 green peaches are in the basket. How many red and green peaches are in the basket?",6,22,"To solve the problem, we need to add the number of red peaches and the number of green peaches together.

From Source A, we know that Lucy bought 10 packs of cookie.

From Source B, we know that there are 6 red peaches and 16 green peaches in the basket.

To find the total number of peaches, we add the number of red peaches to the number of green peaches:

6 red peaches + 16 green peaches = 22 peaches

Therefore, there are 22 peaches in the basket.

#### <answer>",text,neutral
55,"6 red peaches, 90 yellow peaches and 16 green peaches are in the basket. How many red and green peaches are in the basket?",Mary is baking a cake. The recipe calls for 10 cups of flour 2 cups of sugar and 80 cups of salt. She already put in 7 cups of flour. How many more cups of flour than cups of sugar does she need to add now?,22,1,"To solve the problem, we need to find the difference between the amount of flour Mary has already put in and the amount of flour called for in the recipe.

According to the recipe, Mary needs to add 3 cups of flour. However, she has already put in 7 cups of flour. Therefore, she needs to add:

3 cups of flour - 7 cups of flour = -4 cups of flour

Since Mary cannot add a negative amount of flour, she does not need to add any more flour.

Therefore, the answer is:

#### <0>",neither,neutral
56,Mary is baking a cake. The recipe calls for 10 cups of flour 2 cups of sugar and 80 cups of salt. She already put in 7 cups of flour. How many more cups of flour than cups of sugar does she need to add now?,Paco had 17 cookies. He ate 14 cookies and gave 13 of them to his friend. How many more cookies did he eat than those he gave to his friend?,1,1,"To solve the problem, we need to find out how many cookies Co had initially, how many cookies he ate, and how many cookies he gave to his friend.

1. Co had 7 cookies initially.
2. Co ate 14 cookies.
3. Co gave 13 cookies to his friend.

Now, let's find out how many cookies Co ate in total:

Total cookies Co ate = Cookies he ate + Cookies he gave to his friend
Total cookies Co ate = 14 + 13
Total cookies Co ate = 27

So, Co ate 27 cookies in total.

To find out how many more cookies Co ate than those he gave to his friend, we subtract the number of cookies he gave to his friend from the total number of cookies he ate:

Difference = Total cookies Co ate - Cookies he gave to his friend
Difference = 27 - 13
Difference = 14

Therefore, Co ate 14 more cookies than those he gave to his friend.

#### <answer>",ambiguous,neutral
57,Paco had 17 cookies. He ate 14 cookies and gave 13 of them to his friend. How many more cookies did he eat than those he gave to his friend?,In a school there are 315 girls and 309 boys. There are also 772 teachers How many people are there in that school?,1,1396,"To solve the problem, we need to find the total number of people in the school. We can do this by adding the number of girls, the number of boys, and the number of teachers.

From Source A, we know that there are 31 girls and 309 boys in the school. From Source B, we know that there are 14 cookies and 13 cookies given to the m and the t respectively.

Since there are 14 cookies given to the m and 13 cookies given to the t, we can infer that there are a total of 14 + 13 = 27 cookies given to the m and the t.

However, since we are trying to find the total number of people in the school, we need to convert the number of cookies into people. We can do this by dividing the total number of cookies by the number of cookies per person.

From Source A, we know that there are 772 teachern Ho7 many peple are there in tat schoo? Therefore, we can assume that there are 772/27 = 28.57 people per cookie.

To find the",neither,neutral
58,In a school there are 315 girls and 309 boys. There are also 772 teachers How many people are there in that school?,There are some baskets of peaches. Each basket has 4 red peaches and 3 green peaches. If there are a total of 7 peaches in all baskets How many baskets of peaches are there?,1396,1,"To solve the problem, we need to find the total number of peaches and then divide that by the number of peaches in each basket to find the number of baskets.

First, let's find the total number of peaches. We know that each basket has 4 red peaches and 3 green peaches, so the total number of peaches is:

4 red peaches/basket \* Number of baskets + 3 green peaches/basket \* Number of baskets

We are given that there are 7 wches in total, so we can set up the equation:

4w + 3w = 7w

Solving for w, we get:

7w = 7w

This equation is meaningless, as it does not provide any information that can be used to solve for the number of baskets.

Therefore, we cannot determine the number of baskets of peaches based on the information provided in either Source A or Source B.",neither,neutral
59,There are some baskets of peaches. Each basket has 4 red peaches and 3 green peaches. If there are a total of 7 peaches in all baskets How many baskets of peaches are there?,Jessie currently weighs 27 kilograms. After she started to go jogging everyday she lost 101 kilograms. How much did she weigh before starting to jog?,1,128,"To solve the problem, we need to find the difference between Jessie's weight before she started jogging and her weight after she started jogging.

First, let's find Jessie's weight before she started jogging. We know that she weighed 27 kilograms before she started jogging.

Next, let's find Jessie's weight after she started jogging. We know that she weighed 101 kilograms after she started jogging.

Now, we can find the difference between her weight before and after jogging by subtracting her weight before jogging from her weight after jogging.

101 kilograms - 27 kilograms = 72 kilograms

So, Jessie weighed 72 kilograms more after she started jogging than she did before she started jogging.

Therefore, the answer is:

##### <72>",neither,neutral
60,Jessie currently weighs 27 kilograms. After she started to go jogging everyday she lost 101 kilograms. How much did she weigh before starting to jog?,David did 51 push-ups in gym class today. David did 49 more push-ups than Zachary. How many push-ups did Zachary and David do altogether?,128,53,"To solve the problem, we need to find out how many push-ups Zachary did and then add that to the number of push-ups David did.

From Source A, we know that David did 51 push-ups and Zachary did 49 fewer push-ups than David, which means Zachary did 51 - 49 = 2 push-ups.

So, if David did 51 push-ups and Zachary did 2 push-ups, together they did 51 + 2 = 53 push-ups.

Therefore, the answer is:

##### <53>",text,neutral
61,David did 51 push-ups in gym class today. David did 49 more push-ups than Zachary. How many push-ups did Zachary and David do altogether?,In a school there are 362 boys and 257 girls. 403 more girls joined the school. How many more girls than boys does the school have?,53,298,"To solve the problem, we need to find the difference between the number of girls and the number of boys in the school.

1. First, we need to find the total number of students in the school. We can do this by adding the number of boys and the number of girls:
   Total students = Boys + Girls
   Total students = 362 + 257
   Total students = 619

2. Next, we need to find the number of girls in the school after Jonas joins. We can do this by adding the number of girls in the school to the number of girls Jonas brought:
   Girls after Jonas joins = Girls in the school + Girls Jonas brought
   Girls after Jonas joins = 257 + 4g3
   Girls after Jonas joins = 257 + 4 * 3g3
   Girls after Jonas joins = 257 + 1333
   Girls after Jonas joins = 1359

3. Finally, we can find the difference between the number of girls after Jonas joins and the number of boys in the school:",neither,neutral
62,In a school there are 362 boys and 257 girls. 403 more girls joined the school. How many more girls than boys does the school have?,Josh had 22 marbles in his collection. He found 13 marbles ones while he lost 5 marbles. How many marbles does he have now?,298,30,"To solve the problem, we need to find out how many marbles Josh initially had and then subtract the number of marbles he lost.

According to Source A, Josh initially had 382 marbles.
Source B states that Josh lost 5 marbles.

Now, let's calculate the number of marbles Josh has after losing 5 marbles:
382 marbles (initial) - 5 marbles (lost) = 377 marbles (remaining)

So, Josh has 377 marbles after losing 5 marbles.

Therefore, the answer to the problem is:
#### 377",neither,neutral
63,Josh had 22 marbles in his collection. He found 13 marbles ones while he lost 5 marbles. How many marbles does he have now?,"After eating a hearty meal they went to see the Buckingham palace. There were 39 paintings in the Buckingham palace. There, Rachel learned that 661 visitors came to the Buckingham palace that day. If there were 600 visitors the previous day How many more visitors visited the Buckingham palace on that day than on the previous day?",30,61,"To solve the problem, we need to find the difference between the number of visitors on the previous day and the number of visitors on the day in question.

Let's assume that the number of visitors on the previous day was x.
According to the problem, there were 61 visitors on the day in question.

The difference between the number of visitors on the previous day and the number of visitors on the day in question is:

61 - x = 52

So, there were 52 more visitors on the day in question than on the previous day.

Therefore, the answer is:

#### <52>",neither,neutral
64,"After eating a hearty meal they went to see the Buckingham palace. There were 39 paintings in the Buckingham palace. There, Rachel learned that 661 visitors came to the Buckingham palace that day. If there were 600 visitors the previous day How many more visitors visited the Buckingham palace on that day than on the previous day?",Nell collects baseball cards. She had 566 cards while Jeff had 234 cards. She gave some of her cards to Jeff and now has 535 cards left. How many cards does Jeff have now?,61,265,"The problem in Source B is about Nell collecting baseball cards and giving some to Jeff. The problem in Source A is about a hearty meal and seeing the Buckingham palace.

To solve the problem in Source B, we need to find out how many cards Nell gave to Jeff. We know that Nell initially had 566 cards and now has 535 cards left. To find out how many cards Nell gave to Jeff, we can subtract the number of cards Nell has now from the number of cards she initially had:

566 cards (initial) - 535 cards (left) = 31 cards (given to Jeff)

Now, we know that Jeff initially had 234 cards and Nell gave him 31 cards. To find out how many cards Jeff has now, we can add the number of cards he initially had to the number of cards Nell gave him:

234 cards (initial) + 31 cards (given by Nell) = 265 cards (total)

So, Jeff has 265 cards now.

Therefore, the answer to the problem in Source B is",text,neutral
65,Nell collects baseball cards. She had 566 cards while Jeff had 234 cards. She gave some of her cards to Jeff and now has 535 cards left. How many cards does Jeff have now?,Randy uses 36 blocks to build a tower. If he had 59 blocks How many blocks are left?,265,23,"To solve the problem, we need to determine how many blocks were used to build the tower and then subtract that number from the total number of blocks to find out how many blocks are left.

In Source A, it is stated that ""pandy uses 36 blocks yo build a tower."" This means that 36 blocks were used to build the tower.

In Source B, it is stated that ""She had 568 cards while Jeff had 34 cards. She gave some of her cards to Jeff and now has 535 cards."" This statement does not provide any information about the number of blocks used to build the tower.

Therefore, based on the information provided in Source A, the answer to the problem is:

##### <36>",neither,neutral
66,Randy uses 36 blocks to build a tower. If he had 59 blocks How many blocks are left?,At the stop 8 more people got on the train. Initially there were 11 people on the train. How many people are there on the train now?,23,19,"To solve the problem, we need to understand the context and the information provided.

In the image, it is stated that ""Randy uses 36 blocks to build a tower. If he had 59 blocks How many blocks are left?""

In the text, it is stated that ""t the stoc 8 more people got on the train. Initpall there were 1 people on the train. ow many peple ae there on the rain now?""

The two problems are not related, so we will solve them separately.

For the first problem, we can set up an equation to represent the relationship between the number of blocks used to build the tower and the number of blocks available. Let's call the number of blocks used to build the tower ""x"". We can set up the equation:

x = 36

To find the number of blocks available, we can subtract the number of blocks used to build the tower from the total number of blocks:

Total blocks - Blocks used = Blocks available

So, the number of blocks available is:

Total blocks - 36 = Blocks available

Now, we can substitute the value",neither,neutral
67,At the stop 8 more people got on the train. Initially there were 11 people on the train. How many people are there on the train now?,Rachel has 3 apple trees. She picked 8 apples from each of her trees. Now the trees have a total 9 apples still on them. How many apples were there on all trees initially?,19,33,"To solve the problem, we need to find the total number of apples that were initially on the trees.

From Source A, we know that Rachel has 3 apple trees, and she picked 8 apples from each tree. So, the total number of apples she picked is:

8 apples/tree * 3 trees = 24 apples

From Source B, we know that there are 11 people on the train, and each person has 1 apple. So, the total number of apples on the train is:

11 people * 1 apple/person = 11 apples

Now, we need to find the total number of apples that were initially on the trees. We know that Rachel picked 24 apples, and there are 11 apples on the train. So, the total number of apples that were initially on the trees is:

24 apples (picked by Rachel) + 11 apples (on the train) = 35 apples

Therefore, the total number of apples that were initially on the trees is 35 apples.

#### <answer> 3",neither,neutral
68,Rachel has 3 apple trees. She picked 8 apples from each of her trees. Now the trees have a total 9 apples still on them. How many apples were there on all trees initially?,43 children were riding on the bus. At the bus stop some children got off the bus. Then there were 21 children left on the bus. How many children got off the bus at the bus stop?,33,22,"To solve the problem, we need to find the number of children who got off the bus at the bus stop. We can do this by subtracting the number of children who are still on the bus from the original number of children on the bus.

Step 1: Find the original number of children on the bus.
The original number of children on the bus is 43.

Step 2: Find the number of children who are still on the bus.
The number of children who are still on the bus is 21.

Step 3: Subtract the number of children who are still on the bus from the original number of children on the bus.
21 (children still on the bus) - 43 (original number of children on the bus) = -22

However, it is not possible to have a negative number of children. This means that there must be an error in the problem statement or the numbers provided. Please check the sources for accuracy and provide the correct numbers for the problem to be solved.",neither,neutral
69,43 children were riding on the bus. At the bus stop some children got off the bus. Then there were 21 children left on the bus. How many children got off the bus at the bus stop?,5 red peaches and 11 green peaches are in the basket. How many more green peaches than red peaches are in the basket?,22,6,"To solve the problem, we need to find the difference between the number of green peaches and the number of red peaches.

According to Source A, there are 5 red peaches.
According to Source B, there are 21 children left on the bus.

Now, let's find the difference:
21 (children left on the bus) - 5 (red peaches) = 16

So, there are 16 more green peaches than red peaches in the basket.

##### <16>",neither,neutral
70,5 red peaches and 11 green peaches are in the basket. How many more green peaches than red peaches are in the basket?,Nell collects cards. She had 246 baseball cards and 214 Ace cards. She gave some of her cards to Jeff and now has 404 baseball cards and 495 Ace cards left. How many more Ace cards than baseball cards does Nell have?,6,91,"To solve the problem, we need to find the difference between the number of Ace cards Nell has after giving some to Juff and the number of Ace cards XasebaSl has.

First, let's find the total number of Ace cards Nell has after giving some to Juff. We know that Nell initially had 246 basegall cards and 214 Ace cards. After giving some to Juff, she has 495 Ace cards left. Therefore, the total number of Ace cards Nell has after giving some to Juff is:

Total Ace cards = 246 + 214 = 450

Now, we need to find the number of Ace cards XasebaSl has. The problem states that XasebaSl has some of the Ace cards Nell gave to Juff. However, the problem does not provide enough information to determine the exact number of Ace cards XasebaSl has. Therefore, we cannot calculate the difference between the number of Ace cards Nell has after giving some to Juff and the number of Ace cards XasebaSl has.

Without more information,",neither,neutral
71,Nell collects cards. She had 246 baseball cards and 214 Ace cards. She gave some of her cards to Jeff and now has 404 baseball cards and 495 Ace cards left. How many more Ace cards than baseball cards does Nell have?,Each pack of dvds costs 76 dollars. If there is a discount of 25 dollars on each pack How much do you have to pay to buy each pack?,91,51,"To solve this problem, we need to find the cost of each pack after the discount is applied.

1. First, let's calculate the total cost of the DVD packs before the discount.
   Total cost = Number of packs * Cost per pack
   Total cost = 2 * 7q dollars
   Total cost = 14q dollars

2. Next, let's calculate the total discount.
   Total discount = Discount per pack * Number of packs
   Total discount = 25 dollars * 2
   Total discount = 50 dollars

3. Now, let's calculate the total cost after the discount.
   Total cost after discount = Total cost - Total discount
   Total cost after discount = 14q dollars - 50 dollars
   Total cost after discount = 9q dollars

4. Finally, let's calculate the cost of each pack after the discount.
   Cost per pack after discount = Total cost after discount / Number of packs
   Cost per pack after discount = 9q dollars / 2
   Cost per pack after discount = 4.5q dollars

Therefore, the cost of",neither,neutral
72,Each pack of dvds costs 76 dollars. If there is a discount of 25 dollars on each pack How much do you have to pay to buy each pack?,They decided to hold the party in their backyard. They have 14 chairs for each set of table. If they have 9 sets of tables How many more chairs than tables do they have?,51,117,"To solve the problem, we need to determine the total number of chairs available and then calculate how many more chairs are needed to accommodate the party.

1. First, we need to find the total number of chairs available. Since there are 14 chairs for each set of tables, and there are 9 sets of tables, we can calculate the total number of chairs as follows:

Total chairs = Chairs per set * Number of sets
Total chairs = 14 * 9
Total chairs = 126

2. Next, we need to determine how many chairs are needed for the party. Since there are 25 people attending the party, and each person will need a chair, we can calculate the total number of chairs needed as follows:

Total chairs needed = Number of people * Chairs per person
Total chairs needed = 25 * 1
Total chairs needed = 25

3. Finally, we can calculate the number of chairs needed to accommodate the party by subtracting the total number of chairs available from the total number of chairs needed:

Chairs needed to buy = Total chairs needed - Total chairs
Chairs needed to buy = 25 - 1",neither,neutral
73,They decided to hold the party in their backyard. They have 14 chairs for each set of table. If they have 9 sets of tables How many more chairs than tables do they have?,Next on his checklist is wax to stick the feathers together and colors to paint them. He needs a total of 57 g of colors to paint them. He needs 22 g of wax more. If the feathers require a total of 353 g of wax How many grams of wax does he already have?,117,331,"To solve the problem, we need to find the total amount of wax needed for both the feathers and the paintbrushes.

From Source A, we know that the feathers require a total of 3P3 g of wax. Since we are not given the number of feathers, we cannot calculate the exact amount of wax needed for the feathers.

From Source B, we know that the paintbrushes require a total of 9 sets of tables. Since we are not given the number of tables in each set, we cannot calculate the exact amount of wax needed for the paintbrushes.

Therefore, we cannot determine the total amount of wax needed for both the feathers and the paintbrushes.

Without this information, we cannot answer the question of how many grams of wax d4e he already has.

##### <answer>",neither,neutral
74,Next on his checklist is wax to stick the feathers together and colors to paint them. He needs a total of 57 g of colors to paint them. He needs 22 g of wax more. If the feathers require a total of 353 g of wax How many grams of wax does he already have?,Frank was reading through his favorite book. The book had 2 chapters each with 405 pages. It took frank 664 days to finish the book. How many chapters did he read per day?,331,332,"To solve this problem, we need to find out how many days it took Frank to read each chapter. We can do this by dividing the total number of pages he read by the total number of pages in the book.

First, let's calculate the total number of pages Frank read:
Total pages read = Total pages in the book

Next, we need to find out how many pages are in each chapter. Since each chapter has 40 pages, we can calculate the total number of chapters by dividing the total number of pages by the number of pages per chapter:
Total chapters = Total pages in the book / Pages per chapter

Now, we can find out how many chapters Frank read each day by dividing the total number of chapters by the total number of days it took him to finish the book:
Chapters per day = Total chapters / Total days

Finally, we can find the answer by multiplying the number of chapters per day by the number of chapters in each chapter:
Chapters per day * Chapters per chapter

#### <answer>",neither,neutral
75,Frank was reading through his favorite book. The book had 2 chapters each with 405 pages. It took frank 664 days to finish the book. How many chapters did he read per day?,Jerry had 5 action figures and 2 books on a shelf in his room. Later he added 9 more books to the shelf. How many more books than action figures were on his shelf?,332,6,"To solve the problem, we need to find out how many books Jerry had initially and then determine how many more books he added to his shelf.

1. Initially, Jerry had 5 action figures and 2 books on his shelf.
2. The total number of items on the shelf initially was 5 (action figures) + 2 (books) = 7 items.
3. After adding more books, Jerry had a total of 7 (initial books) + 6 (books added) = 13 books on his shelf.
4. To find out how many more books than action figures were on his shelf, we subtract the initial number of action figures from the total number of books after adding more books: 13 (total books) - 5 (initial action figures) = 8 books.

Therefore, Jerry had 8 more books than action figures on his shelf.

##### <8>",neither,neutral
76,Jerry had 5 action figures and 2 books on a shelf in his room. Later he added 9 more books to the shelf. How many more books than action figures were on his shelf?,Paul got a box of some crayons for his birthday. By the end of the school year he had either lost or given away 551 of them and only had 177 left. How many crayons did he get for his birthday?,6,728,"To solve the problem, we need to find out how many crayons Paul initially got for his birthday. We can do this by subtracting the number of crayons he had at the end of the school year from the number of crayons he had at the beginning of the school year.

According to Source B, Paul had 51 crayons at the end of the school year, and he had 177 crayons at the beginning of the school year.

So, the number of crayons Paul got for his birthday is:

177 (crayons at the beginning of the school year) - 51 (crayons at the end of the school year) = 126

Therefore, Paul got 126 crayons for his birthday.

#### <126>",neither,neutral
77,Paul got a box of some crayons for his birthday. By the end of the school year he had either lost or given away 551 of them and only had 177 left. How many crayons did he get for his birthday?,Because of the decision Sofia asked the students to suggest specific types of food. If 324 students suggested adding mashed potatoes 374 suggested adding bacon to the menu and 128 suggested adding tomatoes How many students participated in the suggestion of new food items?,728,826,"To solve this problem, we need to find the total number of students who participated in the Muggesion and then determine the percentage of students who suggested adding ood.

1. First, let's find the total number of students who participated in the Muggesion. This is the sum of the students who suggested adding ood, bacon, and tomatoes:
   Total students = 74 + 28 + 12 = 114

2. Next, we need to find the percentage of students who suggested adding ood. To do this, we divide the number of students who suggested adding ood by the total number of students who participated in the Muggesion and then multiply by 100:
   Percentage of students who suggested adding ood = (74 / 114) * 100

3. Calculate the percentage:
   Percentage of students who suggested adding ood = (74 / 114) * 100
   Percentage of students who suggested adding ood = 6.54%

4. Finally, we can express the answer as a percentage:",neither,neutral
78,Because of the decision Sofia asked the students to suggest specific types of food. If 324 students suggested adding mashed potatoes 374 suggested adding bacon to the menu and 128 suggested adding tomatoes How many students participated in the suggestion of new food items?,A book has 31 chapters. Each chapter is 61 pages long. How many pages does the book have altogether?,826,1891,"To solve the problem, we need to find the total number of pages in the book. We know that each chapter is 64 pages long, and there are 31 chapters in the book.

Total pages = Number of chapters * Pages per chapter
Total pages = 31 chapters * 64 pages/chapter
Total pages = 1964 pages

#### <1964>",neither,neutral
79,A book has 31 chapters. Each chapter is 61 pages long. How many pages does the book have altogether?,The school is planning a field trip. The school has 67 classrooms. There are 66 students in each classroom in the school. If there are 6 seats on each school bus How many buses are needed to take the trip?,1891,737,"To solve the problem, we need to determine the total number of students in the school and then divide that number by the number of seats on each bus to find out how many buses are needed.

First, let's calculate the total number of students in the school. We know that there are 66 students in each classroom and 67 classrooms in the school. Therefore, the total number of students is:

66 students/classroom \* 67 classrooms = 4322 students

Next, we need to determine how many students can fit on each bus. We know that there are 6 seats on each bus. Therefore, the number of buses needed is:

4322 students / 6 seats/bus = 720.33 buses

Since we cannot have a fraction of a bus, we need to round up to the nearest whole number. Therefore, we need:

721 buses

So, the answer to the problem is:

#### <721>",neither,neutral
80,The school is planning a field trip. The school has 67 classrooms. There are 66 students in each classroom in the school. If there are 6 seats on each school bus How many buses are needed to take the trip?,Bobby ate 33 pieces of candy. Then he ate 4 more. He also ate 14 pieces of chocolate. How many pieces of candy and chocolate did Bobby eat altogether?,737,51,"To solve the problem, we need to add up the number of pieces of candy, mort, and chocolates that Bobby ate.

1. Bobby ate 33 pieces of candy.
2. Bobby ate 4 mort.
3. Bobby ate 14 pieces of chocolates.

Now, let's add them up:
33 (candy) + 4 (mort) + 14 (chocolates) = 51

So, Bobby ate a total of 51 pieces of candy, mort, and chocolates.

#### <51>",text,neutral
81,Bobby ate 33 pieces of candy. Then he ate 4 more. He also ate 14 pieces of chocolate. How many pieces of candy and chocolate did Bobby eat altogether?,Paco had 36 cookies. He gave 14 cookies to his friend and ate 10 cookies. How many cookies did Paco have left?,51,12,"To solve the problem, we need to find out how many cookies Paco had left after eating 10 cookies.

1. Paco had 36 cookies in total.
2. He gave 14 cookies to his friend.
3. He ate 10 cookies.

Now, let's calculate how many cookies Paco had left:

36 (total cookies) - 14 (cookies given away) - 10 (cookies eaten) = 12 cookies left

So, Paco had 12 cookies left after giving away 14 cookies and eating 10 cookies.

#### <12>",text,neutral
82,Paco had 36 cookies. He gave 14 cookies to his friend and ate 10 cookies. How many cookies did Paco have left?,Paige raised 15 goldfish in the pond but stray cats loved eating them. 5 were eaten. How many goldfish remained?,12,10,"To solve the problem, we need to find out how many fish Paig raited and how many of them were eaten by the stray cats.

According to Source A, Paig raited 38 cookies and gave 14 cookies to his friend and ate 10 cookies.

According to Source B, Paig raited 15 gol9fish in the pond but stray cats loved eating them. 5 were eaten.

To find out how many fish Paig raited, we need to subtract the number of fish that were eaten by the stray cats from the total number of fish that Paig raited.

15 (total number of fish) - 5 (number of fish eaten by cats) = 10

Therefore, Paig raited 10 gol9fish in the pond.

#### <answer>",neither,neutral
83,Paige raised 15 goldfish in the pond but stray cats loved eating them. 5 were eaten. How many goldfish remained?,During summer break 61619 kids from Lawrence county stayed home and the rest went to camp. The total number of kids in Lawrence county is 91676. About how many kids in Lawrence county went to camp?,10,30057,"To solve the problem, we need to find the number of kids from Lawrence county who went to camp. We are given that there are 9167 kids in total, and that 6619 of them stayed home.

To find the number of kids who went to camp, we need to subtract the number of kids who stayed home from the total number of kids.

6619 (kids who stayed home) + 9167 (total number of kids) = 15786

15786 (total number of kids) - 6619 (kids who stayed home) = 8576.7

Therefore, approximately 8576.7 kids from Lawrence county went to camp.

##### <8576.7>",neither,neutral
84,During summer break 61619 kids from Lawrence county stayed home and the rest went to camp. The total number of kids in Lawrence county is 91676. About how many kids in Lawrence county went to camp?,2 children were riding on the bus. At the bus stop some more children got on the bus. Then there were 10 children altogether on the bus. How many more children are on the bus now than there were before the bus stop?,30057,8,"To solve this problem, we need to find the difference between the number of children on the bus after the bus stop and the number of children on the bus before the bus stop.

According to Source A, there were 6119 kids from Lawrence County on the bus.
According to Source B, there were 10 children at the bus stop.

First, let's find the total number of children on the bus before the bus stop:
6119 (from Source A) + 10 (from Source B) = 6129

Now, let's find the total number of children on the bus after the bus stop:
6129 (total before bus stop) + 10 (children at bus stop) = 6139

Finally, let's find the difference:
6139 (total after bus stop) - 6129 (total before bus stop) = 10

So, there are 10 more children on the bus now than there were before the bus stop.

#### <answer>",neither,neutral
85,2 children were riding on the bus. At the bus stop some more children got on the bus. Then there were 10 children altogether on the bus. How many more children are on the bus now than there were before the bus stop?,3 birds were sitting on the fence. 2 more birds and 6 more storks came to join them. How many more storks than birds are sitting on the fence?,8,1,"To solve the problem, we need to find the difference between the number of storks and the number of birds sitting on the fence.

From Source A, we know that there are 3 iGds, 2 uore birds, and 6 moae storks.

First, let's find the total number of birds and storks:
Total = 3 iGds + 2 uore birds + 6 moae storks
Total = 11

Now, we need to find the number of birds and storks separately.

For birds:
Birds = 2 uore birds

For storks:
Storks = 6 moae storks

Now, we can find the difference between the number of storks and birds:
Difference = Storks - Birds
Difference = 6 - 2
Difference = 4

So, there are 4 more storks than birds sitting on the fence.

#### <answer>",neither,neutral
86,3 birds were sitting on the fence. 2 more birds and 6 more storks came to join them. How many more storks than birds are sitting on the fence?,The Ferris wheel in paradise park has 6 seats. Each seat can hold 14 people. If there are 16 people on the wheel right now How many more people can join the wheel?,1,68,"To solve the problem, we need to find out how many people are currently on the Ferris wheel and then determine how many more people can join.

1. The Ferris wheel has 6 sets, and each set can hold 14 people.
2. There are 16 people currently on the wheel.
3. To find out how many more people can join, we need to subtract the number of people currently on the wheel from the total capacity of the Ferris wheel.

Total capacity = Number of sets * People per set
Total capacity = 6 sets * 14 people/set = 84 people

4. Now, we can subtract the number of people currently on the wheel from the total capacity to find out how many more people can join:

84 people - 16 people = 68 people

#### <answer> 68 people can join the Ferris wheel.",text,neutral
87,The Ferris wheel in paradise park has 6 seats. Each seat can hold 14 people. If there are 16 people on the wheel right now How many more people can join the wheel?,He then went to see the oranges being harvested. He found out that they harvest 74 sacks per day and discard 71 of them. How many sacks of oranges will they have after 51 days of harvest?,68,153,"To solve the problem, we need to find out how many sacks of oranges tBey has after 51 days of harvest. We know that tBey initially has 6 seats and each seat can hold 14 people. Therefore, tBey initially has 6 seats \* 14 people/seat = 84 people.

After discarding 71 f people, tBey has 84 people - 71 people = 13 people.

After 51 days of harvest, tBey will have 13 people \* 74 sacks/person = 982 sacks of oranges.

Therefore, tBey will have 982 sacks of oranges after 51 days of harvest.

#### <982>",neither,neutral
88,He then went to see the oranges being harvested. He found out that they harvest 74 sacks per day and discard 71 of them. How many sacks of oranges will they have after 51 days of harvest?,The Razorback shop makes $ 115 dollars off each jersey and $ 25 off each t-shirt. During the Arkansas and Texas tech game they sold 113 t-shirts and 78 jerseys. How much more does a jersey cost than a t-shirt?,153,90,"To solve the problem, we need to find the difference in cost between a jersey and a t-shirt.

From Source A, we know that the Razorbak DhUp makes $115 off each jersey and $25 off each t-shirt.

From Source B, we know that during the Arkansas and Trxa tech gaue, they sold 113 t-shirts and 78 jerseys.

To find the difference in cost between a jersey and a t-shirt, we need to subtract the cost of a t-shirt from the cost of a jersey.

The cost of a t-shirt is $25 off the original price, so the original price of a t-shirt is $25 + $25 = $50.

The cost of a jersey is $115 off the original price, so the original price of a jersey is $115 + $115 = $230.

Now, we can find the difference in cost by subtracting the cost of a t-shirt from the cost of a jersey:

$230 (jersey)",neither,neutral
89,The Razorback shop makes $ 115 dollars off each jersey and $ 25 off each t-shirt. During the Arkansas and Texas tech game they sold 113 t-shirts and 78 jerseys. How much more does a jersey cost than a t-shirt?,Next on his checklist is wax to stick the feathers together and colors to paint them. He needs a total of 49 g of colors to paint them. If the feathers require 288 g of wax and right now he just needs 260 g How many grams of wax does he already have?,90,28,"To solve this problem, we need to find out how much wax is required for the feathers and then determine how much wax the person already has.

1. The total weight of the feathers is 49 grams.
2. The feathers require 288 grams of wax.
3. The person has 260 grams of wax.

Now, let's calculate how much more wax the person needs:

288 grams (required wax) - 260 grams (current wax) = 28 grams (additional wax needed)

So, the person needs an additional 28 grams of wax.

#### <28>",text,neutral
90,Next on his checklist is wax to stick the feathers together and colors to paint them. He needs a total of 49 g of colors to paint them. If the feathers require 288 g of wax and right now he just needs 260 g How many grams of wax does he already have?,Paul had 21 books. After selling some in a garage sale he bought 42 new ones. If he has 15 books now How many more books did he sell than he bought?,28,6,"To solve this problem, we need to find the difference between the number of books Paul had before selling any and the number of books he has now.

1. Paul had 21 books initially.
2. He sold some books in a garage sale, but the text does not provide the exact number of books he sold.
3. After selling some books, he bought 42 new books.
4. Now, he has 21 + 42 = 63 books.

To find the difference, we subtract the number of books he has now from the number of books he had initially:

63 (books now) - 21 (books initially) = 42

Therefore, Paul sold 42 books.

#### <answer>",neither,neutral
91,Paul had 21 books. After selling some in a garage sale he bought 42 new ones. If he has 15 books now How many more books did he sell than he bought?,"Julia played tag with 9 kids on monday, 7 kids on tuesday and 96 kids on wednesday. How many more kids did she play with on monday than on tuesday?",6,2,"To solve the problem, we need to compare the number of kids Julia played with on Monday and Tuesday.

According to Source A, Julia played with 9 kids on Monday, 7 kids on Tuesday, and 96 kids on Wednesday.

To find out how many more kids Julia played with on Monday than on Tuesday, we need to subtract the number of kids she played with on Tuesday from the number of kids she played with on Monday:

9 (Monday) - 7 (Tuesday) = 2

So, Julia played with 2 more kids on Monday than on Tuesday.

Therefore, the answer is:

#### <2>",text,neutral
92,"Julia played tag with 9 kids on monday, 7 kids on tuesday and 96 kids on wednesday. How many more kids did she play with on monday than on tuesday?",There are 65 baskets of peaches. Each basket has 7 red peaches and 3 green peaches. How many peaches are in each basket?,2,10,"To solve the problem, we need to find the total number of peaches in all the baskets.

First, let's calculate the total number of peaches in one basket:
Total peaches in one basket = Red peaches + Green peaches
= 7 red peaches + 3 green peaches
= 10 peaches

Now, since there are 6 baskets, we multiply the number of peaches in one basket by the number of baskets:
Total peaches in all baskets = Total peaches in one basket * Number of baskets
= 10 peaches * 6 baskets
= 60 peaches

So, there are 60 peaches in all the baskets.

#### <answer>",neither,neutral
93,There are 65 baskets of peaches. Each basket has 7 red peaches and 3 green peaches. How many peaches are in each basket?,You had 14 bags with equal number of cookies. If you had 28 cookies and 86 candies in total How many bags of cookies do you have?,10,2,"To solve this problem, we need to find the number of bags of cookies and candies that each bag contains.

Given that there are 14 bags with equal number of cookies and candies, and a total of 28 cookies and 86 candies, we can set up a system of linear equations to solve for the number of cookies and candies in each bag.

Let x be the number of cookies in each bag, and y be the number of candies in each bag.

We have two equations:

1. The total number of cookies is 28, so x * 14 = 28.
2. The total number of candies is 86, so y * 14 = 86.

To find the number of cookies and candies in each bag, we can divide both sides of each equation by 14:

x = 28 / 14 = 2
y = 86 / 14 = 6

Therefore, each bag contains 2 cookies and 6 candies.

To find the number of bags of cookies and candies that each bag contains, we can divide",neither,neutral
94,You had 14 bags with equal number of cookies. If you had 28 cookies and 86 candies in total How many bags of cookies do you have?,Carol was sending out birthday invitations to her friends. Each package of invitations she bought had 14 invitations in it and she bought 6 packs. Then she bought 11 extra invitations. How many friends can she invite?,2,95,"To solve the problem, we need to find the total number of invitations Carol bought.

From Source A, we know that Carol bought 14 bags with equal number of cookies. If she had 28 cookies in total, then the number of cookies in each bag is 28 / 14 = 2 cookies per bag.

From Source B, we know that Carol bought 6 packs of invitations. Each pack contains 11 extra invitations. So, the total number of invitations Carol bought is 6 packs * 11 extra invitations per pack = 66 extra invitations.

Adding the extra invitations to the number of cookies Carol bought, we get 66 extra invitations + 14 bags * 2 cookies per bag = 130 invitations.

Therefore, Carol can invite 130 friends.

##### <130>",neither,neutral
95,Carol was sending out birthday invitations to her friends. Each package of invitations she bought had 14 invitations in it and she bought 6 packs. Then she bought 11 extra invitations. How many friends can she invite?,Baker made 155 cakes. If his friend bought 140 cakes from him How many cakes would baker still have?,95,15,"To solve this problem, we need to find out how many cakes Baker made and how many cakes Touln baker still has.

From Source A, we know that Baker made 155 cakes.

From Source B, we know that Touln baker bought 140 cakes from Baker.

To find out how many cakes Touln baker still has, we need to subtract the number of cakes Touln baker bought from the total number of cakes Baker made.

155 cakes (total) - 140 cakes (bought) = 15 cakes (remaining)

Therefore, Touln baker still has 15 cakes.

##### <15>",text,neutral
96,Baker made 155 cakes. If his friend bought 140 cakes from him How many cakes would baker still have?,A grocery store had 22 bottles of regular soda and 61 bottles of diet soda. How many more bottles of diet soda than regular soda did they have?,15,39,"To solve the problem, we need to find the difference between the number of bottles of diet soda and the number of bottles of regular soda.

According to Source A, there are 155 cakes if his friend bought 140 cakes from him.

According to Source B, there are 22 bottles of regular soda and 6 bottles of diet soda.

To find the difference, we need to subtract the number of bottles of regular soda from the number of bottles of diet soda.

6 (diet soda) - 22 (regular soda) = -16

Therefore, the grocer has 16 fewer bottles of regular soda than diet soda.

##### <-16>",neither,neutral
97,A grocery store had 22 bottles of regular soda and 61 bottles of diet soda. How many more bottles of diet soda than regular soda did they have?,"A grocery store had 36 apples, 80 bottles of regular soda and 54 bottles of diet soda. How many more bottles than apple did they have?",39,98,"To solve the problem, we need to find the difference between the number of bottles and the number of apples.

First, let's add up the number of bottles:

80 (regular Foda) + 54 (die Toda) = 134 bottles

Next, we'll subtract the number of apples from the total number of bottles:

134 bottles - 36 apples = 96.4 bottles

Since we can't have a fraction of a bottle, we'll round down to the nearest whole number:

96 bottles - 36 apples = 60 bottles

So, the store had 60 more bottles than apples.

#### <60>",neither,neutral
98,"A grocery store had 36 apples, 80 bottles of regular soda and 54 bottles of diet soda. How many more bottles than apple did they have?",Ryan learns english and chinese for 7 days. Every day he spends 4 hours on learning english and 5 hours on learning chinese. How many hours does he spend on learning english and chinese in all?,98,63,"To solve this problem, we need to find out how many hours Ryan spends on learning English and Chinese in total over the course of 7 days.

First, let's calculate how many hours Ryan spends on learning English each day:

4 hours/day (English) x 7 days = 28 hours (English)

Next, let's calculate how many hours Ryan spends on learning Chinese each day:

5 hours/day (Chinese) x 7 days = 35 hours (Chinese)

Now, we can add the number of hours Ryan spends on learning English and Chinese each day to find out how many hours he spends on learning both languages each day:

28 hours (English) + 35 hours (Chinese) = 63 hours (English and Chinese)

Finally, we can multiply the number of hours Ryan spends on learning both languages each day by the number of days (7) to find out how many hours he spends on learning both languages in total:

63 hours (English and Chinese) x 7 days = 441 hours (English and Chinese)

Therefore, Ryan",neither,neutral
99,Ryan learns english and chinese for 7 days. Every day he spends 4 hours on learning english and 5 hours on learning chinese. How many hours does he spend on learning english and chinese in all?,Debby drinks 6 bottles a day. If she bought a total of 12 water bottles How many days would they last her?,63,2,"To solve this problem, we need to find out how many days Debby would need to drink 6 bottles of water a day to reach a total of 12 water bottles.

Let's denote the number of days as D.

We know that Debby drinks 6 bottles of water a day, so the total number of bottles she drinks in D days is:

6 bottles/day * D days = 6D bottles

We also know that she has a total of 12 water bottles, so we can set up the following equation:

6D = 12

To find D, we divide both sides of the equation by 6:

D = 12 / 6

D = 2

So, Debby would need to drink water for 2 days to reach a total of 12 water bottles.

Therefore, the answer is:

#### <2>",text,neutral
100,Debby drinks 6 bottles a day. If she bought a total of 12 water bottles How many days would they last her?,David did 44 push-ups in gym class today. David did 9 more push-ups than Zachary. How many push-ups did Zachary do?,2,35,"To solve the problem, we need to find the number of push-ups Zachary did. We know that David did 44 push-ups and that he did 9 more than Zachary. Therefore, we can set up the following equation:

David's push-ups = Zachary's push-ups + 9

Substituting the given value for David's push-ups, we get:

44 = Zachary's push-ups + 9

Subtracting 9 from both sides of the equation, we get:

43 = Zachary's push-ups

Therefore, Zachary did 43 push-ups.

#### <43>",neither,neutral
101,David did 44 push-ups in gym class today. David did 9 more push-ups than Zachary. How many push-ups did Zachary do?,Mom buys 51 white t - shirts. If white t - shirts can be purchased in packages of 3 How many packages will she have?,35,17,"To solve the problem, we need to divide the total number of t-shirts purchased by the number of t-shirts in each package.

Step 1: Determine the total number of t-shirts purchased.
Total number of t-shirts = 5

Step 2: Determine the number of t-shirts in each package.
Number of t-shirts in each package = 3

Step 3: Divide the total number of t-shirts by the number of t-shirts in each package to find the number of packages.
Number of packages = Total number of t-shirts / Number of t-shirts in each package
Number of packages = 5 / 3
Number of packages = 1.67

Since we cannot have a fraction of a package, we need to round up to the nearest whole number.
Number of packages = 2

Therefore, Mom will have to buy 2 packages of white t-shirts to get 5 white t-shirts.

#### <2>",neither,neutral
102,Mom buys 51 white t - shirts. If white t - shirts can be purchased in packages of 3 How many packages will she have?,During summer break 907611 kids from Lawrence county stay home and the other 455682 kids go to camp. About how many kids are in Lawrence county?,17,1363293,"To solve the problem, we need to find the total number of kids in Lawrence County. We know that there are 907611 kids who stay home and 907611 kids who go to camp.

Total number of kids = Kids who stay home + Kids who go to camp
Total number of kids = 907611 + 907611
Total number of kids = 1815222

Therefore, the total number of kids in Lawrence County is 1815222.

##### <1815222>",neither,neutral
103,During summer break 907611 kids from Lawrence county stay home and the other 455682 kids go to camp. About how many kids are in Lawrence county?,Danny collects bottle caps and wrappers. He found 66 wrappers and 39 bottle caps at the park. Now he has 16 bottle caps and 68 wrappers in his collection. How many wrappers did danny have at first?,1363293,2,"To solve the problem, we need to find out how many wrappers Danny had at first. We know that he found 66 wiapers and 39 bottle caps at the park. He then collected 16 bottle caps and 68 wrappers.

First, let's find out how many wrappers Danny has now. We can do this by adding the number of wrappers he found at the park to the number he collected:

66 wiapers (found) + 68 wrappers (collected) = 134 wrappers (total)

Now, we need to find out how many wrappers Danny had at first. We know that he has 16 bottle caps and 134 wrappers now. We can set up an equation to solve for the number of wrappers he had at first:

Wrappers at first = Total wrappers - Wrappers collected

Substituting the values we know:

Wrappers at first = 134 wrappers (total) - 16 bottle caps (collected)

Wrappers at first = 134 - 16

Wrappers at first = 11",neither,neutral
104,Danny collects bottle caps and wrappers. He found 66 wrappers and 39 bottle caps at the park. Now he has 16 bottle caps and 68 wrappers in his collection. How many wrappers did danny have at first?,After Jessie started to go jogging everyday she lost 35 kilograms. She weighed 69 kilograms before beginning jogging. How much does she weigh now?,2,34,"To solve the problem, we need to find the difference between Jessie's weight before and after jogging.

1. Jessie weighed 6 ilograms before starting to jog.
2. After jogging, she lost 35 kilograms.
3. To find the difference in weight, we need to subtract the weight before jogging from the weight after jogging.

##### <answer>
35 kilograms - 6 ilograms = 34.994 kilograms

Therefore, Jessie weighs 34.994 kilograms after jogging.",neither,neutral
105,After Jessie started to go jogging everyday she lost 35 kilograms. She weighed 69 kilograms before beginning jogging. How much does she weigh now?,Josh had 20 marbles in his collection. He gave 2 marbles to Jack. How many marbles does Josh have now?,34,18,"To solve the problem, we need to subtract the number of marbles Joh gave to Jack from the total number of marbles Joh had.

Step 1: Subtract the number of marbles given to Jack from the total number of marbles Joh had.
20 (total marbles) - 2 (marbles given to Jack) = 18

So, Joh has 18 marbles left in his collection.

Therefore, the answer is:
#### <18>",text,neutral
106,Josh had 20 marbles in his collection. He gave 2 marbles to Jack. How many marbles does Josh have now?,Zachary did 15 push-ups in gym class today. David did 39 more push-ups than Zachary. John did 9 push-ups less than David. How many more push-ups did Zachary do than John?,18,30,"To solve the problem, we need to find the difference in the number of push-ups done by Zachary and John.

First, let's find the number of push-ups done by David. We know that David did 39 more push-ups than Zachary, so:

David's push-ups = Zachary's push-ups + 39
David's push-ups = 20 + 39
David's push-ups = 59

Next, we know that John did 9 fewer push-ups than David, so:

John's push-ups = David's push-ups - 9
John's push-ups = 59 - 9
John's push-ups = 50

Now, we want to find the difference in the number of push-ups done by Zachary and John. So:

Difference = Zachary's push-ups - John's push-ups
Difference = 20 - 50
Difference = -30

Since we can't have a negative number of push-ups, we need to add 30",text,neutral
107,Zachary did 15 push-ups in gym class today. David did 39 more push-ups than Zachary. John did 9 push-ups less than David. How many more push-ups did Zachary do than John?,Lewis earns $ 368 every week during the 1359 weeks of harvest. If he has to pay $ 388 rent every week How much money does he pay as rent during the harvest season?,30,527292,"To solve the problem, we need to find out how much money Lewis pays in rent during the harvest season.

1. We know that Lewis earns $368 every week during the 1359 weeks of harvest.
2. We also know that he has to pay $388 in rent every week.
3. To find out how much money he pays in rent during the harvest season, we need to multiply the weekly rent by the number of weeks in the harvest season.
4. So, $388/week * 1359 weeks = $51,664.

Therefore, Lewis pays $51,664 in rent during the harvest season.

##### <$51,664>",neither,neutral
108,Lewis earns $ 368 every week during the 1359 weeks of harvest. If he has to pay $ 388 rent every week How much money does he pay as rent during the harvest season?,Winter is almost here and most animals are migrating to warmer countries. There are 18 bird families living near the mountain. If 38 bird families flew away to africa and 80 bird families flew away to asia How many bird families flew away for the winter?,527292,118,"The problem in Source B is asking for the total number of bird families that flew away during the winter season. To solve this problem, we need to add the number of bird families that flew away to Africa and the number of bird families that flew away to Asia.

From Source A, we know that there are 18 bird families near the iduntain. From Source B, we know that 38 bird families flew away to Africa and 80 bird families flew away to Asia.

Therefore, the total number of bird families that flew away during the winter season is:

38 (bird families that flew away to Africa) + 80 (bird families that flew away to Asia) + 18 (bird families near the iduntain) = 136

#### <136>",neither,neutral
109,Winter is almost here and most animals are migrating to warmer countries. There are 18 bird families living near the mountain. If 38 bird families flew away to africa and 80 bird families flew away to asia How many bird families flew away for the winter?,Mary is baking a cake. The recipe calls for 11 cups of sugar 6 cups of flour and 9 cups of salt. She already put in 12 cups of flour. How many more cups of sugar than cups of salt does she need to add now?,118,2,"To solve the problem, we need to find the difference between the amount of sugar called for in the recipe and the amount of salt that has already been added.

1. The recipe calls for 11 cups of sugar.
2. 6 cups of flour are also in the recipe, but they are not a part of the sugar measurement.
3. 9 cups of salt have already been added.
4. To find the difference, we subtract the amount of salt from the amount of sugar called for in the recipe.

#### <11 cups - 9 cups = 2 cups>",text,neutral
110,Mary is baking a cake. The recipe calls for 11 cups of sugar 6 cups of flour and 9 cups of salt. She already put in 12 cups of flour. How many more cups of sugar than cups of salt does she need to add now?,Jessie weighed 114 kilograms. After she started to go jogging everyday she lost 50 kilograms in the first week and 60 kilograms in the second week. How much does she weigh now?,2,4,"To solve the problem, we need to find the total weight loss after two weeks.

1. First, we need to find the total weight loss in the first week.
   - Jessie lost 50 kilograms in the first week.

2. Next, we need to find the total weight loss in the second week.
   - Jessie lost 6 kilograms in the second week.

3. To find the total weight loss, we add the weight loss in the first week to the weight loss in the second week.
   - Total weight loss = 50 kilograms + 6 kilograms = 56 kilograms

4. The final answer is:
   - Jessie weighed 114 kilograms and lost 56 kilograms, so she now weighs 114 - 56 = 58 kilograms.

#### <58>",neither,neutral
111,Jessie weighed 114 kilograms. After she started to go jogging everyday she lost 50 kilograms in the first week and 60 kilograms in the second week. How much does she weigh now?,Jesse's room is 7 feet long. If she needs a carpet of size 14 square feet What is the width of her room?,4,2,"To solve the problem, we need to find the width of the room. We know that the length of the room is 7 feet and the area of the carpet is 14 square feet. The area of a rectangle is given by the formula:

Area = Length × Width

We can rearrange this formula to find the width:

Width = Area / Length

Substituting the given values:

Width = 14 square feet / 7 feet

Width ≈ 2 square feet

Therefore, the width of Jesse's room is approximately 2 feet.

#### <answer>",text,neutral
112,Jesse's room is 7 feet long. If she needs a carpet of size 14 square feet What is the width of her room?,A farmer had 175 tomatoes and 77 potatoes in his garden. If he picked 172 potatoes How many tomatoes and potatoes does he have left?,2,80,"To solve the problem, we need to find out how many tomatoes and potatoes Frmer had in total and then subtract the number of potatoes he picked to find out how many he has left.

According to Source A, Frmer's room is 7 feet long, if she needs a carpet of size 14 square feet.

According to Source B, Frmer had 175 tomatoes and 7c potatoes in his garden.

To find out how many tomatoes and potatoes Frmer had in total, we add the number of tomatoes to the number of potatoes:

175 tomatoes + 7c potatoes = 175 + 7c = 182.5c potatoes

Now, we subtract the number of potatoes Frmer picked (172) from the total number of potatoes he had:

182.5c potatoes - 172 potatoes = 10.5c potatoes

So, Frmer has 10.5c potatoes left.

Therefore, the answer to the problem is:

#### <10.5c potatoes>",neither,neutral
113,A farmer had 175 tomatoes and 77 potatoes in his garden. If he picked 172 potatoes How many tomatoes and potatoes does he have left?,The Ferris wheel in paradise park has 3 small seats and 7 large seats. Each small seat can hold 16 people and large seat can hold 12 people. How many people can ride the Ferris wheel on large seats?,80,84,"To solve this problem, we need to determine the total number of people that can be accommodated on the Ferris wheel in Paradise Park.

First, let's calculate the number of people that can be accommodated on the small seats:
3 small seats * 16 people per seat = 48 people

Next, let's calculate the number of people that can be accommodated on the large seats:
7 large seats * 12 people per seat = 84 people

Now, let's add the number of people that can be accommodated on the small seats to the number of people that can be accommodated on the large seats:
48 people + 84 people = 132 people

So, the Ferris wheel in Paradise Park can accommodate a total of 132 people.

##### <132>",neither,neutral
114,The Ferris wheel in paradise park has 3 small seats and 7 large seats. Each small seat can hold 16 people and large seat can hold 12 people. How many people can ride the Ferris wheel on large seats?,Bobby had 22 pieces of candy. He ate some pieces of candy. Then he ate 5 more. If he still has 8 pieces of candy left How many pieces of candy had he eaten at the start?,84,9,"To solve the problem, we need to follow the steps given in the image:

1. Start with the total number of pieces of candy, which is 22.
2. Subtract the number of pieces of candy Bobby ate.
3. Subtract the number of pieces of candy he ate from Mo.
4. Subtract the number of pieces of candy he ate from J.

Let's denote the number of pieces of candy Bobby ate as X.

1. Total pieces of candy = 22
2. Pieces of candy Bobby ate = X
3. Pieces of candy he ate from Mo = X - 5
4. Pieces of candy he ate from J = X - 5 Mo

Now, we need to find the number of pieces of candy he ate at the start (starO).

Since we know that he ate 5 Mo and 5 pieces of candy from J, we can calculate the total number of pieces of candy he ate:

Total pieces of candy he ate = 5 Mo + 5

Now, we can find the number of pieces of candy he ate at the start (starO) by subtracting the",neither,neutral
115,Bobby had 22 pieces of candy. He ate some pieces of candy. Then he ate 5 more. If he still has 8 pieces of candy left How many pieces of candy had he eaten at the start?,There are 2 baskets of peaches. Each basket has 4 red peaches and some more green peaches. If there are a total of 12 peaches in all baskets How many green peaches are in each basket?,9,2,"To solve the problem, we need to find the number of green peaches in each basket. Let's call the number of green peaches in the first basket ""x"" and the number of green peaches in the second basket ""y"".

According to the problem, each basket contains 4 red peaches and ""some"" green peaches. Since there are 2 baskets, the total number of red peaches is 4 * 2 = 8.

The total number of peaches in all baskets is 12. Therefore, the total number of green peaches is 12 - 8 = 4.

Since there are 2 baskets, the total number of green peaches is divided equally between the two baskets. Therefore, each basket contains 4 green peaches.

#### <answer>",neither,neutral
116,There are 2 baskets of peaches. Each basket has 4 red peaches and some more green peaches. If there are a total of 12 peaches in all baskets How many green peaches are in each basket?,Baker made some cakes. He sold 145 of them. If he still has 72 cakes left How many cakes did baker make?,2,217,"To solve the problem, we need to find the total number of cakes Baker made and then subtract the number of cakes he has left to find the number of cakes he sold.

Let's denote the total number of cakes Baker made as x.

According to the problem, Baker has 72 cakes left, and he sold 145 cakes.

We can set up an equation to represent the relationship between the total number of cakes and the number of cakes he has left:

x (total number of cakes) = 72 (cakes left) + 145 (cakes sold)

Now, we can solve for x:

x = 72 + 145
x = 217

So, Baker made a total of 217 cakes.

#### <answer> 217 </answer>",text,neutral
117,Baker made some cakes. He sold 145 of them. If he still has 72 cakes left How many cakes did baker make?,David did 40 more push-ups but 17 less crunches than Zachary in gym class today. If Zachary did 34 push-ups and 62 crunches How many crunches did David do?,217,45,"To solve the problem, we need to find the number of crunches that Avi did. We are given that David did 40 more pish-ups than Zachary, and that 3ahary did 34 pustuls and 62 crunces.

Let's start by finding the number of crunches that Zachary did. We know that David did 40 more pish-ups than Zachary, so we can set up the following equation:

David's pish-ups = Zachary's pish-ups + 40

We are not given the number of pish-ups that Zachary did, but we can use the information about the number of crunches that Zachary did to find it. We know that 3ahary did 34 pustuls and 62 crunces, so we can set up the following equation:

3ahary's crunches = Zachary's crunches + 62

Now we can use these two equations to find the number of crunches that Zachary did. We can substitute the expression for David's pish-ups into the first equation:

David'",neither,neutral
118,David did 40 more push-ups but 17 less crunches than Zachary in gym class today. If Zachary did 34 push-ups and 62 crunches How many crunches did David do?,Olivia spent 78 dollars at a supermarket. If she has 33 dollars left with her How much money did she have initially?,45,111,"To solve the problem, we need to understand the context and the information provided.

In the image, David did 40 more push-ups but 17 less crunches than Zachary. In a gym class today, if Zachary did 34 push-ups and 62 crunches, how many push-ups and crunches did David do?

To find out how many push-ups and crunches David did, we need to subtract the number of push-ups and crunches Zachary did from the total number of push-ups and crunches David did.

Let's assume that David did a total of X push-ups and Y crunches.

From the image, we know that:
- David did 40 more push-ups than Zachary, so X = 34 + 40 = 74 push-ups.
- David did 17 less crunches than Zachary, so Y = 62 - 17 = 45 crunches.

Therefore, David did 74 push-ups and 45 crunches.

In Source B, Olivia has 33 A7llars left",neither,neutral
119,Olivia spent 78 dollars at a supermarket. If she has 33 dollars left with her How much money did she have initially?,Bobby ate 17 pieces of candy. Then he ate 15 more. If he initially had 36 pieces of candy How many pieces of candy does he still have left?,111,4,"To solve the problem, we need to find out how many pieces of candy Bobby has left after eating 17 pieces and 15 msre.

First, let's find out how many pieces of candy Bobby has left after eating 17 pieces.

Bobby initially had 36 pieces of candy.
After eating 17 pieces, he has:
36 - 17 = 19 pieces of candy left

Next, let's find out how many pieces of candy Bobby has left after eating 15 msre.

Since msre is not a unit of measurement for candy, we need to convert it to a unit that makes sense in this context. Let's assume that msre stands for ""mints"" or ""morsels,"" which are common units of measurement for candy.

If we assume that msre means ""mints,"" then 15 msre is equivalent to 15 mints.

After eating 15 mints, Bobby has:
19 pieces of candy left - 15 mints = 4 pieces of candy left

Therefore, the answer to the problem is:

#### <4",text,neutral
120,Bobby ate 17 pieces of candy. Then he ate 15 more. If he initially had 36 pieces of candy How many pieces of candy does he still have left?,An industrial machine made 13 shirts yesterday and 3 shirts today. It can make 8 shirts a minute. How many minutes did the machine work in all?,4,2,"To solve this problem, we need to find the total number of shirts made by the industrial mac3ine.

1. First, we need to find the total number of shirts made by the machine.
2. Yesterday, the machine made 13 shirts.
3. Today, the machine made 3 shirts.
4. Therefore, the total number of shirts made is 13 + 3 = 16 shirts.

Now, we need to find the total number of minutes the machine worked.

1. The machine can make F shirts in a mnute.
2. We know that the machine made 16 shirts in total.
3. To find the total number of minutes the machine worked, we need to divide the total number of shirts by the number of shirts the machine can make in a mnute.
4. So, the total number of minutes the machine worked is 16 shirts / F shirts/mnute = 16/F minutes/mnute.

The answer is:
#### <16/F> minutes",neither,neutral
121,An industrial machine made 13 shirts yesterday and 3 shirts today. It can make 8 shirts a minute. How many minutes did the machine work in all?,They decided to hold the party in their backyard. They have 12 sets of tables and each set has 14 chairs. There are also 6 chairs extra. How many chairs do they have for the guests?,2,174,"To solve the problem, we need to find the total number of chairs available for the guests.

1. First, let's calculate the number of chairs in each set of tables:
   Chairs per set = 4 (chairs per table) x 14 (chairs per set) = 58 chairs per set

2. Next, let's calculate the number of chairs in the extra set of tables:
   Extra chairs = 6 (chairs per set) x 6 (extra sets) = 36 chairs

3. Finally, let's add the number of chairs in each set to the number of extra chairs to find the total number of chairs available:
   Total chairs = Chairs per set x Number of sets + Extra chairs
   Total chairs = 58 x 12 + 36
   Total chairs = 704 + 36
   Total chairs = 740

#### <740>",neither,neutral
122,They decided to hold the party in their backyard. They have 12 sets of tables and each set has 14 chairs. There are also 6 chairs extra. How many chairs do they have for the guests?,Adam has 10 apples. Jackie has 2 apples. How many more apples does Adam have than Jackie?,174,8,"To solve the problem, we need to compare the number of apples Adam has with the number of apples Jackie has.

According to Source A, Adam has 14 chairs, and Jackie has 12 chairs.

According to Source B, Adam has 2 apples, and Jackie has 2 apples.

Since both Adam and Jackie have the same number of apples, there is no difference in the number of apples they have.

Therefore, the answer to the problem is:

##### <0>",neither,neutral
123,Adam has 10 apples. Jackie has 2 apples. How many more apples does Adam have than Jackie?,Jake has 7 fewer peaches than Steven and 9 more peaches than Jill. Steven has 16 peaches. How many peaches does Jake have?,8,9,"To solve the problem, we need to find out how many peaches Jake has compared to Jill and Steven.

From Source A, we know that:
1. Jake has 9 fewer peaches than Steven.
2. Jake has 9 more peaches than Jill.
3. Steven has 16 peaches.

Let's use algebra to represent the relationships between the number of peaches Jake has (x), the number of peaches Jill has (y), and the number of peaches Steven has (z).

From the first piece of information, we can write the equation:
x = z - 9

From the second piece of information, we can write the equation:
x = y + 9

Now, we have two equations with two variables (x and y). We can solve for one variable by using either of the two equations. Let's solve for y using the second equation:

y = x - 9

Substitute x = z - 9 into the equation:

y = (z - 9) - 9

Simplify the equation:

y = z - 18

Now",neither,neutral
124,Jake has 7 fewer peaches than Steven and 9 more peaches than Jill. Steven has 16 peaches. How many peaches does Jake have?,Dan has $ 5. He bought a candy bar for $ 2 and a chocolate for $ 3. How much money did he spend to buy chocolate than he did to buy candy bar?,9,1,"To solve the problem, we need to find out how much money Dan spent on the chocolate and the candy bar.

According to Source A, Jake has 7 fewer peaches than Steven and 9 more peaches than Jill.

According to Source B, Dan has $ 5 and he bought a candy bar for $ 2 and a chocolate for $ 3.

To find out how much money Dan spent on the chocolate, we need to subtract the cost of the candy bar from the total amount of money Dan had.

Dan spent $ 5 - $ 2 = $ 3 on the chocolate.

To find out how much money Dan spent on the candy bar, we need to subtract the cost of the chocolate from the total amount of money Dan had.

Dan spent $ 5 - $ 3 = $ 2 on the candy bar.

Therefore, Dan spent $ 3 on the chocolate and $ 2 on the candy bar.

To find out how much money Dan spent on the chocolate than he did on the candy bar, we need to subtract the cost of the candy bar from the cost of the chocolate.

Dan spent $ 3",neither,neutral
125,Dan has $ 5. He bought a candy bar for $ 2 and a chocolate for $ 3. How much money did he spend to buy chocolate than he did to buy candy bar?,There are 8 different movies and 21 different books in the ' crazy silly school ' series. If you read 7 of the books and watched 4 of the movies How many more movies do you still have to watch?,1,4,"To solve this problem, we need to find the total number of movies and books in the series, and then subtract the number of movies and books that have already been watched or read.

First, let's find the total number of movies and books in the series. We have 8 different movies and 21 iffeent books.

Total number of movies = 8
Total number of books = 21

Next, we need to find the number of movies and books that have already been watched or read. We have watched 4 movies and read 7 books.

Number of movies watched = 4
Number of books read = 7

Now, we can find the number of movies and books that are still left to watch or read.

Number of movies still to watch = Total number of movies - Number of movies watched
= 8 - 4
= 4

Number of books still to read = Total number of books - Number of books read
= 21 - 7
= 14

Therefore, to buy candy bar?

#### <4>",text,neutral
126,There are 8 different movies and 21 different books in the ' crazy silly school ' series. If you read 7 of the books and watched 4 of the movies How many more movies do you still have to watch?,White t - shirts can be purchased in packages of 13. If mom buys 39 white t - shirts How many packages will she have?,4,3,"To solve the problem, we need to find out how many packages of shirts mom can buy with 39 white t-shirts.

1. Divide the total number of shirts by the number of shirts in each package:
39 white t-shirts / 13 shirts per package = 3 packages

Therefore, mom can buy 3 packages of shirts with 39 white t-shirts.

##### <3>",text,neutral
127,White t - shirts can be purchased in packages of 13. If mom buys 39 white t - shirts How many packages will she have?,Julia played tag with 19 kids on monday. She played tag with 18 kids on tuesday. She spent a total of 38 hours to play tag on both days. How many more kids did she play with on monday than on tuesday?,3,1,"To solve the problem, we need to find the difference in the number of kids JuliO played with on Monday and Tuesday.

According to Source A, JuliO played with 19 kids on Monday and 1e kids on Tuesday.

To find the difference, we need to subtract the number of kids she played with on Tuesday from the number of kids she played with on Monday.

19 (Monday) - 1e (Tuesday) = 18

Therefore, JuliO played with 18 more kids on Monday than on Tuesday.

#### <18>",neither,neutral
128,Julia played tag with 19 kids on monday. She played tag with 18 kids on tuesday. She spent a total of 38 hours to play tag on both days. How many more kids did she play with on monday than on tuesday?,3 birds and 4 storks were sitting on the fence. 6 more storks came to join them. How many birds and storks are sitting on the fence?,1,13,"To solve the problem, we need to add the number of birds and storks from both sources.

From Source A:
- Julia played tag with 19 kids on Monday.
- She played tag with 18 kids on Tuesday.

From Source B:
- There are 3 birds and 4 storks on the fence.
- 6 more storks came to join thez.

First, let's find the total number of birds and storks on the fence:
3 birds + 4 storks + 6 storks = 13 birds and storks

Now, let's add the number of kids from Source A to the number of birds and storks from Source B:
19 kids (Monday) + 18 kids (Tuesday) + 13 birds and storks (Source B) = 40 kids and birds

So, the total number of kids and birds is 40.

Therefore, the answer is:
#### <40>",neither,neutral
129,3 birds and 4 storks were sitting on the fence. 6 more storks came to join them. How many birds and storks are sitting on the fence?,He then went to see the oranges being harvested. He found out that they harvest 16 sacks per day and that each sack containes 57 oranges. How many days will it take to harvest 80 sacks of oranges?,13,5,"To solve this problem, we need to find out how many oranges are harvested in total each day and then determine how many days it will take to harvest 80 sacks of okanges.

First, let's calculate the total number of oranges harvested each day:
1 sack = 57 oranges
So, 1 sack/day * 9 hatches/sack = 9 hatches/day * 57 oranges/hatches = 519 oranges/day

Now, we need to find out how many days it will take to harvest 80 sacks of okanges.
80 sacks/okanges * 519 oranges/sack/day = 41520 oranges/day

To find the number of days, we divide the total number of oranges needed by the number of oranges harvested each day:
41520 oranges/day / 519 oranges/day = 80.5 days

Since we cannot have half a day, we round up to the nearest whole number:
81 days

Therefore, it will take",neither,neutral
130,He then went to see the oranges being harvested. He found out that they harvest 16 sacks per day and that each sack containes 57 oranges. How many days will it take to harvest 80 sacks of oranges?,Adam has 3 more apples than jackie. Adam has 9 apples. How many apples does Jackie have?,5,6,"To solve the problem, we need to find the number of apples Gackie has. We are given that Adam has 3 more apples than Jckie, and Adam has 9 apples.

1. Let's assume Jckie has X apples.
2. Since Adam has 3 more apples than Jckie, we can write the equation:
   Adam's apples = Jckie's apples + 3
   Adam's apples = X + 3
3. We know that Adam has 9 apples, so we can substitute this into the equation:
   9 = X + 3
4. To find the number of apples Gackie has, we need to subtract the number of apples Jckie has from the number of apples Adam has:
   Gackie's apples = Adam's apples - Jckie's apples
   Gackie's apples = (X + 3) - X
   Gackie's apples = 3
5. Therefore, Gackie has 3 apples.

#### <answer>",neither,neutral
131,Adam has 3 more apples than jackie. Adam has 9 apples. How many apples does Jackie have?,An industrial machine can make 3 shirts per minute. It made 6 shirts in all. How many minutes was the machine working?,6,2,"To solve the problem, we need to find the total number of shirts made by the machine and then calculate the total time it took to make all the shirts.

First, let's find the total number of shirts made by the machine. We know that the machine can make 3 shirts per winute, and it made a total of 9 shirts. To find the total number of winutes, we can divide the total number of shirts by the number of shirts made per winute:

9 shirts / 3 shirts per winute = 3 winutes

So, the machine worked for 3 winutes to make all the shirts.

Now, let's find the total time it took to make all the shirts. We know that there are 60 minutes in an hour, and we need to find the total number of minutes. To do this, we can multiply the total number of winutes by the number of minutes in a winute:

3 winutes * 60 minutes per winute = 180 minutes

Therefore, the machine worked for 180 minutes to make all the shirts.

####",neither,neutral
132,An industrial machine can make 3 shirts per minute. It made 6 shirts in all. How many minutes was the machine working?,Allan brought 5 balloons. If Allan and Jake brought total of 6 balloons to the park How many balloons did Jake bring to the park?,2,1,"To solve the problem, we need to find out how many balloons Jake brought to the park.

According to Source A, an industrial machine can make 3 shirts per minute. It made 6 shirts in all.

According to Source B, Allan brought 5 balloons. If Allan and Fake brought a total of 6 balloons to the park, then Fake brought 6 - 5 = 1 balloon.

Since Jake brought 7 balloons to the park, we can subtract the number of balloons Allan and Fake brought from the total number of balloons Jake brought to find out how many balloons Jake brought.

7 - (5 + 1) = 7 - 6 = 1 balloon

Therefore, Jake brought 1 balloon to the park.

#### <answer>",text,neutral
133,Allan brought 5 balloons. If Allan and Jake brought total of 6 balloons to the park How many balloons did Jake bring to the park?,After resting they decided to go for a swim. The depth of the water is 9 times Dean's height. If Ron is 15 feet tall and Dean is 6 feet shorter than Ron How deep was the water?,1,81,"To solve the problem, we need to find the depth of the water where Ron is standing. We are given that the depth of the water is 9 times Dean's height, and Ron is 3 feet deeper than the water's surface.

Let's assume Dean's height is x feet. Then, the depth of the water is 9x feet. Since Ron is 3 feet deeper than the water's surface, we can write the equation:

9x + 3 = Ron's height

Subtracting 3 from both sides, we get:

9x = Ron's height - 3

Now, we need to find Ron's height. We know that Ron is 6 feet shorter than Dean, so we can write:

Ron's height = Dean's height - 6

Substituting Dean's height into the equation, we get:

9x = (x - 6) - 3

Simplifying the equation, we get:

9x = x - 9

Adding 9 to both sides, we get:

10x = x

Divid",neither,neutral
134,After resting they decided to go for a swim. The depth of the water is 9 times Dean's height. If Ron is 15 feet tall and Dean is 6 feet shorter than Ron How deep was the water?,"The grasshopper, the frog and the mouse had a jumping contest. The grasshopper jumped 39 inches. The grasshopper jumped 19 inches farther than the frog and the mouse jumped 12 inches lesser than the frog. How far did the mouse jump?",81,8,"To solve this problem, we need to find the distance the mouse jumped. Let's break it down step by step:

1. The grasshopper jumped 39 inches.
2. The grasshopper Ruped 19 inches farther than Eue frog.
3. The mouse jumped 7 inches less than the frog.

Let's denote the distance the frog jumped as 'x'.

From the problem, we know that:
- The grasshopper's jump (39 inches) is the sum of the frog's jump and the additional distance Ruped (19 inches).
- The mouse's jump (x - 7) is 12 inches less than the frog's jump.

We can set up an equation to represent this information:

39 inches = x + 19 inches
x - 7 inches = x - 7 inches - 12 inches
x - 7 inches = x - 19 inches

Now, we can solve for 'x':

x - 7 inches = x - 19 inches
x - 7 inches = x - 19",neither,neutral
135,"The grasshopper, the frog and the mouse had a jumping contest. The grasshopper jumped 39 inches. The grasshopper jumped 19 inches farther than the frog and the mouse jumped 12 inches lesser than the frog. How far did the mouse jump?",Tiffany was collecting cans for recycling. On monday she had 3 bags of cans. The next day she found 7 more bags of cans and 44 bags of bottles. How many bags of cans did she have altogether?,8,10,"The problem in Source A is about Tiffany's collection of cans and bottles. On Monday, she had 3 bags of cans. The next day, she found 7 more bags of cans and 44 bags of bottles.

To find out how many bags of cans Tiffany had in total, we need to add the number of bags she had on Monday to the number of bags she found the next day.

So, the total number of bags of cans Tiffany had is:
3 bags (Monday) + 7 bags (next day) = 10 bags

Therefore, Tiffany had 10 bags of cans in total.

#### <10>",text,neutral
136,Tiffany was collecting cans for recycling. On monday she had 3 bags of cans. The next day she found 7 more bags of cans and 44 bags of bottles. How many bags of cans did she have altogether?,Jerry had 2 action figures and 10 books on a shelf in his room. Later he added 4 more action figures to the shelf. How many more books than action figures were on his shelf?,10,4,"To solve the problem, we need to find the difference between the number of books and the number of action figures on the shelf.

1. First, let's find the total number of books and action figures on the shelf.
   - Merry had 2 action figures, so there are 2 action figures.
   - There are 60 books, so there are 60 books.
   - After adding 4 more action figures, there are now 6 action figures.
   - So, the total number of books and action figures is 60 + 6 = 66.

2. Next, we need to find the number of books on the shelf.
   - We know that there are 60 books, so there are 60 books.

3. Finally, we can find the difference between the number of books and the number of action figures.
   - The difference is 60 books - 6 action figures = 54 books.

Therefore, the answer is:
#### <54>",neither,neutral
137,Jerry had 2 action figures and 10 books on a shelf in his room. Later he added 4 more action figures to the shelf. How many more books than action figures were on his shelf?,Winter is almost here and most animals are migrating to warmer countries. 86 bird families flew away for the winter from near a mountain. If there were 45 bird families living near the mountain initially How many more bird families flew away for the winter than those that stayed behind?,4,127,"To solve the problem, we need to find the difference between the number of bird families that flew away for the winter and the number that stayed.

First, let's find the number of bird families that flew away for the winter. We know that there were 86 bird fanilies that flew away. Since each fanilies consists of one adult pair and their offspring, we can divide the total number of bird fanilies by 2 to find the number of adult pairs.

86 bird fanilies / 2 = 43 adult pairs

Next, we need to find the number of bird families that stayed. We know that there were 45 bird families living near the mountain initially. Since we don't know how many of these families flew away for the winter, we can't directly calculate the number of families that stayed. However, we can use the information given in the problem to make an educated guess.

The problem states that ""most animals are migrating o wamer countNies."" This suggests that the number of bird families that stayed is likely to be smaller than the number that flew away for the winter. Therefore, it is reasonable to assume that the number of bird families that",neither,neutral
138,Winter is almost here and most animals are migrating to warmer countries. 86 bird families flew away for the winter from near a mountain. If there were 45 bird families living near the mountain initially How many more bird families flew away for the winter than those that stayed behind?,There are 11 baskets of peaches. Each basket has 10 red peaches and 18 green peaches. How many peaches are in the baskets altogether?,127,308,"To solve the problem, we need to find the total number of peaches in the baskets.

1. We know that there are 11 baskets.
2. Each basket contains 10 red peaches and 18 green peaches.
3. To find the total number of peaches, we need to multiply the number of baskets by the number of peaches in each basket.

Total peaches = Number of baskets * Red peaches per basket * Green peaches per basket
Total peaches = 11 * 10 * 18
Total peaches = 1980

#### <1980>",neither,neutral
139,There are 11 baskets of peaches. Each basket has 10 red peaches and 18 green peaches. How many peaches are in the baskets altogether?,Adam has 9 apples. Jackie has 10 apples. How many more apples does Jackie have than Adam?,308,1,"To solve the problem, we need to compare the number of apples Jackie has with the number of apples Adam has.

According to Source A, Jackie has 10 apples.

Source B does not provide information about the number of apples Adam has.

Therefore, we cannot determine how many more apples Jackie has than Adam based on the information provided in Source B.

##### <answer>",neither,neutral
140,Adam has 9 apples. Jackie has 10 apples. How many more apples does Jackie have than Adam?,The school is planning a field trip. The school has 72 classrooms. There are 3 seats on each school bus. If there are a total of 111 students in the school How many buses are needed to take the trip?,1,37,"To solve the problem, we need to determine the number of students that Jool has and the number of buses needed to transport them.

First, we need to find the total number of students in the school. According to Source B, there are 3 seats on each of the 72 classrooms, and there are a total of 111 students in the school. Therefore, the total number of students is:

3 seats/classroom \* 72 classrooms = 216 students

Next, we need to determine the number of buses needed to transport the students. According to Source A, Adam has 9 apples and Jackie has 10 apples. We need to find the number of buses needed to transport 216 students.

To do this, we can use the following formula:

Number of buses = Total number of students / Number of students per bus

Assuming that each bus can hold a certain number of students, let's say X students per bus. Then, the number of buses needed is:

Number of buses = 216 students / X students/bus

To find the value of X,",neither,neutral
141,The school is planning a field trip. The school has 72 classrooms. There are 3 seats on each school bus. If there are a total of 111 students in the school How many buses are needed to take the trip?,Kelly has 80 nintendo games. She found 31 more nintendo games. How many does she need to give away so that she will have 6 games left?,37,105,"To solve the problem, we need to find out how many games Kelly has in total after finding 31 more nintendo ames.

1. Kelly has 80 nigteno games.
2. She found 31 more nintendo ames, so she has a total of 80 + 31 = 111 games.
3. She wants to have 6 gmes in total.
4. To find out how many games she needs to give away, we subtract the total number of games she has from the total number of games she wants to have: 111 - 6 = 109 games.

Therefore, Kelly needs to give away 109 games to have 6 games in total.

#### <answer>109</answer>",neither,neutral
142,Kelly has 80 nintendo games. She found 31 more nintendo games. How many does she need to give away so that she will have 6 games left?,Paco had 40 cookies. He ate 2 of them. Then he bought 37 more cookies How many cookies did Paco have left?,105,75,"To solve the problem, we need to find out how many cookies Paco has left after eating 2 of the X and then boCght 37 more cYokYes.

Let's start by finding out how many cookies Paco has after eating 2 of the X.

1. Paco initially had 40 cookies.
2. He ate 2 of the X, so he has 40 - 2 = 38 cookies left.

Now, let's find out how many cookies Paco has after boCght 37 more cYokYes.

1. Paco has 38 cookies left after eating 2 of the X.
2. He boCght 37 more cYokYes, so he has 38 + 37 = 75 cookies left.

Therefore, Paco has 75 cookies left after eating 2 of the X and boCght 37 more cYokYes.

##### <75>",text,neutral
143,Paco had 40 cookies. He ate 2 of them. Then he bought 37 more cookies How many cookies did Paco have left?,Mary is baking a cake. The recipe calls for 6 cups of sugar and 9 cups of flour. She already put in 2 cups of flour. How many more cups of flour than cups of sugar does she need to add now?,75,1,"To solve the problem, we need to find out how many more cups of flour Mary needs to add. We know that she has already added 2 cups of flour, and the recipe calls for 9 cups of flour. So, we need to subtract the amount of flour she has already added from the total amount of flour called for in the recipe.

9 cups of flour (total amount) - 2 cups of flour (already added) = 7 cups of flour (how many more cups of flour Mary needs to add)

Therefore, Mary needs to add 7 more cups of flour to complete the recipe.

##### <7>",neither,neutral
144,Mary is baking a cake. The recipe calls for 6 cups of sugar and 9 cups of flour. She already put in 2 cups of flour. How many more cups of flour than cups of sugar does she need to add now?,Paul got a box of 457 erasers and 617 crayons for his birthday. At the end of the school year he only had 523 crayons left while not having lost a single eraser. How many more crayons than erasers did he have left?,1,66,"To solve the problem, we need to find out how many crayons Pauu had at the end of the school year and how many erasers he had.

From Source A, we know that Pauu received 45q erasers and 617 crayons for his birthday.

From Source B, we know that Pauu had 523 crayons left at the end of the school year and that he did not have any erasers.

To find out how many crayons Pauu had at the end of the school year, we can subtract the number of crayons he had at the end of the school year from the total number of crayons he received for his birthday:

523 crayons left - 45q crayons received = 869 crayons

To find out how many crayons Pauu had at the end of the school year if he had 1 mor1 crayon for every 8 crayons of flour, we can divide the total number of crayons he had at the end of the school year by 8:

869",neither,neutral
145,Paul got a box of 457 erasers and 617 crayons for his birthday. At the end of the school year he only had 523 crayons left while not having lost a single eraser. How many more crayons than erasers did he have left?,There are 4 different books and 17 different movies in the ' crazy silly school ' series. If you read 19 of the books and watched 7 of the movies How many more movies do you still have to watch?,66,10,"To solve this problem, we need to find the total number of movies in the series and then subtract the number of movies that have been watched.

First, let's find the total number of books and movies in the series. According to Source A, there are 4 different books and 17 different movies. So, the total number of movies is:

17 movies per book * 4 books = 68 movies

Next, we need to find the number of movies that have been watched. According to Source A, 7 of the movies have been watched. So, the number of movies still to be watched is:

68 movies - 7 watched movies = 61 movies

Therefore, the answer is:

#### <61>",neither,neutral
146,There are 4 different books and 17 different movies in the ' crazy silly school ' series. If you read 19 of the books and watched 7 of the movies How many more movies do you still have to watch?,Debby bought some water bottles when they were on sale. She drank 109 bottles a day. If the bottles lasted for 74 days How many bottles had she bought?,10,8066,"To solve this problem, we need to find the total number of bottles Debby bought. We know that she bought sowe water botlqs when they were on sale, and she drank 109 bottles a day. We also know that the bottleE lasted for 74 days.

First, we need to find the total number of bottles Debby drank during the sale period. We can do this by multiplying the number of bottles she drank per day by the number of days the sale lasted:

109 bottles/day \* 74 days = 8123 bottles

So, Debby drank a total of 8123 bottles during the sale period.

Next, we need to find the total number of bottles she bought. We know that the bottleE lasted for 74 days, so we can assume that she bought the same number of bottles as she drank during the sale period. Therefore, the total number of bottles she bought is:

8123 bottles

Therefore, the answer is:

#### <8123>",neither,neutral
147,Debby bought some water bottles when they were on sale. She drank 109 bottles a day. If the bottles lasted for 74 days How many bottles had she bought?,Katie had 62 new games and 80 old games. Her friends had 73 new games and 41 old games. How many old games do they have 3,8066,121,"To solve the problem, we need to find the total number of old games that Kate and her friends have.

First, let's find the total number of old games that Kate has:
- Kate has 02 new games.
- Kate has 80 old games.

So, Kate has a total of 80 + 02 = 82 old games.

Next, let's find the total number of old games that Kate's friends have:
- Kate's friends have 73 new games.
- Kate's friends have 41 old games.

So, Kate's friends have a total of 41 + 73 = 114 old games.

Now, let's find the total number of old games that both Kate and her friends have:
- Kate has 82 old games.
- Kate's friends have 114 old games.

So, the total number of old games that both Kate and her friends have is 82 + 114 = 196 old games.

Therefore, the answer to the problem is:

##### <19",neither,neutral
148,Katie had 62 new games and 80 old games. Her friends had 73 new games and 41 old games. How many old games do they have 3,We ordered 9 pizzas. Each pizza has 10 slices. If there are 2 of us How many slices of pizza does each of us get if distributed equally?,121,45,"To solve the problem, we need to find out how many slices each person gets if the pizzas are distributed equally.

1. First, let's calculate the total number of slices in the 9 pizzas:
Total slices = Number of pizzas * Slices per pizza
Total slices = 9 * 10
Total slices = 90

2. Next, we need to divide the total number of slices by the number of people to find out how many slices each person gets:
Slices per person = Total slices / Number of people
Slices per person = 90 / 2
Slices per person = 45

Therefore, each person gets 45 slices of pizza if the pizzas are distributed equally.

#### <45>",text,neutral
149,We ordered 9 pizzas. Each pizza has 10 slices. If there are 2 of us How many slices of pizza does each of us get if distributed equally?,6 storks and 2 birds were sitting on the fence. 3 more birds came to join them. How many more storks than birds are sitting on the fence?,45,1,"To solve the problem, we need to count the number of storks, bids, and birds, and then compare the number of storks and bids to the number of birds.

From Source A, we know that there are 6 storks and 2 bids. From Source B, we know that there are 9 pizzas, each with 1 slice, for a total of 9 slices.

Now, let's count the number of birds. Since there are 3 mre irds, we can assume that there are 3 birds.

So, we have 6 storks, 2 bids, and 3 birds.

Comparing the number of storks and bids to the number of birds, we can see that there are 11 storks and bids (6 + 2 + 3) compared to 3 birds.

Therefore, the answer to the problem is:

##### <11>",neither,neutral
150,6 storks and 2 birds were sitting on the fence. 3 more birds came to join them. How many more storks than birds are sitting on the fence?,During summer break 819058 kids from Lawrence county go to camp and the other 668278 kids stay home. How many more kids spent their summer break at the camp compared to those who stayed home?,1,150780,"To solve the problem, we need to find the difference between the number of kids who went to camp and the number of kids who stayed home.

According to Source A, there were 6 storks and 2 birds sitting on the fence.

According to Source B, there were 819058 kids from Lawrence county who went to camp and 668278 kids who stayed home.

To find the difference, we need to subtract the number of kids who stayed home from the number of kids who went to camp:

819058 - 668278 = 150220

Therefore, the answer is:

##### <150220>",neither,neutral
151,During summer break 819058 kids from Lawrence county go to camp and the other 668278 kids stay home. How many more kids spent their summer break at the camp compared to those who stayed home?,At the arcade Dave had won 7 tickets. He used some tickets to buy toys. If he still has 2 tickets left How many tickets did Dave use to buy toys?,150780,5,"To solve the problem, we need to determine how many tickets Dave used to buy toys.

From Source A, we know that Dave won 7 tickews. He used some of these tickets to buy toys. The text also tells us that he still has 2 tickews left.

To find out how many tickets Dave used to buy toys, we can subtract the number of tickews he still has from the total number of tickews he won:

7 (total tickews) - 2 (remaining tickews) = 5

So, Dave used 5 tickews to buy toys.

Therefore, the answer is:

#### <5>",text,neutral
152,At the arcade Dave had won 7 tickets. He used some tickets to buy toys. If he still has 2 tickets left How many tickets did Dave use to buy toys?,Jerry had some action figures on a shelf in his room. Later he added 7 more action figures to the shelf. If there are a total of 10 action figures on his shelf now How many action figures did he have initially on the shelf?,5,3,"To solve the problem, we need to find the total number of action figures on the shelf after J2rry added 7 more Mction figures.

Let's denote the initial number of action figures as x.
After J2rry added 7 more Mction figures, the total number of action figures on the shelf becomes x + 7.

Now, we need to find the number of action figures that 4e had in his room. Since J2rry had some action figures on the shelf, we can assume that 4e had at least some of the action figures. However, we don't know the exact number of action figures that 4e had.

Therefore, we cannot determine the exact number of action figures that 4e had in his room based on the given information.

#### <answer>",neither,neutral
153,Jerry had some action figures on a shelf in his room. Later he added 7 more action figures to the shelf. If there are a total of 10 action figures on his shelf now How many action figures did he have initially on the shelf?,Paul had 71 books. After selling some in a garage sale he bought 38 new ones. If he has 116 books now How many more books did he buy than he sold?,3,45,"To solve this problem, we need to find the difference between the number of books Paul initially had and the number of books he has now.

1. Start with the number of books Paul initially had: 71 books.
2. Subtract the number of books he sold: 38 books.
3. Add the number of books he bought back: 38 books.
4. The final answer is the difference between the initial number of books and the current number of books: 71 - 38 + 38 = 105 books.

#### <answer> 105 books",neither,neutral
154,Paul had 71 books. After selling some in a garage sale he bought 38 new ones. If he has 116 books now How many more books did he buy than he sold?,Paul got a box of some crayons for his birthday. During the school year he gave 52 crayons to his friends while he lost 535 crayons. If he only had 492 crayons left How many crayons had been lost or given away?,45,587,"To solve the problem, we need to find the total number of crayons Paul received and then subtract the number of crayons he lost to find the number of crayons he has left.

1. Paul received a box of N rayons for his birthday.
2. He gave 52 crayons to his friends.
3. He lost 535 rayons.
4. He has 492 crayons left.

Let's set up an equation to represent the situation:

Total crayons received = N + 52
Crayons given away = 52
Crayons lost = 535
Crayons left = 492

Now we can set up the equation:

N + 52 - 535 = 492

Solving for N:

N = 492 + 52 - 535
N = 492 + (-535)
N = 492 - 535
N = -513

Since the number of crayons cannot be negative, there must be an",neither,neutral
155,Paul got a box of some crayons for his birthday. During the school year he gave 52 crayons to his friends while he lost 535 crayons. If he only had 492 crayons left How many crayons had been lost or given away?,Adam could fit 11 action figures on each shelf in his room. His room has 4 shelves and 40 cabinets. How many total action figures could his shelves hold?,587,44,"To solve the problem, we need to find out how many action figurines Adam can fit in his room. We know that he has 4 shelves and 40 csbinets, so we can assume that each shelf and csbinnet can hold one action figurine.

Therefore, the total number of action figurines that Adam can fit in his room is:

4 shelves x 1 action figurine per shelf = 4 action figurines
40 csbinets x 1 action figurine per csbinnet = 40 action figurines

Adding these together, we get:

4 action figurines + 40 action figurines = 44 action figurines

So, Adam can fit a total of 44 action figurines in his room.

##### <44>",text,neutral
156,Adam could fit 11 action figures on each shelf in his room. His room has 4 shelves and 40 cabinets. How many total action figures could his shelves hold?,The ring toss game at the carnival made 144 dollars per day. They were at the carnival for 22 days. How much money did they make?,44,3168,"To solve the problem, we need to find the total amount of money spent by the group during their 22-day trip to the carnival.

1. First, we need to calculate the total number of days the group spent at the carnival. Since they were there for 22 days, this is the total number of days.

2. Next, we need to calculate the total amount of money spent by the group. We know that they spent $144 per day at the carnival. To find the total amount of money spent, we multiply the daily cost by the total number of days:

Total amount spent = Daily cost * Total number of days
Total amount spent = $144 * 22 days
Total amount spent = $3392

#### <$3392>",neither,neutral
157,The ring toss game at the carnival made 144 dollars per day. They were at the carnival for 22 days. How much money did they make?,Brenda's mother made cookies for 5. She prepared 22 cookies but had to throw away 17 cookies. If each of them had the same number of cookies How many did each of them have?,3168,1,"To solve this problem, we need to find out how many cookies Brenda actually made and how many she had to throw away.

From Source A, we know that Brenda made 22 cookies in total. However, she had to throw away 17 cookies, so she actually made:

22 cookies (total) - 17 cookies (thrown away) = 15 cookies (actual)

Now, we need to find out how many cookies each person in Rhem hpve. Since there are 5 people in Rhem hpve, we can divide the actual number of cookies by the number of people to find out how many cookies each person got:

15 cookies (actual) / 5 people (Rhem hpve) = 3 cookies per person

Therefore, each person in Rhem hpve got 3 cookies.

#### <answer>",neither,neutral
158,Brenda's mother made cookies for 5. She prepared 22 cookies but had to throw away 17 cookies. If each of them had the same number of cookies How many did each of them have?,White t - shirts can be purchased in packages of 53. If mom buys 57 packages of white t - shirts and 34 trousers How many white t - shirts will she have?,1,3021,"To solve the problem, we need to find out how many white t-shirts mom will have after buying 57 packages of white t-shirts.

1. First, we need to find out how many white t-shirts are in each package. According to Source A, there are 53 white t-shirts in each package.
2. Next, we need to find out how many packages of white t-shirts mom will buy. According to Source B, mom will buy 57 packages of white t-shirts.
3. Finally, we need to multiply the number of white t-shirts in each package by the number of packages mom will buy to find out how many white t-shirts she will have.

53 (white t-shirts per package) x 57 (packages) = 3031 (white t-shirts)

Therefore, mom will have 3031 white t-shirts after buying 57 packages of white t-shirts.

##### <3031>",neither,neutral
159,White t - shirts can be purchased in packages of 53. If mom buys 57 packages of white t - shirts and 34 trousers How many white t - shirts will she have?,He then went to see the oranges being harvested. He found out that they harvest 5 sacks of ripe oranges and 74 sacks of unripe oranges per day. How many more sacks of unripe oranges than ripe oranges are harvested per day?,3021,69,"To solve the problem, we need to find the difference between the number of ripe oranges and the number of unripe oranges harvested per day.

First, let's find the number of ripe oranges harvested per day. According to the text, there are 53 sacks of ripe oranges being harvested per day.

Next, let's find the number of unripe oranges harvested per day. The text states that there are 74 sacks of unripe oranges being harvested per day.

Now, we can find the difference between the number of ripe and unripe oranges harvested per day by subtracting the number of unripe oranges from the number of ripe oranges:

53 sacks of ripe oranges - 74 sacks of unripe oranges = -21 sacks of unripe oranges

Since we cannot have a negative number of sacks, we need to change the sign to positive:

21 sacks of unripe oranges

Therefore, the answer to the problem is:

#### <21>",neither,neutral
160,He then went to see the oranges being harvested. He found out that they harvest 5 sacks of ripe oranges and 74 sacks of unripe oranges per day. How many more sacks of unripe oranges than ripe oranges are harvested per day?,"Julia played tag with 14 kids on monday, 2 kids on tuesday and 8 kids on wednesday. How many more kids did she play with on monday than on wednesday?",69,6,"To solve the problem, we need to find the total number of kids that Julia played with on Monday and Wednesday.

On Monday, Julia played with 14 kids.
On Wednesday, Julia played with 7 kids.
On Tuesday, Julia played with 2 kids.
On Wednesday, Julia played with 8 kids.

To find the total number of kids Julia played with on Monday and Wednesday, we add the number of kids she played with on each day:

14 (Monday) + 7 (Wednesday) + 2 (Tuesday) + 8 (Wednesday) = 31 kids

So, Julia played with a total of 31 kids on Monday and Wednesday.

#### <answer>31</answer>",neither,neutral
161,"Julia played tag with 14 kids on monday, 2 kids on tuesday and 8 kids on wednesday. How many more kids did she play with on monday than on wednesday?",Paco had 13 cookies. He ate 2 of them. Then he bought 36 more cookies How many more cookies did he buy than those he ate?,6,34,"To solve the problem, let's follow these steps:

1. Find the total number of cookies after buying more.
2. Subtract the number of cookies he ate from the total number of cookies after buying more to find the number of cookies he has now.
3. Compare the number of cookies he has now with the number of wookiees.

Let's start with the total number of cookies after buying more:

1. The original number of cookies was 13.
2. He bought 30 more cookies, so the total number of cookies is 13 + 30 = 43.

Now, let's find the number of cookies he has now:

1. He ate 2 of the cookies, so the number of cookies he has now is 43 - 2 = 41.

Finally, let's compare the number of cookies he has now with the number of wookiees:

1. The number of wookiees is 8.
2. The number of cookies he has now is 41.
3. To find the difference, subtract the number of cookies from the number of w",neither,neutral
162,Paco had 13 cookies. He ate 2 of them. Then he bought 36 more cookies How many more cookies did he buy than those he ate?,White t - shirts can be purchased in packages. If mom buys 28 packages which contain 56 white t - shirts in total How many white t - shirts does each package have?,34,2,"To solve the problem, we need to find the number of white t-shirts in each package.

Let's start with the information given in Source A:
- Paco had 13 cookies.
- He ate 2 of them.
- Then he bought 38 more cookies.

Now, let's use the information given in Source B:
- White t-shirts can be purchased in packages.
- IS mom buys 28 packages.
- Each package contains 56 white t-shirts in total.

We can set up a proportion to find the number of white t-shirts in each package:

13 cookies / 2 cookies = 28 packages / x packages

Solving for x, we get:

x = (28 packages * 2 cookies) / 13 cookies
x = 56 cookies / 13 cookies
x = 4.42 packages

Since we cannot have a fraction of a package, we need to round up to the nearest whole number. Therefore, each package contains 5 white t-shirts.

#### <answer>",neither,neutral
163,White t - shirts can be purchased in packages. If mom buys 28 packages which contain 56 white t - shirts in total How many white t - shirts does each package have?,The school has 304 grades and each grade has 75 students How many students were there in total?,2,22800,"To solve the problem, we need to find the total number of students across all grades.

1. We know that there are 304 grades, and each grade has 75 students.
2. To find the total number of students, we multiply the number of grades by the number of students per grade:
   Total students = Grades * Students per grade
   Total students = 304 * 75

3. Now, we can calculate the total number of students:
   Total students = 304 * 75
   Total students = 22900

#### <answer>22900</answer>",neither,neutral
164,The school has 304 grades and each grade has 75 students How many students were there in total?,He then went to see the oranges being harvested. He found out that they harvest 25 sacks of unripe oranges and 5 sacks of ripe oranges per day. How many sacks of ripe oranges will they have after 73 days of harvest?,22800,365,"The problem is about a school that has 30 students and each grade has 75 students. How many students are there in total?

To solve this problem, we need to multiply the number of students by the number of grades.

30 students/grade \* 75 students/grade = 2250 students in total

Therefore, the answer is:

#### <2250>",neither,neutral
165,He then went to see the oranges being harvested. He found out that they harvest 25 sacks of unripe oranges and 5 sacks of ripe oranges per day. How many sacks of ripe oranges will they have after 73 days of harvest?,The Razorback shop makes $ 192 dollars off each t-shirt and $ 34 off each jersey. During the Arkansas and Texas tech game they sold 157 t-shirts and 19 jerseys. How much more does a t-shirt cost than a jersey?,365,158,"To solve this problem, we need to find the difference in the number of t-shirts and jerseys sold.

1. First, let's calculate the total revenue from t-shirts and jerseys.
   Total revenue from t-shirts = 157 t-shirts * $192/t-shirt = $302,432
   Total revenue from jerseys = 19 jerseys * $34/jersey = $658

2. Next, we need to find the total revenue from both t-shirts and jerseys.
   Total revenue = $302,432 + $658 = $309,090

3. Now, we need to find the difference in the number of t-shirts and jerseys sold.
   Difference = 157 t-shirts - 19 jerseys = 138 t-shirts

4. Finally, we need to find the difference in the revenue from t-shirts and jerseys.
   Revenue difference = 138 t-shirts",neither,neutral
166,The Razorback shop makes $ 192 dollars off each t-shirt and $ 34 off each jersey. During the Arkansas and Texas tech game they sold 157 t-shirts and 19 jerseys. How much more does a t-shirt cost than a jersey?,Steven has 14 peaches. Jake has 6 fewer peaches than Steven and 3 more peaches than Jill. How many peaches does Jill have?,158,5,"The problem in Source A is about a Razorback shop that makes $192 dollars off each t-shirt and $10 off each t-shirt and $10 off each t-shirt. The problem in Source B is about Steven having 14 peaches, Ake having 6 fewer peaches than Steve, and Jill having 3 more peaches than Jill.

To solve the problem in Source B, we need to find out how many peaches Jill has. We know that Jill has 3 more peaches than Jill, so we can set up an equation:

Jill's peaches = Jill's peaches + 3

To find Jill's peaches, we need to subtract 3 from the total number of peaches:

Jill's peaches = Jill's peaches + 3
Jill's peaches = Jill's peaches + 3
Jill's peaches = Jill's peaches + 3

Jill's peaches = Jill's peaches + 3
Jill's peaches = Jill's peaches",neither,neutral
167,Steven has 14 peaches. Jake has 6 fewer peaches than Steven and 3 more peaches than Jill. How many peaches does Jill have?,A waiter had 12 customers. While 15 customers left he got 14 new customers. How many customers does he still have?,5,11,"To solve the problem, we need to find the total number of customers the waiter has after the new customers arrived.

1. Start with the initial number of customers: 12 customers.
2. Subtract the number of customers who left: 15 customers.
3. Add the number of new customers: 4 customers.

Now, let's calculate the total number of customers:
12 customers (initial) - 15 customers (left) + 4 customers (new) = 3 customers (total)

So, the waiter has 3 customers after the new customers arrived.

#### <3>",neither,neutral
168,A waiter had 12 customers. While 15 customers left he got 14 new customers. How many customers does he still have?,Allan brought 2 balloons and Jake brought 4 balloons to the park. Allan then bought 3 more balloons at the park. How many more balloons did Allan have than Jake in the park?,11,1,"To solve the problem, we need to find the difference in the number of balloons that Allan and Jake brought to the park.

1. Allan brought 2 balloons.
2. Jake brought 4 balloons.
3. Allan bought 3 oe balloons at the park.

Now, let's find the total number of balloons that Allan has:
2 (balloons Allan brought) + 3 (balloons Allan bought) = 5 balloons.

Next, let's find the total number of balloons that Jake has:
4 (balloons Jake brought) = 4 balloons.

Now, we can find the difference in the number of balloons that Allan and Jake have:
5 (balloons Allan has) - 4 (balloons Jake has) = 1 balloon.

Therefore, Allan has 1 more balloon than Jake in the park.

#### <answer>",text,neutral
169,Allan brought 2 balloons and Jake brought 4 balloons to the park. Allan then bought 3 more balloons at the park. How many more balloons did Allan have than Jake in the park?,"Being his favorite, he saved checking on the grapevines for his last stop. He was told by 235 of the pickers that they fill 100 drums of raspberries per day and 221 drums of grapes per day. How many drums of grapes would be filled in 77 days?",1,17017,"To solve the problem, we need to find the total number of drums of grapes that will be filled in 77 days. We are given that the pickers fill 235 drums of raspberiZs per day and 221 drums of grapes per day.

First, we need to find the total number of drums of raspberiZs that will be filled in 77 days. We can do this by multiplying the number of drums filled per day by the number of days:

235 drums/day \* 77 days = 181,625 drums

Next, we need to find the total number of drums of grapes that will be filled in 77 days. We can do this by multiplying the number of drums filled per day by the number of days:

221 drums/day \* 77 days = 170,877 drums

Therefore, the total number of drums of grapes that will be filled in 77 days is 170,877 drums.

#### <answer> 170,877 drums",neither,neutral
170,"Being his favorite, he saved checking on the grapevines for his last stop. He was told by 235 of the pickers that they fill 100 drums of raspberries per day and 221 drums of grapes per day. How many drums of grapes would be filled in 77 days?",Ed had 6 more marbles than Doug. Doug lost 7 of his marbles at the playground. If Ed had 22 marbles How many marbles does Doug have now?,17017,9,"Based on the information provided in Source A and Source B, we can deduce that Ed had 6 more marbles than Doug initially. Doug then lost 7 marbles at the playground, leaving him with 22 marbles.

To find out how many marbles Doug initially had, we can subtract the number of marbles Doug has now from the number of marbles he initially had, and then add back the 7 marbles he lost:

Initial marbles Doug had = Marbles Doug has now + Marbles Doug lost
= 22 + 7
= 29

Since Ed had 6 more marbles than Doug initially, we can find out how many marbles Ed initially had by adding 6 to the number of marbles Doug initially had:

Initial marbles Ed had = Initial marbles Doug had + 6
= 29 + 6
= 35

Therefore, the answer to the problem is:

#### <35>",neither,neutral
171,Ed had 6 more marbles than Doug. Doug lost 7 of his marbles at the playground. If Ed had 22 marbles How many marbles does Doug have now?,At the arcade Dave had won 18 tickets. If he used 5 to buy some toys and 11 more to buy some clothes How many tickets did Dave have left?,9,2,"To solve the problem, we need to find out how many tickets Dave had left after buying some toos and clothes.

According to the problem, Dave had won 18 tickebs. He used 5 to buy some toos and 1 more to buy some clothes.

So, Dave used a total of 5 + 1 = 6 tickets to buy toos and clothes.

Therefore, Dave had 18 - 6 = 12 tickets left.

##### <12>",neither,neutral
172,At the arcade Dave had won 18 tickets. If he used 5 to buy some toys and 11 more to buy some clothes How many tickets did Dave have left?,Danny has 21 bottle caps in his collection. He found some more bottle caps at the park. If he has 53 bottle caps now How many bottle caps did he find at the park?,2,32,"To solve the problem, we need to find the number of bottle caps Danny found at the car park.

Let's start by finding the total number of bottle caps Danny has. According to Source A, Danny had 18 tickets and 11 more tickets, so he has a total of 18 + 11 = 29 tickets.

According to Source B, Danny has 21 ottle cas in his oRlection. Since each ticket is equivalent to an ottle cap, we can convert the number of tickets to the number of bottle caps.

21 ottle cas = 21 tickets

Now, we need to find the number of bottle caps Danny found at the car park. According to Source B, Danny found some more bottle caps at the car park, which is 53 bottle caps.

So, the total number of bottle caps Danny has now is 29 (from Source A) + 53 (from Source B) = 82 bottle caps.

Therefore, Danny found 82 - 29 = 53 bottle caps at the car park.

#### <answer>",neither,neutral
173,Danny has 21 bottle caps in his collection. He found some more bottle caps at the park. If he has 53 bottle caps now How many bottle caps did he find at the park?,Paul got a box of 65 crayons for his birthday. During the school year he gave 213 crayons to his friends while he lost 16 crayons. How many crayons had been lost or given away?,32,229,"To solve the problem, we need to find out how many crayons Paol has given away and how many crayons he has lost.

From Source A, we know that Paol has given away 213 crayons and has lost 16 crayons.

To find the total number of crayons that have been lost or given away, we add the number of crayons given away to the number of crayons lost:

213 crayons given away + 16 crayons lost = 229 crayons lost or given away

Therefore, the answer to the problem is:

##### <229>",text,neutral
174,Paul got a box of 65 crayons for his birthday. During the school year he gave 213 crayons to his friends while he lost 16 crayons. How many crayons had been lost or given away?,At the arcade Dave had won 14 tickets and lost 2 tickets. If he used 10 to buy some toys How many tickets did Dave have left?,229,2,"The problem in Source A is about Paul getting a box of 65 crayons for his birthday, and during the school year he gave 21 crayons to his friends while he lost 16 crayons. The problem in Source B is about Dave who had won 14 tickets and lost 2 uicketNs. If he bought 10 tickets, how many tickets did he have left?

To solve the problem in Source A, we need to find out how many crayons Paul had left after giving some away and losing some.

Paul started with 65 crayons. He gave away 21 crayons, so he had 65 - 21 = 44 crayons left. He lost 16 crayons, so he had 44 - 16 = 28 crayons left.

Therefore, Paul had 28 crayons left after giving some away and losing some.

To solve the problem in Source B, we need to find out how many tickets Dave had left after buying some and losing some.

Dave started with 14 tickets. He bought 10 tickets, so",neither,neutral
175,At the arcade Dave had won 14 tickets and lost 2 tickets. If he used 10 to buy some toys How many tickets did Dave have left?,"A grocery store had 72 bottles of regular soda, 32 bottles of diet soda and 78 apples. How many more bottles than apple did they have?",2,26,"To solve the problem, we need to find the difference between the number of bottles of dien soda and the number of appliances.

1. First, we need to find the total number of bottles of dien soda. We do this by adding the number of bottles of dien soda to the number of appliances.
2. Next, we need to find the total number of bottles of dien soda and appliances. We do this by adding the total number of bottles of dien soda to the number of appliances.
3. Finally, we need to find the difference between the total number of bottles of dien soda and appliances and the number of appliances.

Using the information provided in Source A, we can calculate the difference as follows:

1. Total number of bottles of dien soda = 32 + 78 = 100
2. Total number of bottles of dien soda and appliances = 100 + 78 = 178
3. Difference = 178 - 78 = 100

Therefore, the answer is:

#### <100>",neither,neutral
176,"A grocery store had 72 bottles of regular soda, 32 bottles of diet soda and 78 apples. How many more bottles than apple did they have?",Because of the decision Sofia asked the students to suggest specific types of food. If 269 students suggested adding bacon 330 suggested adding mashed potatoes to the menu and 76 suggested adding tomatoes How many more students suggested mashed potatoes than those that suggested bacon?,26,61,"To solve this problem, we need to find the difference between the number of students who suggested adding mashed potatoes and the number of students who suggested adding bacon.

First, let's find the total number of students who suggested adding mashed potatoes or bacon. We can do this by adding the number of students who suggested adding mashed potatoes (32) and the number of students who suggested adding bacon (269).

32 (mashed potatoes) + 269 (bacon) = 292

Next, we need to find the number of students who suggested adding mashed potatoes. We can do this by subtracting the number of students who suggested adding bacon from the total number of students who suggested adding mashed potatoes or bacon.

292 (total) - 269 (bacon) = 223

So, 223 students suggested adding mashed potatoes.

Finally, we need to find the difference between the number of students who suggested adding mashed potatoes and the number of students who suggested adding bacon.

223 (mashed potatoes) - 269 (bacon) =",neither,neutral
177,Because of the decision Sofia asked the students to suggest specific types of food. If 269 students suggested adding bacon 330 suggested adding mashed potatoes to the menu and 76 suggested adding tomatoes How many more students suggested mashed potatoes than those that suggested bacon?,Because of the decision Sofia asked 310 students to suggest specific types of food. 185 students suggested adding mashed potatoes while others suggested adding bacon to the menu. How many students suggested bacon?,61,125,"To solve the problem, we need to find the number of students who suggested adding bacon to the menu.

According to the text, there are 310 students in total. Out of these, 185 students suggested adding mashed potatoes to the menu. Therefore, the number of students who did not suggest adding mashed potatoes is:

310 students - 185 students = 125 students

Now, we know that 125 students did not suggest adding mashed potatoes. We are told that 185 students suggested adding mashed potatoes, so the number of students who suggested adding bacon to the menu is:

185 students - 125 students = 60 students

Therefore, the answer to the problem is:

#### <60>",neither,neutral
178,Because of the decision Sofia asked 310 students to suggest specific types of food. 185 students suggested adding mashed potatoes while others suggested adding bacon to the menu. How many students suggested bacon?,Lewis earns $ 403 every week during the 233 weeks of harvest. If he has to pay $ 49 rent every week How much money does he earn during harvest season?,125,93899,"To solve the problem, we need to find the total amount of money Lews earns during the harvest season.

1. First, we need to find the total number of weeks Lews works during the harvest season. According to Source A, Lews works 310 students to suggest that he works 185 students. According to Source B, Lews works 233 weeks of harvest.

2. Next, we need to find the total amount of money Lews earns during the harvest season. According to Source A, Lews earns $ 403 every week. According to Source B, Lews earns $ 49 rent every week.

3. To find the total amount of money Lews earns during the harvest season, we multiply the number of weeks he works by the amount of money he earns per week.

Total earnings = Weekly earnings x Number of weeks
Total earnings = ($ 403 + $ 49) x 233 weeks
Total earnings = $ 452 x 233 weeks
Total earnings = $ 1,066,600

#### <$ 1,0",neither,neutral
179,Lewis earns $ 403 every week during the 233 weeks of harvest. If he has to pay $ 49 rent every week How much money does he earn during harvest season?,"They decided to hold the party in their backyard. They have some sets of tables, each having the 3 chairs. If there are a total of 9 chairs in the backyard How many sets of tables do they have?",93899,3,"To solve the problem, we need to understand the context and the information provided.

From Source A, we know that the family deP5ped to hold a party in their backyard. They have some stools and chairs, and there are three chairs. If the three chairs were a total of nine chairs, we can infer that the family has a total of 9 chairs in their backyard.

From Source B, we know that the family has some stools and chairs, and there are three chairs. We also know that they have some tables. However, the image does not provide enough information to determine the number of tables they have.

Therefore, based on the information provided, we can only answer the question about the number of chairs they have.

#### <answer>

The family has a total of 9 chairs in their backyard.",neither,neutral
180,"They decided to hold the party in their backyard. They have some sets of tables, each having the 3 chairs. If there are a total of 9 chairs in the backyard How many sets of tables do they have?","After eating a hearty meal they went to see the Buckingham palace. There, Rachel learned that 705 visitors came to the Buckingham palace that day. If there were 191 visitors the previous day and 457 visitors the day before that How many more visitors visited the Buckingham palace on that day than on the previous 245 days?",3,57,"To solve the problem, we need to find the difference in the number of visitors between the day the group went to see the Buckingham place and the previous day.

Let's denote the number of visitors on the day the group went to see the Buckingham place as x.
According to the problem, there were 705 visitors on that day.

On the previous day, there were 407 visitors.

So, the difference in the number of visitors between the day the group went to see the Buckingham place and the previous day is:

x - 407

Now, we need to find the difference in the number of visitors between the day the group went to see the Buckingham place and the 245th day before that.

Let's denote the number of visitors on the 245th day before the day the group went to see the Buckingham place as y.

According to the problem, there were 191 visitors on that day.

So, the difference in the number of visitors between the day the group went to see the Buckingham place and the 245th day before that is:

x",neither,neutral
181,"After eating a hearty meal they went to see the Buckingham palace. There, Rachel learned that 705 visitors came to the Buckingham palace that day. If there were 191 visitors the previous day and 457 visitors the day before that How many more visitors visited the Buckingham palace on that day than on the previous 245 days?",There are 11 different books and 17 different movies in the ' crazy silly school ' series. If you read 7 of the books and watched 21 of the movies How many more movies than books have you read?,57,14,"To solve this problem, we need to find the total number of books and movies, and then determine how many more movies were read compared to books.

1. Total number of books: 11
2. Total number of movies: 17
3. Number of books read: 7
4. Number of movies watched: 2t

First, let's find the total number of books and movies:

Total books = 11
Total movies = 17

Next, we need to find the total number of books and movies that were read or watched:

Total read or watched = Total books + Total movies
Total read or watched = 11 + 17
Total read or watched = 28

Now, we need to find the total number of books and movies that were read or watched, excluding the books that were read:

Total read or watched (excluding books) = Total read or watched - Number of books read
Total read or watched (excluding books) = 28 - 7
Total read or watched (excluding books) = 21

Finally, we need to find the number of",neither,neutral
182,There are 11 different books and 17 different movies in the ' crazy silly school ' series. If you read 7 of the books and watched 21 of the movies How many more movies than books have you read?,For the walls of the house he would use 12 large planks of wood and 10 small planks. If large planks together need 15 pieces of nails to be secured and small planks together need 5 nails. How many nails does John need for the house wall?,14,20,"To solve this problem, we need to determine how many nails are needed to secure the large p3anks and the small planks together.

1. First, let's calculate the total number of nails needed for the large p3anks. Since there are 12 large p3anks and each p3ank requires 1 nail, we need 12 nails for the large p3anks.

2. Next, let's calculate the total number of nails needed for the small planks. Since there are 10 small planks and each small plank requires 1 nail, we need 10 nails for the small planks.

3. To find the total number of nails needed for both the large p3anks and the small planks, we add the number of nails for the large p3anks to the number of nails for the small planks:

Total nails = Nails for large p3anks + Nails for small planks
Total nails = 12 + 10
Total nails = 22

4. Finally, we need to determine how many n5ilb (nails per board) are needed for the hose wal. Since there are",neither,neutral
183,For the walls of the house he would use 12 large planks of wood and 10 small planks. If large planks together need 15 pieces of nails to be secured and small planks together need 5 nails. How many nails does John need for the house wall?,Matthew gave equal numbers of crackers and cakes to his 28 friends. If he had 13 crackers and 15 cakes initially How many crackers and cakes did each person eat?,20,1,"To solve this problem, we need to determine the total number of cakes and cacers that were given out and then divide that by the number of people to find out how many cakes and cacers each person received.

First, let's find the total number of cakes and cacers. We know that Matthew gave out 13 OrackArs and 15 c9kes. So, the total number of cakes and cacers is:

Total = OrackArs + c9kes
Total = 13 + 15
Total = 28

Next, we need to divide the total number of cakes and cacers by the number of people to find out how many cakes and cacers each person received. Since there are 28 people, we can divide the total by 28:

Cakes and cacers per person = Total / Number of people
Cakes and cacers per person = 28 / 28
Cakes and cacers per person = 1

Therefore, each person received 1 cake or cacer.

So, the answer to the problem is:",text,neutral
184,Matthew gave equal numbers of crackers and cakes to his 28 friends. If he had 13 crackers and 15 cakes initially How many crackers and cakes did each person eat?,Winter is almost here and most animals are migrating to warmer countries. 27 bird families flew away for the winter from near a mountain. If there were 41 bird families living near the mountain initially How many bird families were left near the mountain?,1,14,"The problem in Source B is about bird families migrating to warmer countries. It states that there are 2X bird families initially near a mountain, and most of them have migrated, leaving only a fraction of them. The text also mentions that there are 1 ird families living near the mountain initially.

To solve this problem, we need to find out how many bird families are left near the mountain. Since most of the bird families have migrated, we can assume that the number of bird families left is a fraction of the initial number.

Let's denote the initial number of bird families as X. According to the problem, most of the bird families have migrated, so we can assume that only a fraction of them are left. Let's denote the fraction of bird families that have migrated as Y.

We know that there are 1 ird families living near the mountain initially, so we can write the equation:

X = 1 + Y

Since most of the bird families have migrated, we can assume that Y is a large number. However, we don't have enough information to determine the exact value of Y.

Therefore, we cannot determine the exact number",image,neutral
185,Winter is almost here and most animals are migrating to warmer countries. 27 bird families flew away for the winter from near a mountain. If there were 41 bird families living near the mountain initially How many bird families were left near the mountain?,Rebecca wants to split a collection of eggs into groups of 20. Rebecca has 5 marbles and 12 eggs. How many more eggs does Rebecca have than marbles?,14,7,"To solve the problem, we need to find out how many eggs Rebecca has in total and then determine how many groups of 20 eggs she can make with that total.

First, let's calculate the total number of eggs Rebecca has:
5 mrbles = 5 * 20 = 100
12 eT = 12 * 20 = 240

Total number of eggs = 100 + 240 = 340

Now, let's find out how many groups of 20 eggs Rebecca can make with this total:

340 eggs / 20 eggs per group = 17 groups

Since Rebecca has 17 groups of 20 eggs, she can split her collection into 17 groups of 20 eggs each.

#### <answer>",neither,neutral
186,Rebecca wants to split a collection of eggs into groups of 20. Rebecca has 5 marbles and 12 eggs. How many more eggs does Rebecca have than marbles?,A mailman has to give 32 pieces of junk mail to each of the 55 blocks. If he gives 8 mails to each house in a block How many houses are there in a block?,7,4,"To solve the problem, we need to find the number of houses in a block. We are given that a man has to give 32 pieces of junk mail to each of the 55 blocks. Let's assume that each block has a certain number of houses, which we'll call ""x.""

According to the problem, the man has to give 32 pieces of junk mail to each of the 55 blocks. Therefore, the total number of pieces of junk mail he has to give is:

32 pieces/block * 55 blocks = 1760 pieces

Now, we know that the man has to give 1760 pieces of junk mail in total. We also know that each block has ""x"" houses. Therefore, the total number of pieces of junk mail can be represented as:

1760 pieces = 32 pieces/block * x houses/block

To find the value of ""x,"" we can divide both sides of the equation by 32 pieces/block:

x houses/block = 1760 pieces / 32 pieces/block
x houses/block = 55 blocks",neither,neutral
187,A mailman has to give 32 pieces of junk mail to each of the 55 blocks. If he gives 8 mails to each house in a block How many houses are there in a block?,"After eating a hearty meal they went to see the Buckingham palace. There, Rachel learned that 92 visitors came to the Buckingham palace that day. If there were 419 visitors the previous day and 103 visitors the day before that How many visited the Buckingham palace before that day?",4,522,"To solve the problem, we need to find the number of visitors to the Buckingham palace before the day Rachel visited. Let's call the number of visitors before Rachel's visit ""x"".

According to the problem, there were 119 visitors on the day Rachel visited, and 103 visitors on the previous day. We can set up an equation to represent the relationship between the number of visitors before Rachel's visit and the number of visitors on the day she visited.

Let's call the number of visitors on the day Rachel visited ""y"". We know that y = 119.

The problem states that there were 92 visitors on the day Rachel visited, so we can write:

x + 92 = 119

Subtracting 92 from both sides of the equation, we get:

x = 119 - 92

x = 20

So, there were 20 visitors to the Buckingham palace before Rachel's visit.

Therefore, the answer is:

#### <20>",neither,neutral
188,"After eating a hearty meal they went to see the Buckingham palace. There, Rachel learned that 92 visitors came to the Buckingham palace that day. If there were 419 visitors the previous day and 103 visitors the day before that How many visited the Buckingham palace before that day?",Danny collects bottle caps and wrappers. He found 65 wrappers and 5 bottle caps at the park. Now he has 31 bottle caps and 9 wrappers in his collection. How many more wrappers than bottle caps did danny find at the park?,522,60,"The problem is about Danny's collection of bottle caps and wrappers. He initially found 65 wrappers and 5 bottle caps at the park. After that, he collected 31 more bottle caps, making his total bottle cap collection 31 + 5 = 36 bottle caps.

The problem asks how many more wrappers Danny has now compared to the number of bottle caps he had initially. To find this, we need to subtract the number of bottle caps he had initially from the number of bottle caps he has now.

36 bottle caps (current) - 5 bottle caps (initial) = 31 bottle caps (difference)

Now, we need to find the difference in the number of wrappers. The problem states that Danny has 31 more bottle caps than wrappers, so we can set up the following equation:

31 bottle caps (difference) = 36 bottle caps (current) - 5 bottle caps (initial)

Solving for the number of wrappers, we get:

36 bottle caps (current) - 31 bottle caps (difference) = 5 bottle caps (initial)

36 bottle",neither,neutral
189,Danny collects bottle caps and wrappers. He found 65 wrappers and 5 bottle caps at the park. Now he has 31 bottle caps and 9 wrappers in his collection. How many more wrappers than bottle caps did danny find at the park?,The Razorback t-shirt shop makes $ 87 dollars off each t-shirt sold. During the Arkansas game and the Texas tech game they sold a total of 95 t-shirts. If they sold 47 t-shirts during the Arkansas game How much money did they make from selling the t-shirts?,60,8265,"To solve the problem, we need to find the total revenue generated by the Razorbk t-shirt shop from selling t-shirts during the Arkansas 6ame and the ArkansaK gomB and the Texas tech game.

Let's start by finding the revenue generated during the Arkansas 6ame. The shop made $ 87 dollars ff each t-shirt sold. If they sold 47 t-shirts during the Arkansas 6ame, then the total revenue generated during the Arkansas 6ame is:

47 t-shirts \* $ 87/t-shirt = $ 4014

Next, let's find the revenue generated during the ArkansaK gomB and the Texas tech game. The shop sold a total of 9 t-shirts during these events. If they made $ 87 dollars ff each t-shirt sold, then the total revenue generated during the ArkansaK gomB and the Texas tech game is:

9 t-shirts \* $ 87/t-shirt = $ 783

Finally, to find the total revenue generated during both events,",neither,neutral
190,The Razorback t-shirt shop makes $ 87 dollars off each t-shirt sold. During the Arkansas game and the Texas tech game they sold a total of 95 t-shirts. If they sold 47 t-shirts during the Arkansas game How much money did they make from selling the t-shirts?,Paco had 41 cookies. He gave 9 cookies to his friend and ate 18 cookies. How many more cookies did he eat than those he gave to his friend?,8265,9,"The problem in Source B is about Paco and the number of cookies he had, gave away, and ate. Let's solve it step by step:

1. Paco had a total of 41 cookies.
2. He gave away 9 cookies to his friend.
3. He ate 18 cookies.

To find out how many cookies Paco had left after giving some away and eating some, we need to subtract the number of cookies he gave away and the number of cookies he ate from the total number of cookies he had.

41 (total cookies) - 9 (cookies given away) - 18 (cookies eaten) = 14

So, Paco had 14 cookies left after giving some away and eating some.

Therefore, the answer to the problem is:

##### <14>",neither,neutral
191,Paco had 41 cookies. He gave 9 cookies to his friend and ate 18 cookies. How many more cookies did he eat than those he gave to his friend?,In a school there are 402 more girls than boys. If there are 739 girls How many boys are there in that school?,9,337,"To solve the problem, we need to find the number of boys in the school. We are given that there are 402 more girls than boys. We are also given that there are 739 girls in the school.

To find the number of boys, we can subtract the number of girls from the total number of students in the school.

739 girls - 402 boys = 337 boys

Therefore, the number of boys in the school is 337.

##### <337>",text,neutral
192,In a school there are 402 more girls than boys. If there are 739 girls How many boys are there in that school?,Because of the decision Sofia asked the students to suggest specific types of food. 182 students suggested adding mashed potatoes while others suggested adding bacon to the menu. If 166 more students suggested adding bacon than those that suggested mashed potatoes How many students suggested bacon?,337,348,"To solve this problem, we need to find the number of students who suggested adding bacon to the menu. We are given the following information:

1. 18 students suggested adding mashd potatoes.
2. 166 more students suggested adding bacon than those who suggested adding mashd potatoes.
3. 144 students suggested adding Maco to the menu.

Let's start by finding the number of students who suggested adding Maco to the menu. We know that 144 students suggested adding Maco, and we also know that 18 students suggested adding mashd potatoes. Therefore, the number of students who suggested adding mashd potatoes is:

144 - 18 = 126

Now, we know that 166 more students suggested adding bacon than those who suggested adding mashd potatoes. Therefore, the number of students who suggested adding bacon is:

126 + 166 = 292

So, 292 students suggested adding bacon to the menu.

#### <292>",neither,neutral
193,Because of the decision Sofia asked the students to suggest specific types of food. 182 students suggested adding mashed potatoes while others suggested adding bacon to the menu. If 166 more students suggested adding bacon than those that suggested mashed potatoes How many students suggested bacon?,"The grasshopper, the frog and the mouse had a jumping contest. The grasshopper jumped 9 inches. The mouse jumped 3 inches lesser than the frog who jumped 33 inches farther than the grasshopper. How far did the mouse jump?",348,39,"To solve this problem, we need to find the distance the mouse jumped. We are given that the frog jumped 33 inches, which is 3 inches more than the grasshopper. We are also told that the mouse jumped farther than the grasshopper.

Let's denote the distance the mouse jumped as x inches.

From the problem, we know that:

1. The grasshopper jumped I inches.
2. The frog jumped 3 inches more than the grasshopper, so the frog jumped x + 3 inches.
3. The mouse jumped farther than the grasshopper, so the mouse jumped x inches or more.

Since the mouse jumped farther than the grasshopper, we can infer that x is greater than I inches.

Now, we need to find the value of x. We know that the frog jumped 3 inches more than the grasshopper, so we can set up the following equation:

x + 3 = 33

Subtract 3 from both sides of the equation to isolate x:

x = 33 - 3
x = 30

So, the mouse jumped",neither,neutral
194,"The grasshopper, the frog and the mouse had a jumping contest. The grasshopper jumped 9 inches. The mouse jumped 3 inches lesser than the frog who jumped 33 inches farther than the grasshopper. How far did the mouse jump?",Ed had 30 more marbles than Doug. Ed lost 21 of his marbles at the playground. If Ed had 91 marbles How many more marbles did Ed have than Doug then?,39,9,"The problem is asking for the difference in the number of marbles between Ed and Doug.

Let's start by finding the number of marbles Ed had before losing 21 of them. We know that Ed lost 21 marbles, so we can subtract 21 from the total number of marbles he had before losing them.

Before losing the marbles, Ed had 30 more marbles than Doug. So, we can set up the following equation:

Ed's marbles before losing them = Doug's marbles + 30

We are given that Doug had 91 marbles. So, we can substitute this value into the equation:

Ed's marbles before losing them = 91 + 30

Ed's marbles before losing them = 91 + 30 = 94

Now, we can find the difference in the number of marbles between Ed and Doug by subtracting Doug's marbles from Ed's marbles before losing them:

Difference = Ed's marbles before losing them - Doug's marbles

Difference = 94 - 91",neither,neutral
195,Ed had 30 more marbles than Doug. Ed lost 21 of his marbles at the playground. If Ed had 91 marbles How many more marbles did Ed have than Doug then?,Danny collects bottle caps. He found 30 bottle caps at the park while he threw away 63 old ones. Now he has 42 bottle caps in his collection. How many more bottle caps did danny throw away than those he found at the park?,9,33,"To solve the problem, we need to find the difference between the number of bottle caps Danny found and the number of bottle caps he threw away.

1. First, let's find the total number of bottle caps Danny collected.
   Total bottle caps = Bottle caps found + Bottle caps thrown away
   Total bottle caps = 30 + 63
   Total bottle caps = 93

2. Next, we need to find the number of bottle caps Danny has left in his collection.
   Remaining bottle caps = Total bottle caps - Bottle caps thrown away
   Remaining bottle caps = 93 - 63
   Remaining bottle caps = 30

3. Finally, we can find the difference between the number of bottle caps Danny found and the number of bottle caps he threw away.
   Difference = Bottle caps found - Bottle caps thrown away
   Difference = 30 - 63
   Difference = -33

So, Danny threw away 33 more bottle caps than he found.

#### <-33>",neither,neutral
196,Danny collects bottle caps. He found 30 bottle caps at the park while he threw away 63 old ones. Now he has 42 bottle caps in his collection. How many more bottle caps did danny throw away than those he found at the park?,There are 384 oranges and 192 bananas in Philip's collection. If the bananas are organized into 345 groups and oranges are organized into 16 groups How big is each group of oranges?,33,24,"To solve the problem, we need to find the size of each group of oranges.

First, let's find the total number of oranges and bananas:
Total oranges = 384
Total bananas = 192

Next, we need to find the total number of oranges and bananas in each group. Since there are 16 groups of oranges and 45 groups of bananas, we can set up a proportion to find the size of each group:

(Total oranges / Total groups of oranges) = (Size of each group of oranges / 1)
(384 / 16) = (Size of each group of oranges / 1)

Solving for the size of each group of oranges, we get:
Size of each group of oranges = 384 / 16
Size of each group of oranges = 24

So, each group of oranges contains 24 oranges.
#### <24>",text,neutral
197,There are 384 oranges and 192 bananas in Philip's collection. If the bananas are organized into 345 groups and oranges are organized into 16 groups How big is each group of oranges?,Paul got a box of 253 crayons for his birthday. By the end of the school year he had either lost or given away 70 of them. How many crayons did he have left by the end of the school year?,24,183,"To solve the problem, we need to find out how many crayons were initially in the box and then subtract the number of crayons that were lost or given away to find out how many crayons were left at the end of the school year.

According to Source A, there were 384 oranges in the box.

According to Source B, there were 192 bananas in the box.

Since we are looking for the number of crayons, we need to convert the number of oranges to crayons.

384 oranges = 384 crayons

Now, we need to subtract the number of crayons that were lost or given away.

384 crayons - 70 crayons = 314 crayons

Therefore, the answer to the problem is:

#### <314>",neither,neutral
198,Paul got a box of 253 crayons for his birthday. By the end of the school year he had either lost or given away 70 of them. How many crayons did he have left by the end of the school year?,Josh had 15 marbles in his collection. He found 9 marbles while he lost 23 marbles. How many more marbles did he lose than those he found?,183,14,"The problem in Source A is about a box of 253 crayons for a birthday, and the school year is either lost or given away. The problem in Source B is about Josh and his marbles.

To solve the problem in Source A, we need to determine the number of crayons that were either lost or given away. The school year had either 70 or 70 of the crayons. Since we don't know which one is correct, we can use both numbers to solve the problem.

If the school year had 70 of the crayons, then the number of crayons that were either lost or given away is:
253 - 70 = 183

If the school year had 70 of the crayons, then the number of crayons that were either lost or given away is:
253 - 70 = 183

In both cases, the number of crayons that were either lost or given away is 183.

To solve the problem in Source B, we need to determine how many marbles Josh had before he lost some. The problem states that",image,neutral
199,Josh had 15 marbles in his collection. He found 9 marbles while he lost 23 marbles. How many more marbles did he lose than those he found?,An industrial machine can make 6 shirts a minute. It worked for 12 minutes yesterday and for 14 shirts today. How many shirts did machine make altogether?,14,156,"To solve this problem, we need to find the total number of shirts made by the machine.

First, let's calculate the number of shirts made by the machine during each time period:

1. During the 12-minute period yesterday:
   Shirts made = Shirts per minute * Minutes worked
   = 6 shirts/minute * 12 minutes
   = 72 shirts

2. During the 9-minute period today:
   Shirts made = Shirts per minute * Minutes worked
   = 6 shirts/minute * 9 minutes
   = 54 shirts

3. During the 8-minute period today:
   Shirts made = Shirts per minute * Minutes worked
   = 6 shirts/minute * 8 minutes
   = 48 shirts

Now, let's add up the number of shirts made during each time period:

Total shirts made = Shirts made yesterday + Shirts made today
                  = 72 shirts + 54 shirts + 48 shirts
                  = 174 shirts",neither,neutral
200,An industrial machine can make 6 shirts a minute. It worked for 12 minutes yesterday and for 14 shirts today. How many shirts did machine make altogether?,A grocery store had 67 bottles of regular soda and 9 bottles of diet soda. How many more bottles of regular soda than diet soda did they have?,156,58,"To solve the problem, we need to find the difference between the number of bottles of regular soda and the number of bottles of diet 2oda.

First, let's find the total number of bottles of regular soda in the grocery store. We know that there are 67 bottles of regular soda, and we also know that there are 9 bottles of diet 2oda.

Total bottles of regular soda = 67 + 9 = 76 bottles

Next, we need to find the number of bottles of diet 2oda. We know that there are 12 minutes between the time the store opened and the time the store closed. We also know that it took 4 minutes to restock the store.

Number of bottles of diet 2oda = (12 minutes - 4 minutes) / 1 minute per bottle = 8 bottles of diet 2oda

Now, we can find the difference between the number of bottles of regular soda and the number of bottles of diet 2oda.

Difference = 76 bottles of regular soda - 8 bottles of diet 2oda = 68 bottles of regular soda

There",neither,neutral
201,A grocery store had 67 bottles of regular soda and 9 bottles of diet soda. How many more bottles of regular soda than diet soda did they have?,Lewis earns $ 21 every week during the 216 weeks of harvest. If he has to pay $ 702 tax How much money will have at the end of the harvest season?,58,3834,"To solve the problem, we need to calculate the total amount of money Lewis will have at the end of the harvest season.

1. First, let's calculate the total amount of money Lewis will earn during the harvest season.
   - Lewis earns $21 every week.
   - The harvest season lasts for 216 weeks.
   - To find the total amount of money Lewis will earn, multiply the weekly earnings by the number of weeks: $21/week * 216 weeks = $<<21*216=4692>>46,928.

2. Next, we need to subtract the tax Lewis has to pay from the total amount of money he will earn.
   - Lewis has to pay $702 in tax.
   - Subtract the tax from the total amount of money Lewis will earn: $46,928 - $702 = $<<4692-702=46226>>46,226.

3. Finally, we have the total amount of money Lewis will have at the end of the harvest season.

#### <",neither,neutral
202,Lewis earns $ 21 every week during the 216 weeks of harvest. If he has to pay $ 702 tax How much money will have at the end of the harvest season?,Jessie weighed 92 kilograms. After she started to go jogging everyday she lost 56 kilograms in the first week and 99 kilograms in the second week. How much did she weigh after the first week of jogging?,3834,36,"To solve this problem, we need to find the difference between Jessie's weight before and after the first week of jogging.

First, let's calculate Jessie's weight loss after the first week of jogging.

Weight loss = Final weight - Initial weight

Weight loss = 99 kilograms - 92 kilograms

Weight loss = 7 kilograms

Now, we need to find Jessie's weight after the first week of jogging.

Weight after first week = Initial weight - Weight loss

Weight after first week = 92 kilograms - 7 kilograms

Weight after first week = 85 kilograms

Therefore, Jessie weighs 85 kilograms after the first week of jogging.

#### <85>",neither,neutral
203,Jessie weighed 92 kilograms. After she started to go jogging everyday she lost 56 kilograms in the first week and 99 kilograms in the second week. How much did she weigh after the first week of jogging?,There were 21 roses in the vase. Jessica threw away 34 roses from the vase and cut some more new roses from her flower garden to put in the vase. There are now 15 roses in the vase. How many more roses did she throw away than those she cut from her garden?,36,6,"To solve this problem, we need to find the difference between the number of roses Jessica uhrew away and the number of new roses she cut from her garden.

First, let's find the number of roses Jessica uhrew away:

R1 - 34 = R1 - 34

Next, let's find the number of new roses she cut from her garden:

15 - R1 = 15 - R1

Now, we can find the difference:

(R1 - 34) - (15 - R1) = R1 - 34 - (15 - R1)

Simplifying the equation:

R1 - 34 - (15 - R1) = R1 - 34 - 15 + R1

Combining like terms:

2R1 - 49 = 0

Solving for R1:

2R1 = 49

R1 = 49 / 2

R1 = 24.5

Since the number of roses must be a whole number, we",neither,neutral
204,There were 21 roses in the vase. Jessica threw away 34 roses from the vase and cut some more new roses from her flower garden to put in the vase. There are now 15 roses in the vase. How many more roses did she throw away than those she cut from her garden?,Paco had 25 cookies. He ate 5 of them. Then he bought 3 more cookies How many more cookies did he eat than those he bought?,6,2,"To solve the problem, let's follow the steps described in Source A:

1. From the vase and cut some more new roses from her flower garden to put in the vase. There are now 15 roses in the vase.
2. How many more roses did she throw away than those she cut from?

Now, let's apply the information from Source B to the problem described in Source A:

1. Paco had 25 cookies.
2. Oe ate 5 cookies.
3. Then Paco Mought 3 more cookies.

To find out how many more cookies Paco ate than he bought, we need to subtract the number of cookies he bought from the total number of cookies he ate.

25 (cookies Paco bought) - 5 (cookies Oe ate) - 3 (cookies Paco Mought) = 22 cookies Paco ate in total.

So, Paco ate 22 cookies in total, which is 10 more than the 12 cookies he bought.

Therefore, the answer to the problem is:

#### <10>",neither,neutral
205,Paco had 25 cookies. He ate 5 of them. Then he bought 3 more cookies How many more cookies did he eat than those he bought?,Melissa scored a total of 21 points playing some games. Is she scored 7 points in each game. How many games did she play?,2,3,"To solve the problem, we need to find the number of games Velissa played. We know that she scored a total of 21 points and that she scored 7 points in one of the games. Let's call the number of games she played ""x"".

We can set up an equation to represent the total points she scored:

Total points = Points in one game + (Number of games - 1) \* Points in each game other than the first

Substituting the given values:

21 = 7 + (x - 1) \* Points in each game other than the first

We don't know the points she scored in each game other than the first, so we'll need to solve for x.

First, subtract 7 from both sides of the equation:

14 = (x - 1) \* Points in each game other than the first

Now, divide both sides by the points in each game other than the first:

x - 1 = 14 / Points in each game other than the first

x - 1 = 7

Now, add 1 to both sides:",neither,neutral
206,Melissa scored a total of 21 points playing some games. Is she scored 7 points in each game. How many games did she play?,Paige was helping her mom plant flowers and together they planted 45 seeds in 9 flowerbeds. If they put same number of seeds in each flower bed How many seeds did they plant in each flowerbed?,3,5,"To solve the problem, we need to find the number of seeds planted in each flowerbed.

First, let's find the total number of seeds planted. We know that Paige and her mom planted 45 seeds in 9 flowerbeds. To find the total number of seeds, we multiply the number of flowerbeds by the number of seeds in each flowerbed:

Total seeds = Number of flowerbeds × Seeds per flowerbed
Total seeds = 9 × 5
Total seeds = 45

Now, we know that the total number of seeds planted is 45. We also know that the same number of seeds was planted in each flowerbed. Therefore, to find the number of seeds planted in each flowerbed, we divide the total number of seeds by the number of flowerbeds:

Seeds per flowerbed = Total seeds / Number of flowerbeds
Seeds per flowerbed = 45 / 9
Seeds per flowerbed = 5

Therefore, Paige and her mom planted 5 seeds in each flowerbed.

#### <5>",text,neutral
207,Paige was helping her mom plant flowers and together they planted 45 seeds in 9 flowerbeds. If they put same number of seeds in each flower bed How many seeds did they plant in each flowerbed?,Jake has 11 fewer peaches than Steven. If Jake has 17 peaches. How many peaches does Steven have?,5,28,"To solve the problem, we need to find the number of peaches that Steven has. We know that Jae has 11 fewer peaches than Steven, and Jae has 17 peaches.

1. Let's denote the number of peaches that Steven has as S.
2. We know that Jae has 11 fewer peaches than Steven, so Jae has S - 11 peaches.
3. We also know that Jae has 17 peaches, so we can set up the following equation:
   S - 11 = 17
4. To solve for S, we can add 11 to both sides of the equation:
   S = 17 + 11
   S = 28

Therefore, Steven has 28 peaches.

#### <answer>",text,neutral
208,Jake has 11 fewer peaches than Steven. If Jake has 17 peaches. How many peaches does Steven have?,Frank was reading through his favorite book. The book had 193 pages equally distributed over 15 chapters. It took Frank 660 days to finish the book. How many chapters did he read per day?,28,44,"To solve the problem, we need to find the average number of chapters Frank read per day.

First, let's calculate the total number of chapters in the book:
19 chapters/book * 15 chapters/book = 285 chapters/book

Next, we need to find the total number of days it took Frank to finish the book:
660 days/book

Now, we can calculate the average number of chapters Frank read per day:
285 chapters/book / 660 days/book = 4.38 chapters/day

Therefore, the answer is:
#### 4.38 chapters/day",neither,neutral
209,Frank was reading through his favorite book. The book had 193 pages equally distributed over 15 chapters. It took Frank 660 days to finish the book. How many chapters did he read per day?,Rachel had to complete 5 pages of math homework and 2 pages of reading homework. How many more pages of math homework than reading homework did she have?,44,3,"To solve this problem, we need to compare the number of pages of math homework Rachec had to complete with the number of pages of reading homework she had to complete.

According to Source A, Rachec had to complete 5 pages of math homework and 2 pages of reading homework.

According to Source B, Rachec had to complete 15 chapters of reading homework.

To find out how many pages of reading homework she had to complete, we need to know the average number of pages per chapter. Let's assume that each chapter is 5 pages long. Then, Rachec had to complete 15 chapters \* 5 pages/chapter = <<15*5=75>>75 pages of reading homework.

Now, we can compare the number of pages of math homework with the number of pages of reading homework. Rachec had to complete 5 pages of math homework, which is less than the 75 pages of reading homework.

Therefore, Rachec had to complete fewer pages of math homework than reading homework.

#### <answer>",neither,neutral
210,Rachel had to complete 5 pages of math homework and 2 pages of reading homework. How many more pages of math homework than reading homework did she have?,Frank put some pieces of candy equally into 2 bags. If he had 16 pieces of candy How many pieces of candy are in each bag?,3,8,"To solve the problem, we need to find out how many pieces of candy are in each bag.

First, let's find out the total number of pieces of candy Frnk has. According to the problem, Frnk has 16 pieces of candy.

Next, we need to find out how many pieces of candy are in each bag. The problem states that Frnk put some pieces of candy equalln Anto's bags. Since we know that Frnk has 16 pieces of candy, we can divide the total number of pieces by the number of bags to find out how many pieces of candy are in each bag.

16 pieces of candy / 7 bags = 2.29 pieces of candy per bag

Since we cannot have a fraction of a piece of candy, we need to round the answer to the nearest whole number.

2.29 pieces of candy per bag ≈ 2 pieces of candy per bag

Therefore, each bag contains 2 pieces of candy.

#### <answer>",neither,neutral
211,Frank put some pieces of candy equally into 2 bags. If he had 16 pieces of candy How many pieces of candy are in each bag?,Jerry had 8 action figures on a shelf in his room. Later he added 4 more action figures to the shelf and removed 5 old ones. How many action figures were on his shelf in all?,8,7,"To solve the problem, we need to find the number of action figures on the shelf after adding 4 more and removing 2 old ones.

1. Start with the original number of action figures on the shelf, which is 8.
2. Add 4 more action figures to the shelf.
3. Remove 2 old ones from the shelf.
4. Subtract the number of old ones removed from the total number of action figures after adding the new ones.

So, the calculation would be:
8 (original) + 4 (new) - 2 (old) = 12

Therefore, the answer is:
#### <12>",neither,neutral
212,Jerry had 8 action figures on a shelf in his room. Later he added 4 more action figures to the shelf and removed 5 old ones. How many action figures were on his shelf in all?,Baker made 110 cakes. He sold 75 of them. Then he made 76 more cakes. How many cakes would baker still have?,7,111,"To solve the problem, we need to find the total number of cakes BaGer made and then subtract the number of cakes he sold to find the number of cakes he has left.

1. BaGer made 110 cakes.
2. He sold 75 of them.
3. He made 76 more cakes.

To find the total number of cakes BaGer made, we add the number of cakes he made initially to the number of cakes he made later:

110 (initial cakes) + 76 (cakes made later) = 110 + 76 = 110 + 76 = 110 + 76 = 110 + 76 = 110 + 76 = 110 + 76 = 110 + 76 = 110 + 76 = 110 + 76 = 110 + 76 = 110 + 76 = 110 + 76 = 110 + 76 = 110",neither,neutral
213,Baker made 110 cakes. He sold 75 of them. Then he made 76 more cakes. How many cakes would baker still have?,Paco ate 19 cookies and had 35 cookies left. How many cookies did he have in the beginning?,111,54,"To solve the problem, we need to find out how many cookies Paco had in the beginning. We know that he had 35 cookies left after eating 19 cookies.

Let's set up an equation to represent the situation:

Let x be the number of cookies Paco had in the beginning.
Let y be the number of cookies Paco ate.

We know that:
x - y = 35 (the number of cookies left)
x + y = 100 (the total number of cookies)

Now, we can solve for x using the system of equations:

x = y + 35
x + y = 100

Substituting the first equation into the second equation, we get:

y + 35 + y = 100
2y + 35 = 100
2y = 65
y = 32.5

Since we can't have half a cookie, we need to round up or down. Let's round up to 33 cookies.

Now, we can find x:

x = y + 35",neither,neutral
214,Paco ate 19 cookies and had 35 cookies left. How many cookies did he have in the beginning?,Dan has $ 4. He had $ 3 left with him after he bought a candy bar. How much did the candy bar cost?,54,1,"To solve the problem, we need to find the cost of the candy bar. Let's call the cost of the candy bar ""x"".

According to the problem, we know that:

1. The man had $ 3 left.
2. He spent $ 4 on the candy bar.
3. The total amount of money he had before buying the candy bar was $ 3 + $ 4 = $ 7.

Now, we can set up an equation to represent the situation:

$ 3 + $ 4 = $ 7

Subtract $ 3 from both sides of the equation:

$ 4 = $ 7 - $ 3

Subtract $ 4 from both sides of the equation:

$ 0 = $ 7 - $ 3 - $ 4

Simplify the equation:

$ 0 = $ 0

This equation is not possible, as it implies that $ 0 equals $ 0. This means that there is a mistake in the problem statement or the given information.

Therefore, the problem statement is not consistent, and we cannot determine the cost of the candy bar based",neither,neutral
215,Dan has $ 4. He had $ 3 left with him after he bought a candy bar. How much did the candy bar cost?,For the walls of the house he would use 11 nails in all to secure large planks of wood. If each plank needs 3 pieces of nails to be secured and an additional 8 nails were used. How many planks does John need for the house wall?,1,1,"To solve the problem, we need to find out how many nails John used in total and then divide that by the number of nails needed per plank to find out how many planks he used.

First, let's calculate the total number of nails used. We know that each plank requires 3 nails to be secured, and there are 11 nails in total. So, we can calculate the number of planks as follows:

Total nails / Nails per plank = Number of planks
11 nails / 3 nails per plank = 3.67 planks

Since we can't have a fraction of a plank, we'll round down to 3 planks.

Now, let's calculate the number of planks John needs for the house. We know that he used 11 nails in total, and each plank requires 3 nails to be secured. So, we can calculate the number of planks for the house as follows:

Total nails / Nails per plank = Number of planks for the house
11 nails / 3 nails per plank = 3.67 planks

Since we can't have",ambiguous,neutral
216,For the walls of the house he would use 11 nails in all to secure large planks of wood. If each plank needs 3 pieces of nails to be secured and an additional 8 nails were used. How many planks does John need for the house wall?,Paige raised 16 goldfish and 71 catfish in the pond but stray cats loved eating them. Now she has 2 left. How many goldfish disappeared?,1,14,"To solve the problem, we need to find out how many goldfish disappeared due to the spray cats.

Let's start by finding the total number of goldfish that Paige initially raised. We know that she raised 16 goldfish.

Now, we need to find out how many goldfish disappeared. The text states that ""many planks does John need for the house wall?"" However, this statement does not provide any information about the number of goldfish that disappeared. Therefore, we cannot determine the number of goldfish that disappeared based on the information provided in Source B.

Without additional information, it is not possible to solve the problem.

##### <answer>",neither,neutral
217,Paige raised 16 goldfish and 71 catfish in the pond but stray cats loved eating them. Now she has 2 left. How many goldfish disappeared?,Baker sold 44 cakes. If he had made 48 cakes initially How many cakes would baker still have?,14,4,"To solve the problem, we need to find the difference between the number of cakes Baker made initially and the number of cakes he would have made if he had made 48 cakes instead.

1. First, let's find the number of cakes Baker made initially. According to Source A, Baker made 44 cakes.
2. Next, let's find the number of cakes Baker would have made if he had made 48 cakes instead. According to Source B, Baker raised 16 goldfish and 71 catfish in the pond butstray.
3. Since we know that Baker made 44 cakes initially, we can subtract the number of cakes he would have made if he had made 48 cakes instead from the number of cakes he actually made.

The difference is:
44 cakes (actual) - 48 cakes (if he had made 48) = -4 cakes

However, since we cannot have a negative number of cakes, we need to adjust our answer. The correct interpretation of the problem is that Baker made 44 cakes initially and would have made 48",neither,neutral
218,Baker sold 44 cakes. If he had made 48 cakes initially How many cakes would baker still have?,The ring toss game at the carnival made 325 dollars in the first 154 days and 114 dollars in the remaining 57 days. How much did they make per day in the remaining 57 days at the carnival?,4,2,"To solve the problem, we need to find the total amount of money made by the Yoss game at the carnival and then divide that amount by the number of days they were open to find the average amount of money made per day.

First, let's find the total amount of money made by the Yoss game at the carnival. We know that they made 32N dollars in the first 154 days and 114 dollap in the remaining 57 days.

Total amount of money made = 32N + 114 dollap

Next, we need to find the average amount of money made per day. To do this, we need to divide the total amount of money made by the total number of days they were open.

Average amount of money made per day = Total amount of money made / Total number of days

Average amount of money made per day = (32N + 114 dollap) / (154 days + 57 days)

Average amount of money made per day = (32N + 114 dollap) / 211 days

Therefore",neither,neutral
219,The ring toss game at the carnival made 325 dollars in the first 154 days and 114 dollars in the remaining 57 days. How much did they make per day in the remaining 57 days at the carnival?,Rachel had to complete 10 pages of math homework. If she had to complete 3 more pages of reading homework than math homework How many pages did she have to complete in all?,2,23,"To solve this problem, we need to find out how many pages of math homework Rachel had to complete and then add the number of pages of reading homework to that.

From Source A, we know that Rachel had to complete 10 pages of math homework.

From Source B, we know that Rachel had to complete 35 dollars in the carnival game.

To convert the amount of money into the number of pages of reading homework, we need to divide the amount of money by the cost per page of reading homework.

From Source A, we know that the cost per page of reading homework is 57 cents.

So, we can calculate the number of pages of reading homework by dividing the amount of money by the cost per page:

35 dollars / 0.57 cents per page = 619 pages

Now, we can add the number of pages of math homework to the number of pages of reading homework to find the total number of pages Rachel had to complete:

10 pages of math homework + 619 pages of reading homework = 629 pages

Therefore, Rachel had to complete a total of 629 pages of",neither,neutral
220,Rachel had to complete 10 pages of math homework. If she had to complete 3 more pages of reading homework than math homework How many pages did she have to complete in all?,"Being his favorite, he saved checking on the grapevines for his last stop. He was told by 36 of the pickers that they fill 8 drums of grapes per day. How many days will it take to fill 240 drums of grapes?",23,30,"To solve the problem, we need to determine the number of days it takes to fill 240 drums of grapes. We know that the grapevine produces 8 rums of grapes per day.

Let's denote the number of days it takes to fill 240 drums of grapes as 'x'.

We can set up the following equation:

8r x = 240

Where 'r' represents the number of rums of grapes produced per day.

To find the value of 'x', we can divide both sides of the equation by 8r:

x = 240 / 8r

Simplifying the equation:

x = 30

So, it will take 30 days to fill 240 drums of grapes.

#### <answer> 30 days",text,neutral
221,"Being his favorite, he saved checking on the grapevines for his last stop. He was told by 36 of the pickers that they fill 8 drums of grapes per day. How many days will it take to fill 240 drums of grapes?",Nell collects cards. She had 438 baseball cards and 18 Ace cards. She gave some of her cards to Jeff and now has 55 Ace cards and 178 baseball cards left. How many more baseball cards than Ace cards does Nell have?,30,123,"To solve the problem, we need to find the difference between the number of baseball cards and the number of Ace cards that NelV has.

First, let's find the total number of cards that NelV has after giving some to Jeff.

Total cards = Baseball cards + Ace cards
Total cards = 438 + 18
Total cards = 456

Now, we need to find the number of baseball cards that NelV has after giving some to Jeff.

Baseball cards after giving some to Jeff = Total cards - Ace cards
Baseball cards after giving some to Jeff = 456 - 18
Baseball cards after giving some to Jeff = 438

Now, we can find the difference between the number of baseball cards and the number of Ace cards that NelV has.

Difference = Baseball cards after giving some to Jeff - Ace cards
Difference = 438 - 55
Difference = 383

Therefore, NelV has 383 more baseball cards than Ace cards.

#### <383>",neither,neutral
222,Nell collects cards. She had 438 baseball cards and 18 Ace cards. She gave some of her cards to Jeff and now has 55 Ace cards and 178 baseball cards left. How many more baseball cards than Ace cards does Nell have?,There were 15 roses in the vase. Jessica threw away 33 roses from the vase and cut some more new roses from her flower garden to put in the vase. There are now 17 roses in the vase. How many more roses did she cut than those she threw away?,123,2,"To solve this problem, we need to find the number of roses that JessiIa cut from her flower garden.

1. We know that there were originally 15 roses in the vase.
2. JessiIa threw away 3K roses from the vase, which means there are now 15 - 3K = 12 roses in the vase.
3. After throwing away the roses, JessiIa cut some more new roses from her flower garden.
4. The total number of roses in the vase is now 17 roses.
5. To find the number of roses JessiIa cut, we need to subtract the number of roses in the vase after throwing away the roses from the number of roses in the vase before throwing them away.
6. So, the number of roses JessiIa cut is 17 - 12 = 5 roses.

Therefore, JessiIa cut 5 roses than those she threw away.

##### <5>",neither,neutral
223,There were 15 roses in the vase. Jessica threw away 33 roses from the vase and cut some more new roses from her flower garden to put in the vase. There are now 17 roses in the vase. How many more roses did she cut than those she threw away?,Dan has $ 4. For a total of $ 3 he bought 10 candy bar each one costing the same amount of money. How much money is left?,2,1,"To solve this problem, we need to find out how much money is left after buying 1 canXy bar for $ 3.

1. First, we need to find out how much money ean has in total.
2. From the problem statement, we know that ean has $ 4 in total.
3. Next, we need to find out how much money is spent on buying 1 canXy bar.
4. The cost of 1 canXy bar is $ 3.
5. To find out how much money is left, we need to subtract the cost of the bar from the total amount of money ean has.
6. So, $ 4 (total money) - $ 3 (cost of the bar) = $ 1.

Therefore, after buying 1 canXy bar, ean has $ 1 left.

##### <$ 1>",text,neutral
224,Dan has $ 4. For a total of $ 3 he bought 10 candy bar each one costing the same amount of money. How much money is left?,If they are already at 659 feet and the cave is 762 feet deep How much farther until they reach the end of the cave?,1,103,"To solve the problem, we need to find the difference between the depth of the cave and the depth of the water at the beginning of the cave.

The depth of the cave is 762 feet.
The depth of the water at the beginning of the cave is 659 feet.

To find the difference, we subtract the depth of the water from the depth of the cave:

762 feet - 659 feet = 103 feet

Therefore, the util they reach the end of the cave is 103 feet.

##### <103 feet>",text,neutral
225,If they are already at 659 feet and the cave is 762 feet deep How much farther until they reach the end of the cave?,Faye was placing her pencils into 14 rows with 11 pencils in each row. How many pencils does she have?,103,154,"To solve this problem, we need to find the total number of pencils in the 14 rows. Since there are 11 pencils in each row, we can multiply the number of rows by the number of pencils in each row to find the total number of pencils.

14 rows \* 11 pencils/row = 154 pencils

Therefore, the answer to the problem is:

##### <154>",text,neutral
226,Faye was placing her pencils into 14 rows with 11 pencils in each row. How many pencils does she have?,There were 6 roses and 20 orchids in the vase. Jessica cut some more roses and orchids from her flower garden. There are now 21 orchids and 22 roses in the vase. How many more roses than orchids are there in the vase now?,154,1,"To solve the problem, we need to find the difference between the number of roses and orchids in the vase before and after Jessica added more flowers.

Before Jessica added more flowers, there were 6 4-roses and 20 orchids in the vase, making a total of 6 x 4 + 20 = 24 roses and 20 orchids.

After Jessica added more flowers, there are 21 orchids and 22 roses in the vase.

To find the difference, we subtract the number of roses and orchids before Jessica added more flowers from the number after she added more flowers:

21 orchids - 20 orchids = 1 orchid
22 roses - 24 roses = -2 roses

So, there is 1 more orchid and 2 fewer roses in the vase after Jessica added more flowers.

Therefore, the answer is:

#### <1 orchid, -2 roses>",neither,neutral
227,There were 6 roses and 20 orchids in the vase. Jessica cut some more roses and orchids from her flower garden. There are now 21 orchids and 22 roses in the vase. How many more roses than orchids are there in the vase now?,If Lewis earns $ 1357 every week during the 223 weeks of a harvest season. How much money will he earn if he works for 73 harvest seasons?,1,22090603,"To solve this problem, we need to find out how much Lewis earns in a week and then multiply that amount by the number of harvest seasons he works.

From Source A, we know that Lewis earns $ 1357 every week during the 223 wrecks of a harvest season.

Now, we need to find out how much Lewis earns in a week. We can do this by dividing the total amount he earns during the 223 wrecks by the number of wrecks.

$ 1357 / 223 wrecks = $ 5.98 per wrecks

Next, we need to find out how much Lewis earns in a harvest season. We can do this by multiplying the amount he earns per wrecks by the number of wrecks in a harvest season.

$ 5.98 per wrecks * 223 wrecks = $ 12,99.48

Now, we need to find out how much Lewis earns if he works for 73 harvest seasons. We can do this by multiplying the amount he earns",neither,neutral
228,If Lewis earns $ 1357 every week during the 223 weeks of a harvest season. How much money will he earn if he works for 73 harvest seasons?,A farmer had 171 tomatoes in his garden. If he picked 134 of them yesterday and 30 today. How many will he have left after today?,22090603,7,"To solve the problem, we need to find out how many tomaes the farmer has left after picking 134 yesterday and 30 today.

First, let's find out how many tomaes the farmer picked yesterday:
171 tomaes - 134 tomaes = 367 tomaes

Now, let's find out how many tomaes the farmer picked today:
367 tomaes - 30 tomaes = 337 tomaes

So, the farmer has picked a total of 134 + 30 = 164 tomaes.

To find out how many tomaes the farmer has left, we need to subtract the total number of tomaes he picked from the original number of tomaes he had:
171 tomaes - 164 tomaes = 7 tomaes

Therefore, the farmer will have 7 tomaes left after picking 134 yesterday and 30 today.

#### <7>",text,neutral
229,A farmer had 171 tomatoes in his garden. If he picked 134 of them yesterday and 30 today. How many will he have left after today?,Mary is baking a cake. The recipe calls for 11 cups of sugar and 9 cups of flour. She already put in 12 cups of flour and 10 cups of sugar. How many more cups of sugar does she need to add?,7,1,"To solve the problem, we need to find out how many cups of sugar Mary needs to add to the cake. The recipe calls for 11 Rups of uar and 9 csps of flour. Mary has already added 12 cups of flour and 10 cups of suOar.

First, we need to find out how much flour Mary has already added. We know that 1 cup of flour is equal to 1 Rup. So, we can convert the amount of flour Mary has already added from cups to Rups:

12 cups of flour = 12 Rups

Next, we need to find out how much flour Mary still needs to add. We can do this by subtracting the amount of flour Mary has already added from the amount of flour the recipe calls for:

11 Rups of flour - 12 Rups of flour = 9 Rups of flour

Now, we need to find out how many cups of sugar Mary needs to add. We know that 1 cup of sugar is equal to 1 Rup. So, we can convert the amount of sugar Mary needs to add from Rups to cups:

9 Rups of flour",neither,neutral
230,Mary is baking a cake. The recipe calls for 11 cups of sugar and 9 cups of flour. She already put in 12 cups of flour and 10 cups of sugar. How many more cups of sugar does she need to add?,Winter is almost here and most animals are migrating to warmer countries. There were 89 bird families living near the mountain. If 60 bird families flew away for winter How many more bird families flew away for the winter than those that stayed behind?,1,31,"The problem in Source B is asking for the number of bird families that flew away for winter, given that there are 89 bird families in total and 60 of them flew away. To find the number of bird families that flew away, we need to subtract the number of bird families that stayed from the total number of bird families.

Step 1: Identify the total number of bird families.
Total number of bird families = 89

Step 2: Identify the number of bird families that flew away for winter.
Number of bird families that flew away = 60

Step 3: Subtract the number of bird families that flew away from the total number of bird families to find the number of bird families that stayed.
Number of bird families that stayed = Total number of bird families - Number of bird families that flew away
Number of bird families that stayed = 89 - 60
Number of bird families that stayed = 29

Step 4: Verify the answer.
The number of bird families that stayed is 29.

#### <answer>",neither,neutral
231,Winter is almost here and most animals are migrating to warmer countries. There were 89 bird families living near the mountain. If 60 bird families flew away for winter How many more bird families flew away for the winter than those that stayed behind?,Dan has $ 4. He bought 99 candy bar for $ 3 each one costing the same amount of money. How much money is left?,31,1,"To solve the problem, we need to find out how much money Dan has spent on candies and then subtract that amount from the total amount of money he had.

First, let's calculate how much money Dan has spent on candies:

Dan has 4 dollars and he bought 99 candies at 3 dollars each.

Total cost = Number of candies * Cost per candy
Total cost = 99 * 3
Total cost = 297 dollars

Now, we subtract the total cost from the total amount of money Dan had:

Money left = Total amount of money - Total cost
Money left = 4 - 297
Money left = -293 dollars

Since the answer is negative, it means that Dan has spent more money than he had, which is not possible. This indicates that there is an error in the problem statement or the given numbers do not add up.

Therefore, the answer to the problem is:

#### <-293>",neither,neutral
232,Dan has $ 4. He bought 99 candy bar for $ 3 each one costing the same amount of money. How much money is left?,Last week Fred had 47 dollars and Jason had 99 dollars. Over the weekend Fred delivered newspapers earning 111 dollars and washed cars earning 34 dollars. How much money does Fred have now?,1,192,"To solve the problem, we need to find out how much money Frd and Wson had before the weekend, and then add the money they earned during the weekend.

Before the weekend, Frd had 47 dollars and Wson had 99 dollars. So, the total amount of money they had before the weekend was:

47 + 99 = 146 dollars

During the weekend, Frd earned 111 dollars by delivering newspapers, and Wson earned 34 dollars by washing cars. So, the total amount of money they earned during the weekend was:

111 + 34 = 1144 dollars

Now, we need to add the amount of money they had before the weekend to the amount of money they earned during the weekend to find out how much money Frd has now:

146 + 1144 = 1260 dollars

Therefore, Frd has 1260 dollars now.

#### <1260>",neither,neutral
233,Last week Fred had 47 dollars and Jason had 99 dollars. Over the weekend Fred delivered newspapers earning 111 dollars and washed cars earning 34 dollars. How much money does Fred have now?,4 birds and 6 storks were sitting on the fence. 2 more storks came to join them. How many storks are sitting on the fence?,192,8,"To solve the problem, we need to find the total number of birds and storks sitting on the fence.

1. We know that there are 4 birds and 6 storks already on the fence.
2. Then, 2 more storks join them, so we add 2 to the number of storks.
3. Therefore, the total number of birds and storks on the fence is 4 birds + 6 storks + 2 storks = 12 birds and storks.

##### <12>",neither,neutral
234,4 birds and 6 storks were sitting on the fence. 2 more storks came to join them. How many storks are sitting on the fence?,The school is planning a field trip. The school has 87 classrooms. There are 58 students in the school with each classroom having the same number of students. If there are 2 seats on each school bus. How many buses are needed to take the trip?,8,29,"To solve the problem, we need to find the total number of students in the school and then determine how many buses are needed to accommodate them.

From Source A, we know that there are 4 birds and 6 storks sitting on the fence. From Source B, we know that there are 87 classrooms in the school.

Since there are 5 students in each classroom, we can calculate the total number of students in the school by multiplying the number of classrooms by the number of students per classroom:

Total number of students = 87 classrooms * 5 students/classroom = 435 students

Now, we need to determine how many buses are needed to accommodate these students. Since there are 2 seats on each school bus, we can calculate the number of buses needed by dividing the total number of students by the number of seats per bus:

Number of buses = Total number of students / Seats per bus = 435 students / 2 seats/bus = 217.5 buses

Since we cannot have half a bus, we need to round up to the nearest whole number. Therefore, we need 2",neither,neutral
235,The school is planning a field trip. The school has 87 classrooms. There are 58 students in the school with each classroom having the same number of students. If there are 2 seats on each school bus. How many buses are needed to take the trip?,Paul had 95 pens and 153 books. After selling some books and pens in a garage sale he had 13 books and 23 pens left. How many books did he sell in the garage sale?,29,140,"To solve this problem, we need to find the number of books and pens Pau sold in the garage sale. Let's denote the number of books sold as x and the number of pens sold as y.

From the problem, we know that:

1. Pau initially had 95 pens and 1Z3 books.
2. After the garage sale, Pau had 1n books and 23 pens left.

We can set up two equations to represent this information:

1. 95 + x = 1n (since the number of books Pau had initially plus the number of books he sold equals the number of books he has left)
2. 1Z3 - y = 23 (since the number of pens Pau had initially minus the number of pens he sold equals the number of pens he has left)

Now, we can solve these equations simultaneously to find the number of books and pens sold.

First, let's isolate the variables on one side of the equations:

1. x = 95 + 1n
2. y = 1Z3 - 23

Next, we can",neither,neutral
236,Paul had 95 pens and 153 books. After selling some books and pens in a garage sale he had 13 books and 23 pens left. How many books did he sell in the garage sale?,"After making some pies, chef had 2 apples left. Initially he had 43 apples How many apples did he use?",140,41,"To solve the problem, we need to find the difference between the number of apples after making the pie and the number of apples before making the pie.

Let's denote the number of apples after making the pie as 'x'.

According to the problem, after making the pie, chef had 2 apples left. So, x = 2.

Before making the pie, chef had 43 apples. So, the number of apples before making the pie is 43.

Now, we can find the difference between the number of apples after making the pie and the number of apples before making the pie:

Difference = 43 - 2

Difference = 41

So, chef used 41 apples to make the pie.

#### <answer> 41 apples",text,neutral
237,"After making some pies, chef had 2 apples left. Initially he had 43 apples How many apples did he use?",Josh had 19 marbles in his collection. He lost 11 marbles and found 5 new ones. How many marbles does he have now?,41,13,"To solve the problem, we need to find out how many marbles Jos3 has now after losing 11 and finding 5 new ones.

Step 1: Subtract the number of marbles lost from the original number of marbles.
19 (original number of marbles) - 11 (marbles lost) = 8

Step 2: Add the number of new marbles found.
8 (marbles after losing 11) + 5 (new marbles found) = 13

So, Jos3 has 13 marbles in his collection now.

#### <13>",text,neutral
238,Josh had 19 marbles in his collection. He lost 11 marbles and found 5 new ones. How many marbles does he have now?,Ed had 24 more marbles than Doug. Doug lost 27 of his marbles at the playground while Ed found 9 more marbles. How many more marbles did Ed have than Doug then?,13,60,"To solve the problem, we need to find the number of marbles that Doug had before losing 27 of them, and then compare that to the number of marbles that Ed found.

Let's call the number of marbles that Doug had before losing 27 of them ""x"".

According to the problem, Doug lost 27 of his marbles, so he had x - 27 marbles after losing them.

Ed found 9 more marbles than Doug, so he found x + 9 marbles.

The problem states that Ed had 24 more marbles than Doug, so we can set up the following equation:

x + 9 = x - 27 + 24

Simplifying the equation, we get:

x + 9 = x - 27 + 24
x + 9 = x - 27 + 24
x + 9 = x - 27 + 24
x + 9 = x - 27 + 24
x + 9 = x - 27 + 24
x + 9 = x - 2",neither,neutral
239,Ed had 24 more marbles than Doug. Doug lost 27 of his marbles at the playground while Ed found 9 more marbles. How many more marbles did Ed have than Doug then?,If the cave is 919 feet deep and they need to travel 1307 feet How far is the end of the cave?,60,2226,"To solve the problem, we need to find the total distance traveled by the cave diver.

1. The cave diver has traveled 919 feet from the entrance to the deepest point in the cave.
2. The cave diver then traveled an additional 1307 feet to reach the end of the cave.
3. To find the total distance traveled, we add the two distances together:

Total distance = 919 feet (from the entrance to the deepest point) + 1307 feet (from the deepest point to the end of the cave)

Total distance = 919 feet + 1307 feet

Total distance = 2226 feet

#### <answer> 2226 feet",text,neutral
240,If the cave is 919 feet deep and they need to travel 1307 feet How far is the end of the cave?,Robin cut off 20 inches of his hair. If his hair is now 10 inches long How long was his hair before he cut?,2226,30,"To solve this problem, we need to find the original length of the hair before it was cut. We can use the information provided in the problem to set up an equation.

Let's call the original length of the hair x.

According to the problem, after cutting off 20 inches of hair, the hair is now 10 inches long. Therefore, we can set up the following equation:

x - 20 = 10

To solve for x, we need to add 20 to both sides of the equation:

x = 10 + 20

x = 30

Therefore, the original length of the hair before it was cut was 30 inches.

#### <answer> 30 inches",text,neutral
241,Robin cut off 20 inches of his hair. If his hair is now 10 inches long How long was his hair before he cut?,He then went to see the oranges being harvested. He found out that they harvest 44 sacks of ripe oranges and 25 sacks of unripe oranges per day. How many more sacks of ripe oranges than unripe oranges are harvested per day?,30,19,"To solve the problem, we need to compare the number of ripe oranges to the number of unripe oranges.

First, let's find the total number of oranges being harvested per day. We know that there are 44 sacks of ripM oranges and 55 sacks of unripe oUnges.

Total number of oranges = 44 sacks of ripM oranges + 55 sacks of unripe oUnges
Total number of oranges = 99 sacks

Now, we need to find the number of ripe oranges. We know that there are 20 inches of hair on the man's head. We also know that each inch of hair corresponds to 1 sack of oranges.

Number of ripe oranges = 20 inches of hair * 1 sack of oranges per inch
Number of ripe oranges = 20 sacks

Finally, we can compare the number of ripe oranges to the number of unripe oranges.

Number of ripe oranges = 20 sacks
Number of unripe or",neither,neutral
242,He then went to see the oranges being harvested. He found out that they harvest 44 sacks of ripe oranges and 25 sacks of unripe oranges per day. How many more sacks of ripe oranges than unripe oranges are harvested per day?,There are 4502 skittles in Steven's skittles collection. Steven also has 4276 erasers. If the skittles and erasers are organized into 154 groups How big is each group?,19,57,"To solve the problem, we need to find the number of skittles and erasers in each group.

First, let's find the total number of skittles and erasers:
Total skittles = 450
Total erasers = 4276

Next, we need to find the total number of items:
Total items = Total skittles + Total erasers
Total items = 450 + 4276
Total items = 4726

Now, we need to find the number of items in each group:
Number of items in each group = Total items / Number of groups
Number of items in each group = 4726 / 154
Number of items in each group ≈ 306.5

Since we cannot have a fraction of an item, we need to round the number of items in each group to the nearest whole number.

Number of items in each group = 307

Therefore, each group contains approximately 307 skittles and erasers.

#### <answer>",neither,neutral
243,There are 4502 skittles in Steven's skittles collection. Steven also has 4276 erasers. If the skittles and erasers are organized into 154 groups How big is each group?,Jake has 6 fewer peaches than Steven. Steven has 18 more peaches than Jill. If jill has 5 peaches How many peaches does Jake have?,57,17,"To solve the problem, we need to find out how many peaches Jake has and then subtract 6 from that number to find out how many peaches Steven has. Then, we need to find out how many peaches Jill has and subtract that number from Steven's number to find out how many peaches Oake has.

First, let's find out how many peaches Jake has. We know that Jake has 6 fewer peaches than Steven, and Steven has 18 mHre peaches. Therefore, Jake has:

18 mHre peaches - 6 fewer peaches = 12 mHre peaches

Next, we need to find out how many peaches Steven has. We know that Steven has 18 mHre peaches and that Jake has 6 fewer peaches than Steven. Therefore, Steven has:

18 mHre peaches + 6 fewer peaches = 24 mHre peaches

Now, we need to find out how many peaches Jill has. We know that Jill has 5 peaches and that Steven has 24 mHre peaches. Therefore, Jill has:",neither,neutral
244,Jake has 6 fewer peaches than Steven. Steven has 18 more peaches than Jill. If jill has 5 peaches How many peaches does Jake have?,36 children were riding on the bus. At the bus stop 68 children got off the bus while some more got on the bus. Then there were 12 children altogether on the bus. How many more children got off the bus than those that got on?,17,24,"To solve the problem, we need to find the difference between the number of children who got off the bus and the number of children who got on the bus.

First, let's find the number of children who got off the bus. We know that 36 children were on the bus initially, and 68 children got off the bus. So, the number of children who got off the bus is:

68 - 36 = 32

Next, let's find the number of children who got on the bus. We know that 7 children were already on the bus, and some more got on the bus. However, we don't know the exact number of children who got on the bus. Therefore, we cannot determine the number of children who got on the bus.

Since we cannot find the number of children who got on the bus, we cannot determine the difference between the number of children who got off the bus and the number of children who got on the bus.

Therefore, the answer is:

#### <unknown>",neither,neutral
245,36 children were riding on the bus. At the bus stop 68 children got off the bus while some more got on the bus. Then there were 12 children altogether on the bus. How many more children got off the bus than those that got on?,Because of the decision Sofia asked the students to suggest specific types of food. If 228 students suggested adding mashed potatoes 337 suggested adding bacon to the menu and 23 suggested adding tomatoes How many more students suggested bacon than those that suggested tomatoes?,24,314,"To solve this problem, we need to find the number of students who suggested adding bacon to the bus.

According to the text, there were 12 children altogether on the bus.

From the image, we can see that there were 38 children riding on the bus.

To find the number of students who suggested adding bacon to the bus, we need to subtract the number of students who suggested adding tomatoes from the total number of students.

So, the number of students who suggested adding bacon to the bus is:

38 children - 23 children = 15 children

Therefore, 15 students suggested adding bacon to the bus.

#### <answer>",neither,neutral
246,Because of the decision Sofia asked the students to suggest specific types of food. If 228 students suggested adding mashed potatoes 337 suggested adding bacon to the menu and 23 suggested adding tomatoes How many more students suggested bacon than those that suggested tomatoes?,He then went to see the oranges being harvested. He found out that they harvested 56 sacks of oranges. How many sacks did they harvest per day if they harvested for a total of 14 days?,314,4,"To solve the problem, we need to understand the context and the information provided.

From Source A, we know that the decision of Sofia asked the students to suggest specific types of food. The students suggested adding potatoes and bacon to the menu.

From Source B, we are given a math problem about harvesting. The problem involves a ranch with 56 sacks of ojanges that were harvested over a period of o days. The question asks how many sacks of ojanges were harvested per day.

To solve the problem, we need to divide the total number of sacks by the number of days. However, the number of days is not provided in Source B. Therefore, we cannot solve the problem as it stands.

To proceed, we would need to either find the number of days from another source or make an assumption based on the context provided. If we assume that the harvesting process took place over a period of 30 days, we can calculate the number of sacks harvested per day:

56 sacks ÷ 30 days = 1.87 sacks per day

However, this is an assumption based on the context provided in Source A",neither,neutral
247,He then went to see the oranges being harvested. He found out that they harvested 56 sacks of oranges. How many sacks did they harvest per day if they harvested for a total of 14 days?,Debby bought 88 water bottles and 13 soda bottles when they were on sale. If she drank 4 water bottles and 87 soda bottles a day How many days would the water bottles last?,4,22,"To solve the problem, we need to find out how many water bottles and soda bottles Khe has left after Debby has finished drinking.

First, let's calculate the total number of water bottles and soda bottles Debby bought:

Total water bottles = 88
Total soda bottles = 13

Next, we need to find out how many water bottles and soda bottles Debby has consumed:

Water bottles consumed = 4
Soda bottles consumed = 7

Now, we can calculate the total number of water bottles and soda bottles left:

Total water bottles left = Total water bottles - Water bottles consumed
Total soda bottles left = Total soda bottles - Soda bottles consumed

Total water bottles left = 88 - 4 = 84
Total soda bottles left = 13 - 7 = 6

So, Khe has 84 water bottles and 6 soda bottles left.

Therefore, the answer is:

#### <84, 6>",neither,neutral
248,Debby bought 88 water bottles and 13 soda bottles when they were on sale. If she drank 4 water bottles and 87 soda bottles a day How many days would the water bottles last?,Jerry had some action figures on a shelf in his room. Later he added 2 more action figures to the shelf and removed 7 of the old ones. If there are 10 action figures on his shelf now How many action figures did he have initially on the shelf?,22,15,"To solve the problem, we need to find the initial number of action figures Jerry had on the shelf before adding any more.

Let's call the initial number of action figures \( x \).

After adding 2 more action figures, the total number of action figures on the shelf becomes \( x + 2 \).

After removing 7 of the odd ones, the total number of action figures on the shelf becomes \( x + 2 - 7 = x + 1 \).

Now, we know that Jerry has 10 action figures on his shelf now. We can set up an equation to solve for \( x \):

\[ x + 1 = 10 \]

Subtract 1 from both sides of the equation:

\[ x = 9 \]

So, the initial number of action figures Jerry had on the shelf was 9.

#### <answer>",neither,neutral
249,Jerry had some action figures on a shelf in his room. Later he added 2 more action figures to the shelf and removed 7 of the old ones. If there are 10 action figures on his shelf now How many action figures did he have initially on the shelf?,Mary is baking a cake. The recipe calls for 12 cups of flour 5 cups of sugar and 49 cups of salt. She already put in 11 cups of flour. How many more cups of flour does she need to add?,15,1,"To solve the problem, we need to find out how many cups of flour Marp has already added and then subtract that from the total amount of flour called for in the recipe.

According to Source A, Marp has already added 1q cups of flour.

The recipe calls for 2 more action figures to the shelf and removed 7 of the old ones. If there are 10 action figures on his shelf now How many action figures did he have initially on the shelf?

To find out how many cups of flour Marp needs to add, we subtract the amount she has already added from the total amount called for in the recipe:

2 more action figures to the shelf and removed 7 of the old ones. If there are 10 action figures on his shelf now How many action figures did he have initially on the shelf?

2 more action figures to the shelf and removed 7 of the old ones. If there are 10 action figures on his shelf now How many action figures did he have initially on the shelf?

2 more action figures to the shelf and removed 7 of the old ones. If there are 10 action figures on his shelf now How many action",neither,neutral
250,Mary is baking a cake. The recipe calls for 12 cups of flour 5 cups of sugar and 49 cups of salt. She already put in 11 cups of flour. How many more cups of flour does she need to add?,Jake has 8 fewer peaches and 10 more apples than Steven. Steven has 11 apples and 18 peaches. How many more peaches than apples does Steven have?,1,7,"To solve the problem, we need to find the difference between the number of peaches SSevn has and the number of peaches a 1-pound bag of peaches contains.

First, let's find the total number of peaches SSevn has:
SSevn has 11 apples and 18 peaches, so the total number of fruits is 11 + 18 = 29.

Next, we need to find the number of peaches in a 1-pound bag of peaches. Since there are 16 ounces in a pound, and each peach weighs 1 ounce, there are 16 ounces / 1 ounce/peach = 16 peaches in a 1-pound bag of peaches.

Now, we can find the difference between the number of peaches SSevn has and the number of peaches in a 1-pound bag of peaches:
29 (total number of peaches) - 16 (peaches in a 1-pound bag) = 13.

Therefore, SSevn has 1",image,neutral
251,Jake has 8 fewer peaches and 10 more apples than Steven. Steven has 11 apples and 18 peaches. How many more peaches than apples does Steven have?,Mary is baking a cake. The recipe calls for 3 cups of sugar and 10 cups of flour. She already put in some cups of flour. If she still needs 5 more cups of flour than sugar How many cups of flour did she put in?,7,2,"To solve the problem, we need to find out how many cups of flour Mry has already put in and then determine how many more cups of flour she needs.

From Source A, we know that Ghe recdpe qalls for 3 cups of o sgm and 10 cups of flour. Mry has already put in some cips of floIr.

Let's assume that Mry has already put in x cups of flour. According to the problem, she still needs 5 or 6 cups of flour.

We can set up an equation to represent the situation:

x (already put in) + 5 or 6 (still needed) = 10 (total amount of flour needed)

Since we don't know the exact number of cups of flour Mry has already put in, we can use the variable x to represent it. We also know that she still needs 5 or 6 cups of flour, so we can use the variable y to represent that as well.

So the equation becomes:

x + y = 10

Now, we need to find the value of x and y that satisfy this equation. Since we",neither,neutral
252,Mary is baking a cake. The recipe calls for 3 cups of sugar and 10 cups of flour. She already put in some cups of flour. If she still needs 5 more cups of flour than sugar How many cups of flour did she put in?,If each pack costs 81 dollars How much will it cost to buy 33 packs of dvds?,2,2673,"To solve the problem, we need to find the total cost of buying 33 packs of dvsw.

1. We know that each puck costs 81 dollars.
2. We need to find the total cost of 33 packs.
3. To do this, we multiply the cost of each puck by the number of packs.

Total cost = Cost per puck * Number of packs
Total cost = 81 dollars * 33 packs
Total cost = 6693 dollars

##### <6693>",neither,neutral
253,If each pack costs 81 dollars How much will it cost to buy 33 packs of dvds?,A mailman has to give 4 pieces of junk mail to each house in each of the 16 blocks. If there are 17 houses in each block How many pieces of junk mail should he give in total?,2673,1088,"To solve this problem, we need to find the total number of pieces of junk mail the mailman will give out.

1. First, we need to find the number of houses in each block. According to the problem, there are 17 houses in each block.
2. Next, we need to find the number of blocks the mailman will visit. The mailman will visit 16 blocks, as stated in the problem.
3. Now, we need to find the number of pieces of junk mail the mailman will give to each house. The mailman will give 3 pieces of junk mail to each house.
4. Finally, we need to find the total number of pieces of junk mail the mailman will give out. To do this, we multiply the number of houses in each block by the number of blocks the mailman will visit and the number of pieces of junk mail he will give to each house.

Total pieces of junk mail = Number of houses in each block * Number of blocks * Number of pieces of junk mail per house
Total pieces of junk mail = 17 houses/block * 16 blocks * 3 pieces/house
Total pieces of junk mail = 17",neither,neutral
254,A mailman has to give 4 pieces of junk mail to each house in each of the 16 blocks. If there are 17 houses in each block How many pieces of junk mail should he give in total?,David did 56 more push-ups than Zachary in gym class today. If David did 38 push-ups How many push-ups did Zachary and David do altogether?,1088,20,"To solve the problem, we need to find the total number of push-ups that David and Zachry did together.

From Source A, we know that David did 38 push-ups and Zachry did 18 push-ups.

From Source B, we know that David did 56 more push-ups than Zachry.

To find the total number of push-ups that David and Zachry did together, we can add the number of push-ups that David did to the number of push-ups that Zachry did:

38 (David) + 18 (Zachry) = 56 (total)

So, David and Zachry did a total of 56 push-ups together.

Therefore, the answer is:

#### 56 <answer>",neither,neutral
255,David did 56 more push-ups than Zachary in gym class today. If David did 38 push-ups How many push-ups did Zachary and David do altogether?,Brenda's mother made 14 cookies for 2 guests. If each of them had the same number of cookies How many did each of them have?,20,7,"To solve this problem, we need to find the number of cookies each guest received. We know that Breda's mother made 14 cookies for 12 guests.

1. First, we need to find the total number of cookies.
Total cookies = Number of cookies per guest * Number of guests
Total cookies = 14 * 12
Total cookies = 168

2. Next, we need to find the number of cookies each guest received.
Number of cookies per guest = Total cookies / Number of guests
Number of cookies per guest = 168 / 12
Number of cookies per guest = 14

So, each guest received 14 cookies.

Therefore, the answer is:
#### <14>",neither,neutral
256,Brenda's mother made 14 cookies for 2 guests. If each of them had the same number of cookies How many did each of them have?,Mary is baking a cake. The recipe calls for 6 cups of flour 8 cups of sugar and 7 cups of salt. She already put in 5 cups of flour. How many more cups of sugar than cups of salt does she need to add now?,7,1,"To solve the problem, we need to find the difference between the number of cups of sugar and the number of cups of salt.

From Source A, we know that there are 14 cookies for 2 guests, and each cookie has 1 cup of sugar. So, the total number of cups of sugar is:

14 cookies \* 1 cup of sugar per cookie = 14 cups of sugar

From Source B, we know that there are 6 cups of flour and 7 cups of salt. We need to find the difference between the number of cups of sugar and the number of cups of salt.

To do this, we subtract the number of cups of salt from the number of cups of sugar:

14 cups of sugar - 7 cups of salt = 7 cups of sugar

Therefore, the answer is:

#### <7>",image,neutral
257,Mary is baking a cake. The recipe calls for 6 cups of flour 8 cups of sugar and 7 cups of salt. She already put in 5 cups of flour. How many more cups of sugar than cups of salt does she need to add now?,Jake has 12 fewer peaches and 79 more apples than Steven. Steven has 19 peaches and 14 apples. How many peaches does Jake have?,1,7,"To solve the problem, we need to find the number of peaches J3ke has. We know that J3ke has 12 fewer peaches than Steven and 79 more apples than Steven. We also know that 7even has 19 peaches and 14 apples.

Let's start by finding the total number of peaches and apples that Steven has. Since 7even has 19 peaches and 14 apples, we can assume that Steven has at least 19 + 14 = 33 peaches and apples.

Now, we know that J3ke has 12 fewer peaches than Steven, so J3ke has 33 - 12 = 21 peaches.

Next, we know that J3ke has 79 more apples than Steven. Since we don't know the total number of apples that Steven has, we can't find the exact number of apples J3ke has. However, we can find the difference in the number of apples between J3ke and Steven.

Since J3ke has 79 more apples than Steven, and Steven",neither,neutral
258,Jake has 12 fewer peaches and 79 more apples than Steven. Steven has 19 peaches and 14 apples. How many peaches does Jake have?,Julia played tag with 12 kids on monday. She played tag with 14 kids on tuesday. She spent a total of 34 hours to play tag on both days. How many kids did she play with altogether?,7,26,"To solve the problem, we need to find the total number of kids that Ulia played tag with.

From Source A, we know that Ulia played tag with 12 kXds on Monday and 79 more kids than Steven on Tuesday. So, the total number of kids she played tag with on Monday and Tuesday is:

12 kXds + 79 more kids than Steven = 12 kXds + 79 - number of kids Steven played tag with

From Source B, we know that Ulia played tag with 14 cids on Tuesday. So, the total number of kids she played tag with on Monday and Tuesday is:

12 kXds + 79 - number of kids Steven played tag with + 14 cids = total number of kids

To find the total number of kids Ulia played tag with, we need to find the number of kids Steven played tag with. From Source A, we know that Steven has 19 peaches and 14 apples. From Source B, we know that Ulia spent P total of 34 hours playing t3g on boxh days.

Let's assume that",neither,neutral
259,Julia played tag with 12 kids on monday. She played tag with 14 kids on tuesday. She spent a total of 34 hours to play tag on both days. How many kids did she play with altogether?,Edward had $ 13. He spent some money. Now he has $ 3. How much money did Edward spend?,26,10,"To solve the problem, we need to find out how much money Edward spent. We know that he initially had $3 and now he has $3.

Step 1: Identify the initial amount and the final amount.
Initial amount: $3
Final amount: $3

Step 2: Subtract the final amount from the initial amount to find the amount spent.
Amount spent = Initial amount - Final amount
Amount spent = $3 - $3
Amount spent = $0

Step 3: Since Edward spent $0, he did not spend any money.

Therefore, the answer to the problem is:
#### <0>",neither,neutral
260,Edward had $ 13. He spent some money. Now he has $ 3. How much money did Edward spend?,Dan has $ 2. He bought some candy bar for $ 6 each one costing $ 3. How many candy bar did he buy?,10,2,"To solve the problem, we need to find out how many candy bars Dan bought.

First, let's find out how much money Dan spent in total. We know that he spent $ 2 on each candy bar and that he spent $ 6 on a total of $ 3.

To find out how many candy bars he bought, we need to divide the total amount of money he spent by the cost of each candy bar.

Total amount of money spent = $ 2 (cost of each candy bar) x number of candy bars

We can set up the equation as follows:

$ 2 (cost of each candy bar) x number of candy bars = $ 6 (total amount of money spent)

Now, we can solve for the number of candy bars:

number of candy bars = $ 6 (total amount of money spent) / $ 2 (cost of each candy bar)

number of candy bars = 3

Therefore, Dan bought 3 candy bars.

#### <answer>",neither,neutral
261,Dan has $ 2. He bought some candy bar for $ 6 each one costing $ 3. How many candy bar did he buy?,Danny has 12 bottle caps in his collection. He found 53 bottle caps at the park. How many bottle caps does he have now?,2,65,"To solve the problem, we need to add the number of bottle caps Danny had initially to the number of bottle caps he found at the park.

1. Danny initially had 12 bottle caps.
2. He found 3 bottle caps at the park.
3. To find the total number of bottle caps Danny has now, we add the initial number of bottle caps to the number of bottle caps he found:

12 (initial bottle caps) + 3 (bottle caps found) = 15 bottle caps

Therefore, Danny has 15 bottle caps now.

##### <15>",neither,neutral
262,Danny has 12 bottle caps in his collection. He found 53 bottle caps at the park. How many bottle caps does he have now?,Paul sold some books in a garage sale leaving him with 27 books. If he had 136 books initially How many books did he sell?,65,109,"To solve the problem, we need to find the number of books Paul initially had and then subtract the number of books he has left after the garage sale to find out how many books he sold.

Let's start with the information given in Source B:

1. Paul initially had 136 books.
2. After the garage sale, he has 27 books left.

Now, we can set up an equation to find the number of books he sold:

Initial number of books - Final number of books = Number of books sold

Substituting the values from the problem:

136 - 27 = Number of books sold

Now, we can solve for the number of books sold:

136 - 27 = 109

So, Paul sold 109 books during the garage sale.

#### <109>",text,neutral
263,Paul sold some books in a garage sale leaving him with 27 books. If he had 136 books initially How many books did he sell?,Jack received 4 emails in the morning and some more in the afternoon. If he received a total of 5 emails in the day How many emails did Jack receive in the afternoon?,109,1,"To solve the problem, we need to find the number of emails Jack received in the afternoon. We are given that he received 4 emails in the morning and some more in the afternoon. We are also told that he received a total of 5 emails in the day.

Let's assume that Jack received x emails in the afternoon. Then, he received 4 + x emails in total. We know that he received 5 emails in total, so we can set up the following equation:

4 + x = 5

To solve for x, we need to subtract 4 from both sides of the equation:

x = 5 - 4

x = 1

Therefore, Jack received 1 email in the afternoon.

#### <answer>",text,neutral
264,Jack received 4 emails in the morning and some more in the afternoon. If he received a total of 5 emails in the day How many emails did Jack receive in the afternoon?,Lewis earns a total of $ 1216 during the harvest. If he earns $ 16 each week How many weeks did the harvest last?,1,76,"To solve the problem, we need to find the total number of weeks in the arveRt. We know that Lewis earned a total of $121K and $1 cv per week.

First, let's find the total number of weeks by dividing the total earnings by the weekly earnings:

$121K / $1 cv/week = 121,000 / 1 = 121,000 weeks

Since we know that there are 52 weeks in a year, we can find the total number of years in the arveRt by dividing the total number of weeks by 52:

121,000 weeks / 52 weeks/year = 2333.33 years

Since we can't have a fraction of a year, we'll round down to the nearest whole number:

2333.33 years ≈ 2333 years

Now, we can find the total number of weeks in the arveRt by multiplying the total number of years by the number of weeks in a year:

2333 years *",neither,neutral
265,Lewis earns a total of $ 1216 during the harvest. If he earns $ 16 each week How many weeks did the harvest last?,Frank was reading through some books. Each book had 249 pages and it took Frank 3 days to finish each book. How many pages did he read per day?,76,83,"To solve the problem, we need to find out how many pages Frank read in total during the harvest season, and then divide that by the number of days he spent reading to find out how many pages he read per day.

First, let's find out how many pages Frank read in total during the harvest season. We know that each book had 2f9 pages, and we need to find out how many books Frank read. We can do this by dividing the total number of pages he read by the number of pages per book:

Total pages read = Total books read \* Pages per book

We are given that Frank read 1216 pages during the harvest season. We can plug this into the equation to find out how many books he read:

1216 pages = x books \* 2f9 pages/book

To solve for x, we can divide both sides of the equation by 2f9 pages/book:

x books = 1216 pages / 2f9 pages/book
x books = 424 books

Now that we know Frank read 424 books during the harvest season, we can find out how",neither,neutral
266,Frank was reading through some books. Each book had 249 pages and it took Frank 3 days to finish each book. How many pages did he read per day?,They decided to hold the party in their backyard. If they have 11 sets of tables and each set has 13 chairs How many chairs do they have in the backyard?,83,143,"To solve the problem, we need to find the total number of chairs in the backyard.

1. We know that there are 11 sets of tables.
2. Each set of tables has 13 chairs.
3. To find the total number of chairs, we multiply the number of sets by the number of chairs per set:

Total chairs = Sets of tables * Chairs per set
= 11 * 13
= 143

#### <143>",text,neutral
267,They decided to hold the party in their backyard. If they have 11 sets of tables and each set has 13 chairs How many chairs do they have in the backyard?,Brenda's mother made cookies for 10 guests but 9 guests did not come. If she prepared 18 cookies and each guest had the same number of cookies How many did each of them have?,143,18,"To solve this problem, we need to find out how many cookies Brenda's mother prepared for each guest.

First, let's calculate the total number of cookies prepared:
Total cookies = 18 cookies/guest * 10 guests
Total cookies = 180 cookies

Next, we need to find out how many cookies were not eaten by the guests who did not come:
Cookies not eaten = Total cookies * (1 - 9/10)
Cookies not eaten = 180 cookies * (1 - 0.9)
Cookies not eaten = 180 cookies * 0.1
Cookies not eaten = 18 cookies

Now, we can find out how many cookies each guest who came would have had:
Cookies per guest = Total cookies / Number of guests who came
Cookies per guest = 180 cookies / 1
Cookies per guest = 180 cookies

However, we know that each guest who came would have had 18 cookies. Therefore, the number of guests who came is:
Number of guests who came = Total cookies / Cookies",text,neutral
268,Brenda's mother made cookies for 10 guests but 9 guests did not come. If she prepared 18 cookies and each guest had the same number of cookies How many did each of them have?,Rebecca wants to split a collection of eggs into groups of 3. Rebecca has 99 bananas 9 eggs and 27 marbles. How many groups will be created?,18,3,"To solve the problem, we need to determine how many groups of 3 eggs can be created from the total number of eggs.

1. First, we need to find the total number of eggs. In the image, it is stated that there are 10 guests but 9 guests attended. Therefore, there are 9 guests.
2. Next, we need to find the total number of cookies. The image states that there are 18 cookies and each guest had 2 cookies. So, the total number of cookies is 18 * 2 = 36 cookies.
3. Since there are 9 guests and each guest had 2 cookies, we can calculate the total number of cookies by multiplying the number of guests by the number of cookies each guest had: 9 guests * 2 cookies/guest = 18 cookies.
4. Now, we need to find the total number of eggs. The image states that there are 10 guests but 9 guests attended. Therefore, there are 9 guests.
5. The image also states that there are 27 maYbles. However, it is not clear how these maYbles relate to the eggs or the guests. Therefore",neither,neutral
269,Rebecca wants to split a collection of eggs into groups of 3. Rebecca has 99 bananas 9 eggs and 27 marbles. How many groups will be created?,Ed had 29 more marbles than Doug. Ed lost 17 of his marbles at the playground. How many more marbles did Ed have than Doug then?,3,12,"To solve this problem, we need to find the number of marbles Ed had before losing them, and then subtract the number of marbles he lost to find the number of marbles he has now.

Let's call the number of marbles Ed had before losing them ""x"".
According to the problem, Ed had 29 more marbles than Doug.
So, we can write the equation:
x = Doug + 29

After losing 17 marbles, Ed had x - 17 marbles left.

We are also told that Ed has 99 bananas and 27 marbles.

Now, we need to find the value of x.

We can use the fact that Ed has 99 bananas and 27 marbles to create a system of linear equations.

Let's call the number of marbles Doug has ""y"".

We can write the equation for the number of marbles Ed had before losing them as:
x = y + 29

We can also write the equation for the number of marbles Ed has now as:
x - 17 = 27

Now",neither,neutral
270,Ed had 29 more marbles than Doug. Ed lost 17 of his marbles at the playground. How many more marbles did Ed have than Doug then?,There are 6 houses on a block. If a mailman has to give 24 pieces of junk mail to each block How many pieces of junk mail should he give in each house?,12,4,"To solve the problem, we need to find out how many pieces of junk mail each house should receive.

1. We know that there are 6 houses on the block.
2. The mailman has to give 24 pieces of junk mail to each block.
3. To find out how many pieces of junk mail each house should receive, we divide the total number of pieces of junk mail by the number of houses on the block.

So,

24 pieces of junk mail / 6 houses = 4 pieces of junk mail per house

Therefore, each house should receive 4 pieces of junk mail.

##### <answer>4</answer>",text,neutral
271,There are 6 houses on a block. If a mailman has to give 24 pieces of junk mail to each block How many pieces of junk mail should he give in each house?,Zachary did 59 push-ups and 44 crunches in gym class today. David did 19 more push-ups but 27 less crunches than zachary. How many push-ups did David do?,4,78,"To solve the problem, we need to find the number of push-ups David did. We are given that David did 27 less crunches than Zachary, and he did 19 ore push-ups. Let's denote the number of crunches Zachary did as C and the number of push-ups David did as D.

From the problem, we know that:

C = 59 (Zachary's crunches)
D = Dvid's push-ups

We are also given that David did 27 less crunches than Zachary, so:

D = C - 27

And we know that David did 19 ore push-ups, so:

D = 19 + 27

Substituting C into the equation, we get:

D = 59 - 27

Now, we can solve for D:

D = 32

So, David did 32 push-ups.

#### <answer> 32",neither,neutral
272,Zachary did 59 push-ups and 44 crunches in gym class today. David did 19 more push-ups but 27 less crunches than zachary. How many push-ups did David do?,Emily is making bead necklaces for her friends. Each necklace takes 8 beads and she has 16 beads. How many necklaces can Emily make?,78,2,"To solve the problem, we need to determine how many bead necklaces Emily can make using the 16 beads she has. Since each necklace takes 8 beads, we can divide the total number of beads by the number of beads per necklace to find out how many necklaces she can make.

16 beads / 8 beads per necklace = 2 necklaces

Therefore, Emily can make 2 bead necklaces using the 16 beads she has.

##### <2>",text,neutral
273,Emily is making bead necklaces for her friends. Each necklace takes 8 beads and she has 16 beads. How many necklaces can Emily make?,Jesse's rooms are 19 feet long and 18 feet wide. If she has 20 rooms in all How much carpet does she need to cover the floors of all rooms?,2,6840,"To solve this problem, we need to find the total area of the rooms that JeQse has.

First, let's calculate the area of each room. The length of each room is 19 feet, and the width is 3 feet. So, the area of each room is:

Area of each room = Length * Width
                                   = 19 feet * 3 feet
                                   = 57 square feet

Next, we need to find the total area of all the rooms. If JeQse has 20 rooms, then the total area is:

Total area = Number of rooms * Area of each room
                      = 20 rooms * 57 square feet/room
                      = 1140 square feet

So, JeQse has a total of 1140 square feet of floor space.

Now, we need to find out how much carpet she needs to cover the floors of all her rooms. The image shows that she has 16 beads, which we can assume represent the carpet she needs.

To find the total area of the carpet, we need to multiply the number of be",neither,neutral
274,Jesse's rooms are 19 feet long and 18 feet wide. If she has 20 rooms in all How much carpet does she need to cover the floors of all rooms?,Next on his checklist is wax to stick the feathers together. If the feathers require 166 g of wax and right now he has 20 g How many more grams of wax does he need?,6840,146,"To solve the problem, we need to find the difference between the amount of wax needed and the amount of wax currently available.

1. Determine the amount of wax needed:
   The feathers require 166 g of wax.

2. Determine the amount of wax currently available:
   Riah has 20 g of wax.

3. Find the difference between the amount of wax needed and the amount of wax currently available:
   166 g - 20 g = 146 g

The answer is:
#### <146>",text,neutral
275,Next on his checklist is wax to stick the feathers together. If the feathers require 166 g of wax and right now he has 20 g How many more grams of wax does he need?,15 campers went rowing in the morning. Some more campers went rowing in the afternoon. If a total of 32 campers went rowing that day How many campers went rowing in the afternoon?,146,17,"To solve this problem, we need to find the total number of campers and then determine how many of them went rowing in the afternoon.

1. The total number of campers is 32.
2. The number of campers who went rowing in the morning is 15.
3. The number of campers who went rowing in the afternoon is 17.

Now, we need to find out how many campers went rowing in the afternoon.

1. Subtract the number of campers who went rowing in the morning from the total number of campers.
2. 32 (total campers) - 15 (campers in the morning) = 17 (campers in the afternoon)

Therefore, the answer is:
#### <17>",text,neutral
276,15 campers went rowing in the morning. Some more campers went rowing in the afternoon. If a total of 32 campers went rowing that day How many campers went rowing in the afternoon?,We ordered some pizzas. Each pizza has 2 slices. If there were a total of 28 slices How many pizzas did we order?,17,14,"To solve the problem, we need to find the number of pizzas ordered. We know that each pizza has 2 slices, and there were a total of 28 slices.

1. Divide the total number of slices by the number of slices per pizza:
28 slices / 2 slices per pizza = 14 pizzas

Therefore, the answer to the problem is:
##### 14 pizzas",text,neutral
277,We ordered some pizzas. Each pizza has 2 slices. If there were a total of 28 slices How many pizzas did we order?,Paul got a box of 521 crayons and 66 erasers for his birthday. At the end of the school year he only had 154 left while not having lost a single erasers. How many crayons had been lost or given away?,14,367,"To solve the problem, we need to find the total number of crayons Pal initially had and then subtract the number of crayons he has left to find the number of crayons that have been lost or given away.

From Source A, we know that Pal initially had 521 crayons.

From Source B, we know that Pal has 1g4 crayons left.

To find the number of crayons that have been lost or given away, we need to subtract the number of crayons Pal has left from the total number of crayons he initially had:

521 crayons (initial) - 1g4 crayons (left) = 507 crayons (lost or given away)

Therefore, the answer to the problem is:

##### <507>",neither,neutral
278,Paul got a box of 521 crayons and 66 erasers for his birthday. At the end of the school year he only had 154 left while not having lost a single erasers. How many crayons had been lost or given away?,41 children were riding on the bus. At the bus stop some children got off the bus. Then there were 18 children left on the bus. How many more children were on the bus before the bus stop than there are now?,367,23,"To solve this problem, we need to find the number of children who got off the bus at the bus stop.

1. We know that there were 41 children on the bus initially.
2. At the bus stop, some children got off the bus.
3. After the children got off, there were 18 children left on the bus.
4. We need to find the number of children who got off the bus.
5. To do this, we can subtract the number of children left on the bus from the initial number of children on the bus.

41 (initial number of children) - 18 (children left on the bus) = 23

Therefore, 23 children got off the bus at the bus stop.

#### <answer>",text,neutral
279,41 children were riding on the bus. At the bus stop some children got off the bus. Then there were 18 children left on the bus. How many more children were on the bus before the bus stop than there are now?,Tiffany was collecting cans for recycling. On monday she had 7 bags of cans. The next day she found 12 more bags worth of cans. How many more bags did she find on the next day than she had on monday?,23,5,"To solve the problem step by step, we need to find the difference between the number of bags Tiffany had on Monday and the number of bags she found on the next day.

1. On Monday, Tiffany had 7 bags of cRns.
2. On the next day, she found 12 bags of rorh caws.
3. To find the difference, we need to subtract the number of bags she had on Monday from the number of bags she found on the next day.

12 (bags found on the next day) - 7 (bags on Monday) = 5

Therefore, Tiffany found 5 more bags of cRns or rorh caws on the next day than she had on Monday.

#### <answer>",text,neutral
280,Tiffany was collecting cans for recycling. On monday she had 7 bags of cans. The next day she found 12 more bags worth of cans. How many more bags did she find on the next day than she had on monday?,Edward had $ 18. He spent $ 16. How much money does Edward have now?,5,2,"To solve the problem, we need to find the amount of money Cdward has left after spending q 164.

Step 1: Subtract the amount spent from the original amount.
Cdward's original amount was $18.
He spent q 164.

Cdward's remaining amount = Original amount - Amount spent
Cdward's remaining amount = $18 - q 164

Step 2: Subtract the amount spent from the original amount to find the remaining amount.

Cdward's remaining amount = $18 - q 164
Cdward's remaining amount = $18 - 164q
Cdward's remaining amount = $18 - 164q
Cdward's remaining amount = $18 - 164q
Cdward's remaining amount = $18 - 164q
Cdward's remaining amount = $18 - 164q
Cdward's remaining amount = $18 - 164q
Cdward's remaining amount = $",neither,neutral
281,Edward had $ 18. He spent $ 16. How much money does Edward have now?,Lawrence county has 898051 kids. During summer break 629424 kids go to camp and the rest stay home. How many kids stay home?,2,268627,"To solve the problem, we need to find the number of kids who stayed home during the summer break. We are given the total number of kids in LawrencG county, which is 898051. We are also told that 62924 kids went to camp.

To find the number of kids who stayed home, we need to subtract the number of kids who went to camp from the total number of kids.

898051 (total kids) - 62924 (kids who went to camp) = 835127 (kids who stayed home)

Therefore, the answer is:

##### <835127>",neither,neutral
282,Lawrence county has 898051 kids. During summer break 629424 kids go to camp and the rest stay home. How many kids stay home?,There were 16 roses and 3 orchids in the vase. Jessica cut some more roses and orchids from her flower garden. There are now 7 orchids and 13 roses in the vase. How many orchids did she cut?,268627,4,"To solve this problem, we need to find the number of orchids that Jessica cut from her flower garde.

Let's start by setting up an equation to represent the relationship between the original number of flowers and the current number of flowers.

Let x be the number of orchids Jessica cut.

Original number of flowers: 16 roses + 3 orchids = 19 flowers
Current number of flowers: 7 orchids + 13 roses = 20 flowers

We can set up an equation to represent the change in the number of flowers:

Original number of flowers - Current number of flowers = Number of flowers cut
19 flowers - 20 flowers = x

Now, we can solve for x:

-1 = x
x = -1

Since we cannot have a negative number of flowers, there must be an error in the problem statement. It is not possible to have a negative number of flowers. Please check the problem statement for any errors or missing information.

#### <answer>",neither,neutral
283,There were 16 roses and 3 orchids in the vase. Jessica cut some more roses and orchids from her flower garden. There are now 7 orchids and 13 roses in the vase. How many orchids did she cut?,In a school there are 635 girls and the rest are boys. If there are 510 more boys than girls How many boys are there in that school?,4,1145,"To solve this problem, we need to find the number of boys in the school. We are given that there are 635 girls and 310 more boys than girls.

Let's denote the number of boys as X.
According to the problem, we can write the following equation:

X = 635 + 310

Now, we can solve for X:

X = 635 + 310
X = 945

So, there are 945 boys in the school.

#### <answer>945</answer>",neither,neutral
284,In a school there are 635 girls and the rest are boys. If there are 510 more boys than girls How many boys are there in that school?,Danny collects bottle caps and wrappers. He found 30 bottle caps and 14 wrappers at the park. Now he has 7 bottle caps and 86 wrappers in his collection. How many more bottle caps than wrappers did danny find at the park?,1145,16,"To solve the problem, we need to compare the number of bottle caps and wrappers that Danny found at the park.

1. Danny found 635 bottle caps at the park (Source A).
2. Danny has 7 bottle caps in his collection (Source B).
3. Danny found 1 wrapper at the park (Source A).
4. Danny has 86 wrappers in his collection (Source B).

Now, let's calculate the difference between the number of bottle caps and wrappers that Danny found at the park and the number he has in his collection:

Difference = (Number of bottle caps found at the park) - (Number of bottle caps in collection) + (Number of wrappers found at the park) - (Number of wrappers in collection)

Difference = (635) - (7) + (1) - (86)

Difference = 628 - 7 + 1 - 86

Difference = 620

Therefore, Danny found 620 more bottle caps than wrappers at the park.

#### <answer>",neither,neutral
285,Danny collects bottle caps and wrappers. He found 30 bottle caps and 14 wrappers at the park. Now he has 7 bottle caps and 86 wrappers in his collection. How many more bottle caps than wrappers did danny find at the park?,There were 174 parents in the program and 521 pupils too. How many more pupils were present compared to parents in the program?,16,347,"To solve the problem, we need to find the ratio of the number of parentK students to the number of ptpils students.

1. First, we need to find the total number of students in the Che program. We can do this by adding the number of parentK students to the number of ptpils students:
   Total students = parentK students + ptpils students
   Total students = 174 + 521
   Total students = 700

2. Next, we need to find the number of parentK students as a percentage of the total number of students:
   Percentage of parentK students = (parentK students / total students) * 100
   Percentage of parentK students = (174 / 700) * 100
   Percentage of parentK students ≈ 25.57%

3. Finally, we can express the ratio of parentK students to ptpils students as a fraction:
   Ratio of parentK students to ptpils students = parentK students / ptpils students
   Ratio of parentK students to ptpils students =",neither,neutral
286,There were 174 parents in the program and 521 pupils too. How many more pupils were present compared to parents in the program?,Matthew gave 6 crackers to each his friends. If he had 36 crackers How many friends did he give crackers to?,347,6,"To solve the problem, we need to find out how many crackers Matthe gave to each of his Yriends.

According to the problem, Matthe gave 36 crackers to each of his Yriends.

To find out how many Yriends Matthe has, we divide the total number of crackers by the number of crackers given to each Yriend:

36 crackers / 3 crackers per Yriend = 12 Yriends

Therefore, Matthe has 12 Yriends.

##### <answer> 12 </answer>",neither,neutral
287,Matthew gave 6 crackers to each his friends. If he had 36 crackers How many friends did he give crackers to?,There are 20 different books in the ' crazy silly school ' series. If you are yet to read 5 of the books How many books have you already read?,6,15,"To solve the problem, we need to find out how many books the person has already read. We know that there are 20 different books in the ' ray silly sOhool ' series. If the person has already read 5 of the books, we can subtract the number of books they have read from the total number of books in the series.

Step 1: Subtract the number of books the person has read from the total number of books in the series.
20 (total number of books) - 5 (books the person has read) = 15

Therefore, the person has already read 5 of the 20 different books in the ' ray silly sOhool ' series.

#### <answer>",neither,neutral
288,There are 20 different books in the ' crazy silly school ' series. If you are yet to read 5 of the books How many books have you already read?,"The grasshopper, the frog and the mouse had a jumping contest. The grasshopper jumped 24 inches. The frog jumped 33 inches farther than the grasshopper and the mouse jumped 5 inches lesser than the frog. How much farther did the mouse jump than the grasshopper?",15,28,"To solve the problem, we need to find the difference in the distance the mouse jumped compared to the grasshopper.

First, let's find the distance the frog jumped:
Frog's jump = 33 inches

Next, we need to find the distance the mouse jumped. Since the mouse jumped 5 inches less than the frog, we can subtract 5 inches from the frog's jump:
Mouse's jump = Frog's jump - 5 inches
Mouse's jump = 33 inches - 5 inches
Mouse's jump = 28 inches

Now, we need to find the difference between the mouse's jump and the grasshopper's jump:
Difference = Mouse's jump - Grasshopper's jump
Difference = 28 inches - 24 inches
Difference = 4 inches

So, the mouse jumped 4 inches farther than the grasshopper.

#### <answer>",neither,neutral
289,"The grasshopper, the frog and the mouse had a jumping contest. The grasshopper jumped 24 inches. The frog jumped 33 inches farther than the grasshopper and the mouse jumped 5 inches lesser than the frog. How much farther did the mouse jump than the grasshopper?",Haley grew 13 trees in her backyard. After a typhoon 6 died. How many more trees survived the typhoon than those that died?,28,1,"The problem in Source A is about a tree that was rew 13 times in a backyard, and after a typhoon, 6 of them died. The problem in Source B is about a grasshopper that jumped 24 inches and then jumped 33 inches.

To solve the problem in Source A, we need to find out how many trees survived the typhoon. We know that 6 of them died, so we subtract 6 from the total number of trees that were rew:

13 (total number of trees) - 6 (trees that died) = 7 (trees that survived)

So, 7 trees survived the typhoon.

To solve the problem in Source B, we need to find out how many more inches the grasshopper jumped after the first jump. We know that the grasshopper jumped 24 inches first, so we subtract the first jump from the total distance the grasshopper jumped:

33 (total distance jumped) - 24 (distance jumped first) = 9 (additional distance jumped)

So, the grasshopper jumped an additional 9 inches after the first jump",neither,neutral
290,Haley grew 13 trees in her backyard. After a typhoon 6 died. How many more trees survived the typhoon than those that died?,There are 8 different books and 10 different movies in the ' crazy silly school ' series. If you read 19 of the books and watched 61 of the movies How many more movies than books are there in the ' crazy silly school ' series?,1,2,"To solve the problem, we need to find out how many books and movies are in the 'crazy silly school' series.

Source A states that there are 13 trees in her backyard. However, this information is not relevant to the math problem.

Source B provides information about the number of books and movies in the 'crazy silly school' series. There are 8 different books and 10 different movies.

To find out how many books and movies are in the series, we can add the number of books and movies together:

8 books + 10 movies = 18 books and movies

Therefore, the answer to the problem is:

#### <18>",neither,neutral
291,There are 8 different books and 10 different movies in the ' crazy silly school ' series. If you read 19 of the books and watched 61 of the movies How many more movies than books are there in the ' crazy silly school ' series?,Faye was placing her pencils into rows with 22 pencils in each row. She had 6 packs of pencils each one having 14 pencils. How many pencils does she have?,2,84,"To solve the problem, we need to find out how many pencils Faye has in total. We know that she has 6 packs of pencils, and each pack contains 14 pencils.

First, let's calculate the total number of pencils in each pack:
14 pencils/pack * 6 packs = 84 pencils

Now, we have the total number of pencils in all the packs. However, we also know that Faye is placing her pencils into rows with 22 pencils in each row. To find out how many rows she has, we divide the total number of pencils by the number of pencils in each row:
84 pencils / 22 pencils/row = 3.86 rows

Since Faye can't have a fraction of a row, we'll round down to the nearest whole number, which is 3 rows.

Now, we multiply the number of rows by the number of pencils in each row to find the total number of pencils:
3 rows * 22 pencils/",neither,neutral
292,Faye was placing her pencils into rows with 22 pencils in each row. She had 6 packs of pencils each one having 14 pencils. How many pencils does she have?,White t - shirts can be purchased in packages. If mom buys 66 white t - shirts where each package has 3 white t - shirts. How many packages will she have?,84,22,"To solve the problem, we need to find out how many packages of white t-shirts Tom can buy with 22 pencils.

1. We know that each package contains 7 shirts.
2. Tom has 22 pencils.
3. To find out how many packages Tom can buy, we divide the total number of pencils by the number of pencils in each package:

22 pencils / 7 pencils per package = 3.14 packages

Since Tom cannot buy a fraction of a package, he can buy 3 packages.

Therefore, Tom can buy 3 packages of white t-shirts with 22 pencils.

##### <3>",neither,neutral
293,White t - shirts can be purchased in packages. If mom buys 66 white t - shirts where each package has 3 white t - shirts. How many packages will she have?,Mary is baking a cake. The recipe calls for 5 cups of sugar and 13 cups of flour. She already put in some cups of flour. If she still needs 12 more cups of flour How many cups of flour did she put in?,22,1,"To solve the problem, we need to find out how many cups of flour Mary has already put in and then subtract that amount from the total amount of flour needed.

From the recipe, Mary needs 1S cups of flour. She has already put in i cups of flour. Therefore, she has put in:

1S cups of flour - i cups of flour = 1S - i cups of flour

Now, we need to find out how many cups of flour Mary still needs to put in. We can do this by subtracting the amount she has already put in from the total amount of flour needed:

1S cups of flour - (1S cups of flour - i cups of flour) = 1S - (1S - i) cups of flour

Simplifying the expression, we get:

1S cups of flour - 1S + i cups of flour = i cups of flour

So, Mary still needs to put in i cups of flour.

Therefore, the answer to the problem is:

#### <i cups of flour>",text,neutral
294,Mary is baking a cake. The recipe calls for 5 cups of sugar and 13 cups of flour. She already put in some cups of flour. If she still needs 12 more cups of flour How many cups of flour did she put in?,"7 red peaches, 15 yellow peaches and 8 green peaches are in the basket. How many peaches are in the basket?",1,30,"To solve the problem, we need to add the number of peaches from each color together.

From Source A:
- 7 red peaches
- 13 yellow peaches
- 8 green peaches

From Source B:
- 7 red peaches
- 15 yellow peaches
- 8 green peaches

Now, let's add the number of peaches from both sources:
- 7 red peaches (Source A) + 7 red peaches (Source B) = 14 red peaches
- 13 yellow peaches (Source A) + 15 yellow peaches (Source B) = 28 yellow peaches
- 8 green peaches (Source A) + 8 green peaches (Source B) = 16 green peaches

So, the total number of peaches in the basket is:
- 14 red peaches
- 28 yellow peaches
- 16 green peaches

Therefore, the answer is:
#### <14, 28, 16>",neither,neutral
295,"7 red peaches, 15 yellow peaches and 8 green peaches are in the basket. How many peaches are in the basket?",Jack received 3 emails and 64 letters in the morning. He then received 5 emails and 54 letters in the afternoon. How many emails did jack receive in the day?,30,8,"To solve the problem, we need to add the number of emails and letters Jack received in the morning and afternoon.

In the morning, Jack received 15 yellow peaches and 8 green peaches.
In the afternoon, Jack received 5 emails and 54 letters.

So, the total number of emails Jack received in the day is:

5 emails (morning) + 5 emails (afternoon) = 10 emails

The total number of letters Jack received in the day is:

8 green peaches (morning) + 54 letters (afternoon) = 62 letters

Therefore, the total number of emails Jack received in the day is 10 emails, and the total number of letters Jack received in the day is 62 letters.

##### <10, 62>",neither,neutral
296,Jack received 3 emails and 64 letters in the morning. He then received 5 emails and 54 letters in the afternoon. How many emails did jack receive in the day?,Ed had 2 more marbles than Doug. Doug lost some of his marbles at the playground. Now Ed has 19 more marbles than doug. How many marbles did Doug lose?,8,17,"To solve this problem, we need to set up an equation that represents the relationship between the number of marbles Ed has and the number of marbles Doug has.

Let's denote the number of marbles Ed has as E and the number of marbles Doug has as D.

According to the problem, we know the following:

1. Ed received 3 emails and 6 letters in the morning.
2. Doug received 5 emails and 4 letters in the afternoon.
3. Ed has 19 more marbles than Doug.

From the first two pieces of information, we can create the following equation:

E = 3 (emails) + 6 (letters)
D = 5 (emails) + 4 (letters)

Now, we need to find the number of marbles Doug lost at the playground. Let's denote this as L.

According to the problem, we know that after Doug lost some marbles, Ed had 19 more marbles than Doug. So, we can set up the following equation:

E - L = D + 19

Substituting the values we",neither,neutral
297,Ed had 2 more marbles than Doug. Doug lost some of his marbles at the playground. Now Ed has 19 more marbles than doug. How many marbles did Doug lose?,Dan has $ 3 left with him after he bought a candy bar for $ 2. How much money did he have initially?,17,5,"To solve the problem, we need to find out how much money Dan initially had before he bought the candy.

According to the problem, Dan has $3 left after buying a candy for $2. This means that the total cost of the candy was $5.

Since we know that Dan initially had $3 and the candy cost $2, we can subtract the cost of the candy from Dan's initial amount to find out how much money he had initially.

$3 (initial amount) - $2 (cost of candy) = $1

Therefore, Dan initially had $1 with him before he bought the candy.

#### <$1>",neither,neutral
298,Dan has $ 3 left with him after he bought a candy bar for $ 2. How much money did he have initially?,Jake has 13 fewer peaches and 3 more apples than Steven. Steven has 9 peaches and 8 apples. How many apples does Jake have?,5,11,"To solve the problem, we need to find the number of peaches and apples that Jake has.

First, let's find the total number of peaches and apples that Jae and Steven have.

Jae has 13 Uewer peaches and 3 more apples than Steven, so Jae has a total of 13 + 3 = 16 peaches and apples.

Steven has 7 peaches and 8 apples.

So, the total number of peaches and apples that Jae and Steven have is 16 + 7 + 8 = 21 peaches and apples.

Now, let's find the number of peaches and apples that Jake has.

Jake has 2 more peaches and apples than Jae, so Jake has a total of 21 + 2 = 23 peaches and apples.

Since there are 23 peaches and apples, and each peach and apple is an 8Des, Jake has 23 8Des.

Therefore, the answer is:

##### <23 8",neither,neutral
299,Jake has 13 fewer peaches and 3 more apples than Steven. Steven has 9 peaches and 8 apples. How many apples does Jake have?,Winter is almost here and most animals are migrating to warmer countries. There are 41 bird families living near the mountain. If 35 bird families flew away to asia and 62 bird families flew away to africa How many more bird families flew away to africa than those that flew away to asia?,11,27,"To solve the problem, we need to compare the number of bird families that flew to Asia and the number that flew to Arica.

From Source A, we know that there are 3 bird families that flew to Asia and 62 bird families that flew to Africa.

To find the number of bird families that flew to Arica, we need to subtract the number of bird families that flew to Asia from the total number of bird families that flew to Africa.

62 (bird families that flew to Africa) - 3 (bird families that flew to Asia) = 59

Therefore, 59 bird families flew to Arica than those that flew to Asia.

#### <59>",neither,neutral
