problem_id,image_question,text_question,image_reference,text_reference,prediction,follows
0,Winter is almost here and most animals are migrating to warmer countries. There are 41 bird families living near the mountain. If 35 bird families flew away to asia and 62 bird families flew away to africa How many more bird families flew away to africa than those that flew away to asia?,Paige raised 7 goldfish and 12 catfish in the pond but stray cats loved eating them. Now she has 15 left. How many fishes disappeared?,27,4,"To solve this problem, we need to determine the number of fish that disappeared from the pond. Let's break down the information given:

Initial number of goldfish: 7
Initial number of catfish: 12
Number of fish left: 5

We can set up the equation as follows:

Initial number of goldfish + Initial number of catfish - Number of fish left = Number of fish that disappeared

7 + 12 - 5 = Number of fish that disappeared

Let's calculate the number of fish that disappeared:

7 + 12 = 19
19 - 5 = 14

Therefore, the number of fish that disappeared is 14.

#### 14",neither
1,Paige raised 7 goldfish and 12 catfish in the pond but stray cats loved eating them. Now she has 15 left. How many fishes disappeared?,Marco and his dad went strawberry picking. Together they collected strawberries that weighed 22 pounds. On the way back Marco ' dad found 30 more pounds of strawberries. Marco's strawberries now weighed 36 pounds. How much did his dad's strawberries weigh now?,4,16,"To solve this problem, we need to determine the weight of the strawberries that Marco's dad collected. Let's break down the information given:

1. Marco and his dad collected strawberries that weighed 2 pounds.
2. Marco found 33 more pounds of strawberries.
3. Marco's strawberries now weigh 36 pounds.

We can set up the equation as follows:

Marco's strawberries + Dad's strawberries = Total strawberries
Marco's strawberries + 33 pounds = 36 pounds

Let's solve for Marco's strawberries:

Marco's strawberries = 36 pounds - 33 pounds
Marco's strawberries = 3 pounds

Now, we know that Marco's strawberries weigh 3 pounds. To find the weight of the strawberries that Marco's dad collected, we subtract Marco's strawberries from the total weight:

Dad's strawberries = Total strawberries - Marco's strawberries
Dad's strawberries = 2 pounds - 3 pounds

Since the weight cannot be negative, we need to re-evaluate the problem. The correct interpretation should be:

Marco's strawberries + Dad's strawberries = Total strawberries
Marco's strawberries + Dad's strawberries =",neither
2,Marco and his dad went strawberry picking. Together they collected strawberries that weighed 22 pounds. On the way back Marco ' dad found 30 more pounds of strawberries. Marco's strawberries now weighed 36 pounds. How much did his dad's strawberries weigh now?,Debby bought 200 water bottles and 256 soda bottles when they were on sale. If she drank 312 water bottles and 4 soda bottles a day How many days would the soda bottles last?,16,64,"To solve this problem, we need to determine how many days the soda bottles would last if Debby drinks 312 water bottles and 4 soda bottles a day.

Let's break down the information given:
- Debby drinks 312 water bottles and 4 soda bottles a day.
- We need to find out how many days the soda bottles would last.

We can set up the equation as follows:
Number of soda bottles / Number of soda bottles consumed per day = Number of days the soda bottles would last

Let's calculate the number of soda bottles consumed per day:
4 soda bottles per day

Now, let's calculate the number of days the soda bottles would last:
Number of soda bottles / Number of soda bottles consumed per day = Number of days the soda bottles would last

Number of soda bottles = 4 soda bottles per day

Number of days the soda bottles would last = 4 soda bottles / 4 soda bottles per day

Number of days the soda bottles would last = 1 day

Therefore, the soda bottles would last for 1 day.

#### 1",neither
3,Debby bought 200 water bottles and 256 soda bottles when they were on sale. If she drank 312 water bottles and 4 soda bottles a day How many days would the soda bottles last?,There were 106 dollars in Olivia's wallet. After she visited a supermarket and a showroom there were 26 dollars left. If she spent 49 dollars at the showroom How much did she spend at the supermarket?,64,31,"To solve this problem, we need to determine how much money TJ spent at the store. We know that TJ had $26 left after visiting the store and that he spent $49 at the store. 

Let's break down the information given:
- TJ had $26 left after visiting the store.
- TJ spent $49 at the store.

We can set up the equation as follows:
Amount of money TJ had - Amount of money TJ spent = Amount of money TJ had left

Let's calculate the amount of money TJ had before visiting the store:
$26 + $49 = $75

Therefore, TJ had $75 before visiting the store.

#### 75",neither
4,There were 106 dollars in Olivia's wallet. After she visited a supermarket and a showroom there were 26 dollars left. If she spent 49 dollars at the showroom How much did she spend at the supermarket?,Faye was placing her pencils and crayons into 30 rows with 71 crayons and 24 pencils in each row. How many pencils does she have?,31,720,"To solve this problem, we need to determine the number of pencils Faye has. We know that she has 30 toys, with 1 clayon and 4 pencils in each toy. 

Let's break down the information given:
- Number of toys: 30
- Number of clayons per toy: 1
- Number of pencils per toy: 4

To find the total number of pencils, we multiply the number of toys by the number of pencils per toy:

Total number of pencils = Number of toys * Number of pencils per toy
Total number of pencils = 30 * 4

Total number of pencils = 120

Therefore, Faye has 120 pencils.

#### 120",neither
5,Faye was placing her pencils and crayons into 30 rows with 71 crayons and 24 pencils in each row. How many pencils does she have?,Ed had 10 more marbles than Doug. Doug lost 11 of his marbles at the playground. If Ed had 45 marbles How many more marbles did Ed have than Doug then?,720,21,"To solve this problem, we need to determine how many marbles Doug has after losing 11 marbles at the playground. We also need to find out how many more marbles Doug has than Ed.

Step 1: Determine the number of marbles Doug has after losing 11 marbles.
Doug initially has 45 marbles.
Doug loses 11 marbles.
Marbles left with Doug = Initial marbles - Lost marbles
Marbles left with Doug = 45 - 11
Marbles left with Doug = 34

Step 2: Determine the number of marbles Ed has.
Ed has 10 more marbles than Doug.
Marbles with Ed = Marbles with Doug + 10
Marbles with Ed = 34 + 10
Marbles with Ed = 44

Step 3: Determine how many more marbles Doug has than Ed.
Difference in marbles = Marbles with Doug - Marbles with Ed
Difference in marbles = 34 - 44
Difference in marbles = -10

Since the difference is negative, it means Ed has 10 more marbles than Doug.

#### -10",neither
6,Ed had 10 more marbles than Doug. Doug lost 11 of his marbles at the playground. If Ed had 45 marbles How many more marbles did Ed have than Doug then?,26 children were riding on the bus. At the bus stop 38 more children got on the bus. How many children are on the bus now?,21,64,"To solve this problem, we need to determine the total number of children on the bus after the second stop.

1. At the first stop, 2 children got on the bus.
2. At the second stop, 3 more children got on the bus.

To find the total number of children on the bus now, we add the number of children from both stops:

2 (first stop) + 3 (second stop) = 5

Therefore, there are 5 children on the bus now.

#### 5",neither
7,26 children were riding on the bus. At the bus stop 38 more children got on the bus. How many children are on the bus now?,Helen the hippo and her friends are preparing for thanksgiving at Helen's house. Helen baked 31 cookies yesterday 270 cookies this morning and 419 cookies the day before yesterday. How many cookies did Helen bake till last night?,64,450,"To solve this problem, we need to determine the total number of cookies Helen baked. We know that she baked 27 cookies in the morning and 619 cookies the day before yesterday. 

Let's add these two quantities together:

27 cookies (morning) + 619 cookies (day before yesterday) = 646 cookies

Therefore, Helen baked a total of 646 cookies.

#### 646",neither
8,Helen the hippo and her friends are preparing for thanksgiving at Helen's house. Helen baked 31 cookies yesterday 270 cookies this morning and 419 cookies the day before yesterday. How many cookies did Helen bake till last night?,He then went to see the oranges being harvested. He found out that they harvest 66 sacks per day and that each sack containes 25 oranges. How many oranges will they have after 87 days of harvest?,450,143550,"To solve this problem, we need to determine how many oranges Helen will have after 87 days of eating 2 oranges per day.

Step 1: Determine the total number of oranges Helen eats in 87 days.
Helen eats 2 oranges per day, so in 87 days, she will eat:
2 oranges/day * 87 days = 174 oranges

Step 2: Determine the total number of oranges Helen has after 87 days.
Helen starts with 66 oranges and eats 174 oranges, so she will have:
66 oranges - 174 oranges = -108 oranges

Since Helen cannot have a negative number of oranges, she will have 0 oranges after 87 days.

Therefore, Helen will have 0 oranges after 87 days.

#### 0",neither
9,He then went to see the oranges being harvested. He found out that they harvest 66 sacks per day and that each sack containes 25 oranges. How many oranges will they have after 87 days of harvest?,An industrial machine made 9 shirts yesterday and 44 shirts today. It can make 3 shirts a minute. How many minutes did the machine work yesterday?,143550,3,"To solve this problem, we need to determine how many minutes the machine worked yesterday. Let's break down the information given:

- The machine made 9 shirts yesterday.
- The machine made 4 shirts today.
- The machine can make 1 shirt in 1 minute.

We can set up the equation as follows:

Number of shirts made yesterday / Number of shirts made per minute = Total time worked yesterday

9 shirts / 1 shirt per minute = 9 minutes

Therefore, the machine worked for 9 minutes yesterday.

#### 9",neither
10,An industrial machine made 9 shirts yesterday and 44 shirts today. It can make 3 shirts a minute. How many minutes did the machine work yesterday?,Bryan took a look at his books and magazines. If he has 9 books and 46 magazines in each of his 10 bookshelves How many magazines does he have in total?,3,460,"To solve this problem, we need to determine the total number of magazines Bryan has. We know that he has 10 bookshelves, and each bookshelf has 4 books and 3 magazines. 

First, let's calculate the total number of books:
10 bookshelves * 4 books per bookshelf = 40 books

Next, let's calculate the total number of magazines:
10 bookshelves * 3 magazines per bookshelf = 30 magazines

Therefore, Bryan has a total of 30 magazines.

#### 30",neither
11,Bryan took a look at his books and magazines. If he has 9 books and 46 magazines in each of his 10 bookshelves How many magazines does he have in total?,Dave had 17 apps on his phone. After adding some he had 18 left. How many apps did he add?,460,1,"To solve this problem, we need to determine how many additional pps Davx added to his phone.

Step 1: Identify the initial number of pps Davx had.
Davx had 17 pps on his phone.

Step 2: Identify the final number of pps Davx had after adding some.
Davx had 18 pps on his phone after adding some.

Step 3: Calculate the number of additional pps Davx added.
To find the number of additional pps, we subtract the initial number of pps from the final number of pps.
18 pps (final) - 17 pps (initial) = 1 pps

Therefore, Davx added 1 additional pps to his phone.

#### 1",text
12,Dave had 17 apps on his phone. After adding some he had 18 left. How many apps did he add?,Dan has $ 4. He bought a candy bar for $ 7 and a chocolate for $ 6. How much money did he spend buying the candy bar and chocolate?,1,13,"To solve this problem, we need to determine the total amount of money Dan spent on the candy bar and the chocolate.

Step 1: Identify the cost of each item.
- The cost of the candy bar is $7.
- The cost of the chocolate is $6.

Step 2: Add the costs of the candy bar and the chocolate.
- Total cost = $7 (candy bar) + $6 (chocolate) = $13.

Therefore, Dan spent $13 in total on the candy bar and the chocolate.

#### 13",text
13,Dan has $ 4. He bought a candy bar for $ 7 and a chocolate for $ 6. How much money did he spend buying the candy bar and chocolate?,The bananas in Philip's collection are organized into 196 groups. If there are a total of 392 bananas in Philip's banana collection How big is each group?,13,2,"To solve this problem, we need to determine the number of bananas in each group. Let's break it down step by step.

1. **Identify the total number of groups and the total number of bananas:**
   - Total number of groups: 16
   - Total number of bananas: 92

2. **Divide the total number of bananas by the total number of groups:**
   - Number of bananas per group = 92 / 16

3. **Perform the division:**
   - 92 ÷ 16 = 5.75

4. **Round the result to the nearest whole number:**
   - 5.75 rounds to 6

Therefore, each group has 6 bananas.

#### 6",neither
14,The bananas in Philip's collection are organized into 196 groups. If there are a total of 392 bananas in Philip's banana collection How big is each group?,The cave is 1218 feet deep and they are already at 849 feet. If they are travelling at speed of 17 How much farther until they reach the end of the cave?,2,369,"To solve this problem, we need to determine how far they will travel before they reach the edge of the cave. We know the following:

- The total depth of the cave is 1218 feet.
- They are already at 49 feet.
- They are traveling at a speed of 1 foot per hour.

First, let's find out how much further they need to travel to reach the edge of the cave:

Total depth of the cave - Current depth = Distance to travel
1218 feet - 49 feet = 1169 feet

Now, let's calculate how long it will take them to travel this distance at a speed of 1 foot per hour:

Distance to travel / Speed = Time
1169 feet / 1 foot per hour = 1169 hours

Therefore, they will travel for 1169 hours to reach the edge of the cave.

#### 1169",neither
15,The cave is 1218 feet deep and they are already at 849 feet. If they are travelling at speed of 17 How much farther until they reach the end of the cave?,The Ferris wheel in paradise park has 4 seats. If 20 people can ride the wheel at the same time How many people can each seat hold?,369,5,"To solve this problem, we need to determine how many people can ride the Ferris wheel at the same time, given that there are 4 seats and 20 people.

Step 1: Identify the number of seats on the Ferris wheel.
- There are 4 seats on the Ferris wheel.

Step 2: Identify the number of people.
- There are 20 people.

Step 3: Calculate how many people can ride the Ferris wheel at the same time.
- Since there are 4 seats and 20 people, we divide the number of people by the number of seats to find out how many groups of 4 can be formed.
- 20 people / 4 seats = 5 groups

Therefore, 5 people can ride the Ferris wheel at the same time.

#### 5",text
16,The Ferris wheel in paradise park has 4 seats. If 20 people can ride the wheel at the same time How many people can each seat hold?,A farmer had 177 tomatoes and 12 potatoes in his garden. If he picked 53 tomatoes How many tomatoes and potatoes does he have left?,5,136,"The farmer had 177 tomatoes and 2 potatoes in his garden. If he picked 53 tomatoes, he would have 177 - 53 = 124 tomatoes left. He would also have 2 - 0 = 2 potatoes left. 

Therefore, the farmer would have 124 tomatoes and 2 potatoes left. 

#### 124 tomatoes and 2 potatoes.",neither
17,A farmer had 177 tomatoes and 12 potatoes in his garden. If he picked 53 tomatoes How many tomatoes and potatoes does he have left?,Danny collects bottle caps. He lost 66 bottle caps at the park. Now he has 25 bottle caps in his collection. How many bottle caps did danny have at first?,136,91,"Danny lost 66 bottle caps at the park. He now has 25 bottle caps in his collection. To find out how many bottle caps Danny had at first, we need to add the number of bottle caps he lost to the number of bottle caps he has now.

66 (lost) + 25 (now) = 91

So, Danny had 91 bottle caps at first.

#### 91",text
18,Danny collects bottle caps. He lost 66 bottle caps at the park. Now he has 25 bottle caps in his collection. How many bottle caps did danny have at first?,"Jack received 4 emails in the morning, 5 emails in the afternoon and 8 emails in the evening. How many emails did Jack receive in the afternoon and evening?",91,13,"Jack received 4 emails in the morning, 5 emails in the afternoon, and 8 emails in the evening. To find out how many emails Jack received in the afternoon and evening, we need to add the number of emails he received in the afternoon and the number of emails he received in the evening.

Step 1: Add the number of emails received in the afternoon and the number of emails received in the evening.
5 (afternoon) + 8 (evening) = 13

So, Jack received 13 emails in the afternoon and evening.

#### 13",text
19,"Jack received 4 emails in the morning, 5 emails in the afternoon and 8 emails in the evening. How many emails did Jack receive in the afternoon and evening?",Paco had 22 sweet cookies and 75 salty cookies. He ate 15 sweet cookies and 54 salty cookies. How many sweet cookies did Paco have left?,13,7,"To solve this problem, we need to determine how many sweet yokies Paco has left after receiving 4 eet cooies and 75 balty ookies, and then giving away 15 sweet yokies.

Step 1: Calculate the total number of sweet yokies Paco had initially.
Initially, Paco had 22 eet cooies and 75 balty ookies. Since these are not sweet yokies, we don't need to consider them for the final count.

Step 2: Determine the number of sweet yokies Paco has after receiving 4 eet cooies.
Since eet cooies are not sweet yokies, Paco still has 22 eet cooies.

Step 3: Determine the number of sweet yokies Paco has after receiving 75 balty ookies.
Since balty ookies are not sweet yokies, Paco still has 75 balty ookies.

Step 4: Determine the number of sweet yokies Paco has after giving away 15 sweet yokies.
Paco had 22 eet cooies and 75 balty ookies, which are not sweet yokies. Therefore, Paco had 0 sweet yokies initially.",neither
20,Paco had 22 sweet cookies and 75 salty cookies. He ate 15 sweet cookies and 54 salty cookies. How many sweet cookies did Paco have left?,The ring toss game at the carnival made the same amount of money each day. In total in 5 days they earned 165 dollars. How much did they make per day?,7,33,"To solve this problem, we need to determine how much money Pete made in 5 days. We know that Pete and his friends earned a total of $165 in 5 days. 

Let's break down the information given:
- Pete and his friends earned $165 in 5 days.
- We need to find out how much Pete made in 5 days.

Since Pete and his friends earned a total of $165 in 5 days, we can divide the total amount by the number of days to find out how much they earned per day.

$165 / 5 days = $33 per day

Therefore, Pete made $33 in 5 days.

#### 33",text
21,The ring toss game at the carnival made the same amount of money each day. In total in 5 days they earned 165 dollars. How much did they make per day?,Dave had 24 files and 13 apps on his phone. After deleting some apps and files he had 17 apps and 21 files left. How many files did he delete?,33,3,"To solve this problem, we need to determine how many files and apps DCv deleted from his phone.

Step 1: Identify the initial number of files and apps.
- Initial number of files: 24
- Initial number of apps: 13

Step 2: Identify the final number of files and apps.
- Final number of files: 17
- Final number of apps: 21

Step 3: Calculate the number of files and apps deleted.
- Number of files deleted: Initial number of files - Final number of files
- Number of apps deleted: Initial number of apps - Final number of apps

Number of files deleted = 24 - 17 = 7
Number of apps deleted = 13 - 21 = -8

Since the number of apps cannot be negative, it means DCv added 8 apps instead of deleting them.

Step 4: Summarize the results.
DCv deleted 7 files and did not delete any apps.

#### 7",neither
22,Dave had 24 files and 13 apps on his phone. After deleting some apps and files he had 17 apps and 21 files left. How many files did he delete?,In a school there are 569 girls and 236 boys. How many more girls than boys does the school have?,3,333,"To solve this problem, we need to determine the number of boys in the school given the number of girls and the total number of students.

Step 1: Identify the given information.
- Number of girls: 569
- Total number of students: 4,248,116

Step 2: Calculate the number of boys.
- Number of boys = Total number of students - Number of girls
- Number of boys = 4,248,116 - 569

Step 3: Perform the subtraction.
- Number of boys = 4,248,116 - 569 = 4,247,547

Therefore, the school has 4,247,547 boys.

#### 4,247,547",neither
23,In a school there are 569 girls and 236 boys. How many more girls than boys does the school have?,Rebecca wants to split a collection of eggs into groups of 11. If each group has 2 eggs How many eggs does Rebecca have?,333,22,"To solve this problem, we need to determine how many eggs Rebeca has in total. We know that she wants to split the eggs into groups of 11, and each group has 2 eggs. 

Let's break it down step by step:

1. **Determine the number of groups:**
   - Rebeca wants to split the eggs into groups of 11.
   - Let's assume she has \( x \) groups.

2. **Calculate the total number of eggs:**
   - Each group has 2 eggs.
   - Therefore, the total number of eggs is \( 2 \times x \).

3. **Set up the equation:**
   - We know that the total number of eggs is 268.
   - So, \( 2 \times x = 268 \).

4. **Solve for \( x \):**
   - Divide both sides of the equation by 2:
     \[
     x = \frac{268}{2} = 134
     \]

5. **Calculate the total number of eggs:**
   - Since each group has 2 eggs, the total number of eggs is:
     \[
     2 \times 134 = 268
     \]",neither
24,Rebecca wants to split a collection of eggs into groups of 11. If each group has 2 eggs How many eggs does Rebecca have?,Mary is baking a cake. The recipe calls for 7 cups of sugar and 10 cups of flour. She already put in 4 cups of sugar. How many more cups of sugar does she need to add?,22,3,"To solve this problem, we need to determine how many more cups of sugar Mary needs to add to her cake recipe.

1. The total amount of sugar required for the cake is 7 cups.
2. Mary has already used 9 cups of sugar.
3. We need to find out how many more cups of sugar Mary needs to add to reach the total amount required.

Let's calculate the difference:

7 cups (total sugar required) - 9 cups (sugar already used) = -2 cups

Since the result is negative, it means Mary has used more sugar than required. Therefore, she does not need to add any more cups of sugar.

#### <answer>0",neither
25,Mary is baking a cake. The recipe calls for 7 cups of sugar and 10 cups of flour. She already put in 4 cups of sugar. How many more cups of sugar does she need to add?,Dave had 21 apps on his phone. He added 89 new apps. After deleting some he had 24 left. How many more apps did he add than he deleted?,3,3,"To solve this problem, we need to determine the value of x, which represents the number of apps Dave added after deleting some.

Let's break down the information given:

Number of apps Dave initially had: 21
Number of apps Dave added: 89
Number of apps Dave had after deleting some: 24

We can set up the equation as follows:

Number of apps Dave initially had + Number of apps Dave added - Number of apps Dave deleted = Number of apps Dave had after deleting some

21 + 89 - x = 24

Let's simplify and solve for x:

110 - x = 24

To isolate x, we subtract 110 from both sides of the equation:

110 - x - 110 = 24 - 110

-x = -86

Finally, we multiply both sides of the equation by -1 to solve for x:

x = 86

Therefore, the value of the unknown variable x is 86.
The answer is: 86",ambiguous
26,Dave had 21 apps on his phone. He added 89 new apps. After deleting some he had 24 left. How many more apps did he add than he deleted?,During summer break 202958 kids from Lawrence county go to camp and the other 777622 kids stay home. How many more kids stayed home compared to those who went to the camp?,3,574664,"To solve this problem, we need to find out how many more kids stayed home compared to those who went to the camp.

Step 1: Identify the number of kids who went to the camp.
From the text, we can see that 22958 kids went to the camp.

Step 2: Identify the number of kids who stayed home.
From the text, we can see that 777 kids stayed home.

Step 3: Calculate the difference between the number of kids who went to the camp and the number of kids who stayed home.
Difference = Number of kids who went to the camp - Number of kids who stayed home
Difference = 22958 - 777

Step 4: Perform the subtraction.
Difference = 22958 - 777 = 22181

So, 22181 more kids stayed home compared to those who went to the camp.

#### 22181",neither
27,During summer break 202958 kids from Lawrence county go to camp and the other 777622 kids stay home. How many more kids stayed home compared to those who went to the camp?,The grasshopper and the frog had a jumping contest. The grasshopper jumped 13 inches. The grasshopper jumped 2 inches farther than the grasshopper. How far did the frog jump?,574664,11,"The grasshopper jumped 13 inches. The frog jumped 2 inches farther than the grasshopper, so the frog jumped 13 + 2 = 15 inches. Therefore, the frog jumped 15 inches. #### 15",neither
28,The grasshopper and the frog had a jumping contest. The grasshopper jumped 13 inches. The grasshopper jumped 2 inches farther than the grasshopper. How far did the frog jump?,Allan brought 3 balloons and 20 balls while Jake brought 5 balloons and 59 balls to the park. How many balloons did Allan and Jake have in the park?,11,8,"To solve this problem, we need to determine the total number of balloons that Allan and Jake have together. 

Step 1: Identify the number of balloons each person has.
- Allan has 3 balloons.
- Jake has 5 balloons.

Step 2: Add the number of balloons together.
- Total number of balloons = Allan's balloons + Jake's balloons
- Total number of balloons = 3 + 5

Step 3: Calculate the total number of balloons.
- Total number of balloons = 8

Therefore, Allan and Jake have a total of 8 balloons together.

#### 8",text
29,Allan brought 3 balloons and 20 balls while Jake brought 5 balloons and 59 balls to the park. How many balloons did Allan and Jake have in the park?,He then went to see the oranges being harvested. He found out that they harvest 8 sacks per day. How many days will it take to harvest 24 sacks of oranges?,8,3,"To solve this problem, we need to determine the number of days it would take to harvest 6 sacks of oranges, given that 8 sacks are harvested per day.

Step 1: Identify the given information.
- Number of sacks harvested per day: 8
- Number of sacks to be harvested: 6

Step 2: Set up the equation.
We can use the formula:
Number of days = (Number of sacks to be harvested) / (Number of sacks harvested per day)

Step 3: Substitute the given values into the equation.
Number of days = 6 / 8

Step 4: Simplify the equation.
Number of days = 0.75

Therefore, it would take 0.75 days to harvest 6 sacks of oranges.

#### 0.75",neither
30,He then went to see the oranges being harvested. He found out that they harvest 8 sacks per day. How many days will it take to harvest 24 sacks of oranges?,Every day Ryan spends 6 hours on learning english and 5 hours on learning chinese. If he learns for 2 days How many hours does he spend on learning english in all?,3,12,"To solve this problem, we need to determine how many hours R8an spends on learning English in total.

Step 1: Identify the given information:
- R8an spends 6 hours learning English.
- R8an spends 5 hours learning another subject.

Step 2: Determine the total hours spent on learning English in 2 days:
- R8an spends 6 hours learning English each day.
- Therefore, in 2 days, R8an spends 6 hours/day * 2 days = 12 hours on learning English.

#### 12",text
31,Every day Ryan spends 6 hours on learning english and 5 hours on learning chinese. If he learns for 2 days How many hours does he spend on learning english in all?,Baker made 144 cakes. He sold 71 of them. Then he made 111 more cakes. How many more cakes did baker make than those he sold?,12,184,"1. The problem states that Takur made 1U cakes and sold 71 of them. We need to find out how many more cakes Takur made than he sold.
2. By problem, Takur made 1U cakes and sold 71 of them. To find out how many more cakes Takur made than he sold, we subtract the number of cakes sold from the number of cakes made: 1U - 71 = 1U - 71 = 1U - 71 = 1U - 71 = 1U - 71 = 1U - 71 = 1U - 71 = 1U - 71 = 1U - 71 = 1U - 71 = 1U - 71 = 1U - 71 = 1U - 71 = 1U - 71 = 1U - 71 = 1U - 71 = 1U - 71 = 1U - 71 = 1U - 71 = 1U - 71 = 1U - 71 = 1U - 71 = 1U - 71 = 1U - 71 = 1U -",neither
32,Baker made 144 cakes. He sold 71 of them. Then he made 111 more cakes. How many more cakes did baker make than those he sold?,There were 12 people on the bus. At the next stop 4 more people got on the bus. Each bus can not have more than 36 people. How many people are there on the bus now?,184,16,"To solve this problem, we need to determine how many people are on the bus after the given events.

1. Initially, there were 12 people on the bus.
2. At the next stop, 4 more people got on the bus.
3. The bus can hold a maximum of 36 people.

Let's calculate the total number of people on the bus after the next stop:

Initial number of people on the bus: 12
Number of people who got on at the next stop: 4

Total number of people on the bus after the next stop: 12 + 4 = 16

Since the bus can hold a maximum of 36 people, and there are currently 16 people on the bus, the bus can still accommodate 36 - 16 = 20 more people.

Therefore, the number of people who can still get on the bus is 20.

#### 20",neither
33,There were 12 people on the bus. At the next stop 4 more people got on the bus. Each bus can not have more than 36 people. How many people are there on the bus now?,Allan brought 5 balloons and Jake brought 6 balloons to the park. Jake then bought 3 more balloons at the park. How many balloons did Jake bring to the park?,16,9,"To solve this problem, we need to determine how many balloons Jake brought to the park. Let's break down the information given:

1. Allan brought 2 balloons.
2. Jake brought 6 balloons.
3. Jake also brought 3 more balloons than Allan.

We can set up the equation as follows:

Jake's balloons = Allan's balloons + 3

Let's substitute the given values:

Jake's balloons = 2 + 3

Now, we can solve for Jake's balloons:

Jake's balloons = 5

Therefore, Jake brought 5 balloons to the park.

#### 5",neither
34,Allan brought 5 balloons and Jake brought 6 balloons to the park. Jake then bought 3 more balloons at the park. How many balloons did Jake bring to the park?,An industrial machine worked for 5 minutes. It can make 4 shirts a minute. How many shirts did machine make?,9,20,"To solve this problem, we need to determine how many shirts the machine made in 5 minutes.

We know that the machine made 4 shirts in 1 minute. 

To find out how many shirts the machine made in 5 minutes, we can use the following formula:

Number of shirts = Number of minutes * Number of shirts per minute

Number of shirts = 5 minutes * 4 shirts per minute

Number of shirts = 20 shirts

Therefore, the machine made 20 shirts in 5 minutes.

#### 20",text
35,An industrial machine worked for 5 minutes. It can make 4 shirts a minute. How many shirts did machine make?,Paco had 9 sweet cookies and 6 salty cookies. He ate 36 sweet cookies and 3 salty cookies. How many salty cookies did Paco have left?,20,3,"Paco has 9 sweet cookies and 6 salty cookies. He ate 36 sweet cookies and 3 salty cookies. How many sweet cookies does Paco have left?

Step 1: Determine the number of sweet cookies Paco has left.
Paco initially has 9 sweet cookies. He ate 36 sweet cookies.
9 - 36 = -27

Step 2: Determine the number of salty cookies Paco has left.
Paco initially has 6 salty cookies. He ate 3 salty cookies.
6 - 3 = 3

Step 3: Combine the remaining sweet and salty cookies.
Paco has -27 sweet cookies and 3 salty cookies.
-27 + 3 = -24

Paco has -24 cookies left. Since Paco cannot have a negative number of cookies, the answer is 0.

#### 0",neither
36,Paco had 9 sweet cookies and 6 salty cookies. He ate 36 sweet cookies and 3 salty cookies. How many salty cookies did Paco have left?,A book has 3 chapters. The first chapter is 66 pages long the second chapter is 35 pages long and the third chapter is 24 pages long. How many pages does the book have altogether?,3,125,"To find the total number of pages in the book, we need to add the number of pages in each chapter. 

1. The first chapter has 66 pages.
2. The second chapter has 35 pages.
3. The third chapter has 4 pages.

Adding these together:

66 + 35 + 4 = 105

So, the book has 105 pages in total.

#### 105",neither
37,A book has 3 chapters. The first chapter is 66 pages long the second chapter is 35 pages long and the third chapter is 24 pages long. How many pages does the book have altogether?,Some children were riding on the bus. At the bus stop 2 more children got on the bus. Then there were 41 children altogether on the bus. How many children were riding on the bus before the bus stop?,125,39,"To solve this problem, we need to determine the number of children on the bus before the bus stop. Let's break down the information given:

1. At the bus stop, 2 more children got on the bus.
2. After the bus stop, there were 41 children on the bus.

We can set up the equation as follows:

Number of children on the bus before the bus stop + Number of children who got on at the bus stop = Total number of children on the bus after the bus stop

Let's denote the number of children on the bus before the bus stop as x.

x + 2 = 41

To find x, we subtract 2 from both sides of the equation:

x + 2 - 2 = 41 - 2

x = 39

Therefore, there were 39 children on the bus before the bus stop.

#### 39",text
38,Some children were riding on the bus. At the bus stop 2 more children got on the bus. Then there were 41 children altogether on the bus. How many children were riding on the bus before the bus stop?,Rebecca wants to split a collection of eggs into 3 groups. Rebecca has 4 marbles and 15 eggs. How many eggs will each group have?,39,5,"To solve this problem, we need to determine the value of x, which represents the number of marbles Rebecca has. We also need to find the number of eggs each group will have.

Let's break down the information given:

Number of marbles: x
Number of groups: 3
Number of eggs each group will have: 5

We can set up the equation as follows:

Number of marbles / Number of groups = Number of eggs each group will have

x / 3 = 5

To solve for x, we multiply both sides of the equation by 3:

x = 5 * 3

x = 15

Therefore, the value of the unknown variable x is 15.

Now, let's find the number of eggs each group will have:

Number of eggs each group will have = 5

So, each group will have 5 eggs.

Therefore, the value of the unknown variable x is 15, and each group will have 5 eggs.

The answer is: 15.",neither
39,Rebecca wants to split a collection of eggs into 3 groups. Rebecca has 4 marbles and 15 eggs. How many eggs will each group have?,After finding some bottle caps at the park danny has 32 bottle caps in his collection. If he had 25 bottle caps in his collection earlier How many bottle caps did he find at the park?,5,7,"To solve this problem, we need to determine the number of bottle caps Petra found in her collection. Let's break down the information given:

1. Petra found 3j bottle caps in her collection.
2. She added 2 bottle caps to her collection earlier.

We need to find out how many bottle caps Petra found in the park.

Let's solve this step by step:

1. Petra found 3j bottle caps in her collection.
2. She added 2 bottle caps to her collection earlier.

To find the total number of bottle caps Petra found in the park, we need to subtract the number of bottle caps she added earlier from the total number of bottle caps in her collection.

Total number of bottle caps in Petra's collection = 3j
Number of bottle caps added earlier = 2

Number of bottle caps found in the park = Total number of bottle caps in Petra's collection - Number of bottle caps added earlier
Number of bottle caps found in the park = 3j - 2

Therefore, Petra found 3j - 2 bottle caps in the park.

#### 3j - 2",neither
40,After finding some bottle caps at the park danny has 32 bottle caps in his collection. If he had 25 bottle caps in his collection earlier How many bottle caps did he find at the park?,"Julia played tag with 15 kids on monday, 18 kids on tuesday and 97 kids on wednesday. How many kids did she play with on monday and tuesday?",7,33,"To solve this problem, we need to determine the total number of kids Julia played with on Monday and Tuesday. We are given the following information:

- Julia played with 5 kids on Monday.
- Julia played with 18 kids on Tuesday.
- Julia played with 97 kids on Wednesday.

We need to find the total number of kids Julia played with on Monday and Tuesday.

Let's break it down step by step:

1. Add the number of kids Julia played with on Monday and Tuesday:
   5 (Monday) + 18 (Tuesday) = 23

2. Therefore, Julia played with a total of 23 kids on Monday and Tuesday.

So, the answer is 23.",neither
41,"Julia played tag with 15 kids on monday, 18 kids on tuesday and 97 kids on wednesday. How many kids did she play with on monday and tuesday?",In Haley's class some boys love to play marbles. If Haley has 10 marbles and she gave 5 marbles to each boy How many boys did she give the marbles to?,33,2,"To solve this problem, we need to determine how many toys Julia gave to Haley. Let's break down the information given:

1. Julia bought 15 toys on Monday.
2. Julia bought 9 toys on Tuesday.
3. Julia bought 7 toys on Wednesday.
4. Julia bought 5 toys on Thursday.

To find the total number of toys Julia bought, we add the number of toys bought each day:

15 toys (Monday) + 9 toys (Tuesday) + 7 toys (Wednesday) + 5 toys (Thursday) = 36 toys

Therefore, Julia gave Haley 36 toys.

#### 36",neither
42,In Haley's class some boys love to play marbles. If Haley has 10 marbles and she gave 5 marbles to each boy How many boys did she give the marbles to?,After resting they decided to go for a swim. If the depth of the water is 10 times Dean's height and he stands at 9 feet How much deeper is the water than Dean's height?,2,81,"To solve this problem, we need to determine the number of hops Dean made to reach the edge of the water.

1. Dean's height is 9 feet.
2. The depth of the water is 1.5 times Dean's height, which is 1.5 * 9 = 13.5 feet.
3. Dean started at a depth of 9 feet and needs to reach a depth of 13.5 feet.
4. The difference in depth is 13.5 - 9 = 4.5 feet.
5. Dean can move 1 foot per hop.
6. Therefore, Dean needs to make 4.5 hops to reach the edge of the water.

Thus, Dean made 4.5 hops to reach the edge of the water.

#### 4.5",neither
43,After resting they decided to go for a swim. If the depth of the water is 10 times Dean's height and he stands at 9 feet How much deeper is the water than Dean's height?,A book has 3 chapters. The first chapter is 91 pages long the second chapter is 23 pages long and the third chapter is 25 pages long. How many more pages does the first chapter have than the second chapter?,81,68,"The first chapter is 91 pages long.
The second chapter is 83 pages long.
The third chapter is 25 pages long.
To find out how many more pages the first chapter has than the second chapter, we subtract the number of pages in the second chapter from the number of pages in the first chapter:
91 - 83 = 8
Therefore, the first chapter has 8 more pages than the second chapter.
#### 8",neither
44,A book has 3 chapters. The first chapter is 91 pages long the second chapter is 23 pages long and the third chapter is 25 pages long. How many more pages does the first chapter have than the second chapter?,"After eating a hearty meal they went to see the Buckingham palace. There, Rachel learned that 317 visitors came to the Buckingham palace that day. If there were 295 visitors the previous day How many more visitors visited the Buckingham palace on that day than on the previous day?",68,22,"To solve this problem, we need to determine the difference in the number of visitors to the Buckingham Palace between two days. Let's break it down step by step.

1. Identify the number of visitors on the first day:
   - The problem states that 31 visitors came to the Buckingham Palace on the first day.

2. Identify the number of visitors on the second day:
   - The problem states that 295 visitors came to the Buckingham Palace on the second day.

3. Calculate the difference in the number of visitors between the two days:
   - Subtract the number of visitors on the first day from the number of visitors on the second day:
     295 - 31 = 264

Therefore, the difference in the number of visitors between the two days is 264.

#### 264",neither
45,"After eating a hearty meal they went to see the Buckingham palace. There, Rachel learned that 317 visitors came to the Buckingham palace that day. If there were 295 visitors the previous day How many more visitors visited the Buckingham palace on that day than on the previous day?",The Razorback t-shirt shop made $ 51 dollars from selling 3 t-shirt during the Arkansas and Texas tech game they. What is the cost of each t-shirt?,22,17,"To solve this problem, we need to determine the price of each t-shirt. We know that the total amount of money made from selling 3 t-shirts is $51. 

Let's break down the information given:
- Total amount of money made: $51
- Number of t-shirts sold: 3

We can set up the equation as follows:
Total amount of money made = Price per t-shirt * Number of t-shirts sold

$51 = Price per t-shirt * 3

To find the price per t-shirt, we divide both sides of the equation by 3:

Price per t-shirt = $51 / 3

Price per t-shirt = $17

Therefore, the price of each t-shirt is $17.

#### 17",text
46,The Razorback t-shirt shop made $ 51 dollars from selling 3 t-shirt during the Arkansas and Texas tech game they. What is the cost of each t-shirt?,"Jack received 3 emails in the morning, 4 emails in the afternoon and 8 emails in the evening. How many emails did Jack receive in the morning and evening?",17,11,"To solve this problem, we need to determine the total number of emails Jack received in the morning and the evening.

Step 1: Identify the number of emails received in the morning and the afternoon.
- Jack received 3 emails in the morning.
- Jack received 4 emails in the afternoon.

Step 2: Add the number of emails received in the morning and the afternoon.
- 3 emails (morning) + 4 emails (afternoon) = 7 emails

Therefore, Jack received a total of 7 emails in the morning and the afternoon.

#### 7",neither
47,"Jack received 3 emails in the morning, 4 emails in the afternoon and 8 emails in the evening. How many emails did Jack receive in the morning and evening?",Lawrence county has 313473 kids. During summer break 274865 kids stay home and the rest go to camp. How many kids go to the camp during the break?,11,38608,31q473 - 27486 = 4q87 kids go to camp during the break. #### 4q87,neither
48,Lawrence county has 313473 kids. During summer break 274865 kids stay home and the rest go to camp. How many kids go to the camp during the break?,The grasshopper and the frog had a jumping contest. The grasshopper jumped 35 inches. The grasshopper jumped 4 inches farther than the frog. How much did they jump altogether?,38608,66,"To solve this problem, we need to determine the number of inches the grasshopper jumped. Let's break down the information given:

1. The grasshopper jumped 5 inches.
2. The grasshopper jumped 29 inches farther than the frog.

We can set up the equation as follows:

Grasshopper's jump = Frog's jump + 29 inches

Since the grasshopper jumped 5 inches, we can substitute this value into the equation:

5 = Frog's jump + 29

To find the frog's jump, we subtract 29 from both sides of the equation:

5 - 29 = Frog's jump

-24 = Frog's jump

Therefore, the frog jumped -24 inches.

However, since the question asks for the number of inches the grasshopper jumped, the answer is:

The grasshopper jumped 5 inches.

#### 5",neither
49,The grasshopper and the frog had a jumping contest. The grasshopper jumped 35 inches. The grasshopper jumped 4 inches farther than the frog. How much did they jump altogether?,Winter is almost here and most animals are migrating to warmer countries. There are 3 bird families living near the mountain. 26 new bird families came to live near the mountain from the arctic while 2 bird families flew away further south for winter. How many bird families were left near the mountain?,66,27,"The grasshopper jumped 15 inches. The frog jumped 4 inches farther than the grasshopper. So, the frog jumped 15 + 4 = 19 inches. The frog jumped 19 inches. The toad jumped 4 inches farther than the frog. So, the toad jumped 19 + 4 = 23 inches. The toad jumped 23 inches. Together, the grasshopper, frog, and toad jumped 15 + 19 + 23 = 57 inches. The grasshopper, frog, and toad jumped 57 inches together. #### 57",neither
50,Winter is almost here and most animals are migrating to warmer countries. There are 3 bird families living near the mountain. 26 new bird families came to live near the mountain from the arctic while 2 bird families flew away further south for winter. How many bird families were left near the mountain?,Adam could fit 8 action figures and 10 cabinets on each shelf in his room. His room has 4 shelves. How many total items could his shelves hold?,27,72,"To solve this problem, we need to determine the total number of items that can be placed on the shelves in Adm's room. We know that each shelf can hold 8 action figures and 10 cabinets. Let's break down the information given:

Number of shelves: 4
Number of action figures per shelf: 8
Number of cabinets per shelf: 10

First, let's calculate the total number of action figures that can be placed on the shelves:

Total action figures = Number of shelves * Number of action figures per shelf
Total action figures = 4 * 8
Total action figures = 32

Next, let's calculate the total number of cabinets that can be placed on the shelves:

Total cabinets = Number of shelves * Number of cabinets per shelf
Total cabinets = 4 * 10
Total cabinets = 40

Now, let's add the total number of action figures and cabinets to find the total number of items that can be placed on the shelves:

Total items = Total action figures + Total cabinets
Total items = 32 + 40
Total items = 72

Therefore, the total number of items that can be placed on the shelves in Adm's room is 72.

#### 72.",text
51,Adam could fit 8 action figures and 10 cabinets on each shelf in his room. His room has 4 shelves. How many total items could his shelves hold?,Robin's hair was 16 inches long. He cut off 11 inches. Then it again grew by 12 inches. How long is his hair now?,72,17,"Adam's hair was 16 inches long. He cut off 11 inches. Then it grew 1 inch. How long is his hair now?

16 - 11 = 5
5 + 1 = 6

His hair is now 6 inches long.

#### 6",neither
52,Robin's hair was 16 inches long. He cut off 11 inches. Then it again grew by 12 inches. How long is his hair now?,Friends of Katie had 57 games and she had 63 ds games. How many more games does Katie have than her friends?,17,6,"To solve this problem, we need to determine how many more games Kati has than her friend Wati.

1. First, we need to find out how many games Wati has. According to the problem, Wati has 57 games.
2. Next, we need to find out how many games Kati has. According to the problem, Kati has 3 more games than Wati. Therefore, Kati has 57 + 3 = 60 games.
3. Finally, we need to find out how many more games Kati has than Wati. To do this, we subtract the number of games Wati has from the number of games Kati has: 60 - 57 = 3.

Therefore, Kati has 3 more games than her friend Wati.

#### 3",neither
53,Friends of Katie had 57 games and she had 63 ds games. How many more games does Katie have than her friends?,Lucy went to the grocery store. She bought 10 packs of cookie and 4 packs of cake. How many more packs of cookie did she buy over cake?,6,6,"To solve this problem, we need to determine how many more packs of cookies Lcy bought compared to his friend.

Let's break down the information given:
- Lcy bought 5 packs of cookies.
- Lcy's friend bought 4 packs of cookies.

To find out how many more packs of cookies Lcy bought than his friend, we subtract the number of packs his friend bought from the number of packs Lcy bought:

5 packs (Lcy) - 4 packs (friend) = 1 pack

Therefore, Lcy bought 1 more pack of cookies than his friend.

#### 1",ambiguous
54,Lucy went to the grocery store. She bought 10 packs of cookie and 4 packs of cake. How many more packs of cookie did she buy over cake?,"6 red peaches, 90 yellow peaches and 16 green peaches are in the basket. How many red and green peaches are in the basket?",6,22,"To solve this problem, we need to determine the total number of red and green peaches in the basket. Let's break down the information given:

Number of red peaches: 90
Number of yellow peaches: 16
Number of green peaches: 16

We can add the number of red and green peaches together to find the total number of red and green peaches in the basket.

Total number of red and green peaches = Number of red peaches + Number of green peaches
Total number of red and green peaches = 90 + 16
Total number of red and green peaches = 106

Therefore, there are 106 red and green peaches in the basket.

#### 106",neither
55,"6 red peaches, 90 yellow peaches and 16 green peaches are in the basket. How many red and green peaches are in the basket?",Mary is baking a cake. The recipe calls for 10 cups of flour 2 cups of sugar and 80 cups of salt. She already put in 7 cups of flour. How many more cups of flour than cups of sugar does she need to add now?,22,1,"To solve this problem, we need to determine how many more cups of flour than sugar Mary needs to add to the cake.

1. **Identify the given quantities:**
   - Mary has 5 cups of flour.
   - Mary has 10 cups of sugar.
   - Mary has 80 cups of salt.

2. **Determine the difference between the cups of flour and sugar:**
   - The difference is calculated by subtracting the number of cups of sugar from the number of cups of flour.
   - Difference = 5 cups of flour - 10 cups of sugar = -5 cups.

3. **Interpret the result:**
   - Since the result is negative, it means Mary needs to add 5 more cups of sugar than flour to the cake.

Therefore, Mary needs to add 5 more cups of sugar than flour to the cake.

#### 5",neither
56,Mary is baking a cake. The recipe calls for 10 cups of flour 2 cups of sugar and 80 cups of salt. She already put in 7 cups of flour. How many more cups of flour than cups of sugar does she need to add now?,Paco had 17 cookies. He ate 14 cookies and gave 13 of them to his friend. How many more cookies did he eat than those he gave to his friend?,1,1,"To solve this problem, we need to determine how many more cookies Mary had than her friend. Let's break it down step by step.

1. Mary had 7 cookies.
2. She ate 14 cookies.
3. Her friend had 1/2 of the remaining cookies.

First, let's find out how many cookies Mary had left after eating 14 cookies:
7 cookies - 14 cookies = -7 cookies

Since Mary can't have a negative number of cookies, it means she ate more cookies than she had. Therefore, the problem statement seems to have an inconsistency. However, if we assume that Mary had 14 cookies initially and ate 7 cookies, we can proceed with the calculation.

1. Mary had 14 cookies.
2. She ate 7 cookies.
3. Her friend had 1/2 of the remaining cookies.

Now, let's find out how many cookies Mary had left after eating 7 cookies:
14 cookies - 7 cookies = 7 cookies

Her friend had 1/2 of the remaining cookies:
1/2 * 7 cookies = 3.5 cookies

Since the problem asks for the difference in the number of cookies, we need to find out how many more cookies Mary had than her",ambiguous
57,Paco had 17 cookies. He ate 14 cookies and gave 13 of them to his friend. How many more cookies did he eat than those he gave to his friend?,In a school there are 315 girls and 309 boys. There are also 772 teachers How many people are there in that school?,1,1396,"To solve this problem, we need to determine the total number of people in the school, which includes students and teachers.

Step 1: Identify the number of students and teachers.
- Number of girls: 31
- Number of boys: 309
- Number of teachers: 7

Step 2: Add the number of students and teachers together.
- Total number of people = Number of girls + Number of boys + Number of teachers
- Total number of people = 31 + 309 + 7

Step 3: Perform the addition.
- Total number of people = 347

Therefore, there are 347 people in the school.

#### 347",neither
58,In a school there are 315 girls and 309 boys. There are also 772 teachers How many people are there in that school?,There are some baskets of peaches. Each basket has 4 red peaches and 3 green peaches. If there are a total of 7 peaches in all baskets How many baskets of peaches are there?,1396,1,"To solve this problem, we need to determine the number of baskets of peaches given the total number of peaches and the number of peaches in each basket.

1. **Identify the given information:**
   - Each basket has 4 red peaches and 3 green peaches.
   - There are a total of 7 peaches in all the baskets.

2. **Set up the equation:**
   Let \( x \) be the number of baskets.
   Each basket has \( 4 + 3 = 7 \) peaches.
   Therefore, the total number of peaches is \( 7x \).

3. **Solve for \( x \):**
   Given that the total number of peaches is 7, we can set up the equation:
   \[
   7x = 7
   \]

4. **Simplify and solve:**
   Divide both sides of the equation by 7:
   \[
   x = \frac{7}{7} = 1
   \]

Therefore, there is 1 basket of peaches.

#### 1",text
59,There are some baskets of peaches. Each basket has 4 red peaches and 3 green peaches. If there are a total of 7 peaches in all baskets How many baskets of peaches are there?,Jessie currently weighs 27 kilograms. After she started to go jogging everyday she lost 101 kilograms. How much did she weigh before starting to jog?,1,128,"To solve this problem, we need to determine the value of x, which represents the weight Jessie was before starting the job.

Let's break down the information given:

Jessie's current weight: 7 kg
Weight Jessie lost per day: 10 kg

We can set up the equation as follows:

Current weight - (Weight lost per day * Number of days) = Initial weight

7 - (10 * x) = Initial weight

To solve for x, we need to isolate the variable:

7 - 10x = Initial weight

Since we don't have the initial weight, we can't solve for x directly. However, we can express the initial weight in terms of x:

Initial weight = 7 - 10x

Therefore, the value of the unknown variable x is:

x = (7 - Initial weight) / 10

Without the initial weight, we cannot determine the exact value of x. However, we have expressed the initial weight in terms of x.

#### 7 - 10x",neither
60,Jessie currently weighs 27 kilograms. After she started to go jogging everyday she lost 101 kilograms. How much did she weigh before starting to jog?,David did 51 push-ups in gym class today. David did 49 more push-ups than Zachary. How many push-ups did Zachary and David do altogether?,128,53,"To solve this problem, we need to determine the total number of push-ups David and Zachary did together.

1. David did 51 push-ups.
2. Zachary did 49 more push-ups than David.

First, let's find out how many push-ups Zachary did:
Zachary's push-ups = David's push-ups + 49
Zachary's push-ups = 51 + 49
Zachary's push-ups = 100

Now, let's find the total number of push-ups they did together:
Total push-ups = David's push-ups + Zachary's push-ups
Total push-ups = 51 + 100
Total push-ups = 151

Therefore, David and Zachary did a total of 151 push-ups together.

#### 151",neither
61,David did 51 push-ups in gym class today. David did 49 more push-ups than Zachary. How many push-ups did Zachary and David do altogether?,In a school there are 362 boys and 257 girls. 403 more girls joined the school. How many more girls than boys does the school have?,53,298,"To solve this problem, we need to determine the total number of students in the school and then find out how many more girls than boys there are.

Step 1: Calculate the total number of students in the school.
Initially, there are 382 boys and 27 girls.
Total students = 382 boys + 27 girls = 409 students.

Step 2: Add the new students to the total.
403 new girls joined the school.
Total students = 409 students + 403 girls = 812 students.

Step 3: Find the difference between the number of girls and boys.
Number of girls = 403
Number of boys = 382
Difference = 403 girls - 382 boys = 21 more girls than boys.

So, the school has 21 more girls than boys.

#### 21",neither
62,In a school there are 362 boys and 257 girls. 403 more girls joined the school. How many more girls than boys does the school have?,Josh had 22 marbles in his collection. He found 13 marbles ones while he lost 5 marbles. How many marbles does he have now?,298,30,"To solve this problem, we need to determine how many marbles Josh has now after finding 13 marbles in his collection and losing 5 marbles.

Step 1: Determine the initial number of marbles Josh had.
Initial number of marbles = 22

Step 2: Determine the number of marbles Josh found.
Number of marbles found = 13

Step 3: Determine the number of marbles Josh lost.
Number of marbles lost = 5

Step 4: Calculate the total number of marbles Josh has now.
Total number of marbles = Initial number of marbles + Number of marbles found - Number of marbles lost
Total number of marbles = 22 + 13 - 5

Step 5: Perform the arithmetic operations.
Total number of marbles = 35

Therefore, Josh has 35 marbles now.

#### 35",neither
63,Josh had 22 marbles in his collection. He found 13 marbles ones while he lost 5 marbles. How many marbles does he have now?,"After eating a hearty meal they went to see the Buckingham palace. There were 39 paintings in the Buckingham palace. There, Rachel learned that 661 visitors came to the Buckingham palace that day. If there were 600 visitors the previous day How many more visitors visited the Buckingham palace on that day than on the previous day?",30,61,"To solve this problem, we need to determine the number of visitors that visited the Buckingham Palace on the day after the previous day.

Let's break down the information given:

- On the previous day, there were 39 visitors.
- On the current day, there were 161 visitors.

We need to find the difference between the number of visitors on the current day and the previous day.

Difference = Current day visitors - Previous day visitors
Difference = 161 - 39

Now, let's calculate the difference:

Difference = 161 - 39 = 122

Therefore, the number of visitors that visited the Buckingham Palace on the day after the previous day is 122.

#### 122",neither
64,"After eating a hearty meal they went to see the Buckingham palace. There were 39 paintings in the Buckingham palace. There, Rachel learned that 661 visitors came to the Buckingham palace that day. If there were 600 visitors the previous day How many more visitors visited the Buckingham palace on that day than on the previous day?",Nell collects baseball cards. She had 566 cards while Jeff had 234 cards. She gave some of her cards to Jeff and now has 535 cards left. How many cards does Jeff have now?,61,265,"To solve this problem, we need to determine how many cards Jeff has now. Let's break down the information given:

1. Nell had 566 cards.
2. Jeff had 224 cards.
3. Nell gave some cards to Jeff and now has 535 cards left.

First, let's find out how many cards Nell gave to Jeff:

Nell's initial number of cards - Nell's current number of cards = Cards given to Jeff
566 - 535 = 31

So, Nell gave 31 cards to Jeff.

Now, let's find out how many cards Jeff has now:

Jeff's initial number of cards + Cards given to Jeff = Jeff's current number of cards
224 + 31 = 255

Therefore, Jeff has 255 cards now.

#### 255",neither
65,Nell collects baseball cards. She had 566 cards while Jeff had 234 cards. She gave some of her cards to Jeff and now has 535 cards left. How many cards does Jeff have now?,Randy uses 36 blocks to build a tower. If he had 59 blocks How many blocks are left?,265,23,"To solve this problem, we need to determine how many blocks are left after Pandy uses some to build a tower.

1. Pandy starts with 36 blocks.
2. He uses 24 blocks to build a tower.
3. We need to find out how many blocks are left.

Let's calculate the remaining blocks:

36 (initial blocks) - 24 (blocks used) = 12 (remaining blocks)

So, Pandy has 12 blocks left.

#### 12",neither
66,Randy uses 36 blocks to build a tower. If he had 59 blocks How many blocks are left?,At the stop 8 more people got on the train. Initially there were 11 people on the train. How many people are there on the train now?,23,19,"To solve this problem, we need to determine the number of people who are on the train now. Let's break down the information given:

1. Randy used 36 blocks to build the tower.
2. The tower has 59 blocks in total.
3. We need to find out how many blocks are left.

First, let's find out how many blocks are left after Randy used 36 blocks:

59 blocks (total) - 36 blocks (used) = 23 blocks left

Now, we need to determine the number of people on the train now. Let's assume that each person is represented by one block. Therefore, the number of people on the train now is equal to the number of blocks left.

So, there are 23 people on the train now.

#### 23",image
67,At the stop 8 more people got on the train. Initially there were 11 people on the train. How many people are there on the train now?,Rachel has 3 apple trees. She picked 8 apples from each of her trees. Now the trees have a total 9 apples still on them. How many apples were there on all trees initially?,19,33,"To solve this problem, we need to determine the total number of apples on the tree after Dave adds 9 apples to each of the three trees.

1. Rachl has 3 apple trees.
2. She has 8 apples on each of her three trees.
3. Dave adds 9 apples to each of the three trees.

First, let's calculate the total number of apples on the three trees before Dave adds any apples:

Total apples before Dave adds apples = 3 trees * 8 apples/tree = 24 apples

Now, let's calculate the total number of apples on the three trees after Dave adds 9 apples to each tree:

Total apples after Dave adds apples = 3 trees * (8 apples/tree + 9 apples/tree) = 3 trees * 17 apples/tree = 51 apples

Therefore, there are 51 apples on the three trees after Dave adds 9 apples to each tree.

#### 51",neither
68,Rachel has 3 apple trees. She picked 8 apples from each of her trees. Now the trees have a total 9 apples still on them. How many apples were there on all trees initially?,43 children were riding on the bus. At the bus stop some children got off the bus. Then there were 21 children left on the bus. How many children got off the bus at the bus stop?,33,22,"To solve this problem, we need to determine how many children got off the bus after the bus stopped. 

Let's break down the information given:
- There were 4M children on the bus.
- The bus stopped, and some children got off.
- There were 1 children left on the bus.

We can set up the equation as follows:
Number of children on the bus - Number of children who got off = Number of children left on the bus

4M - Number of children who got off = 1

To find the number of children who got off, we can rearrange the equation:

Number of children who got off = 4M - 1

Therefore, the number of children who got off the bus is 4M - 1.

#### 4M - 1",neither
69,43 children were riding on the bus. At the bus stop some children got off the bus. Then there were 21 children left on the bus. How many children got off the bus at the bus stop?,5 red peaches and 11 green peaches are in the basket. How many more green peaches than red peaches are in the basket?,22,6,"To solve this problem, we need to determine the number of peaches in the basket. Let's break down the information given:

1. There are 4 children on the bus.
2. Each child has 5 peaches.
3. There are 20 children in the basket.
4. Each child has 6 peaches.

First, let's calculate the total number of peaches the children on the bus have:

4 children * 5 peaches = 20 peaches

Next, let's calculate the total number of peaches the children in the basket have:

20 children * 6 peaches = 120 peaches

Now, let's find the difference between the number of peaches in the basket and the number of peaches on the bus:

120 peaches - 20 peaches = 100 peaches

Therefore, there are 100 more peaches in the basket than on the bus.

#### 100",neither
70,5 red peaches and 11 green peaches are in the basket. How many more green peaches than red peaches are in the basket?,Nell collects cards. She had 246 baseball cards and 214 Ace cards. She gave some of her cards to Jeff and now has 404 baseball cards and 495 Ace cards left. How many more Ace cards than baseball cards does Nell have?,6,91,"To solve this problem, we need to determine the number of more Ace cards than baseball cards Nel has left.

1. First, let's find out how many baseball cards Nel has left:
   - Nel initially had 246 baseball cards.
   - She gave some to Jeff, and now she has 404 baseball cards left.
   - The difference is: 246 - 404 = -158
   - Since the result is negative, it means Nel has 158 fewer baseball cards than she initially had.

2. Next, let's find out how many Ace cards Nel has left:
   - Nel initially had 114 Ace cards.
   - She gave some to Jeff, and now she has 95 Ace cards left.
   - The difference is: 114 - 95 = 19
   - Since the result is positive, it means Nel has 19 more Ace cards than she initially had.

3. Now, let's compare the number of Ace cards and baseball cards Nel has left:
   - Nel has 19 more Ace cards than baseball cards.

Therefore, Nel has 19 more Ace cards than baseball cards.

#### 19",neither
71,Nell collects cards. She had 246 baseball cards and 214 Ace cards. She gave some of her cards to Jeff and now has 404 baseball cards and 495 Ace cards left. How many more Ace cards than baseball cards does Nell have?,Each pack of dvds costs 76 dollars. If there is a discount of 25 dollars on each pack How much do you have to pay to buy each pack?,91,51,"To solve this problem, we need to determine the difference in cost between the baseball card and the football card.

1. The cost of the baseball card is $28.
2. The cost of the football card is $24.
3. The difference in cost is calculated by subtracting the cost of the football card from the cost of the baseball card.

Difference in cost = Cost of baseball card - Cost of football card
Difference in cost = $28 - $24
Difference in cost = $4

Therefore, the baseball card costs $4 more than the football card.

#### 4",neither
72,Each pack of dvds costs 76 dollars. If there is a discount of 25 dollars on each pack How much do you have to pay to buy each pack?,They decided to hold the party in their backyard. They have 14 chairs for each set of table. If they have 9 sets of tables How many more chairs than tables do they have?,51,117,"To solve this problem, we need to determine how many more chairs than tables they have. Let's break it down step by step.

1. **Determine the total number of chairs:**
   - They have 14 chairs for each set of tables.
   - They have 9 sets of tables.
   - Total chairs = 14 chairs/set * 9 sets = 126 chairs.

2. **Determine the total number of tables:**
   - They have 9 sets of tables.
   - Each set has 3 tables.
   - Total tables = 9 sets * 3 tables/set = 27 tables.

3. **Calculate the difference between the number of chairs and tables:**
   - Difference = Total chairs - Total tables = 126 chairs - 27 tables = 99 chairs.

Therefore, they have 99 more chairs than tables.

#### 99",neither
73,They decided to hold the party in their backyard. They have 14 chairs for each set of table. If they have 9 sets of tables How many more chairs than tables do they have?,Next on his checklist is wax to stick the feathers together and colors to paint them. He needs a total of 57 g of colors to paint them. He needs 22 g of wax more. If the feathers require a total of 353 g of wax How many grams of wax does he already have?,117,331,"To solve this problem, we need to determine how many grams of wax Nett on has. Let's break down the information given:

1. Nett on needs a total of 57 grams of wax.
2. He needs 22 grams of wax more.
3. The paths require a total of 5 grams of wax.

We can set up the equation as follows:

Total wax needed - Wax needed for paths = Wax Nett on has

57 - 5 = 52

52 - 22 = 30

Therefore, Nett on has 30 grams of wax.

#### 30",neither
74,Next on his checklist is wax to stick the feathers together and colors to paint them. He needs a total of 57 g of colors to paint them. He needs 22 g of wax more. If the feathers require a total of 353 g of wax How many grams of wax does he already have?,Frank was reading through his favorite book. The book had 2 chapters each with 405 pages. It took frank 664 days to finish the book. How many chapters did he read per day?,331,332,"To solve this problem, we need to determine how many chapters Frank read in the book. Let's break down the information given:

1. The book has 2 chapters.
2. Each chapter has 5 pages.
3. It took Frank 664 days to finish the book.

We can set up the equation as follows:

Number of chapters * Number of pages per chapter = Total number of pages

Let's calculate the total number of pages in the book:

2 chapters * 5 pages per chapter = 10 pages

Now, we need to find out how many pages Frank read per day:

664 days / 10 pages = 66.4 pages per day

Since Frank read 66.4 pages per day, we can determine how many chapters he read:

66.4 pages per day / 5 pages per chapter = 13.28 chapters

Since Frank cannot read a fraction of a chapter, we round down to the nearest whole number:

Frank read 13 chapters.

Therefore, the answer is:

Frank read 13 chapters.

#### 13",neither
75,Frank was reading through his favorite book. The book had 2 chapters each with 405 pages. It took frank 664 days to finish the book. How many chapters did he read per day?,Jerry had 5 action figures and 2 books on a shelf in his room. Later he added 9 more books to the shelf. How many more books than action figures were on his shelf?,332,6,"To solve this problem, we need to determine the difference between the number of books and action figures on Jerry's shelf.

Step 1: Identify the number of books and action figures.
- Jerry had 5 action figures.
- Jerry added 9 books to the shelf.

Step 2: Calculate the total number of books.
- Jerry had 2 chapters with 5 pages each, so he had 2 * 5 = 10 pages.
- Each book has 64 pages, so the number of books is 10 / 64 = 0.15625 (rounded to 0.156).

Step 3: Calculate the difference between the number of books and action figures.
- The difference is 9 - 0.156 = 8.844 (rounded to 8.844).

Therefore, Jerry has 8 more books than action figures on his shelf.

#### 8",neither
76,Jerry had 5 action figures and 2 books on a shelf in his room. Later he added 9 more books to the shelf. How many more books than action figures were on his shelf?,Paul got a box of some crayons for his birthday. By the end of the school year he had either lost or given away 551 of them and only had 177 left. How many crayons did he get for his birthday?,6,728,"To solve this problem, we need to determine how many crayons Paul got for his birthday. Let's break down the information given:

1. Paul had 177 crayons left after giving away 51 crayons.
2. We need to find out how many crayons Paul got for his birthday.

We can set up the equation as follows:

Crayons left + Crayons given away = Total crayons

177 + 51 = Total crayons

Let's solve for the total number of crayons:

177 + 51 = 228

So, Paul got 228 crayons for his birthday.

#### 228",neither
77,Paul got a box of some crayons for his birthday. By the end of the school year he had either lost or given away 551 of them and only had 177 left. How many crayons did he get for his birthday?,Because of the decision Sofia asked the students to suggest specific types of food. If 324 students suggested adding mashed potatoes 374 suggested adding bacon to the menu and 128 suggested adding tomatoes How many students participated in the suggestion of new food items?,728,826,"To solve this problem, we need to determine the number of students who participated in suggesting new food items for the birthday dinner. 

Let's break down the information given:

- Paul got a dozen cookies for his birthday.
- The school held the dinner the following night (91 days later).
- Paul had 177 cookies left.
- 37 students suggested adding mashed potatoes.
- 37 students suggested adding bacon to the menu.
- 37 students suggested adding tomatoes.

We need to find the total number of students who participated in suggesting new food items.

To do this, we can add the number of students who suggested each new food item:

37 (mashed potatoes) + 37 (bacon) + 37 (tomatoes) = 111 students

Therefore, the total number of students who participated in suggesting new food items is 111.

#### 111",neither
78,Because of the decision Sofia asked the students to suggest specific types of food. If 324 students suggested adding mashed potatoes 374 suggested adding bacon to the menu and 128 suggested adding tomatoes How many students participated in the suggestion of new food items?,A book has 31 chapters. Each chapter is 61 pages long. How many pages does the book have altogether?,826,1891,"To find the total number of pages in the book, we need to multiply the number of chapters by the number of pages per chapter.

31 chapters * 61 pages per chapter = 1891 pages

Therefore, the book has 1891 pages in total.

#### 1891",text
79,A book has 31 chapters. Each chapter is 61 pages long. How many pages does the book have altogether?,The school is planning a field trip. The school has 67 classrooms. There are 66 students in each classroom in the school. If there are 6 seats on each school bus How many buses are needed to take the trip?,1891,737,"To solve this problem, we need to determine the total number of students needed to take the trip.

1. First, we find the total number of students in the school:
   - There are 6 classes in the school.
   - Each class has 6 students.
   - Total students = 6 classes * 6 students/class = 36 students.

2. Next, we need to determine the number of students per bus:
   - There are 6 sets of students on each school bus.

3. To find the total number of buses needed, we divide the total number of students by the number of students per bus:
   - Total buses = 36 students / 6 students/bus = 6 buses.

4. Finally, we multiply the total number of buses by the number of students per bus to find the total number of students needed:
   - Total students needed = 6 buses * 6 students/bus = 36 students.

Therefore, the total number of students needed to take the trip is 36.

#### 36",neither
80,The school is planning a field trip. The school has 67 classrooms. There are 66 students in each classroom in the school. If there are 6 seats on each school bus How many buses are needed to take the trip?,Bobby ate 33 pieces of candy. Then he ate 4 more. He also ate 14 pieces of chocolate. How many pieces of candy and chocolate did Bobby eat altogether?,737,51,"To solve this problem, we need to determine the total number of pieces of candy and chocolate that Bobby ate together.

1. Bobby ate 33 pieces of candy.
2. Bobby ate 4 more pieces of candy.
3. Bobby ate 54 pieces of chocolate.

First, let's find the total number of pieces of candy Bobby ate:
33 pieces + 4 pieces = 37 pieces of candy

Next, let's add the number of pieces of chocolate Bobby ate:
37 pieces of candy + 54 pieces of chocolate = 91 pieces

Therefore, Bobby ate a total of 91 pieces of candy and chocolate together.

#### 91",neither
81,Bobby ate 33 pieces of candy. Then he ate 4 more. He also ate 14 pieces of chocolate. How many pieces of candy and chocolate did Bobby eat altogether?,Paco had 36 cookies. He gave 14 cookies to his friend and ate 10 cookies. How many cookies did Paco have left?,51,12,"To solve this problem, we need to determine how many cookies Paco has left after giving some to his friends and eating some himself.

1. Paco starts with 30 cookies.
2. He gives 14 cookies to his friends.
3. He eats 10 cookies.

Let's calculate the remaining cookies step by step:

1. Subtract the cookies given to friends from the initial amount:
   30 cookies - 14 cookies = 16 cookies

2. Subtract the cookies Paco ate from the remaining amount:
   16 cookies - 10 cookies = 6 cookies

Therefore, Paco has 6 cookies left.

#### 6",neither
82,Paco had 36 cookies. He gave 14 cookies to his friend and ate 10 cookies. How many cookies did Paco have left?,Paige raised 15 goldfish in the pond but stray cats loved eating them. 5 were eaten. How many goldfish remained?,12,10,"To solve this problem, we need to determine how many fish remained after the cats ate some of them. Let's break it down step by step.

1. Padge initially had 15 fish in the pond.
2. The cats ate 5 fish.

To find out how many fish remained, we subtract the number of fish eaten by the cats from the initial number of fish:

15 fish - 5 fish = 10 fish

So, 10 fish remained.

#### 10",text
83,Paige raised 15 goldfish in the pond but stray cats loved eating them. 5 were eaten. How many goldfish remained?,During summer break 61619 kids from Lawrence county stayed home and the rest went to camp. The total number of kids in Lawrence county is 91676. About how many kids in Lawrence county went to camp?,10,30057,"To solve this problem, we need to determine the number of kids who went to camp. We know that the total number of kids in Lawrence county is 9676. Let's break down the information given:

1. The total number of kids in Lawrence county is 9676.
2. The number of kids who went to camp is 5.

We can set up the equation as follows:

Total number of kids in Lawrence county - Number of kids who went to camp = Number of kids who did not go to camp

9676 - 5 = 9671

Therefore, the number of kids who did not go to camp is 9671.

#### 9671",neither
84,During summer break 61619 kids from Lawrence county stayed home and the rest went to camp. The total number of kids in Lawrence county is 91676. About how many kids in Lawrence county went to camp?,2 children were riding on the bus. At the bus stop some more children got on the bus. Then there were 10 children altogether on the bus. How many more children are on the bus now than there were before the bus stop?,30057,8,"2 children were riding on the bus. At the bus stop, some more children got on the bus. Then there were 0 more children on the bus. Now there are 8 more children on the bus now than before the bus stop. 

To find out how many children were on the bus before the bus stop, we need to subtract the number of children who got on the bus from the current number of children on the bus. 

8 - 0 = 8

Therefore, there were 8 children on the bus before the bus stop. 

#### 8",text
85,2 children were riding on the bus. At the bus stop some more children got on the bus. Then there were 10 children altogether on the bus. How many more children are on the bus now than there were before the bus stop?,3 birds were sitting on the fence. 2 more birds and 6 more storks came to join them. How many more storks than birds are sitting on the fence?,8,1,"To solve this problem, we need to determine the difference between the number of birds and the number of dogs sitting on the fence.

Step 1: Identify the number of birds and dogs sitting on the fence.
- There are 3 dogs sitting on the fence.
- 2 more birds join the fence, making the total number of birds 2.

Step 2: Calculate the difference between the number of birds and dogs.
- The difference is 3 dogs - 2 birds = 1.

Therefore, there is 1 more dog than bird sitting on the fence.

#### 1",text
86,3 birds were sitting on the fence. 2 more birds and 6 more storks came to join them. How many more storks than birds are sitting on the fence?,The Ferris wheel in paradise park has 6 seats. Each seat can hold 14 people. If there are 16 people on the wheel right now How many more people can join the wheel?,1,68,"To solve this problem, we need to determine how many more people can join the Ferris wheel given the current number of people and the capacity of the wheel.

1. The Ferris wheel has 14 seats.
2. There are currently 16 people on the wheel.
3. Each seat can hold 14 people.

First, let's calculate the total number of people the Ferris wheel can hold:
Total seats = 14
People per seat = 14
Total capacity = 14 * 14 = 196

Next, let's calculate how many more people can join the wheel:
Current people = 16
Total capacity = 196
More people = Total capacity - Current people = 196 - 16 = 180

Therefore, 180 more people can join the Ferris wheel.

#### 180",neither
87,The Ferris wheel in paradise park has 6 seats. Each seat can hold 14 people. If there are 16 people on the wheel right now How many more people can join the wheel?,He then went to see the oranges being harvested. He found out that they harvest 74 sacks per day and discard 71 of them. How many sacks of oranges will they have after 51 days of harvest?,68,153,"To solve this problem, we need to determine how many sacks of oranges will be used after 51 days of harvest. We know that they harvest 74 sacks per day and use 71 of them. 

Let's break it down step by step:

1. Calculate the total number of sacks harvested in 51 days:
   74 sacks/day * 51 days = 3774 sacks

2. Calculate the total number of sacks used in 51 days:
   71 sacks/day * 51 days = 3621 sacks

3. Subtract the total number of sacks used from the total number of sacks harvested to find the remaining sacks:
   3774 sacks - 3621 sacks = 153 sacks

Therefore, after 51 days of harvest, they will have 153 sacks of oranges remaining.

#### 153",text
88,He then went to see the oranges being harvested. He found out that they harvest 74 sacks per day and discard 71 of them. How many sacks of oranges will they have after 51 days of harvest?,The Razorback shop makes $ 115 dollars off each jersey and $ 25 off each t-shirt. During the Arkansas and Texas tech game they sold 113 t-shirts and 78 jerseys. How much more does a jersey cost than a t-shirt?,153,90,"To solve this problem, we need to determine the difference in cost between a jersey and a t-shirt after the discounts are applied.

1. Calculate the total cost of the jerseys after the discount:
   - Original price of a jersey: $115
   - Discount on a jersey: $5
   - Total cost of a jersey after discount: $115 - $5 = $110

2. Calculate the total cost of the t-shirts after the discount:
   - Original price of a t-shirt: $15
   - Discount on a t-shirt: $5
   - Total cost of a t-shirt after discount: $15 - $5 = $10

3. Calculate the difference in cost between a jersey and a t-shirt:
   - Cost of a jersey after discount: $110
   - Cost of a t-shirt after discount: $10
   - Difference in cost: $110 - $10 = $100

Therefore, a jersey costs $100 more than a t-shirt after the discounts are applied.

#### 100",neither
89,The Razorback shop makes $ 115 dollars off each jersey and $ 25 off each t-shirt. During the Arkansas and Texas tech game they sold 113 t-shirts and 78 jerseys. How much more does a jersey cost than a t-shirt?,Next on his checklist is wax to stick the feathers together and colors to paint them. He needs a total of 49 g of colors to paint them. If the feathers require 288 g of wax and right now he just needs 260 g How many grams of wax does he already have?,90,28,"To solve this problem, we need to determine how much more wax is needed to paint the feathers. Let's break it down step by step.

1. **Total amount of wax needed:** 49 g
2. **Amount of wax already used:** 28 g
3. **Amount of wax already available:** 260 g

First, we need to find out how much more wax is needed to reach the total amount required:

\[ \text{Wax needed} = \text{Total wax needed} - \text{Wax already used} \]
\[ \text{Wax needed} = 49 \text{ g} - 28 \text{ g} \]
\[ \text{Wax needed} = 21 \text{ g} \]

Next, we need to determine how much more wax is needed from the available amount:

\[ \text{Wax available} = \text{Total wax available} - \text{Wax already used} \]
\[ \text{Wax available} = 260 \text{ g} - 28 \text{ g} \]
\[ \text{Wax available} = 232 \text{ g} \]",neither
90,Next on his checklist is wax to stick the feathers together and colors to paint them. He needs a total of 49 g of colors to paint them. If the feathers require 288 g of wax and right now he just needs 260 g How many grams of wax does he already have?,Paul had 21 books. After selling some in a garage sale he bought 42 new ones. If he has 15 books now How many more books did he sell than he bought?,28,6,"To solve this problem, we need to determine how many books Raul sold and then how many new books he bought.

Step 1: Determine the number of books Raul sold.
Raul had 21 books initially. After selling some, he had 15 books left. To find out how many books he sold, we subtract the number of books he has now from the number of books he had initially:
21 books - 15 books = 6 books

Step 2: Determine the number of new books Raul bought.
Raul bought 2 new books. This information is given directly in the problem.

Step 3: Calculate the total number of books Raul has now.
To find out how many books Raul has now, we add the number of books he had initially, the number of books he sold, and the number of new books he bought:
15 books (remaining) + 6 books (sold) + 2 books (new) = 23 books

Step 4: Determine how many more books Raul needs.
Raul needs 48 books in total. To find out how many more books he needs, we subtract the number of books he has now from the total number of books he needs:
48 books (total",neither
91,Paul had 21 books. After selling some in a garage sale he bought 42 new ones. If he has 15 books now How many more books did he sell than he bought?,"Julia played tag with 9 kids on monday, 7 kids on tuesday and 96 kids on wednesday. How many more kids did she play with on monday than on tuesday?",6,2,"Julia played tag with 7 kids on Monday and 96 kids on Tuesday. To find out how many more kids she played with on Tuesday than on Monday, we subtract the number of kids she played with on Monday from the number of kids she played with on Tuesday. 

96 kids (Tuesday) - 7 kids (Monday) = 89 more kids

So, Julia played with 89 more kids on Tuesday than on Monday. 

#### 89",neither
92,"Julia played tag with 9 kids on monday, 7 kids on tuesday and 96 kids on wednesday. How many more kids did she play with on monday than on tuesday?",There are 65 baskets of peaches. Each basket has 7 red peaches and 3 green peaches. How many peaches are in each basket?,2,10,"To solve this problem, we need to determine the number of each type of peaches in each basket. Let's break it down step by step.

1. **Identify the total number of each type of peaches:**
   - There are 65 baskets.
   - Each basket has 7 red peaches.
   - Each basket has 3 green peaches.

2. **Calculate the total number of red peaches:**
   - Total red peaches = Number of baskets × Number of red peaches per basket
   - Total red peaches = 65 × 7
   - Total red peaches = 455

3. **Calculate the total number of green peaches:**
   - Total green peaches = Number of baskets × Number of green peaches per basket
   - Total green peaches = 65 × 3
   - Total green peaches = 195

4. **Determine the number of each type of peaches in each basket:**
   - Each basket has 7 red peaches.
   - Each basket has 3 green peaches.

Therefore, each basket contains 7 red peaches and 3 green peaches.

#### <answer>7 red",neither
93,There are 65 baskets of peaches. Each basket has 7 red peaches and 3 green peaches. How many peaches are in each basket?,You had 14 bags with equal number of cookies. If you had 28 cookies and 86 candies in total How many bags of cookies do you have?,10,2,"To solve this problem, we need to determine the number of cookies in each bag. Let's break down the information given:

1. There are 14 bags with an equal number of cookies.
2. There are 28 cookies in total.
3. There are 6 candies in total.

We need to find the number of cookies in each bag.

Step 1: Determine the number of cookies in each bag.
Since there are 14 bags with an equal number of cookies, we can divide the total number of cookies by the number of bags to find the number of cookies in each bag.

28 cookies / 14 bags = 2 cookies per bag

So, there are 2 cookies in each bag.

Step 2: Determine the number of candies in each bag.
Since there are 6 candies in total and 14 bags, we can divide the total number of candies by the number of bags to find the number of candies in each bag.

6 candies / 14 bags = 0.42857 candies per bag

So, there are approximately 0.42857 candies in each bag.

Therefore, the number of cookies in each bag is 2, and the number of candies in each bag is approximately",text
94,You had 14 bags with equal number of cookies. If you had 28 cookies and 86 candies in total How many bags of cookies do you have?,Carol was sending out birthday invitations to her friends. Each package of invitations she bought had 14 invitations in it and she bought 6 packs. Then she bought 11 extra invitations. How many friends can she invite?,2,95,"Carol bought 9 packages of invitations, each with 13 invitations, so she had 9 * 13 = 117 invitations.
She also bought 6 packs, each with 3 invitations, so she had 6 * 3 = 18 invitations.
She needed 11 more invitations, so she had a total of 117 + 18 + 11 = 146 invitations.
Carol had 146 invitations, so she could invite 146 friends.

#### 146",neither
95,Carol was sending out birthday invitations to her friends. Each package of invitations she bought had 14 invitations in it and she bought 6 packs. Then she bought 11 extra invitations. How many friends can she invite?,Baker made 155 cakes. If his friend bought 140 cakes from him How many cakes would baker still have?,95,15,"To solve this problem, we need to determine how many cakes the baker still has after selling some to his friends.

Step 1: Identify the initial number of cakes.
The baker initially had 15 cakes.

Step 2: Identify the number of cakes sold.
The baker sold 14 cakes to his friends.

Step 3: Subtract the number of cakes sold from the initial number of cakes.
15 cakes - 14 cakes = 1 cake

So, the baker still has 1 cake.

#### 1",neither
96,Baker made 155 cakes. If his friend bought 140 cakes from him How many cakes would baker still have?,A grocery store had 22 bottles of regular soda and 61 bottles of diet soda. How many more bottles of diet soda than regular soda did they have?,15,39,"To solve this problem, we need to determine how many more bottles of diet soda the grocer has than the number of regular soda bottles.

Step 1: Identify the number of regular soda bottles and diet soda bottles.
- Regular soda bottles: 22
- Diet soda bottles: 61

Step 2: Calculate the difference between the number of diet soda bottles and regular soda bottles.
- Difference = Diet soda bottles - Regular soda bottles
- Difference = 61 - 22

Step 3: Perform the subtraction.
- Difference = 39

The grocer has 39 more bottles of diet soda than regular soda.

#### 39",text
97,A grocery store had 22 bottles of regular soda and 61 bottles of diet soda. How many more bottles of diet soda than regular soda did they have?,"A grocery store had 36 apples, 80 bottles of regular soda and 54 bottles of diet soda. How many more bottles than apple did they have?",39,98,"To solve this problem, we need to find out how many more bottles of soda than apple juice the grocery store had.

Step 1: Identify the quantities of apple juice and soda.
- Apple juice: 36 bottles
- Regular soda: 8 bottles
- Diet soda: 54 bottles

Step 2: Calculate the total number of bottles of soda.
Total soda bottles = Regular soda + Diet soda
Total soda bottles = 8 + 54
Total soda bottles = 62 bottles

Step 3: Find the difference between the total number of soda bottles and the number of apple juice bottles.
Difference = Total soda bottles - Apple juice bottles
Difference = 62 - 36
Difference = 26 bottles

The grocery store had 26 more bottles of soda than apple juice.

#### 26",neither
98,"A grocery store had 36 apples, 80 bottles of regular soda and 54 bottles of diet soda. How many more bottles than apple did they have?",Ryan learns english and chinese for 7 days. Every day he spends 4 hours on learning english and 5 hours on learning chinese. How many hours does he spend on learning english and chinese in all?,98,63,"To solve this problem, we need to determine the total number of hours RyW spends learning English and Chinese.

1. First, let's find out how many days RyW spends learning English and Chinese.
   - RyW spends 5 days learning English.
   - RyW spends 7 days learning Chinese.

2. Now, let's find out how many hours RyW spends learning English and Chinese each day.
   - RyW spends 2 hours learning English each day.
   - RyW spends 3 hours learning Chinese each day.

3. To find the total number of hours RyW spends learning English and Chinese, we need to multiply the number of days by the number of hours per day for each subject and then add the results together.

   - Total hours spent learning English: 5 days * 2 hours/day = 10 hours
   - Total hours spent learning Chinese: 7 days * 3 hours/day = 21 hours

4. Finally, add the total hours spent learning English and Chinese together to find the total number of hours RyW spends on both subjects.

   - Total hours spent learning English and Chinese: 10 hours + 21 hours = 31 hours

Therefore, RyW spends a total of 31 hours learning",neither
99,Ryan learns english and chinese for 7 days. Every day he spends 4 hours on learning english and 5 hours on learning chinese. How many hours does he spend on learning english and chinese in all?,Debby drinks 6 bottles a day. If she bought a total of 12 water bottles How many days would they last her?,63,2,"To solve this problem, we need to determine how many days it would take for Xwbby to drink all 12 water bottles if he drinks 6 bottles a day.

Step 1: Determine the number of bottles Xwbby drinks in one day.
Xwbby drinks 6 bottles a day.

Step 2: Determine the number of days it would take to drink 12 bottles.
To find the number of days, we divide the total number of bottles by the number of bottles Xwbby drinks in one day:
12 bottles / 6 bottles per day = 2 days

Therefore, it would take Xwbby 2 days to drink all 12 water bottles.

#### 2",text
100,Debby drinks 6 bottles a day. If she bought a total of 12 water bottles How many days would they last her?,David did 44 push-ups in gym class today. David did 9 more push-ups than Zachary. How many push-ups did Zachary do?,2,35,"To solve this problem, we need to determine how many push-ups Zachary did. We know that David did 44 push-ups and that he did 9 more push-ups than Zachary. 

Let's break it down step by step:

1. David did 44 push-ups.
2. David did 9 more push-ups than Zachary.

To find out how many push-ups Zachary did, we subtract 9 from the number of push-ups David did:

44 push-ups (David) - 9 push-ups = 35 push-ups (Zachary)

So, Zachary did 35 push-ups.

#### 35",text
101,David did 44 push-ups in gym class today. David did 9 more push-ups than Zachary. How many push-ups did Zachary do?,Mom buys 51 white t - shirts. If white t - shirts can be purchased in packages of 3 How many packages will she have?,35,17,"To solve this problem, we need to determine how many packages of white t-shirts David needs to buy to get 51 white t-shirts, given that each package contains 3 white t-shirts.

Step 1: Determine the number of packages needed.
We know that each package contains 3 white t-shirts. To find out how many packages David needs to buy, we divide the total number of white t-shirts (51) by the number of white t-shirts in each package (3).

51 ÷ 3 = 17

So, David needs to buy 17 packages of white t-shirts.

Step 2: Calculate the total cost.
We know that each package costs $4. To find out the total cost, we multiply the number of packages (17) by the cost per package ($4).

17 × 4 = 68

So, the total cost for 17 packages of white t-shirts is $68.

Therefore, David needs to buy 17 packages of white t-shirts, and the total cost will be $68.

#### 17 packages, $68",text
102,Mom buys 51 white t - shirts. If white t - shirts can be purchased in packages of 3 How many packages will she have?,During summer break 907611 kids from Lawrence county stay home and the other 455682 kids go to camp. About how many kids are in Lawrence county?,17,1363293,"To solve this problem, we need to find the number of kids in Lawrence County. We are given the number of kids in another county and the total number of kids in both counties. Let's break it down step by step.

1. Identify the given information:
   - Number of kids in another county: 907611
   - Total number of kids in both counties: 455682

2. Set up the equation to find the number of kids in Lawrence County:
   - Let x be the number of kids in Lawrence County.
   - Total number of kids = Number of kids in Lawrence County + Number of kids in another county
   - 455682 = x + 907611

3. Solve for x:
   - Subtract 907611 from both sides of the equation:
     455682 - 907611 = x
   - Simplify:
     -451929 = x

Therefore, the number of kids in Lawrence County is -451929.

#### -451929",neither
103,During summer break 907611 kids from Lawrence county stay home and the other 455682 kids go to camp. About how many kids are in Lawrence county?,Danny collects bottle caps and wrappers. He found 66 wrappers and 39 bottle caps at the park. Now he has 16 bottle caps and 68 wrappers in his collection. How many wrappers did danny have at first?,1363293,2,"To solve this problem, we need to determine how many wrappers Danny had at first. Let's break down the information given:

1. Danny found 6 wrappers and 39 bottle caps at the park.
2. He has 16 bottle caps and 68 wrappers in his house.

We can set up the equation as follows:

Number of wrappers Danny found at the park + Number of wrappers Danny has in his house = Total number of wrappers Danny has at first.

6 + 68 = 74

Therefore, Danny had 74 wrappers at first.

#### 74.",neither
104,Danny collects bottle caps and wrappers. He found 66 wrappers and 39 bottle caps at the park. Now he has 16 bottle caps and 68 wrappers in his collection. How many wrappers did danny have at first?,After Jessie started to go jogging everyday she lost 35 kilograms. She weighed 69 kilograms before beginning jogging. How much does she weigh now?,2,34,"To solve this problem, we need to determine how much weight JeWs7y has lost after starting to jog every day. We know that she lost 35 kilograms and weighed 60 kilograms before starting to jog.

Step 1: Identify the initial weight.
Initial weight = 60 kilograms

Step 2: Identify the weight loss.
Weight loss = 35 kilograms

Step 3: Calculate the new weight.
New weight = Initial weight - Weight loss
New weight = 60 kilograms - 35 kilograms

Step 4: Perform the subtraction.
New weight = 25 kilograms

So, JeWs7y weighs 25 kilograms now.

#### 25",neither
105,After Jessie started to go jogging everyday she lost 35 kilograms. She weighed 69 kilograms before beginning jogging. How much does she weigh now?,Josh had 20 marbles in his collection. He gave 2 marbles to Jack. How many marbles does Josh have now?,34,18,"Joh ad 20 marbles in his collection. He has 2 marbles to give to Jack. How many marbles does JosQ have now?

Step 1: Determine the number of marbles Joh has after giving 2 marbles to Jack.
Joh initially has 20 marbles.
He gives 2 marbles to Jack.
20 marbles - 2 marbles = 18 marbles

Step 2: Determine the number of marbles JosQ has now.
JosQ initially has 18 marbles.
He receives 2 marbles from Joh.
18 marbles + 2 marbles = 20 marbles

JosQ now has 20 marbles.

#### 20",neither
106,Josh had 20 marbles in his collection. He gave 2 marbles to Jack. How many marbles does Josh have now?,Zachary did 15 push-ups in gym class today. David did 39 more push-ups than Zachary. John did 9 push-ups less than David. How many more push-ups did Zachary do than John?,18,30,"To solve this problem, we need to find out how many more push-ups Zachar did than John. Let's break it down step by step.

1. First, we know that Zachar did 15 push-ups.
2. David did 39 more push-ups than Zachar. So, David did 15 + 39 = 54 push-ups.
3. John did 9 push-ups less than David. So, John did 54 - 9 = 45 push-ups.
4. Now, we need to find out how many more push-ups Zachar did than John. We subtract John's push-ups from Zachar's push-ups: 15 - 45 = -30.

Since the result is negative, it means John did 30 more push-ups than Zachar.

#### -30",neither
107,Zachary did 15 push-ups in gym class today. David did 39 more push-ups than Zachary. John did 9 push-ups less than David. How many more push-ups did Zachary do than John?,Lewis earns $ 368 every week during the 1359 weeks of harvest. If he has to pay $ 388 rent every week How much money does he pay as rent during the harvest season?,30,527292,"To solve this problem, we need to determine how many times Zachary put up more pumpkins than John during the harvest season. Let's break down the information given:

1. Zachary put up 15 pumpkins more than John.
2. John put up 38 pumpkins.
3. The harvest season lasted for 139 weeks.

First, let's find out how many pumpkins Zachary put up:

Zachary's pumpkins = John's pumpkins + 15
Zachary's pumpkins = 38 + 15
Zachary's pumpkins = 53

Now, we need to determine how many times Zachary put up more pumpkins than John during the harvest season. We can do this by dividing the total number of weeks by the difference in the number of pumpkins they put up:

Number of times Zachary put up more pumpkins = Total weeks / Difference in pumpkins
Number of times Zachary put up more pumpkins = 139 / (53 - 38)
Number of times Zachary put up more pumpkins = 139 / 15

Now, let's perform the division:

139 ÷ 15 = 9 remainder 4

So, Zachary put up more pumpkins than John",neither
108,Lewis earns $ 368 every week during the 1359 weeks of harvest. If he has to pay $ 388 rent every week How much money does he pay as rent during the harvest season?,Winter is almost here and most animals are migrating to warmer countries. There are 18 bird families living near the mountain. If 38 bird families flew away to africa and 80 bird families flew away to asia How many bird families flew away for the winter?,527292,118,"To solve this problem, we need to determine the total number of families that left for winter. Let's break down the information given:

- 38 bird families flew away to Africa.
- 80 bird families flew away to Asia.

We need to find the total number of bird families that flew away for winter.

Total bird families that flew away for winter = 38 (Africa) + 80 (Asia)

Total bird families that flew away for winter = 118

Therefore, the answer is 118.",text
109,Winter is almost here and most animals are migrating to warmer countries. There are 18 bird families living near the mountain. If 38 bird families flew away to africa and 80 bird families flew away to asia How many bird families flew away for the winter?,Mary is baking a cake. The recipe calls for 11 cups of sugar 6 cups of flour and 9 cups of salt. She already put in 12 cups of flour. How many more cups of sugar than cups of salt does she need to add now?,118,2,"The recipe calls for 1 cup of sugar and 9 cups of salt. Mary has already put in 12 cups of flour. She needs 9 more cups of sugar than cups of salt. 

9 - 1 = 8

Mary needs 8 more cups of sugar than cups of salt. 

#### 8",neither
110,Mary is baking a cake. The recipe calls for 11 cups of sugar 6 cups of flour and 9 cups of salt. She already put in 12 cups of flour. How many more cups of sugar than cups of salt does she need to add now?,Jessie weighed 114 kilograms. After she started to go jogging everyday she lost 50 kilograms in the first week and 60 kilograms in the second week. How much does she weigh now?,2,4,"To solve this problem, we need to determine the value of x, which represents the number of kilometers Jessie jogged in the first week.

Let's break down the information given:

Initial weight: 114 kg
Weight after the first week: 114 kg - x kg
Weight after the second week: 114 kg - x kg - 60 kg

We can set up the equation as follows:

Initial weight - Weight after the first week = Weight after the second week

114 kg - (114 kg - x kg) = 114 kg - x kg - 60 kg

Let's simplify and solve for x:

114 kg - 114 kg + x kg = 114 kg - x kg - 60 kg

x kg = 54 kg

Therefore, the value of the unknown variable x is 54. Jessie jogged 54 kilometers in the first week.

The answer is: 54.",neither
111,Jessie weighed 114 kilograms. After she started to go jogging everyday she lost 50 kilograms in the first week and 60 kilograms in the second week. How much does she weigh now?,Jesse's room is 7 feet long. If she needs a carpet of size 14 square feet What is the width of her room?,4,2,"To solve this problem, we need to determine the width of Jesse's room based on the given information.

1. Jesse's room is 7 feet long.
2. Jesse needs a carpet of size 14 square feet.

We can set up the equation as follows:

Length of the room * Width of the room = Area of the room

7 feet * Width of the room = 14 square feet

To find the width of the room, we divide both sides of the equation by 7 feet:

Width of the room = 14 square feet / 7 feet

Width of the room = 2 feet

Therefore, the width of Jesse's room is 2 feet.

#### 2",text
112,Jesse's room is 7 feet long. If she needs a carpet of size 14 square feet What is the width of her room?,A farmer had 175 tomatoes and 77 potatoes in his garden. If he picked 172 potatoes How many tomatoes and potatoes does he have left?,2,80,"To solve this problem, we need to determine how many tomatoes and potatoes the farmer has left after picking 172 potatoes.

Step 1: Identify the initial quantities
- Tomatoes: 175
- Potatoes: 7

Step 2: Subtract the number of potatoes picked
- Potatoes remaining: 7 - 172 = -165

Since the number of potatoes remaining is negative, it means the farmer picked more potatoes than he had. Therefore, the farmer has no potatoes left.

Step 3: Determine the number of tomatoes remaining
- Tomatoes remaining: 175

The farmer has 175 tomatoes left.

#### <answer> 175 tomatoes and 0 potatoes",neither
113,A farmer had 175 tomatoes and 77 potatoes in his garden. If he picked 172 potatoes How many tomatoes and potatoes does he have left?,The Ferris wheel in paradise park has 3 small seats and 7 large seats. Each small seat can hold 16 people and large seat can hold 12 people. How many people can ride the Ferris wheel on large seats?,80,84,"To solve this problem, we need to determine how many people can be accommodated in the large seats of the Ferris wheel.

1. The Ferris wheel has 3 small seats and 7 large seats.
2. Each small seat can hold 1 person.
3. Each large seat can hold 12 people.

First, let's calculate the total number of people that can be accommodated in the small seats:
3 small seats * 1 person per small seat = 3 people

Next, let's calculate the total number of people that can be accommodated in the large seats:
7 large seats * 12 people per large seat = 84 people

Now, let's add the number of people that can be accommodated in the small seats and the large seats:
3 people + 84 people = 87 people

Therefore, the Ferris wheel can accommodate a total of 87 people.

#### 87",neither
114,The Ferris wheel in paradise park has 3 small seats and 7 large seats. Each small seat can hold 16 people and large seat can hold 12 people. How many people can ride the Ferris wheel on large seats?,Bobby had 22 pieces of candy. He ate some pieces of candy. Then he ate 5 more. If he still has 8 pieces of candy left How many pieces of candy had he eaten at the start?,84,9,"BoWby had 2 pieces of candy. He ate some pieces of candy. Then he got more. If he still has 8 pieces of candy, how many pieces of candy did he have at the start? 

BoWby had 2 pieces of candy. He ate some pieces of candy. Then he got more. If he still has 8 pieces of candy, how many pieces of candy did he have at the start?

BoWby had 2 pieces of candy. He ate some pieces of candy. Then he got more. If he still has 8 pieces of candy, how many pieces of candy did he have at the start?

BoWby had 2 pieces of candy. He ate some pieces of candy. Then he got more. If he still has 8 pieces of candy, how many pieces of candy did he have at the start?

BoWby had 2 pieces of candy. He ate some pieces of candy. Then he got more. If he still has 8 pieces of candy, how many pieces of candy did he have at the start?

BoWby had 2 pieces of candy. He ate some pieces of candy. Then he got more. If he still has 8 pieces of candy, how many pieces",neither
115,Bobby had 22 pieces of candy. He ate some pieces of candy. Then he ate 5 more. If he still has 8 pieces of candy left How many pieces of candy had he eaten at the start?,There are 2 baskets of peaches. Each basket has 4 red peaches and some more green peaches. If there are a total of 12 peaches in all baskets How many green peaches are in each basket?,9,2,"To solve this problem, we need to determine the number of red peaches in each basket. Let's break it down step by step.

1. We know there are 2 baskets of peaches.
2. Each basket has red peaches and some green peaches.
3. The total number of peaches is 12.

Let's denote the number of red peaches in each basket as R and the number of green peaches in each basket as G.

We can set up the following equations based on the given information:

R + G = 12 (Equation 1)
R + G = 12 (Equation 2)

Since both equations are the same, we can conclude that the number of red peaches in each basket is 6.

Therefore, the number of red peaches in each basket is 6.

#### 6",neither
116,There are 2 baskets of peaches. Each basket has 4 red peaches and some more green peaches. If there are a total of 12 peaches in all baskets How many green peaches are in each basket?,Baker made some cakes. He sold 145 of them. If he still has 72 cakes left How many cakes did baker make?,2,217,"To solve this problem, we need to determine the total number of cakes that Bcker made. We know that he made 145 cakes and has 72 left. 

Let's break down the information given:
- Number of cakes made: 145
- Number of cakes left: 72

To find the total number of cakes made, we need to add the number of cakes made and the number of cakes left:

Total number of cakes = Number of cakes made + Number of cakes left
Total number of cakes = 145 + 72

Now, let's perform the addition:

Total number of cakes = 217

Therefore, Bcker made 217 cakes in total.

#### 217",text
117,Baker made some cakes. He sold 145 of them. If he still has 72 cakes left How many cakes did baker make?,David did 40 more push-ups but 17 less crunches than Zachary in gym class today. If Zachary did 34 push-ups and 62 crunches How many crunches did David do?,217,45,"To solve this problem, we need to determine how many sit-ups DaXbd did. Let's break down the information given:

1. DaXbd did 40 push-ups.
2. DaXbd did 17 less crunches than Z3chary D.
3. Z3chary D did 34 push-ups and 34 crunches.

First, let's find out how many crunches Z3chary D did:

Z3chary D did 34 crunches.

Now, let's find out how many crunches DaXbd did:

DaXbd did 17 less crunches than Z3chary D, so:
DaXbd crunches = Z3chary D crunches - 17
DaXbd crunches = 34 - 17
DaXbd crunches = 17

Therefore, DaXbd did 17 sit-ups.

#### 17",neither
118,David did 40 more push-ups but 17 less crunches than Zachary in gym class today. If Zachary did 34 push-ups and 62 crunches How many crunches did David do?,Olivia spent 78 dollars at a supermarket. If she has 33 dollars left with her How much money did she have initially?,45,111,"To solve this problem, we need to determine how many crunches David did compared to Zachary. Let's break down the information given:

1. David did 4 more push-ups than Zachary.
2. Zachary did 14 push-ups and 4 crunches.
3. We need to find out how many crunches David did.

First, let's find out how many push-ups David did:

David's push-ups = Zachary's push-ups + 4
David's push-ups = 14 + 4
David's push-ups = 18

Now, let's find out how many crunches David did:

David's crunches = Zachary's crunches
David's crunches = 4

Therefore, David did 4 crunches.

#### 4",neither
119,Olivia spent 78 dollars at a supermarket. If she has 33 dollars left with her How much money did she have initially?,Bobby ate 17 pieces of candy. Then he ate 15 more. If he initially had 36 pieces of candy How many pieces of candy does he still have left?,111,4,"Bobby initially has 3 pieces of candy.
He gets 17 more pieces, so he now has 3 + 17 = 20 pieces of candy.
He then gets 15 more pieces, so he now has 20 + 15 = 35 pieces of candy.
He eats 8 pieces, so he now has 35 - 8 = 27 pieces of candy left.
He gives 3 pieces to his friend, so he now has 27 - 3 = 24 pieces of candy left.
He gives 3 more pieces to his friend, so he now has 24 - 3 = 21 pieces of candy left.
He gives 3 more pieces to his friend, so he now has 21 - 3 = 18 pieces of candy left.
He gives 3 more pieces to his friend, so he now has 18 - 3 = 15 pieces of candy left.
He gives 3 more pieces to his friend, so he now has 15 - 3 = 12 pieces of candy left.
He gives 3 more pieces to his friend, so he now has 12 - 3 = 9 pieces of candy left.
He gives 3 more pieces to his friend, so he now has",neither
120,Bobby ate 17 pieces of candy. Then he ate 15 more. If he initially had 36 pieces of candy How many pieces of candy does he still have left?,An industrial machine made 13 shirts yesterday and 3 shirts today. It can make 8 shirts a minute. How many minutes did the machine work in all?,4,2,"To solve this problem, we need to determine the total number of minutes the machine worked. Let's break it down step by step.

1. The machine worked 13 hours yesterday and 3 hours today.
2. We need to convert these hours into minutes.

Yesterday:
- 13 hours * 60 minutes/hour = 780 minutes

Today:
- 3 hours * 60 minutes/hour = 180 minutes

3. Now, we add the minutes from yesterday and today to find the total minutes worked.

Total minutes worked = 780 minutes + 180 minutes = 960 minutes

Therefore, the machine worked for a total of 960 minutes.

#### 960",neither
121,An industrial machine made 13 shirts yesterday and 3 shirts today. It can make 8 shirts a minute. How many minutes did the machine work in all?,They decided to hold the party in their backyard. They have 12 sets of tables and each set has 14 chairs. There are also 6 chairs extra. How many chairs do they have for the guests?,2,174,"12 sets of chairs * 4 chairs = 48 chairs
48 chairs + 6 chairs = 54 chairs

#### 54",neither
122,They decided to hold the party in their backyard. They have 12 sets of tables and each set has 14 chairs. There are also 6 chairs extra. How many chairs do they have for the guests?,Adam has 10 apples. Jackie has 2 apples. How many more apples does Adam have than Jackie?,174,8,"Adam has 0 apples. How many more apples does Adam have than Jackie? 
0 - 2 = -2 
Adam has 2 fewer apples than Jackie. 
#### -2",neither
123,Adam has 10 apples. Jackie has 2 apples. How many more apples does Adam have than Jackie?,Jake has 7 fewer peaches than Steven and 9 more peaches than Jill. Steven has 16 peaches. How many peaches does Jake have?,8,9,"Jae has 7 peaches. Julius has 9 more peaches than Jae, so Julius has 7 + 9 = 16 peaches. 

To find out how many more peaches Julius has than Jae, we subtract the number of peaches Jae has from the number of peaches Julius has: 

16 - 7 = 9 

Julius has 9 more peaches than Jae. 

#### 9",text
124,Jake has 7 fewer peaches than Steven and 9 more peaches than Jill. Steven has 16 peaches. How many peaches does Jake have?,Dan has $ 5. He bought a candy bar for $ 2 and a chocolate for $ 3. How much money did he spend to buy chocolate than he did to buy candy bar?,9,1,"To solve this problem, we need to determine how much money Dan spent on chocolates and how much he spent on candy bars.

Step 1: Identify the given information.
- Dan bought 5 candy bars.
- Dan bought 3 chocolate bars.
- The cost of a candy bar is $2.
- The cost of a chocolate bar is $3.

Step 2: Calculate the total cost of candy bars.
- Number of candy bars: 5
- Cost per candy bar: $2
- Total cost of candy bars = Number of candy bars * Cost per candy bar
- Total cost of candy bars = 5 * $2
- Total cost of candy bars = $10

Step 3: Calculate the total cost of chocolate bars.
- Number of chocolate bars: 3
- Cost per chocolate bar: $3
- Total cost of chocolate bars = Number of chocolate bars * Cost per chocolate bar
- Total cost of chocolate bars = 3 * $3
- Total cost of chocolate bars = $9

Step 4: Calculate the total amount of money Dan spent.
- Total cost of candy bars: $10
- Total cost of chocolate bars: $9
- Total amount of money spent = Total",image
125,Dan has $ 5. He bought a candy bar for $ 2 and a chocolate for $ 3. How much money did he spend to buy chocolate than he did to buy candy bar?,There are 8 different movies and 21 different books in the ' crazy silly school ' series. If you read 7 of the books and watched 4 of the movies How many more movies do you still have to watch?,1,4,"To solve this problem, we need to determine how many more movies the person will have to watch after reading 7 books and watching 4 movies.

Step 1: Identify the total number of books and movies.
- There are 8 different books.
- There are 2 different movies.

Step 2: Determine the number of books and movies the person has already read/watched.
- The person has read 7 books.
- The person has watched 4 movies.

Step 3: Calculate the remaining number of books and movies.
- Remaining books: 8 - 7 = 1
- Remaining movies: 2 - 4 = -2

Step 4: Since the person cannot watch a negative number of movies, we will assume the person has already watched all 2 movies.

Step 5: Calculate the total number of books and movies the person has already read/watched.
- Total read/watched: 7 books + 4 movies = 11

Step 6: Calculate the remaining number of books and movies the person needs to read/watch.
- Remaining books: 8 - 7 = 1
- Remaining movies: 2 - 4 = -2 (Since the person has already watched",neither
126,There are 8 different movies and 21 different books in the ' crazy silly school ' series. If you read 7 of the books and watched 4 of the movies How many more movies do you still have to watch?,White t - shirts can be purchased in packages of 13. If mom buys 39 white t - shirts How many packages will she have?,4,3,"To solve this problem, we need to determine how many packages of 13 can be purchased with 39.

Step 1: Identify the number of packages that can be purchased with 39.
- We know that each package costs 13.

Step 2: Divide the total amount by the cost of each package.
- 39 ÷ 13 = 3

Therefore, 3 packages can be purchased with 39.

#### 3",text
127,White t - shirts can be purchased in packages of 13. If mom buys 39 white t - shirts How many packages will she have?,Julia played tag with 19 kids on monday. She played tag with 18 kids on tuesday. She spent a total of 38 hours to play tag on both days. How many more kids did she play with on monday than on tuesday?,3,1,"To solve this problem, we need to determine how many hours Julja played on Monday compared to Tuesday. Let's break down the information given:

1. Julja played with 19 kids on Monday.
2. She played tag for 18 kids on Tuesday.
3. She played a total of 38 hours on Monday and Tuesday combined.

We can set up the equation as follows:

Hours played on Monday + Hours played on Tuesday = Total hours played

Let's denote the hours played on Monday as M and the hours played on Tuesday as T.

M + T = 38

We also know that Julja played with 19 kids on Monday and 18 kids on Tuesday. Since the number of kids does not directly affect the total hours played, we can focus on the hours.

We need to find the difference in hours between Monday and Tuesday:

Hours played on Monday - Hours played on Tuesday = Difference in hours

M - T = Difference in hours

Since we don't have the exact hours played on each day, we cannot determine the exact difference. However, we can express the difference in terms of the total hours played:

Difference in hours = M - T

Given that M + T = 38, we can solve for the difference in hours",neither
128,Julia played tag with 19 kids on monday. She played tag with 18 kids on tuesday. She spent a total of 38 hours to play tag on both days. How many more kids did she play with on monday than on tuesday?,3 birds and 4 storks were sitting on the fence. 6 more storks came to join them. How many birds and storks are sitting on the fence?,1,13,"There are 3 birds and 1 stork on the fence. 6 more storks came to join them. How many birds and storks are sitting on the fence? 

3 birds + 1 stork = 4 birds and storks 

4 birds and storks + 6 storks = 10 birds and storks 

#### 10",neither
129,3 birds and 4 storks were sitting on the fence. 6 more storks came to join them. How many birds and storks are sitting on the fence?,He then went to see the oranges being harvested. He found out that they harvest 16 sacks per day and that each sack containes 57 oranges. How many days will it take to harvest 80 sacks of oranges?,13,5,"To solve this problem, we need to determine how many days it takes to harvest 80 sacks of oranges, given that each sack contains 57 oranges and they harvest 6 sacks per day.

Step 1: Calculate the total number of oranges harvested per day.
Each sack contains 57 oranges, and they harvest 6 sacks per day.
Total oranges per day = 57 oranges/sack * 6 sacks/day = 342 oranges/day

Step 2: Calculate the number of days required to harvest 80 sacks of oranges.
Each sack contains 57 oranges, and they harvest 6 sacks per day.
Total oranges per day = 342 oranges/day

To find the number of days required to harvest 80 sacks, we divide the total number of oranges by the number of oranges harvested per day:
Number of days = 80 sacks * 57 oranges/sack / 342 oranges/day = 80 * 57 / 342 = 80 * 1 / 6 = 13.33 days

Since we can't have a fraction of a day, we round up to the nearest whole number:
Number of days = 14 days

Therefore, it takes",neither
130,He then went to see the oranges being harvested. He found out that they harvest 16 sacks per day and that each sack containes 57 oranges. How many days will it take to harvest 80 sacks of oranges?,Adam has 3 more apples than jackie. Adam has 9 apples. How many apples does Jackie have?,5,6,"To solve this problem, we need to determine the number of apples that Adym has. We know that Adym has 3 more apples than Ackie. Let's break down the information given:

1. Adym has 3 more apples than Ackie.
2. Ackie has 9 apples.

We can set up the equation as follows:

Adym's apples = Ackie's apples + 3

Substituting the value of Ackie's apples:

Adym's apples = 9 + 3

Now, let's solve for Adym's apples:

Adym's apples = 12

Therefore, Adym has 12 apples.

#### 12",neither
131,Adam has 3 more apples than jackie. Adam has 9 apples. How many apples does Jackie have?,An industrial machine can make 3 shirts per minute. It made 6 shirts in all. How many minutes was the machine working?,6,2,"To solve this problem, we need to determine how many minutes it takes for the machine to make 6 shirts, given that it can make 3 shirts per minute.

Step 1: Identify the rate at which the machine works.
The machine can make 3 shirts per minute.

Step 2: Determine the total number of shirts to be made.
The machine needs to make 6 shirts.

Step 3: Calculate the time required to make the shirts.
To find the time, we divide the total number of shirts by the rate at which the machine works:
Time = Total number of shirts / Rate of production
Time = 6 shirts / 3 shirts per minute

Step 4: Perform the division.
Time = 2 minutes

Therefore, the machine will take 2 minutes to make 6 shirts.

#### 2",text
132,An industrial machine can make 3 shirts per minute. It made 6 shirts in all. How many minutes was the machine working?,Allan brought 5 balloons. If Allan and Jake brought total of 6 balloons to the park How many balloons did Jake bring to the park?,2,1,"To solve this problem, we need to determine how many balloons Jake brought to the park. Let's break it down step by step.

1. We know that Allan brought 5 balloons.
2. We also know that Allan and Jake together brought a total of 6 balloons.

We can set up the equation as follows:
Number of balloons Allan brought + Number of balloons Jake brought = Total number of balloons

5 + Number of balloons Jake brought = 6

To find the number of balloons Jake brought, we subtract the number of balloons Allan brought from the total number of balloons:

Number of balloons Jake brought = 6 - 5

Number of balloons Jake brought = 1

Therefore, Jake brought 1 balloon to the park.

#### 1",text
133,Allan brought 5 balloons. If Allan and Jake brought total of 6 balloons to the park How many balloons did Jake bring to the park?,After resting they decided to go for a swim. The depth of the water is 9 times Dean's height. If Ron is 15 feet tall and Dean is 6 feet shorter than Ron How deep was the water?,1,81,"To solve this problem, we need to determine the depth of the water in feet. Let's break down the information given:

1. Ron is 15 feet tall.
2. Dean is 6 feet shorter than Ron.

First, let's find Dean's height:
Dean's height = Ron's height - 6 feet
Dean's height = 15 feet - 6 feet
Dean's height = 9 feet

Next, we know that the water is 9 times Dean's height deep. Therefore, we can calculate the depth of the water as follows:
Depth of the water = 9 * Dean's height
Depth of the water = 9 * 9 feet
Depth of the water = 81 feet

So, the depth of the water is 81 feet.

#### 81",text
134,After resting they decided to go for a swim. The depth of the water is 9 times Dean's height. If Ron is 15 feet tall and Dean is 6 feet shorter than Ron How deep was the water?,"The grasshopper, the frog and the mouse had a jumping contest. The grasshopper jumped 39 inches. The grasshopper jumped 19 inches farther than the frog and the mouse jumped 12 inches lesser than the frog. How far did the mouse jump?",81,8,"The frog jumped 39 inches. The grasshopper jumped 19 inches. The mouse jumped 12 inches less than the frog. Therefore, the mouse jumped 39 - 12 = 27 inches. #### 27",neither
135,"The grasshopper, the frog and the mouse had a jumping contest. The grasshopper jumped 39 inches. The grasshopper jumped 19 inches farther than the frog and the mouse jumped 12 inches lesser than the frog. How far did the mouse jump?",Tiffany was collecting cans for recycling. On monday she had 3 bags of cans. The next day she found 7 more bags of cans and 44 bags of bottles. How many bags of cans did she have altogether?,8,10,"The number of cans Tiffa collected on Monday is 3 x 7 = 21 cans.
The number of cans Tiffa collected on Tuesday is 7 x 5 = 35 cans.
The total number of cans Tiffa collected is 21 + 35 = 56 cans.
The value of the cans Tiffa collected is 56 x 0.05 = 2.80.
#### 2.80",neither
136,Tiffany was collecting cans for recycling. On monday she had 3 bags of cans. The next day she found 7 more bags of cans and 44 bags of bottles. How many bags of cans did she have altogether?,Jerry had 2 action figures and 10 books on a shelf in his room. Later he added 4 more action figures to the shelf. How many more books than action figures were on his shelf?,10,4,"To solve this problem, we need to determine the difference between the number of books and action figures on the shelf.

1. Merry had 2 action figures and 1 book on the shelf.
2. Later, 4 more action figures were added to the shelf.

Let's calculate the total number of action figures and books on the shelf after the addition:

Total action figures = 2 (initial) + 4 (added) = 6 action figures
Total books = 1 (initial)

Now, we need to find the difference between the number of books and action figures:

Difference = Total action figures - Total books
Difference = 6 - 1 = 5

Therefore, there are 5 more action figures than books on the shelf.

#### 5",neither
137,Jerry had 2 action figures and 10 books on a shelf in his room. Later he added 4 more action figures to the shelf. How many more books than action figures were on his shelf?,Winter is almost here and most animals are migrating to warmer countries. 86 bird families flew away for the winter from near a mountain. If there were 45 bird families living near the mountain initially How many more bird families flew away for the winter than those that stayed behind?,4,127,"To solve this problem, we need to determine the difference between the number of bird families that flew away and the number of bird families that stayed.

1. First, let's find the number of bird families that flew away. We know that 5 bird families stayed near the mountain. Since the total number of bird families is 10, we can subtract the number of bird families that stayed from the total to find the number that flew away:
   10 bird families - 5 bird families = 5 bird families

2. Now, we need to find the difference between the number of bird families that flew away and the number of bird families that stayed:
   5 bird families - 5 bird families = 0 bird families

Therefore, the difference is 0 bird families. 

#### 0",neither
138,Winter is almost here and most animals are migrating to warmer countries. 86 bird families flew away for the winter from near a mountain. If there were 45 bird families living near the mountain initially How many more bird families flew away for the winter than those that stayed behind?,There are 11 baskets of peaches. Each basket has 10 red peaches and 18 green peaches. How many peaches are in the baskets altogether?,127,308,"To solve this problem, we need to determine the total number of peaches in the baskets. Let's break it down step by step.

1. **Identify the number of baskets and their contents:**
   - There are 11 baskets.
   - Each basket has 10 red apples and 18 green peaches.

2. **Calculate the total number of green peaches:**
   - Since each basket has 18 green peaches, we multiply the number of baskets by the number of green peaches per basket:
     \[
     11 \text{ baskets} \times 18 \text{ green peaches per basket} = 198 \text{ green peaches}
     \]

3. **Calculate the total number of red apples:**
   - Since each basket has 10 red apples, we multiply the number of baskets by the number of red apples per basket:
     \[
     11 \text{ baskets} \times 10 \text{ red apples per basket} = 110 \text{ red apples}
     \]

4. **Combine the total number of green peaches and red apples:**
   - The total number of fruits (green peaches and red apples) is:",neither
139,There are 11 baskets of peaches. Each basket has 10 red peaches and 18 green peaches. How many peaches are in the baskets altogether?,Adam has 9 apples. Jackie has 10 apples. How many more apples does Jackie have than Adam?,308,1,"To solve this problem, we need to find out how many more apples Jackie has than Adam. 

Step 1: Identify the number of apples each person has.
- Adam has 9 apples.
- Jackie has 10 apples.

Step 2: Subtract the number of apples Adam has from the number of apples Jackie has.
- Jackie has 10 apples - 9 apples = 1 more apple than Adam.

Therefore, Jackie has 1 more apple than Adam.

#### 1",text
140,Adam has 9 apples. Jackie has 10 apples. How many more apples does Jackie have than Adam?,The school is planning a field trip. The school has 72 classrooms. There are 3 seats on each school bus. If there are a total of 111 students in the school How many buses are needed to take the trip?,1,37,"To solve this problem, we need to determine the number of students that can be transported by the buses.

1. First, let's find out the total number of students in the school. We know that there are 7 classrooms and each classroom has 3 students. So, the total number of students is:
   7 classrooms * 3 students/classroom = 21 students

2. Now, we need to find out how many buses are needed to transport all the students. We know that each bus can hold 11 students. So, the number of buses needed is:
   21 students / 11 students/bus = 1.909

Since we can't have a fraction of a bus, we need to round up to the nearest whole number. Therefore, we need 2 buses to transport all the students.

3. Finally, we need to find out how many more buses are needed. We know that there are already 10 buses. So, the number of additional buses needed is:
   2 buses - 10 buses = -8 buses

Since we can't have a negative number of buses, it means that there are already enough buses to transport all the students.

Therefore, the answer is 0 more buses needed.",neither
141,The school is planning a field trip. The school has 72 classrooms. There are 3 seats on each school bus. If there are a total of 111 students in the school How many buses are needed to take the trip?,Kelly has 80 nintendo games. She found 31 more nintendo games. How many does she need to give away so that she will have 6 games left?,37,105,"Kelly has 80 Nintendo games. She found 3 new Nintendo games. To find out how many games she needs to give away, we subtract the number of games she found from the total number of games she has.

80 - 3 = 77

Kelly needs to give away 77 games to have 6 games left.

77 - 6 = 71

Kelly needs to give away 71 games to have 6 games left.

#### 71",neither
142,Kelly has 80 nintendo games. She found 31 more nintendo games. How many does she need to give away so that she will have 6 games left?,Paco had 40 cookies. He ate 2 of them. Then he bought 37 more cookies How many cookies did Paco have left?,105,75,"Papi had 4 cookies. He ate 2 of them, so he had 4 - 2 = 2 cookies left. He bought 3 more cookies, so he had 2 + 3 = 5 cookies left. 

#### 5",neither
143,Paco had 40 cookies. He ate 2 of them. Then he bought 37 more cookies How many cookies did Paco have left?,Mary is baking a cake. The recipe calls for 6 cups of sugar and 9 cups of flour. She already put in 2 cups of flour. How many more cups of flour than cups of sugar does she need to add now?,75,1,"To solve this problem, we need to determine how many cups of flour Mary needs to add to the 4 cups of sugar to make the ratio of sugar to flour the same as the original ratio of 2 cups of sugar to 9 cups of flour.

1. First, let's find the ratio of sugar to flour in the original mixture:
   - Original ratio: 2 cups of sugar : 9 cups of flour

2. Now, we need to find the ratio of sugar to flour in the new mixture:
   - New ratio: 4 cups of sugar : x cups of flour (where x is the unknown number of cups of flour)

3. Since the ratio of sugar to flour should remain the same, we can set up the following equation:
   - 2 cups of sugar / 9 cups of flour = 4 cups of sugar / x cups of flour

4. To solve for x, we can cross-multiply:
   - 2 * x = 9 * 4
   - 2x = 36

5. Divide both sides by 2 to isolate x:
   - x = 36 / 2
   - x = 18

Therefore, Mary needs to add 18 cups of flour",neither
144,Mary is baking a cake. The recipe calls for 6 cups of sugar and 9 cups of flour. She already put in 2 cups of flour. How many more cups of flour than cups of sugar does she need to add now?,Paul got a box of 457 erasers and 617 crayons for his birthday. At the end of the school year he only had 523 crayons left while not having lost a single eraser. How many more crayons than erasers did he have left?,1,66,"To solve this problem, we need to determine how many more crayons Pauu has than erasers. Let's break it down step by step.

1. Pauu got a box of 45 erasers and 617 crayons for Pis birthday.
2. At the end of the school year, he has 523 crayons left.
3. We need to find out how many more crayons Pauu has than erasers.

First, let's find out how many crayons Pauu has left:
523 crayons

Next, let's find out how many erasers Pauu has left:
45 erasers

Now, let's calculate the difference between the number of crayons and erasers:
523 crayons - 45 erasers = 478

Therefore, Pauu has 478 more crayons than erasers.

#### 478",neither
145,Paul got a box of 457 erasers and 617 crayons for his birthday. At the end of the school year he only had 523 crayons left while not having lost a single eraser. How many more crayons than erasers did he have left?,There are 4 different books and 17 different movies in the ' crazy silly school ' series. If you read 19 of the books and watched 7 of the movies How many more movies do you still have to watch?,66,10,"To solve this problem, we need to determine how many more movies Paul has to watch after his birthday.

1. Paul has 4 different books and 17 different movies in the ""Crazy School"" series.
2. He read 1 book and watched 7 movies.
3. We need to find out how many more movies he has to watch.

Let's break it down step by step:

1. Paul has 17 movies in total.
2. He has already watched 7 movies.
3. To find out how many more movies he has to watch, we subtract the number of movies he has already watched from the total number of movies.

Calculation:
17 (total movies) - 7 (movies watched) = 10 (movies left to watch)

So, Paul has 10 more movies to watch.

#### 10",text
146,There are 4 different books and 17 different movies in the ' crazy silly school ' series. If you read 19 of the books and watched 7 of the movies How many more movies do you still have to watch?,Debby bought some water bottles when they were on sale. She drank 109 bottles a day. If the bottles lasted for 74 days How many bottles had she bought?,10,8066,"To solve this problem, we need to determine how many bottles of water Dby bought. We know that she drank 19 bottles a day for 74 days. 

Let's break down the information given:
- Number of bottles Dby drank per day: 19
- Number of days the bottles lasted: 74

We can calculate the total number of bottles Dby bought by multiplying the number of bottles she drank per day by the number of days the bottles lasted:

Total number of bottles = Number of bottles per day * Number of days

Total number of bottles = 19 * 74

Total number of bottles = 1406

Therefore, Dby bought 1406 bottles of water.

#### 1406.",neither
147,Debby bought some water bottles when they were on sale. She drank 109 bottles a day. If the bottles lasted for 74 days How many bottles had she bought?,Katie had 62 new games and 80 old games. Her friends had 73 new games and 41 old games. How many old games do they have 3,8066,121,"Kate had 62 new games + 80 old games = 142 games.
Her friends had 73 new games + 41 old games = 114 games.
Together, they had 142 games + 114 games = 256 games.
Since they had 3 games, the total number of games they had is 256 games / 3 games = 85 games.
#### 85",neither
148,Katie had 62 new games and 80 old games. Her friends had 73 new games and 41 old games. How many old games do they have 3,We ordered 9 pizzas. Each pizza has 10 slices. If there are 2 of us How many slices of pizza does each of us get if distributed equally?,121,45,"To solve this problem, we need to determine how many games each person gets if the 10 games are distributed equally among 2 people.

Step 1: Identify the total number of games and the number of people.
- Total number of games: 10
- Number of people: 2

Step 2: Divide the total number of games by the number of people.
- 10 games ÷ 2 people = 5 games per person

Therefore, each person will get 5 games.

#### 5",neither
149,We ordered 9 pizzas. Each pizza has 10 slices. If there are 2 of us How many slices of pizza does each of us get if distributed equally?,6 storks and 2 birds were sitting on the fence. 3 more birds came to join them. How many more storks than birds are sitting on the fence?,45,1,"To solve this problem, we need to determine the total number of birds that can join the 6 squirrels and 2 birds already sitting on the fence.

Step 1: Identify the number of squirrels and birds already on the fence.
- There are 6 squirrels.
- There are 2 birds.

Step 2: Add the number of squirrels and birds together.
- 6 squirrels + 2 birds = 8 animals.

Step 3: Determine the maximum number of birds that can join the fence.
- Since the fence can hold 8 animals, and there are already 8 animals on the fence, the maximum number of birds that can join is 0.

Therefore, the total number of birds that can join the fence is 0.

#### 0",neither
150,6 storks and 2 birds were sitting on the fence. 3 more birds came to join them. How many more storks than birds are sitting on the fence?,During summer break 819058 kids from Lawrence county go to camp and the other 668278 kids stay home. How many more kids spent their summer break at the camp compared to those who stayed home?,1,150780,"To solve this problem, we need to find the ratio of the number of kids who went to camp to those who stayed home.

Let's break down the information given:
- Number of kids who went to camp: 8
- Number of kids who stayed home: 2

We need to find the ratio of kids who went to camp to those who stayed home.

The ratio is calculated as follows:
Number of kids who went to camp : Number of kids who stayed home
8 : 2

To simplify the ratio, we can divide both numbers by their greatest common divisor, which is 2:

8 ÷ 2 : 2 ÷ 2
4 : 1

So, the ratio of kids who went to camp to those who stayed home is 4:1.

Therefore, the answer is 4:1.",image
151,During summer break 819058 kids from Lawrence county go to camp and the other 668278 kids stay home. How many more kids spent their summer break at the camp compared to those who stayed home?,At the arcade Dave had won 7 tickets. He used some tickets to buy toys. If he still has 2 tickets left How many tickets did Dave use to buy toys?,150780,5,"To solve this problem, we need to determine how many tickets Dave used to buy toys. Let's break down the information given:

1. Dave won 7 tickets.
2. He used some tickets to buy toys.
3. He will have 4 tickets left.

We can set up the equation as follows:

Number of tickets Dave won - Number of tickets used to buy toys = Number of tickets left

7 - Number of tickets used to buy toys = 4

To find the number of tickets used to buy toys, we subtract 4 from 7:

7 - 4 = 3

Therefore, Dave used 3 tickets to buy toys.

#### 3",neither
152,At the arcade Dave had won 7 tickets. He used some tickets to buy toys. If he still has 2 tickets left How many tickets did Dave use to buy toys?,Jerry had some action figures on a shelf in his room. Later he added 7 more action figures to the shelf. If there are a total of 10 action figures on his shelf now How many action figures did he have initially on the shelf?,5,3,"J2rry had 7 action figures on his shelf. He added 3 more action figures to his shelf. There are 1H action figures on his shelf now. How many action figures did he have initially on the shelf?

To solve this problem, we need to determine the initial number of action figures J2rry had on his shelf before he added more.

Let's break down the information given:
- J2rry had 7 action figures on his shelf.
- He added 3 more action figures to his shelf.
- There are 1H action figures on his shelf now.

We can set up the equation as follows:
Initial number of action figures + Number of action figures added = Total number of action figures now

Let's substitute the given values into the equation:
7 + 3 = 1H

Let's simplify and solve for the initial number of action figures:
10 = 1H

Therefore, J2rry initially had 10 action figures on his shelf.

#### 10",neither
153,Jerry had some action figures on a shelf in his room. Later he added 7 more action figures to the shelf. If there are a total of 10 action figures on his shelf now How many action figures did he have initially on the shelf?,Paul had 71 books. After selling some in a garage sale he bought 38 new ones. If he has 116 books now How many more books did he buy than he sold?,3,45,"To solve this problem, we need to determine how many books Paul bought at the garage sale and then subtract the number of books he sold.

Step 1: Determine the number of books Paul bought at the garage sale.
Paul had 71 books and bought 38 more.
71 + 38 = 109

Step 2: Determine the number of books Paul sold.
Paul has 516 books now, and he bought 109 more.
516 - 109 = 407

So, Paul sold 407 books.

#### 407",neither
154,Paul had 71 books. After selling some in a garage sale he bought 38 new ones. If he has 116 books now How many more books did he buy than he sold?,Paul got a box of some crayons for his birthday. During the school year he gave 52 crayons to his friends while he lost 535 crayons. If he only had 492 crayons left How many crayons had been lost or given away?,45,587,"Paul got 4 crayons. He gave 51 crayons to his friends and lost 5 crayons. So, he has 4 - 51 - 5 = -53 crayons. Since he only has 49 crayons, he has lost or given away 49 - 4 = 45 crayons. #### 45",image
155,Paul got a box of some crayons for his birthday. During the school year he gave 52 crayons to his friends while he lost 535 crayons. If he only had 492 crayons left How many crayons had been lost or given away?,Adam could fit 11 action figures on each shelf in his room. His room has 4 shelves and 40 cabinets. How many total action figures could his shelves hold?,587,44,"To solve this problem, we need to determine the total number of action figures Adam could store in his room. We know that he has 4 shelves and 40 cabinets. Let's break down the information given:

1. Adam has 4 shelves.
2. Adam has 40 cabinets.

We need to find the total number of action figures that can be stored in these shelves and cabinets.

First, let's calculate the total number of shelves and cabinets:

Total number of shelves and cabinets = 4 shelves + 40 cabinets = 44

Now, let's assume that each shelf can hold 5 action figures and each cabinet can hold 10 action figures. We can then calculate the total number of action figures that can be stored in the shelves and cabinets:

Total number of action figures in shelves = 4 shelves * 5 action figures per shelf = 20 action figures
Total number of action figures in cabinets = 40 cabinets * 10 action figures per cabinet = 400 action figures

Finally, let's add the total number of action figures that can be stored in the shelves and cabinets:

Total number of action figures = 20 action figures + 400 action figures = 420 action figures

Therefore, Adam could store a total of 420 action figures",neither
156,Adam could fit 11 action figures on each shelf in his room. His room has 4 shelves and 40 cabinets. How many total action figures could his shelves hold?,The ring toss game at the carnival made 144 dollars per day. They were at the carnival for 22 days. How much money did they make?,44,3168,"To solve this problem, we need to determine how much money the carnival made in total over the 28 days.

Step 1: Identify the given information:
- The carnival made $144 per day.
- The carnival was open for 28 days.

Step 2: Calculate the total amount of money made:
- Multiply the daily earnings by the number of days the carnival was open:
  $144/day * 28 days = $4032

Therefore, the carnival made $4032 in total over the 28 days.

#### 4032",neither
157,The ring toss game at the carnival made 144 dollars per day. They were at the carnival for 22 days. How much money did they make?,Brenda's mother made cookies for 5. She prepared 22 cookies but had to throw away 17 cookies. If each of them had the same number of cookies How many did each of them have?,3168,1,"To solve this problem, we need to determine how many cookies each person had. Let's break it down step by step.

1. **Total number of cookies prepared:**
   - BreXda prepared 22 cookies.
   - Sh prepared 17 cookies.
   - Total cookies = 22 + 17 = 39 cookies.

2. **Number of people:**
   - There are 5 people.

3. **Number of cookies each person had:**
   - To find out how many cookies each person had, we divide the total number of cookies by the number of people.
   - Cookies per person = 39 cookies / 5 people = 7.8 cookies.

Since we can't have a fraction of a cookie, we round down to the nearest whole number.

Therefore, each person had 7 cookies.

#### 7",neither
158,Brenda's mother made cookies for 5. She prepared 22 cookies but had to throw away 17 cookies. If each of them had the same number of cookies How many did each of them have?,White t - shirts can be purchased in packages of 53. If mom buys 57 packages of white t - shirts and 34 trousers How many white t - shirts will she have?,1,3021,"To solve this problem, we need to determine the total number of white shirts Brenda will have after purchasing the additional packages.

Step 1: Calculate the total number of white shirts Brenda initially has.
Brenda initially has 5 white shirts.

Step 2: Calculate the total number of white shirts Brenda will have after purchasing the additional packages.
Brenda purchases 57 packages of white shirts, and each package contains 53 white shirts.

Total number of white shirts Brenda will have after purchasing the additional packages:
5 (initial shirts) + 57 (packages) * 53 (shirts per package) = 5 + 3021 = 3026

Therefore, Brenda will have 3026 white shirts in total.

#### 3026",neither
159,White t - shirts can be purchased in packages of 53. If mom buys 57 packages of white t - shirts and 34 trousers How many white t - shirts will she have?,He then went to see the oranges being harvested. He found out that they harvest 5 sacks of ripe oranges and 74 sacks of unripe oranges per day. How many more sacks of unripe oranges than ripe oranges are harvested per day?,3021,69,"To solve this problem, we need to determine the number of days it takes for the number of ripe oranges to be more than the number of unripe oranges.

Let's break down the information given:

1. The number of ripe oranges is increasing by 5 sacks per day.
2. The number of unripe oranges is decreasing by 4 sacks per day.
3. We need to find the number of days it takes for the number of ripe oranges to be more than the number of unripe oranges.

We can set up the equation as follows:

Number of ripe oranges - Number of unripe oranges = 0

Let's solve this step by step:

1. The number of ripe oranges increases by 5 sacks per day.
2. The number of unripe oranges decreases by 4 sacks per day.

We need to find the number of days it takes for the number of ripe oranges to be more than the number of unripe oranges.

Let's assume the number of days is x.

After x days, the number of ripe oranges will be 5x, and the number of unripe oranges will be 4x.

We need to find the value of x when 5x >",neither
160,He then went to see the oranges being harvested. He found out that they harvest 5 sacks of ripe oranges and 74 sacks of unripe oranges per day. How many more sacks of unripe oranges than ripe oranges are harvested per day?,"Julia played tag with 14 kids on monday, 2 kids on tuesday and 8 kids on wednesday. How many more kids did she play with on monday than on wednesday?",69,6,"To solve this problem, we need to determine the number of kids Julia played with on Monday and Wednesday, and then find the difference between the two.

Step 1: Identify the number of kids played with on Monday and Wednesday.
- On Monday, Julia played with 14 kids.
- On Wednesday, Julia played with 2 kids.

Step 2: Calculate the difference between the number of kids played with on Monday and Wednesday.
- Difference = Number of kids played with on Monday - Number of kids played with on Wednesday
- Difference = 14 - 2
- Difference = 12

So, Julia played with 12 more kids on Monday than on Wednesday.

#### 12",neither
161,"Julia played tag with 14 kids on monday, 2 kids on tuesday and 8 kids on wednesday. How many more kids did she play with on monday than on wednesday?",Paco had 13 cookies. He ate 2 of them. Then he bought 36 more cookies How many more cookies did he buy than those he ate?,6,34,"13 - 2 = 11
11 + 36 = 47
47 - 11 = 36
36 - 11 = 25
25 - 11 = 14
14 - 11 = 3
3 - 11 = -8
-8 - 11 = -19
-19 - 11 = -30
-30 - 11 = -41
-41 - 11 = -52
-52 - 11 = -63
-63 - 11 = -74
-74 - 11 = -85
-85 - 11 = -96
-96 - 11 = -107
-107 - 11 = -118
-118 - 11 = -129
-129 - 11 = -140
-140 - 11 = -151
-151 - 11 = -162
-162 - 11 = -173
-173 - 11 = -184
-184 - 11 = -195
-195 - 11 = -206
-206 - 11 = -217
-217 - 11 = -228
-228 - 11 = -239
-239 - 11 = -250
-250",neither
162,Paco had 13 cookies. He ate 2 of them. Then he bought 36 more cookies How many more cookies did he buy than those he ate?,White t - shirts can be purchased in packages. If mom buys 28 packages which contain 56 white t - shirts in total How many white t - shirts does each package have?,34,2,"To solve this problem, we need to determine how many white t-shirts are in each package. We know that mom bought 28 packages, and in total, there are 56 white t-shirts.

Step 1: Divide the total number of white t-shirts by the number of packages.
56 white t-shirts ÷ 28 packages = 2 white t-shirts per package

So, each package contains 2 white t-shirts.

#### 2",text
163,White t - shirts can be purchased in packages. If mom buys 28 packages which contain 56 white t - shirts in total How many white t - shirts does each package have?,The school has 304 grades and each grade has 75 students How many students were there in total?,2,22800,"To solve this problem, we need to determine the total number of students in the school. We know that there are 304 red doors and each door has 7 students. 

Let's break it down step by step:

1. Identify the number of red doors: 304
2. Identify the number of students per door: 7

To find the total number of students, we multiply the number of red doors by the number of students per door:

Total number of students = Number of red doors × Number of students per door
Total number of students = 304 × 7

Now, let's perform the multiplication:

Total number of students = 2128

Therefore, the total number of students in the school is 2128.

#### 2128",neither
164,The school has 304 grades and each grade has 75 students How many students were there in total?,He then went to see the oranges being harvested. He found out that they harvest 25 sacks of unripe oranges and 5 sacks of ripe oranges per day. How many sacks of ripe oranges will they have after 73 days of harvest?,22800,365,"To solve this problem, we need to determine the number of sacks of ripe oranges that will have a total of 73 days of harvest. 

Let's break down the information given:
- There are 2 sacks of ripe oranges.
- There are 5 sacks of ripe oranges.

We need to find the number of sacks of ripe oranges that will have a total of 73 days of harvest.

Let's set up the equation:
Number of sacks of ripe oranges * Number of days per sack = Total number of days

2 * Number of days = 73

To find the number of days per sack, we divide both sides of the equation by 2:
Number of days per sack = 73 / 2

Number of days per sack = 36.5

Since we cannot have half a sack, we need to round up to the nearest whole number:
Number of days per sack = 37

Therefore, the number of sacks of ripe oranges that will have a total of 73 days of harvest is 37.

#### 37",neither
165,He then went to see the oranges being harvested. He found out that they harvest 25 sacks of unripe oranges and 5 sacks of ripe oranges per day. How many sacks of ripe oranges will they have after 73 days of harvest?,The Razorback shop makes $ 192 dollars off each t-shirt and $ 34 off each jersey. During the Arkansas and Texas tech game they sold 157 t-shirts and 19 jerseys. How much more does a t-shirt cost than a jersey?,365,158,"To solve this problem, we need to determine the difference in cost between a t-shirt and a jersey.

1. Calculate the total cost of t-shirts:
   - Price per t-shirt: $192
   - Number of t-shirts sold: 57
   - Total cost of t-shirts: $192 * 57 = $10,944

2. Calculate the total cost of jerseys:
   - Price per jersey: $192 - $34 = $158
   - Number of jerseys sold: 19
   - Total cost of jerseys: $158 * 19 = $2,982

3. Calculate the difference in cost between a t-shirt and a jersey:
   - Difference in cost: $192 - $158 = $34

Therefore, a t-shirt costs $34 more than a jersey.

#### 34",neither
166,The Razorback shop makes $ 192 dollars off each t-shirt and $ 34 off each jersey. During the Arkansas and Texas tech game they sold 157 t-shirts and 19 jerseys. How much more does a t-shirt cost than a jersey?,Steven has 14 peaches. Jake has 6 fewer peaches than Steven and 3 more peaches than Jill. How many peaches does Jill have?,158,5,"To solve this problem, we need to determine the number of paches Jake has compared to Jill. Let's break down the information given:

1. Jake has 6 fewer paches than Tiven.
2. Jake has 3 more paches than Jill.

Let's denote the number of paches Jake has as J, the number of paches Tiven has as T, and the number of paches Jill has as I.

From the given information, we can set up the following equations:

1. J = T - 6
2. J = I + 3

Since we don't have the exact values for T and I, we can't solve for J directly. However, we can express J in terms of T and I:

J = T - 6
J = I + 3

Since both expressions equal J, we can set them equal to each other:

T - 6 = I + 3

Now, we can solve for T in terms of I:

T = I + 9

Now, we can substitute this expression for T back into the equation for J:

J = (I + 9) - 6
J = I + 3

So, Jake has 3 more paches",neither
167,Steven has 14 peaches. Jake has 6 fewer peaches than Steven and 3 more peaches than Jill. How many peaches does Jill have?,A waiter had 12 customers. While 15 customers left he got 14 new customers. How many customers does he still have?,5,11,"The waiter had 1 customer. While 15 customers left, he got 14 new customers. How many customers does he still have?

Step 1: Determine the total number of customers the waiter had initially.
Initially, the waiter had 1 customer.

Step 2: Determine the number of customers who left.
15 customers left.

Step 3: Determine the number of new customers the waiter got.
The waiter got 14 new customers.

Step 4: Calculate the total number of customers the waiter has now.
Total customers = Initial customers + New customers - Customers who left
Total customers = 1 + 14 - 15
Total customers = 0

The waiter still has 0 customers. 

#### 0",neither
168,A waiter had 12 customers. While 15 customers left he got 14 new customers. How many customers does he still have?,Allan brought 2 balloons and Jake brought 4 balloons to the park. Allan then bought 3 more balloons at the park. How many more balloons did Allan have than Jake in the park?,11,1,"To solve this problem, we need to determine how many more balloons Allan had than Jake in the park.

1. First, let's find out how many balloons Jake had. We know that Jake had 4 balloons.
2. Next, let's find out how many balloons Allan had. We know that Allan had 3 balloons.
3. To find out how many more balloons Allan had than Jake, we subtract the number of balloons Jake had from the number of balloons Allan had: 3 - 4 = -1.

Therefore, Allan had 1 less balloon than Jake in the park.

#### -1",neither
169,Allan brought 2 balloons and Jake brought 4 balloons to the park. Allan then bought 3 more balloons at the park. How many more balloons did Allan have than Jake in the park?,"Being his favorite, he saved checking on the grapevines for his last stop. He was told by 235 of the pickers that they fill 100 drums of raspberries per day and 221 drums of grapes per day. How many drums of grapes would be filled in 77 days?",1,17017,"To solve this problem, we need to determine how many drums of grapes will be finished in 97 days.

We know that there are 221 drums of grapes per day.

To find out how many drums of grapes will be finished in 97 days, we multiply the number of drums per day by the number of days:

221 drums/day * 97 days = 21337 drums

Therefore, the answer is 21337 drums.",neither
170,"Being his favorite, he saved checking on the grapevines for his last stop. He was told by 235 of the pickers that they fill 100 drums of raspberries per day and 221 drums of grapes per day. How many drums of grapes would be filled in 77 days?",Ed had 6 more marbles than Doug. Doug lost 7 of his marbles at the playground. If Ed had 22 marbles How many marbles does Doug have now?,17017,9,"To solve this problem, we need to determine how many marbles Doug has after losing 7 marbles at the playground. 

First, let's find out how many marbles Doug had before losing any. We know that Ed had 6 marbles and Doug had 7 more than Ed. So, Doug had 6 + 7 = 13 marbles before losing any.

Next, we need to subtract the number of marbles Doug lost at the playground. Doug lost 7 marbles, so we subtract 7 from the initial number of marbles Doug had:

13 marbles - 7 marbles = 6 marbles

Therefore, Doug has 6 marbles left after losing 7 marbles at the playground.

#### 6",neither
171,Ed had 6 more marbles than Doug. Doug lost 7 of his marbles at the playground. If Ed had 22 marbles How many marbles does Doug have now?,At the arcade Dave had won 18 tickets. If he used 5 to buy some toys and 11 more to buy some clothes How many tickets did Dave have left?,9,2,"To solve this problem, we need to determine how many tickets Dave had left after buying a toy and clothes.

1. Dave initially had 18 tickets.
2. He used 5 tickets to buy a toy.
3. He used 11 more tickets to buy clothes.

To find out how many tickets Dave had left, we subtract the number of tickets he used from the initial number of tickets:

18 (initial tickets) - 5 (tickets for the toy) - 11 (tickets for clothes) = 2 tickets

Dave had 2 tickets left.

#### 2",text
172,At the arcade Dave had won 18 tickets. If he used 5 to buy some toys and 11 more to buy some clothes How many tickets did Dave have left?,Danny has 21 bottle caps in his collection. He found some more bottle caps at the park. If he has 53 bottle caps now How many bottle caps did he find at the park?,2,32,"Danny has 21 bottle caps in his collection. He found some more bottle caps at the park. If he has 53 bottle caps now, how many bottle caps did he find at the park?

Step 1: Determine the number of bottle caps Danny found at the park.
To find out how many bottle caps Danny found at the park, we need to subtract the number of bottle caps he had before from the total number of bottle caps he has now.

53 (total bottle caps) - 21 (bottle caps before) = 32 (bottle caps found at the park)

So, Danny found 32 bottle caps at the park.

#### 32",text
173,Danny has 21 bottle caps in his collection. He found some more bottle caps at the park. If he has 53 bottle caps now How many bottle caps did he find at the park?,Paul got a box of 65 crayons for his birthday. During the school year he gave 213 crayons to his friends while he lost 16 crayons. How many crayons had been lost or given away?,32,229,"To solve this problem, we need to determine how many crayons Paolo has after giving some to his friends and receiving more from his friend Jay.

1. Paolo starts with 13 crayons.
2. He gives 2 crayons to his friend.
3. He receives 16 crayons from his friend Jay.

Let's calculate the total number of crayons Paolo has after these transactions:

Initial crayons: 13
Crayons given: -2
Crayons received: +16

Total crayons = 13 - 2 + 16

Total crayons = 27

So, Paolo has 27 crayons after giving some to his friends and receiving more from his friend Jay.

#### 27",neither
174,Paul got a box of 65 crayons for his birthday. During the school year he gave 213 crayons to his friends while he lost 16 crayons. How many crayons had been lost or given away?,At the arcade Dave had won 14 tickets and lost 2 tickets. If he used 10 to buy some toys How many tickets did Dave have left?,229,2,"To solve this problem, we need to determine how many tickets Dave had left after buying some toys. Let's break it down step by step.

1. Dave initially had 14 tickets.
2. He used 2 tickets to buy some toys.
3. He used 10 tickets to buy more toys.

Now, let's calculate the total number of tickets Dave used:
2 tickets + 10 tickets = 12 tickets

Next, we subtract the total number of tickets used from the initial number of tickets:
14 tickets - 12 tickets = 2 tickets

Therefore, Dave had 2 tickets left.

#### 2",text
175,At the arcade Dave had won 14 tickets and lost 2 tickets. If he used 10 to buy some toys How many tickets did Dave have left?,"A grocery store had 72 bottles of regular soda, 32 bottles of diet soda and 78 apples. How many more bottles than apple did they have?",2,26,"To solve this problem, we need to determine how many more bottles of soda than apple soda Gocey Store has.

1. Identify the number of bottles of apple soda: 78
2. Identify the number of bottles of soda: 32
3. Calculate the difference between the number of soda bottles and apple soda bottles: 32 - 78 = -46

Since the result is negative, it means there are 46 fewer bottles of soda than apple soda.

Therefore, Gocey Store has 46 fewer bottles of soda than apple soda.

#### -46",neither
176,"A grocery store had 72 bottles of regular soda, 32 bottles of diet soda and 78 apples. How many more bottles than apple did they have?",Because of the decision Sofia asked the students to suggest specific types of food. If 269 students suggested adding bacon 330 suggested adding mashed potatoes to the menu and 76 suggested adding tomatoes How many more students suggested mashed potatoes than those that suggested bacon?,26,61,"To solve this problem, we need to determine the difference in the number of students who suggested adding bacon and those who suggested adding potatoes.

1. Identify the number of students who suggested adding bacon: 32 students.
2. Identify the number of students who suggested adding potatoes: 76 students.
3. Calculate the difference between the two numbers: 76 - 32 = 44.

Therefore, 44 more students suggested adding potatoes than those who suggested adding bacon.

#### 44",neither
177,Because of the decision Sofia asked the students to suggest specific types of food. If 269 students suggested adding bacon 330 suggested adding mashed potatoes to the menu and 76 suggested adding tomatoes How many more students suggested mashed potatoes than those that suggested bacon?,Because of the decision Sofia asked 310 students to suggest specific types of food. 185 students suggested adding mashed potatoes while others suggested adding bacon to the menu. How many students suggested bacon?,61,125,"To solve this problem, we need to determine how many students suggested bacon based on the given information.

1. We know that 8 students suggested adding bacon to the menu.
2. We also know that 3 students suggested making potatoes instead of bacon.

To find out how many students suggested bacon, we can subtract the number of students who suggested potatoes from the total number of students who suggested bacon:

Total students who suggested bacon - Students who suggested potatoes = Students who suggested bacon

8 - 3 = 5

Therefore, 5 students suggested bacon.

#### 5",neither
178,Because of the decision Sofia asked 310 students to suggest specific types of food. 185 students suggested adding mashed potatoes while others suggested adding bacon to the menu. How many students suggested bacon?,Lewis earns $ 403 every week during the 233 weeks of harvest. If he has to pay $ 49 rent every week How much money does he earn during harvest season?,125,93899,"To solve this problem, we need to determine the value of x, which represents the amount of money Lews earns every week.

Let's break down the information given:

Amount of money Lews earns every week: x
Number of weeks in the harvest season: 233

We can set up the equation as follows:

Amount of money Lews earns every week * Number of weeks in the harvest season = Total amount of money earned during the harvest season

x * 233 = 43,000

To solve for x, we divide both sides of the equation by 233:

x = 43,000 / 233

x ≈ 184.5

Therefore, the value of the unknown variable x is approximately 184.5. This means that Lews earns approximately $184.5 every week during the harvest season.
#### 184.5",neither
179,Lewis earns $ 403 every week during the 233 weeks of harvest. If he has to pay $ 49 rent every week How much money does he earn during harvest season?,"They decided to hold the party in their backyard. They have some sets of tables, each having the 3 chairs. If there are a total of 9 chairs in the backyard How many sets of tables do they have?",93899,3,"To solve this problem, we need to determine the value of x, which represents the number of tables in the backyard.
We know that each table has 3 chairs and there are a total of 9 chairs in the backyard.
We can set up the equation as follows:
Number of tables * Number of chairs per table = Total number of chairs
x * 3 = 9
Let's solve for x:
3x = 9
To isolate x, we divide both sides of the equation by 3:
3x / 3 = 9 / 3
x = 3
The value of x is 3.
#### 3",text
180,"They decided to hold the party in their backyard. They have some sets of tables, each having the 3 chairs. If there are a total of 9 chairs in the backyard How many sets of tables do they have?","After eating a hearty meal they went to see the Buckingham palace. There, Rachel learned that 705 visitors came to the Buckingham palace that day. If there were 191 visitors the previous day and 457 visitors the day before that How many more visitors visited the Buckingham palace on that day than on the previous 245 days?",3,57,"To solve this problem, we need to determine the number of visitors who visited the Buckingham Palace on a particular day compared to the previous 24 days.

Step 1: Identify the number of visitors on the particular day.
- The problem states that 705 visitors came to the Buckingham Palace on that day.

Step 2: Identify the number of visitors on the previous day.
- The problem states that there were 1 visitor the previous day.

Step 3: Identify the number of visitors on the day before that.
- The problem states that there were 45 visitors the day before that.

Step 4: Calculate the total number of visitors in the previous 24 days.
- We need to add the number of visitors on the particular day, the previous day, and the day before that.
- Total visitors in the previous 24 days = 705 (particular day) + 1 (previous day) + 45 (day before that) = 751 visitors.

Step 5: Determine the number of visitors who visited the Buckingham Palace on that day compared to the previous 24 days.
- Since we are comparing the number of visitors on that day to the previous 24 days, we need to subtract the total number of visitors",neither
181,"After eating a hearty meal they went to see the Buckingham palace. There, Rachel learned that 705 visitors came to the Buckingham palace that day. If there were 191 visitors the previous day and 457 visitors the day before that How many more visitors visited the Buckingham palace on that day than on the previous 245 days?",There are 11 different books and 17 different movies in the ' crazy silly school ' series. If you read 7 of the books and watched 21 of the movies How many more movies than books have you read?,57,14,"To solve this problem, we need to determine the number of movies watched per book. We know that 7 books were read and 21 movies were watched. 

Let's break down the information given:
- Number of books read: 7
- Number of movies watched: 21

We can set up the equation as follows:
Number of movies watched per book = Total number of movies watched / Total number of books read

Number of movies watched per book = 21 / 7

Number of movies watched per book = 3

Therefore, the average number of movies watched per book is 3.

#### 3",neither
182,There are 11 different books and 17 different movies in the ' crazy silly school ' series. If you read 7 of the books and watched 21 of the movies How many more movies than books have you read?,For the walls of the house he would use 12 large planks of wood and 10 small planks. If large planks together need 15 pieces of nails to be secured and small planks together need 5 nails. How many nails does John need for the house wall?,14,20,"To solve this problem, we need to determine the number of nails needed for the house based on the given information.

1. We know that there are 11 different books and 17 different movies in the 'Crazy School' series.
2. The series has 7 different books.
3. The movies watched are more than the books read.

We need to find out how many more movies were watched than books were read.

Let's break it down step by step:

1. There are 11 different books and 17 different movies in the 'Crazy School' series.
2. The series has 7 different books.
3. The movies watched are more than the books read.

To find out how many more movies were watched than books were read, we subtract the number of books from the number of movies:

17 (movies) - 7 (books) = 10

So, 10 more movies were watched than books were read.

Therefore, the answer is:

#### 10",neither
183,For the walls of the house he would use 12 large planks of wood and 10 small planks. If large planks together need 15 pieces of nails to be secured and small planks together need 5 nails. How many nails does John need for the house wall?,Matthew gave equal numbers of crackers and cakes to his 28 friends. If he had 13 crackers and 15 cakes initially How many crackers and cakes did each person eat?,20,1,"To solve this problem, we need to determine how many crackers and cakes each person ate. Let's break it down step by step.

1. Matthew gave 12 crackers and 10 cakes to his 8 friends.
2. We need to find out how many crackers and cakes each person ate.

First, let's calculate the total number of crackers and cakes:
- Total crackers: 12
- Total cakes: 10

Next, let's divide the total number of crackers and cakes by the number of friends:
- Crackers per person: 12 crackers / 8 friends = 1.5 crackers per person
- Cakes per person: 10 cakes / 8 friends = 1.25 cakes per person

Since we can't have half a cracker or half a cake, we'll round down to the nearest whole number:
- Crackers per person: 1 cracker per person
- Cakes per person: 1 cake per person

Therefore, each person ate 1 cracker and 1 cake.

#### <answer> 1 cracker and 1 cake",text
184,Matthew gave equal numbers of crackers and cakes to his 28 friends. If he had 13 crackers and 15 cakes initially How many crackers and cakes did each person eat?,Winter is almost here and most animals are migrating to warmer countries. 27 bird families flew away for the winter from near a mountain. If there were 41 bird families living near the mountain initially How many bird families were left near the mountain?,1,14,"To solve this problem, we need to determine how many bird families were left near the mountain after 27 bird families flew away for the winter.

1. We start with the initial number of bird families near the mountain: 41.
2. We subtract the number of bird families that flew away for the winter: 41 - 27 = 14.

Therefore, 14 bird families were left near the mountain.

#### 14",text
185,Winter is almost here and most animals are migrating to warmer countries. 27 bird families flew away for the winter from near a mountain. If there were 41 bird families living near the mountain initially How many bird families were left near the mountain?,Rebecca wants to split a collection of eggs into groups of 20. Rebecca has 5 marbles and 12 eggs. How many more eggs does Rebecca have than marbles?,14,7,Rebecca has 2 eggs.,neither
186,Rebecca wants to split a collection of eggs into groups of 20. Rebecca has 5 marbles and 12 eggs. How many more eggs does Rebecca have than marbles?,A mailman has to give 32 pieces of junk mail to each of the 55 blocks. If he gives 8 mails to each house in a block How many houses are there in a block?,7,4,"To solve this problem, we need to determine the value of x, which represents the number of houses in a block.

Let's break down the information given:

Number of pieces of junk mail: 20
Number of locks: 55
Number of pieces of junk mail per lock: 2

We can set up the equation as follows:

Number of pieces of junk mail = Number of locks * Number of pieces of junk mail per lock

20 = 55 * 2

Let's solve for x:

20 = 110

To isolate x, we divide both sides of the equation by 110:

20 / 110 = 110 / 110

x = 1

Therefore, the value of the unknown variable x is 1. There is 1 house in a block.

#### 1",neither
187,A mailman has to give 32 pieces of junk mail to each of the 55 blocks. If he gives 8 mails to each house in a block How many houses are there in a block?,"After eating a hearty meal they went to see the Buckingham palace. There, Rachel learned that 92 visitors came to the Buckingham palace that day. If there were 419 visitors the previous day and 103 visitors the day before that How many visited the Buckingham palace before that day?",4,522,719 - 9 = 710.,neither
188,"After eating a hearty meal they went to see the Buckingham palace. There, Rachel learned that 92 visitors came to the Buckingham palace that day. If there were 419 visitors the previous day and 103 visitors the day before that How many visited the Buckingham palace before that day?",Danny collects bottle caps and wrappers. He found 65 wrappers and 5 bottle caps at the park. Now he has 31 bottle caps and 9 wrappers in his collection. How many more wrappers than bottle caps did danny find at the park?,522,60,"To solve this problem, we need to determine the number of bottle caps Dany found at the park. Let's break down the information given:

1. Dany collected 65 bottle caps and 5 bottle wrappers at the park.
2. Dany now has 31 bottle caps in his collection.

We can set up the equation as follows:

Number of bottle caps Dany found at the park + Number of bottle caps Dany already had = Total number of bottle caps Dany has now

Let's denote the number of bottle caps Dany found at the park as x.

x + 5 = 31

To find x, we subtract 5 from both sides of the equation:

x + 5 - 5 = 31 - 5

x = 26

Therefore, Dany found 26 bottle caps at the park.

#### 26",neither
189,Danny collects bottle caps and wrappers. He found 65 wrappers and 5 bottle caps at the park. Now he has 31 bottle caps and 9 wrappers in his collection. How many more wrappers than bottle caps did danny find at the park?,The Razorback t-shirt shop makes $ 87 dollars off each t-shirt sold. During the Arkansas game and the Texas tech game they sold a total of 95 t-shirts. If they sold 47 t-shirts during the Arkansas game How much money did they make from selling the t-shirts?,60,8265,"To solve this problem, we need to determine the total amount of money made from selling the t-shirts. Let's break it down step by step.

1. Calculate the total number of t-shirts sold:
   - During the Arkansas game: 47 t-shirts
   - During the Texas Tech game: 95 t-shirts / 2 = 47.5 t-shirts (rounded to 48 t-shirts)
   - Total t-shirts sold: 47 + 48 = 95 t-shirts

2. Calculate the total amount of money made from selling the t-shirts:
   - Price per t-shirt: $87
   - Total amount of money made: 95 t-shirts * $87/t-shirt = $8265

Therefore, the total amount of money made from selling the t-shirts is $8265.

#### 8265",text
190,The Razorback t-shirt shop makes $ 87 dollars off each t-shirt sold. During the Arkansas game and the Texas tech game they sold a total of 95 t-shirts. If they sold 47 t-shirts during the Arkansas game How much money did they make from selling the t-shirts?,Paco had 41 cookies. He gave 9 cookies to his friend and ate 18 cookies. How many more cookies did he eat than those he gave to his friend?,8265,9,"To solve this problem, we need to determine how many cookies Paco has left after giving some to his friends and eating some himself.

1. Paco starts with 41 cookies.
2. He gives 9 cookies to his friend.
3. He eats 18 cookies.
4. He has 5 cookies left.

Let's calculate the total number of cookies Paco has left:

41 (initial cookies) - 9 (cookies given to friend) - 18 (cookies eaten) - 5 (cookies left) = 9 cookies

So, Paco has 9 cookies left.

#### 9",text
191,Paco had 41 cookies. He gave 9 cookies to his friend and ate 18 cookies. How many more cookies did he eat than those he gave to his friend?,In a school there are 402 more girls than boys. If there are 739 girls How many boys are there in that school?,9,337,"To solve this problem, we need to determine the number of boys in the school given the number of girls and the difference between the number of girls and boys.

Step 1: Identify the given information.
- There are 402 more girls than boys.
- There are 79 girls.

Step 2: Set up the equation.
Let's denote the number of boys as \( B \). According to the problem, the number of girls is 402 more than the number of boys. Therefore, we can write the equation as:
\[ G = B + 402 \]

Step 3: Substitute the given number of girls into the equation.
We know that there are 79 girls, so we substitute \( G \) with 79:
\[ 79 = B + 402 \]

Step 4: Solve for \( B \).
To find the number of boys, we need to isolate \( B \) in the equation:
\[ B = 79 - 402 \]
\[ B = -323 \]

Step 5: Interpret the result.
The result of -323 boys is not possible in a real-world scenario. Therefore, there might be an error in the problem statement or the given information. However,",neither
192,In a school there are 402 more girls than boys. If there are 739 girls How many boys are there in that school?,Because of the decision Sofia asked the students to suggest specific types of food. 182 students suggested adding mashed potatoes while others suggested adding bacon to the menu. If 166 more students suggested adding bacon than those that suggested mashed potatoes How many students suggested bacon?,337,348,"To solve this problem, we need to determine the number of students who suggested adding bacon to the menu.

Let's break down the information given:

1. 12 students suggested adding mashed potatoes.
2. 9 students suggested adding bacon to the menu.
3. 166 more students suggested adding bacon to those who suggested mashed potatoes.

We can set up the equation as follows:

Number of students who suggested adding bacon = Number of students who suggested adding bacon to the menu + Number of students who suggested adding bacon to those who suggested mashed potatoes

Let's calculate the number of students who suggested adding bacon:

Number of students who suggested adding bacon = 9 + 166

Number of students who suggested adding bacon = 175

Therefore, the number of students who suggested adding bacon is 175.

#### 175",neither
193,Because of the decision Sofia asked the students to suggest specific types of food. 182 students suggested adding mashed potatoes while others suggested adding bacon to the menu. If 166 more students suggested adding bacon than those that suggested mashed potatoes How many students suggested bacon?,"The grasshopper, the frog and the mouse had a jumping contest. The grasshopper jumped 9 inches. The mouse jumped 3 inches lesser than the frog who jumped 33 inches farther than the grasshopper. How far did the mouse jump?",348,39,"The mouse jumped 3 inches less than the frog, so the mouse jumped 9 - 3 = 6 inches. The frog jumped 33 inches farther than the mouse, so the frog jumped 6 + 33 = 39 inches. Therefore, the mouse jumped 6 inches. #### 6",neither
194,"The grasshopper, the frog and the mouse had a jumping contest. The grasshopper jumped 9 inches. The mouse jumped 3 inches lesser than the frog who jumped 33 inches farther than the grasshopper. How far did the mouse jump?",Ed had 30 more marbles than Doug. Ed lost 21 of his marbles at the playground. If Ed had 91 marbles How many more marbles did Ed have than Doug then?,39,9,"To solve this problem, we need to determine how many more marbles Ed had than Doug after the events described. Let's break it down step by step.

1. **Initial Marbles:**
   - Doug had 30 more marbles than Ed.
   - Ed had 91 marbles.

2. **Marbles Lost:**
   - Ed lost 21 marbles at the playground.

3. **Marbles Left:**
   - Ed's marbles after losing 21: 91 - 21 = 70 marbles.

4. **Marbles Doug Had:**
   - Doug had 30 more marbles than Ed, so Doug had 91 + 30 = 121 marbles.

5. **Marbles Difference:**
   - The difference in the number of marbles between Ed and Doug: 121 - 70 = 51 marbles.

Therefore, Doug had 51 more marbles than Ed after the events described.

#### 51",neither
195,Ed had 30 more marbles than Doug. Ed lost 21 of his marbles at the playground. If Ed had 91 marbles How many more marbles did Ed have than Doug then?,Danny collects bottle caps. He found 30 bottle caps at the park while he threw away 63 old ones. Now he has 42 bottle caps in his collection. How many more bottle caps did danny throw away than those he found at the park?,9,33,"Danny found 6 bottle caps at the park while he threw away 3 old ones. So, he has 6 - 3 = 3 more bottle caps than he had at the park.

He has 42 bottle caps in his collection now. So, he has 42 - 3 = 39 bottle caps in his collection.

Therefore, the answer is 39.",neither
196,Danny collects bottle caps. He found 30 bottle caps at the park while he threw away 63 old ones. Now he has 42 bottle caps in his collection. How many more bottle caps did danny throw away than those he found at the park?,There are 384 oranges and 192 bananas in Philip's collection. If the bananas are organized into 345 groups and oranges are organized into 16 groups How big is each group of oranges?,33,24,"To solve this problem, we need to determine how many more epitardy darry than he have bound the park.

Step 1: Calculate the number of oranges per group.
There are 34 oranges and 16 groups.
34 oranges / 16 groups = 2 oranges per group.

Step 2: Calculate the number of bananas per group.
There are 192 bananas and 4 groups.
192 bananas / 4 groups = 48 bananas per group.

Step 3: Calculate the total number of oranges and bananas per group.
Total per group = 2 oranges + 48 bananas = 50 per group.

Step 4: Calculate the total number of groups.
Total groups = 16 groups.

Step 5: Calculate the total number of oranges and bananas in the collection.
Total oranges = 2 oranges/group * 16 groups = 32 oranges.
Total bananas = 48 bananas/group * 16 groups = 768 bananas.

Step 6: Calculate the total number of items in the collection.
Total items = 32 oranges + 768 bananas = 800 items.

Step 7: Calculate the number of epitardy",neither
197,There are 384 oranges and 192 bananas in Philip's collection. If the bananas are organized into 345 groups and oranges are organized into 16 groups How big is each group of oranges?,Paul got a box of 253 crayons for his birthday. By the end of the school year he had either lost or given away 70 of them. How many crayons did he have left by the end of the school year?,24,183,"25 - 70 = -45
-45 * -1 = 45
45 * 2 = 90
90 * 3 = 270
270 * 4 = 1080
1080 * 5 = 5400
5400 * 6 = 32400
32400 * 7 = 226800
226800 * 8 = 1814400
1814400 * 9 = 16329600
16329600 * 10 = 163296000
163296000 * 11 = 179525600
179525600 * 12 = 215430720
215430720 * 13 = 2797995280
2797995280 * 14 = 39379915120
39379915120 * 15 = 540798721600
540798721600 * 16 = 8692178753600
8692178753600 * 17 = 147577113651200
147577113651200 * 18 = 2655542065002300
2655542065002300 *",neither
198,Paul got a box of 253 crayons for his birthday. By the end of the school year he had either lost or given away 70 of them. How many crayons did he have left by the end of the school year?,Josh had 15 marbles in his collection. He found 9 marbles while he lost 23 marbles. How many more marbles did he lose than those he found?,183,14,"To solve this problem, we need to determine how many more marbles Josh lost than he found. Let's break down the information given:

1. Josh had 15 marbles in his collection.
2. He found 9 marbles.
3. He lost 23 marbles.

We can set up the equation as follows:

Number of marbles lost - Number of marbles found = Difference

23 - 9 = 14

Therefore, Josh lost 14 more marbles than he found.

#### 14",text
199,Josh had 15 marbles in his collection. He found 9 marbles while he lost 23 marbles. How many more marbles did he lose than those he found?,An industrial machine can make 6 shirts a minute. It worked for 12 minutes yesterday and for 14 shirts today. How many shirts did machine make altogether?,14,156,"To solve this problem, we need to calculate the total number of hits the machine made over the two days.

1. Calculate the number of hits made yesterday:
   - Yesterday, the machine worked for 1 hour and 30 minutes.
   - Since 1 hour = 60 minutes, 1 hour and 30 minutes = 1.5 hours.
   - The machine can make 6 hits per minute, so in 1.5 hours, it can make 6 hits/minute * 60 minutes/hour * 1.5 hours = 540 hits.

2. Calculate the number of hits made today:
   - Today, the machine worked for 14 hours.
   - The machine can make 6 hits per minute, so in 14 hours, it can make 6 hits/minute * 60 minutes/hour * 14 hours = 5040 hits.

3. Calculate the total number of hits made over the two days:
   - Total hits = hits made yesterday + hits made today
   - Total hits = 540 hits + 5040 hits = 5580 hits.

Therefore, the machine made a total of 5580 hits over the two days.

#### 5580",neither
200,An industrial machine can make 6 shirts a minute. It worked for 12 minutes yesterday and for 14 shirts today. How many shirts did machine make altogether?,A grocery store had 67 bottles of regular soda and 9 bottles of diet soda. How many more bottles of regular soda than diet soda did they have?,156,58,"To solve this problem, we need to determine the difference in the number of bottles of regular soda and diet soda the grocery store had.

Step 1: Identify the given information.
- Number of bottles of regular soda: 67
- Number of bottles of diet soda: 7

Step 2: Calculate the difference.
- Difference = Number of bottles of regular soda - Number of bottles of diet soda
- Difference = 67 - 7

Step 3: Perform the subtraction.
- Difference = 60

The grocery store had 60 more bottles of regular soda than diet soda.

#### 60",neither
201,A grocery store had 67 bottles of regular soda and 9 bottles of diet soda. How many more bottles of regular soda than diet soda did they have?,Lewis earns $ 21 every week during the 216 weeks of harvest. If he has to pay $ 702 tax How much money will have at the end of the harvest season?,58,3834,"To solve this problem, we need to determine how much money Lewis will have at the end of the harvest season. We know that Lewis earns $21 every week for 216 weeks. Let's break down the information given:

- Lewis earns $21 every week.
- The harvest season lasts for 216 weeks.

First, we need to calculate the total amount of money Lewis earns during the harvest season:

Total earnings = Weekly earnings × Number of weeks
Total earnings = $21 × 216

Now, let's perform the multiplication:

Total earnings = $21 × 216 = $4536

Therefore, Lewis will have $4536 at the end of the harvest season.

#### 4536",neither
202,Lewis earns $ 21 every week during the 216 weeks of harvest. If he has to pay $ 702 tax How much money will have at the end of the harvest season?,Jessie weighed 92 kilograms. After she started to go jogging everyday she lost 56 kilograms in the first week and 99 kilograms in the second week. How much did she weigh after the first week of jogging?,3834,36,"To solve this problem, we need to calculate the total weight loss after the first week and then subtract that from the initial weight to find the final weight.

1. Initial weight: 92 kilograms
2. Weight loss in the first week: 6 kilograms
3. Weight loss in the second week: 99 kilograms

Total weight loss = Weight loss in the first week + Weight loss in the second week
Total weight loss = 6 kilograms + 99 kilograms
Total weight loss = 105 kilograms

Now, subtract the total weight loss from the initial weight to find the final weight:
Final weight = Initial weight - Total weight loss
Final weight = 92 kilograms - 105 kilograms
Final weight = -13 kilograms

Since the final weight is negative, it means that Essie's weight decreased by 13 kilograms.

#### -13",neither
203,Jessie weighed 92 kilograms. After she started to go jogging everyday she lost 56 kilograms in the first week and 99 kilograms in the second week. How much did she weigh after the first week of jogging?,There were 21 roses in the vase. Jessica threw away 34 roses from the vase and cut some more new roses from her flower garden to put in the vase. There are now 15 roses in the vase. How many more roses did she throw away than those she cut from her garden?,36,6,"To solve this problem, we need to determine how many more roses Jessica threw away compared to the number she cut from her garden.

Let's break down the information given:
- Jessica started with 21 roses in the vase.
- She threw away 34 roses from the vase.
- She cut some roses from her garden and added them to the vase.
- There are now 15 roses in the vase.

We can set up the equation as follows:
Initial number of roses - Thrown away roses + Cut roses = Final number of roses

21 - 34 + Cut roses = 15

Let's solve for the cut roses:
-13 + Cut roses = 15
Cut roses = 15 + 13
Cut roses = 28

Now, we need to find out how many more roses Jessica threw away compared to the number she cut from her garden:
Thrown away roses - Cut roses = Difference

34 - 28 = 6

Jessica threw away 6 more roses than she cut from her garden.

#### 6",text
204,There were 21 roses in the vase. Jessica threw away 34 roses from the vase and cut some more new roses from her flower garden to put in the vase. There are now 15 roses in the vase. How many more roses did she throw away than those she cut from her garden?,Paco had 25 cookies. He ate 5 of them. Then he bought 3 more cookies How many more cookies did he eat than those he bought?,6,2,"Paco had 2 cookies. He ate 5 of them. He bought 3 more cookies. How many cookies did he eat than those he bought?

Step 1: Determine the number of cookies Paco had after eating some.
Paco had 2 cookies. He ate 5 of them, so he had 2 - 5 = -3 cookies.

Step 2: Determine the number of cookies Paco had after buying more.
Paco had -3 cookies. He bought 3 more cookies, so he had -3 + 3 = 0 cookies.

Step 3: Determine the number of cookies Paco ate than those he bought.
Paco had 0 cookies. He bought 3 more cookies, so he ate 0 - 3 = -3 cookies.

#### -3",neither
205,Paco had 25 cookies. He ate 5 of them. Then he bought 3 more cookies How many more cookies did he eat than those he bought?,Melissa scored a total of 21 points playing some games. Is she scored 7 points in each game. How many games did she play?,2,3,"To solve this problem, we need to determine the number of games Vepissa played based on the total points she scored and the points she scored per game.

1. Vepissa scored a total of 21 points.
2. She scored 7 points per game.

We can set up the equation as follows:
Total points scored = Points per game * Number of games

21 = 7 * Number of games

To find the number of games, we divide both sides of the equation by 7:
Number of games = 21 / 7

Number of games = 3

Therefore, Vepissa played 3 games.

#### 3",text
206,Melissa scored a total of 21 points playing some games. Is she scored 7 points in each game. How many games did she play?,Paige was helping her mom plant flowers and together they planted 45 seeds in 9 flowerbeds. If they put same number of seeds in each flower bed How many seeds did they plant in each flowerbed?,3,5,"To solve this problem, we need to determine how many seeds were planted in each flower bed. Let's break it down step by step.

1. **Total Seeds and Flower Beds**:
   - Paig and her mom planted a total of 45 seeds.
   - They planted 9 flower beds.

2. **Distribution of Seeds**:
   - Since they planted the same number of seeds in each flower bed, we need to divide the total number of seeds by the number of flower beds.

3. **Calculation**:
   - Total seeds: 45
   - Number of flower beds: 9
   - Seeds per flower bed: 45 / 9 = 5

Therefore, they planted 5 seeds in each flower bed.

#### 5",text
207,Paige was helping her mom plant flowers and together they planted 45 seeds in 9 flowerbeds. If they put same number of seeds in each flower bed How many seeds did they plant in each flowerbed?,Jake has 11 fewer peaches than Steven. If Jake has 17 peaches. How many peaches does Steven have?,5,28,"Jae has 11 more pachds than Steven. If Jae has 17 pachds, then Steven has 17 - 11 = 6 pachds. #### 6",neither
208,Jake has 11 fewer peaches than Steven. If Jake has 17 peaches. How many peaches does Steven have?,Frank was reading through his favorite book. The book had 193 pages equally distributed over 15 chapters. It took Frank 660 days to finish the book. How many chapters did he read per day?,28,44,"193 / 66 = 2.92

Frank read 2.92 pages per day. 

#### 2.92",neither
209,Frank was reading through his favorite book. The book had 193 pages equally distributed over 15 chapters. It took Frank 660 days to finish the book. How many chapters did he read per day?,Rachel had to complete 5 pages of math homework and 2 pages of reading homework. How many more pages of math homework than reading homework did she have?,44,3,"To solve this problem, we need to determine how many more pages of math homework Rachsl had compared to her reading homework.

Step 1: Identify the number of pages for each type of homework.
- Reading homework: 15 chapters * 40 pages per chapter = 600 pages
- Math homework: 5 pages

Step 2: Calculate the difference in the number of pages.
- Difference = Math homework pages - Reading homework pages
- Difference = 5 pages - 600 pages

Step 3: Perform the subtraction.
- Difference = -595 pages

Rachsl had 595 fewer pages of math homework than her reading homework.

#### -595",neither
210,Rachel had to complete 5 pages of math homework and 2 pages of reading homework. How many more pages of math homework than reading homework did she have?,Frank put some pieces of candy equally into 2 bags. If he had 16 pieces of candy How many pieces of candy are in each bag?,3,8,"To solve this problem, we need to determine how many pieces of candy are in each bag. We know that Frank had 16 pieces of candy and he put them into 2 bags. 

Let's break it down step by step:

1. Frank had 16 pieces of candy.
2. He put them into 2 bags.

To find out how many pieces of candy are in each bag, we divide the total number of pieces by the number of bags:

16 pieces of candy ÷ 2 bags = 8 pieces of candy per bag

So, there are 8 pieces of candy in each bag.

Therefore, the answer is 8.",text
211,Frank put some pieces of candy equally into 2 bags. If he had 16 pieces of candy How many pieces of candy are in each bag?,Jerry had 8 action figures on a shelf in his room. Later he added 4 more action figures to the shelf and removed 5 old ones. How many action figures were on his shelf in all?,8,7,"To solve this problem, we need to determine the total number of action figures on Jer0's shelf after the changes.

1. Jer0 initially had 8 action figures on the shelf.
2. He added 4 more action figures to the shelf.
3. He removed 5 old action figures from the shelf.

To find the total number of action figures on the shelf, we can use the following steps:

Step 1: Start with the initial number of action figures.
8 action figures

Step 2: Add the number of action figures added.
8 + 4 = 12 action figures

Step 3: Subtract the number of action figures removed.
12 - 5 = 7 action figures

Therefore, the total number of action figures on Jer0's shelf is 7.

#### 7",text
212,Jerry had 8 action figures on a shelf in his room. Later he added 4 more action figures to the shelf and removed 5 old ones. How many action figures were on his shelf in all?,Baker made 110 cakes. He sold 75 of them. Then he made 76 more cakes. How many cakes would baker still have?,7,111,"To solve this problem, we need to determine how many cakes Baker will have after the given actions.

1. Baker made 110 cakes.
2. He sold 7 of them.
3. He made 76 more cakes.

First, let's calculate the total number of cakes Baker made after the second action (selling 7 cakes):
110 cakes - 7 cakes = 103 cakes

Next, let's add the 76 cakes Baker made after the second action:
103 cakes + 76 cakes = 179 cakes

Therefore, Baker will have 179 cakes in total.

#### 179",neither
213,Baker made 110 cakes. He sold 75 of them. Then he made 76 more cakes. How many cakes would baker still have?,Paco ate 19 cookies and had 35 cookies left. How many cookies did he have in the beginning?,111,54,"To solve this problem, we need to determine how many cookies Paco had in the beginning. We know that Paco had 5 cookies left after eating 11 cookies. 

Let's break it down step by step:

1. Paco had 5 cookies left.
2. He ate 11 cookies.

To find out how many cookies Paco had in the beginning, we need to add the number of cookies he ate to the number of cookies he had left:

5 cookies (left) + 11 cookies (eaten) = 16 cookies

So, Paco had 16 cookies in the beginning.

#### 16",neither
214,Paco ate 19 cookies and had 35 cookies left. How many cookies did he have in the beginning?,Dan has $ 4. He had $ 3 left with him after he bought a candy bar. How much did the candy bar cost?,54,1,"To solve this problem, we need to determine the cost of the candy bar. Let's break down the information given:

1. Paula had $4.
2. She bought a candy bar.
3. She had $3 left after buying the candy bar.

We can set up the equation as follows:

Initial amount of money - Cost of candy bar = Remaining amount of money

$4 - Cost of candy bar = $3

To find the cost of the candy bar, we subtract $3 from $4:

$4 - $3 = $1

Therefore, the cost of the candy bar is $1.

#### $1",text
215,Dan has $ 4. He had $ 3 left with him after he bought a candy bar. How much did the candy bar cost?,For the walls of the house he would use 11 nails in all to secure large planks of wood. If each plank needs 3 pieces of nails to be secured and an additional 8 nails were used. How many planks does John need for the house wall?,1,1,"To solve this problem, we need to determine how many pieces of wood John needs for the house. Let's break down the information given and solve step by step.

1. Each piece of wood requires 3 nails.
2. A total of 80 nails were used.
3. The cost of the nails is 11 nis.

First, let's find out how many pieces of wood were used:
\[ \text{Number of pieces of wood} = \frac{\text{Total number of nails}}{\text{Nails per piece of wood}} \]
\[ \text{Number of pieces of wood} = \frac{80}{3} \]
\[ \text{Number of pieces of wood} = 26.67 \]

Since we can't have a fraction of a piece of wood, we round up to the nearest whole number:
\[ \text{Number of pieces of wood} = 27 \]

Next, let's calculate the cost of the nails:
\[ \text{Cost of nails} = \text{Number of pieces of wood} \times \text{Cost per piece of wood} \]
\[ \text{Cost of nails} = 27 \times 11 \]
\[",ambiguous
216,For the walls of the house he would use 11 nails in all to secure large planks of wood. If each plank needs 3 pieces of nails to be secured and an additional 8 nails were used. How many planks does John need for the house wall?,Paige raised 16 goldfish and 71 catfish in the pond but stray cats loved eating them. Now she has 2 left. How many goldfish disappeared?,1,14,"To solve this problem, we need to determine how many goldfish disappeared. Let's break down the information given:

1. Paige raised 1 goldfish and 1 catfish in the pond.
2. Now she has 2 fish left.

We can set up the equation as follows:

Number of goldfish + Number of catfish = Total number of fish
1 + 1 = 2

Since Paige now has 2 fish left, and she initially had 2 fish, it means that no goldfish disappeared.

Therefore, the number of goldfish that disappeared is 0.

#### 0",neither
217,Paige raised 16 goldfish and 71 catfish in the pond but stray cats loved eating them. Now she has 2 left. How many goldfish disappeared?,Baker sold 44 cakes. If he had made 48 cakes initially How many cakes would baker still have?,14,4,"To solve this problem, we need to determine how many cakes Peter would have left after giving some to his friends.

1. Peter initially had 44 cakes.
2. He gave 7 cakes to his friends.
3. He gave 7 more cakes to his friends.

Let's calculate the total number of cakes given away:
7 cakes + 7 cakes = 14 cakes

Now, let's subtract the number of cakes given away from the initial number of cakes:
44 cakes - 14 cakes = 30 cakes

Therefore, Peter would have 30 cakes left.

#### 30",neither
218,Baker sold 44 cakes. If he had made 48 cakes initially How many cakes would baker still have?,The ring toss game at the carnival made 325 dollars in the first 154 days and 114 dollars in the remaining 57 days. How much did they make per day in the remaining 57 days at the carnival?,4,2,"To solve this problem, we need to find out how much the person made per day in the remaining 7 days at the lowest rate.

1. First, let's find out the total amount made in the first 154 days:
   - Total amount made in the first 154 days: $325

2. Next, let's find out the total amount made in the remaining 57 days:
   - Total amount made in the remaining 57 days: $11

3. Now, let's find out the total amount made in the entire period:
   - Total amount made in the entire period: $325 + $11 = $336

4. Now, let's find out the total number of days in the entire period:
   - Total number of days in the entire period: 154 days + 57 days = 211 days

5. Now, let's find out the total amount made per day in the entire period:
   - Total amount made per day in the entire period: $336 / 211 days = $1.60 per day

6. Now, let's find out the amount made per day in the remaining 7 days at the lowest rate:
   - Amount made per day in the remaining 7 days at the",neither
219,The ring toss game at the carnival made 325 dollars in the first 154 days and 114 dollars in the remaining 57 days. How much did they make per day in the remaining 57 days at the carnival?,Rachel had to complete 10 pages of math homework. If she had to complete 3 more pages of reading homework than math homework How many pages did she have to complete in all?,2,23,"Rachel had to complete 0 page of math homework. If she had to complete 3 more pages of reading homework than math homework, she had to complete 0 + 3 = 3 pages of reading homework. In total, Rachel had to complete 0 + 3 = 3 pages of homework. Rachel had 57 days to complete her homework. Therefore, she had to complete 3 / 57 = 0.0526 pages per day. #### 0.0526",neither
220,Rachel had to complete 10 pages of math homework. If she had to complete 3 more pages of reading homework than math homework How many pages did she have to complete in all?,"Being his favorite, he saved checking on the grapevines for his last stop. He was told by 36 of the pickers that they fill 8 drums of grapes per day. How many days will it take to fill 240 drums of grapes?",23,30,"To solve this problem, we need to determine how many days it will take to fill 240 drums of grapes, given that 6 pickers can fill 8 drums per day.

Step 1: Calculate the number of drums filled by 6 pickers in one day.
6 pickers * 8 drums per day = 48 drums per day

Step 2: Determine how many days it will take to fill 240 drums.
240 drums / 48 drums per day = 5 days

So, it will take 5 days to fill 240 drums of grapes.

#### 5",neither
221,"Being his favorite, he saved checking on the grapevines for his last stop. He was told by 36 of the pickers that they fill 8 drums of grapes per day. How many days will it take to fill 240 drums of grapes?",Nell collects cards. She had 438 baseball cards and 18 Ace cards. She gave some of her cards to Jeff and now has 55 Ace cards and 178 baseball cards left. How many more baseball cards than Ace cards does Nell have?,30,123,Nell has 48 - 18 = 30 baseball cards left. She has 178 - 5 = 173 Ace cards. 173 - 30 = 143 more baseball cards than Ace cards. #### 143,neither
222,Nell collects cards. She had 438 baseball cards and 18 Ace cards. She gave some of her cards to Jeff and now has 55 Ace cards and 178 baseball cards left. How many more baseball cards than Ace cards does Nell have?,There were 15 roses in the vase. Jessica threw away 33 roses from the vase and cut some more new roses from her flower garden to put in the vase. There are now 17 roses in the vase. How many more roses did she cut than those she threw away?,123,2,"To solve this problem, we need to determine how many more roses Jessica added to the vase compared to the number she threw away.

Step 1: Identify the initial number of roses in the vase.
Initial number of roses = 15

Step 2: Identify the number of roses Jessica threw away.
Roses thrown away = 3

Step 3: Identify the final number of roses in the vase.
Final number of roses = 17

Step 4: Calculate the number of roses Jessica added to the vase.
Roses added = Final number of roses - Initial number of roses
Roses added = 17 - 15
Roses added = 2

Step 5: Calculate the difference between the number of roses added and the number of roses thrown away.
Difference = Roses added - Roses thrown away
Difference = 2 - 3
Difference = -1

Since the difference is negative, it means Jessica added 1 less rose than she threw away.

Answer: Jessica added 1 less rose than she threw away.",neither
223,There were 15 roses in the vase. Jessica threw away 33 roses from the vase and cut some more new roses from her flower garden to put in the vase. There are now 17 roses in the vase. How many more roses did she cut than those she threw away?,Dan has $ 4. For a total of $ 3 he bought 10 candy bar each one costing the same amount of money. How much money is left?,2,1,"To solve this problem, we need to determine how many roses are left after the given transactions.

1. There are 15 roses in the meadow.
2. 63 roses are used and 9 roses are added.
3. There are now 17 roses in the meadow.

We need to find out how many roses are left after the transactions.

Let's break it down step by step:

1. Start with 15 roses in the meadow.
2. 63 roses are used, so we subtract 63 from 15:
   15 - 63 = -48
   Since we can't have a negative number of roses, we assume that the meadow is replenished with 9 roses:
   -48 + 9 = -39
   This still doesn't make sense, so let's re-evaluate the problem.

It seems there might be a misunderstanding in the problem statement. Let's try to find the number of roses left after the transactions.

1. Start with 15 roses in the meadow.
2. 63 roses are used, so we subtract 63 from 15:
   15 - 63 = -48
   Since we can't have a negative number of roses, we assume that the meadow",neither
224,Dan has $ 4. For a total of $ 3 he bought 10 candy bar each one costing the same amount of money. How much money is left?,If they are already at 659 feet and the cave is 762 feet deep How much farther until they reach the end of the cave?,1,103,"To solve this problem, we need to find out how much farther they need to go to reach the end of the cave. We are given that they are already at 659 feet and the cave is 762 feet deep.

Step 1: Subtract the current depth from the total depth of the cave.
762 feet (total depth) - 659 feet (current depth) = 103 feet

So, they need to go 103 feet farther to reach the end of the cave.

#### 103",text
225,If they are already at 659 feet and the cave is 762 feet deep How much farther until they reach the end of the cave?,Faye was placing her pencils into 14 rows with 11 pencils in each row. How many pencils does she have?,103,154,"Faye is placing 8 erasers in 14 rows. Each row has 2 pencils. To find out how many pencils she has, we need to multiply the number of rows by the number of pencils in each row.

Number of rows = 14
Number of pencils in each row = 2

Total number of pencils = Number of rows * Number of pencils in each row
Total number of pencils = 14 * 2
Total number of pencils = 28

Therefore, Faye has 28 pencils.

#### 28",neither
226,Faye was placing her pencils into 14 rows with 11 pencils in each row. How many pencils does she have?,There were 6 roses and 20 orchids in the vase. Jessica cut some more roses and orchids from her flower garden. There are now 21 orchids and 22 roses in the vase. How many more roses than orchids are there in the vase now?,154,1,"To solve this problem, we need to determine the number of roses and orchids in the vase after some of them were cut.

Initially, there were 4 roses and 20 orchids in the vase. After cutting some, there are now 21 orchids and 4 roses.

To find out how many more roses than orchids are in the vase now, we subtract the number of orchids from the number of roses:

4 roses - 21 orchids = -17

Since the result is negative, it means there are 17 more orchids than roses in the vase now.

Therefore, the answer is:

#### -17",neither
227,There were 6 roses and 20 orchids in the vase. Jessica cut some more roses and orchids from her flower garden. There are now 21 orchids and 22 roses in the vase. How many more roses than orchids are there in the vase now?,If Lewis earns $ 1357 every week during the 223 weeks of a harvest season. How much money will he earn if he works for 73 harvest seasons?,1,22090603,"To solve this problem, we need to determine the total amount of money Lewis will earn in 7 weeks. We know that Lewis earns $7,357 every week. 

Let's break down the information given:
- Lewis earns $7,357 every week.
- There are 7 weeks in a harvest season.

To find the total amount of money Lewis will earn in 7 weeks, we multiply the weekly earnings by the number of weeks:

$7,357 * 7 = $51,499

Therefore, Lewis will earn $51,499 in 7 weeks.

#### 51,499",neither
228,If Lewis earns $ 1357 every week during the 223 weeks of a harvest season. How much money will he earn if he works for 73 harvest seasons?,A farmer had 171 tomatoes in his garden. If he picked 134 of them yesterday and 30 today. How many will he have left after today?,22090603,7,"The farmer had 171 omoes in his garden. If he picked 1/4 of them yesterday and 30 today, he will have 171 - (171/4) - 30 = 171 - 42.75 - 30 = 98.25 omoes left after today. #### 98.25",neither
229,A farmer had 171 tomatoes in his garden. If he picked 134 of them yesterday and 30 today. How many will he have left after today?,Mary is baking a cake. The recipe calls for 11 cups of sugar and 9 cups of flour. She already put in 12 cups of flour and 10 cups of sugar. How many more cups of sugar does she need to add?,7,1,"To solve this problem, we need to determine how many more cups of sugar Mary needs to add to her recipe.

1. The recipe calls for 1 cup of sugar.
2. Mary has already put in 12 cups of flour and 10 cups of sugar.
3. We need to find out how many more cups of sugar Mary needs to add.

Let's break it down step by step:

1. The recipe calls for 1 cup of sugar.
2. Mary has already put in 10 cups of sugar.
3. To find out how many more cups of sugar Mary needs to add, we subtract the amount of sugar she has already put in from the amount called for in the recipe.

10 cups of sugar (already put in) - 1 cup of sugar (called for in the recipe) = 9 cups of sugar needed

Therefore, Mary needs to add 9 more cups of sugar.

#### 9",neither
230,Mary is baking a cake. The recipe calls for 11 cups of sugar and 9 cups of flour. She already put in 12 cups of flour and 10 cups of sugar. How many more cups of sugar does she need to add?,Winter is almost here and most animals are migrating to warmer countries. There were 89 bird families living near the mountain. If 60 bird families flew away for winter How many more bird families flew away for the winter than those that stayed behind?,1,31,"To solve this problem, we need to determine how many more bird families flew away from the winter than those that stayed behind.

Let's break down the information given:
- Total number of bird families: 89
- Number of bird families that flew away: 60

We need to find the difference between the number of bird families that flew away and the number that stayed behind.

Number of bird families that stayed behind = Total number of bird families - Number of bird families that flew away
Number of bird families that stayed behind = 89 - 60
Number of bird families that stayed behind = 29

Now, we need to find the difference between the number of bird families that flew away and the number that stayed behind.

Difference = Number of bird families that flew away - Number of bird families that stayed behind
Difference = 60 - 29
Difference = 31

Therefore, 31 more bird families flew away from the winter than those that stayed behind.

#### 31",text
231,Winter is almost here and most animals are migrating to warmer countries. There were 89 bird families living near the mountain. If 60 bird families flew away for winter How many more bird families flew away for the winter than those that stayed behind?,Dan has $ 4. He bought 99 candy bar for $ 3 each one costing the same amount of money. How much money is left?,31,1,"To solve this problem, we need to determine the value of x, which represents the cost of each candy bar.

Let's break down the information given:

Number of candy bars: 99
Total cost of candy bars: $4x
Amount of money left: $14

We can set up the equation as follows:

Total cost of candy bars + Amount of money left = Total amount of money

$4x + $14 = Total amount of money

Since we don't have the total amount of money, we can't solve for x directly. However, we can express the total amount of money in terms of x:

Total amount of money = $4x + $14

Therefore, the value of the unknown variable x is:

x = (Total amount of money - $14) / $4

Without the total amount of money, we cannot determine the exact value of x. However, we can express x in terms of the total amount of money.

#### x = (Total amount of money - $14) / $4",neither
232,Dan has $ 4. He bought 99 candy bar for $ 3 each one costing the same amount of money. How much money is left?,Last week Fred had 47 dollars and Jason had 99 dollars. Over the weekend Fred delivered newspapers earning 111 dollars and washed cars earning 34 dollars. How much money does Fred have now?,1,192,"To solve this problem, we need to calculate the total amount of money Fred had initially and then subtract the amount he spent on delivering newspapers and washing cars.

1. Fred had 47 dollars.
2. Fred also had 99 dollars.
3. Fred spent 11 dollars delivering newspapers.
4. Fred spent 3 dollars washing cars.

First, let's add the initial amounts of money Fred had:
47 dollars + 99 dollars = 146 dollars

Next, let's subtract the amounts Fred spent:
146 dollars - 11 dollars - 3 dollars = 132 dollars

So, Fred has 132 dollars left.

#### 132",neither
233,Last week Fred had 47 dollars and Jason had 99 dollars. Over the weekend Fred delivered newspapers earning 111 dollars and washed cars earning 34 dollars. How much money does Fred have now?,4 birds and 6 storks were sitting on the fence. 2 more storks came to join them. How many storks are sitting on the fence?,192,8,"To solve this problem, we need to determine the number of storks that are sitting on the fence. Let's break down the information given:

1. Last week, there were 4 birds and 6 storks on the fence.
2. This week, 2 more storks joined the group.

We can set up the equation as follows:

Number of storks last week + Number of storks that joined = Total number of storks now

6 storks + 2 storks = 8 storks

Therefore, there are 8 storks sitting on the fence now.

#### 8",text
234,4 birds and 6 storks were sitting on the fence. 2 more storks came to join them. How many storks are sitting on the fence?,The school is planning a field trip. The school has 87 classrooms. There are 58 students in the school with each classroom having the same number of students. If there are 2 seats on each school bus. How many buses are needed to take the trip?,8,29,"To solve this problem, we need to determine the number of students sitting on the fence. Let's break down the information given:

1. There are 8 classrooms.
2. Each classroom has the same number of students.
3. There are 3 sessions of each school by.

We can set up the equation as follows:

Number of students in each classroom * Number of classrooms = Total number of students

Let's denote the number of students in each classroom as X.

So, the equation becomes:

X * 8 = Total number of students

Now, we need to find the total number of students. Since there are 3 sessions of each school by, we can multiply the total number of students by 3:

Total number of students * 3 = Total number of students for all sessions

Let's denote the total number of students for all sessions as Y.

So, the equation becomes:

Y = 3 * (X * 8)

Now, we need to find the number of students sitting on the fence. Since there are 6 students sitting on the fence, we can set up the equation as follows:

Number of students sitting on the fence = 6

Therefore, the answer is:

6 students sitting on the fence.",neither
235,The school is planning a field trip. The school has 87 classrooms. There are 58 students in the school with each classroom having the same number of students. If there are 2 seats on each school bus. How many buses are needed to take the trip?,Paul had 95 pens and 153 books. After selling some books and pens in a garage sale he had 13 books and 23 pens left. How many books did he sell in the garage sale?,29,140,"To solve this problem, we need to determine how many books Pau had left after the garage sale. 

Step 1: Identify the initial number of books and pens.
Pau had 95 books and 13 pens.

Step 2: Determine the number of books and pens sold.
Pau sold 3 books and 23 pens.

Step 3: Calculate the remaining number of books and pens.
Remaining books = Initial number of books - Number of books sold
Remaining books = 95 - 3
Remaining books = 92

Remaining pens = Initial number of pens - Number of pens sold
Remaining pens = 13 - 23
Remaining pens = -10

Since the number of pens cannot be negative, we assume that Pau sold all the pens.

Step 4: Calculate the total number of items sold.
Total items sold = Number of books sold + Number of pens sold
Total items sold = 3 + 23
Total items sold = 26

Step 5: Calculate the remaining number of items.
Remaining items = Initial number of items - Total items sold
Remaining items = 95 + 13 - 26
Remaining items = 82

Therefore, Pau had 82 items left after the garage sale",neither
236,Paul had 95 pens and 153 books. After selling some books and pens in a garage sale he had 13 books and 23 pens left. How many books did he sell in the garage sale?,"After making some pies, chef had 2 apples left. Initially he had 43 apples How many apples did he use?",140,41,"To solve this problem, we need to determine how many apples the chef used. Let's break down the information given:

Initial number of apples: 43
Number of apples used: 2

We can set up the equation as follows:

Initial number of apples - Number of apples used = Remaining number of apples

43 - 2 = 41

Therefore, the chef used 2 apples.

#### 2",neither
237,"After making some pies, chef had 2 apples left. Initially he had 43 apples How many apples did he use?",Josh had 19 marbles in his collection. He lost 11 marbles and found 5 new ones. How many marbles does he have now?,41,13,"To solve this problem, we need to follow these steps:

1. Start with the initial number of marbles.
2. Subtract the number of marbles lost.
3. Add the number of marbles found.

Let's break it down step by step:

1. Initial number of marbles: 79
2. Marbles lost: 1
3. Marbles found: 5

Now, let's perform the calculations:

Initial number of marbles - Marbles lost + Marbles found = Final number of marbles
79 - 1 + 5 = 83

Therefore, the final number of marbles is 83.

#### 83",neither
238,Josh had 19 marbles in his collection. He lost 11 marbles and found 5 new ones. How many marbles does he have now?,Ed had 24 more marbles than Doug. Doug lost 27 of his marbles at the playground while Ed found 9 more marbles. How many more marbles did Ed have than Doug then?,13,60,"To solve this problem, we need to determine how many marbles Dug has after losing 27 marbles and Ed found 9 more marbles.

1. Let's denote the number of marbles Dug has as D and the number of marbles Ed has as E.
2. We know that D = E + 24 (Dug has 24 more marbles than Ed).
3. Dug lost 27 marbles, so D = D - 27.
4. Ed found 9 more marbles, so E = E + 9.
5. We need to find the difference between the number of marbles Dug and Ed have after these changes.

Let's calculate step by step:

1. D = E + 24
2. D - 27 = E + 9
3. D - 27 = E + 9
4. D - 27 = E + 9
5. D - 27 = E + 9

Since we don't have the initial values for D and E, we can't find the exact difference. However, we can express the difference in terms of E:

D - 27 = E + 9
D = E + 36

So,",neither
239,Ed had 24 more marbles than Doug. Doug lost 27 of his marbles at the playground while Ed found 9 more marbles. How many more marbles did Ed have than Doug then?,If the cave is 919 feet deep and they need to travel 1307 feet How far is the end of the cave?,60,2226,"To solve this problem, we need to determine the distance from the end of the cave to the point where the two explorers meet. Let's break down the information given:

1. Ed had 2 more meters than Doug.
2. Doug had 27 meters.
3. Ed found 4 more meters than Doug.

First, let's find out how many meters Ed had:

Ed = Doug + 2
Ed = 27 + 2
Ed = 29 meters

Next, let's find out how many meters Ed found:

Ed found = Doug + 4
Ed found = 27 + 4
Ed found = 31 meters

Now, let's find the total distance each explorer traveled:

Doug's total distance = Doug's initial distance + Doug's found distance
Doug's total distance = 27 + 31
Doug's total distance = 58 meters

Ed's total distance = Ed's initial distance + Ed's found distance
Ed's total distance = 29 + 31
Ed's total distance = 60 meters

Finally, let's find the distance from the end of the cave to the point where the two explorers meet:

Total distance = Ed's total distance + Doug's total distance
Total",image
240,If the cave is 919 feet deep and they need to travel 1307 feet How far is the end of the cave?,Robin cut off 20 inches of his hair. If his hair is now 10 inches long How long was his hair before he cut?,2226,30,"To solve this problem, we need to determine the length of Robin's hair before he cut 2 inches of it. We know that after cutting 2 inches, his hair is 10 inches long. 

Let's break it down step by step:

1. Robin's hair is 10 inches long after cutting 2 inches.
2. To find the original length of his hair, we need to add the 2 inches he cut back to the current length.

So, the original length of Robin's hair is:
10 inches (current length) + 2 inches (cut length) = 12 inches

Therefore, Robin's hair was originally 12 inches long before he cut 2 inches.

#### 12",neither
241,Robin cut off 20 inches of his hair. If his hair is now 10 inches long How long was his hair before he cut?,He then went to see the oranges being harvested. He found out that they harvest 44 sacks of ripe oranges and 25 sacks of unripe oranges per day. How many more sacks of ripe oranges than unripe oranges are harvested per day?,30,19,"To solve this problem, we need to determine the difference in the number of ripe and unripe oranges harvested per day.

Step 1: Identify the given information.
- Ripe oranges: 44 sacks
- Unripe oranges: 25 sacks

Step 2: Calculate the total number of oranges harvested per day.
- Total oranges = Ripe oranges + Unripe oranges
- Total oranges = 44 sacks + 25 sacks
- Total oranges = 69 sacks

Step 3: Determine the difference in the number of ripe and unripe oranges.
- Difference = Ripe oranges - Unripe oranges
- Difference = 44 sacks - 25 sacks
- Difference = 19 sacks

Step 4: Convert the difference to ounces.
- Assume 1 sack = 12 ounces
- Difference in ounces = 19 sacks * 12 ounces/sack
- Difference in ounces = 228 ounces

Therefore, the difference in the number of ripe and unripe oranges harvested per day is 228 ounces.

#### 228",neither
242,He then went to see the oranges being harvested. He found out that they harvest 44 sacks of ripe oranges and 25 sacks of unripe oranges per day. How many more sacks of ripe oranges than unripe oranges are harvested per day?,There are 4502 skittles in Steven's skittles collection. Steven also has 4276 erasers. If the skittles and erasers are organized into 154 groups How big is each group?,19,57,"To solve this problem, we need to determine the weight of each group of skittles and erasers combined. Let's break it down step by step.

1. **Identify the total number of skittles and erasers:**
   - Skittles: 450
   - Erasers: 4276

2. **Calculate the total number of items:**
   - Total items = 450 skittles + 4276 erasers = 4726 items

3. **Determine the number of groups:**
   - Number of groups = 154 groups

4. **Calculate the weight of each group:**
   - Weight of each group = Total weight of items / Number of groups
   - Total weight of items = 450 skittles * 5 grams + 4276 erasers * 5 grams
   - Total weight of items = 2250 grams + 21380 grams = 23630 grams

5. **Calculate the weight of each group:**
   - Weight of each group = 23630 grams / 154 groups
   - Weight of each group = 153.5 grams

Therefore, each group weighs 153.5 grams.

#### 153.5",neither
243,There are 4502 skittles in Steven's skittles collection. Steven also has 4276 erasers. If the skittles and erasers are organized into 154 groups How big is each group?,Jake has 6 fewer peaches than Steven. Steven has 18 more peaches than Jill. If jill has 5 peaches How many peaches does Jake have?,57,17,"To solve this problem, we need to determine the number of peaches Jake has. Let's break down the information given:

1. Jake has 6 peaches.
2. Steven has 18 more peaches than Jill.
3. Jill has 5 peaches.

We can set up the equation as follows:

Jake's peaches = Jill's peaches + 18

Since Jill has 5 peaches, we can substitute this value into the equation:

Jake's peaches = 5 + 18

Now, let's solve for Jake's peaches:

Jake's peaches = 23

Therefore, Jake has 23 peaches.

#### 23",neither
244,Jake has 6 fewer peaches than Steven. Steven has 18 more peaches than Jill. If jill has 5 peaches How many peaches does Jake have?,36 children were riding on the bus. At the bus stop 68 children got off the bus while some more got on the bus. Then there were 12 children altogether on the bus. How many more children got off the bus than those that got on?,17,24,"To solve this problem, we need to determine how many more children are on the bus than those who got off.

Step 1: Identify the initial number of children on the bus.
Initial number of children on the bus = 6

Step 2: Identify the number of children who got off the bus.
Number of children who got off the bus = 68

Step 3: Identify the number of children who got on the bus.
Number of children who got on the bus = 2

Step 4: Calculate the total number of children on the bus after some got off and some got on.
Total number of children on the bus = Initial number of children on the bus - Number of children who got off the bus + Number of children who got on the bus
Total number of children on the bus = 6 - 68 + 2
Total number of children on the bus = -60 + 2
Total number of children on the bus = -58

Step 5: Determine how many more children are on the bus than those who got off.
More children on the bus than those who got off = Total number of children on the bus - Number of children who got off the bus
More children on the bus than",neither
245,36 children were riding on the bus. At the bus stop 68 children got off the bus while some more got on the bus. Then there were 12 children altogether on the bus. How many more children got off the bus than those that got on?,Because of the decision Sofia asked the students to suggest specific types of food. If 228 students suggested adding mashed potatoes 337 suggested adding bacon to the menu and 23 suggested adding tomatoes How many more students suggested bacon than those that suggested tomatoes?,24,314,"To solve this problem, we need to find the difference between the number of students who suggested adding bananas and the number of students who suggested adding tomatoes.

Step 1: Identify the number of students who suggested adding bananas and tomatoes.
- Number of students who suggested adding bananas: 37
- Number of students who suggested adding tomatoes: 28

Step 2: Calculate the difference between the two numbers.
- Difference = Number of students who suggested adding bananas - Number of students who suggested adding tomatoes
- Difference = 37 - 28

Step 3: Perform the subtraction.
- Difference = 9

So, there were 9 more students who suggested adding bananas than those who suggested adding tomatoes.

#### 9",neither
246,Because of the decision Sofia asked the students to suggest specific types of food. If 228 students suggested adding mashed potatoes 337 suggested adding bacon to the menu and 23 suggested adding tomatoes How many more students suggested bacon than those that suggested tomatoes?,He then went to see the oranges being harvested. He found out that they harvested 56 sacks of oranges. How many sacks did they harvest per day if they harvested for a total of 14 days?,314,4,"To solve this problem, we need to determine how many sacks of oranges were harvested in one day. We know that 56 sacks of oranges were harvested in 3 days. 

Let's break down the information given:
- Total number of sacks of oranges harvested in 3 days: 56
- Number of days: 3

We can set up the equation as follows:
Total number of sacks of oranges harvested in 3 days = Number of sacks of oranges harvested in 1 day * Number of days

56 = Number of sacks of oranges harvested in 1 day * 3

To find the number of sacks of oranges harvested in 1 day, we divide both sides of the equation by 3:

56 / 3 = Number of sacks of oranges harvested in 1 day

Number of sacks of oranges harvested in 1 day = 18.67

Since we cannot have a fraction of a sack, we round up to the nearest whole number:

Number of sacks of oranges harvested in 1 day = 19

Therefore, they harvested 19 sacks of oranges in one day.

#### 19",neither
247,He then went to see the oranges being harvested. He found out that they harvested 56 sacks of oranges. How many sacks did they harvest per day if they harvested for a total of 14 days?,Debby bought 88 water bottles and 13 soda bottles when they were on sale. If she drank 4 water bottles and 87 soda bottles a day How many days would the water bottles last?,4,22,"To solve this problem, we need to determine how many days the water bottles will last for Debby. Let's break down the information given:

1. Debby bought 8 water bottles.
2. She drank 4 water bottles a day.
3. She also bought 13 soda bottles.
4. She drank 87 soda bottles a day.

First, let's calculate how many days the water bottles will last:

8 water bottles / 4 water bottles per day = 2 days

So, the water bottles will last for 2 days.

Next, let's calculate how many days the soda bottles will last:

13 soda bottles / 87 soda bottles per day = 0.15 days

Since we can't have a fraction of a day, we'll round this down to 0 days.

Therefore, the soda bottles will last for 0 days.

Since the soda bottles will last for 0 days, we don't need to consider them in the final answer.

So, the water bottles will last for 2 days.

#### 2",neither
248,Debby bought 88 water bottles and 13 soda bottles when they were on sale. If she drank 4 water bottles and 87 soda bottles a day How many days would the water bottles last?,Jerry had some action figures on a shelf in his room. Later he added 2 more action figures to the shelf and removed 7 of the old ones. If there are 10 action figures on his shelf now How many action figures did he have initially on the shelf?,22,15,"Jerry had 6 action figures in his room. He added 4 more action figures to the shelf and removed 7 of the old ones. How many action figures does he have now? 

Initially, Jerry had 6 action figures. He added 4 more, so he had 6 + 4 = 10 action figures. Then he removed 7, so he has 10 - 7 = 3 action figures now. 

#### 3",neither
249,Jerry had some action figures on a shelf in his room. Later he added 2 more action figures to the shelf and removed 7 of the old ones. If there are 10 action figures on his shelf now How many action figures did he have initially on the shelf?,Mary is baking a cake. The recipe calls for 12 cups of flour 5 cups of sugar and 49 cups of salt. She already put in 11 cups of flour. How many more cups of flour does she need to add?,15,1,"To solve this problem, we need to determine how many more cups of flour Marp needs to add to the recipe. Let's break down the information given:

1. The recipe calls for 12 cups of flour.
2. Marp has already put in 11 cups of flour.

We can calculate the number of cups of flour Marp still needs by subtracting the amount she has already put in from the total amount required by the recipe.

12 cups (total required) - 11 cups (already put in) = 1 cup

Therefore, Marp needs to add 1 more cup of flour to the recipe.

#### 1",text
250,Mary is baking a cake. The recipe calls for 12 cups of flour 5 cups of sugar and 49 cups of salt. She already put in 11 cups of flour. How many more cups of flour does she need to add?,Jake has 8 fewer peaches and 10 more apples than Steven. Steven has 11 apples and 18 peaches. How many more peaches than apples does Steven have?,1,7,"To solve this problem, we need to determine how many more peaches than apples Jake has. Let's break down the information given:

1. Jake has 8 fewer peaches than Steve.
2. Steve has 11 apples and 18 peaches.

First, let's find out how many peaches Jake has:

Steve's peaches - 8 = Jake's peaches
18 - 8 = 10

So, Jake has 10 peaches.

Next, let's find out how many more peaches than apples Jake has:

Jake's peaches - Steve's apples = more peaches than apples
10 - 11 = -1

Jake has 1 fewer peach than an apple.

Therefore, the answer is -1. Jake has 1 fewer peach than an apple. #### -1.",neither
251,Jake has 8 fewer peaches and 10 more apples than Steven. Steven has 11 apples and 18 peaches. How many more peaches than apples does Steven have?,Mary is baking a cake. The recipe calls for 3 cups of sugar and 10 cups of flour. She already put in some cups of flour. If she still needs 5 more cups of flour than sugar How many cups of flour did she put in?,7,2,"To solve this problem, we need to determine how many cups of flour Mry put in the cake. Let's break down the information given:

1. Mry needs 8 parchment papers and 10 more application parchment papers.
2. She needs 11 parchment papers and 9 more application parchment papers.
3. She needs 10 cups of flour for 3 cups of sugar.

We can set up the equation as follows:

Number of parchment papers needed = 8 + 10 = 18
Number of parchment papers needed = 11 + 9 = 20

Since the number of parchment papers needed is the same in both cases, we can conclude that Mry put in 10 cups of flour.

Therefore, the answer is 10 cups of flour.

#### 10",neither
252,Mary is baking a cake. The recipe calls for 3 cups of sugar and 10 cups of flour. She already put in some cups of flour. If she still needs 5 more cups of flour than sugar How many cups of flour did she put in?,If each pack costs 81 dollars How much will it cost to buy 33 packs of dvds?,2,2673,"To solve this problem, we need to determine the total cost of buying 33 pucks, given that each puck costs 81 dollars.

Step 1: Identify the cost per puck.
The cost per puck is 81 dollars.

Step 2: Determine the number of pucks to be bought.
The number of pucks to be bought is 33.

Step 3: Calculate the total cost.
To find the total cost, multiply the cost per puck by the number of pucks:
Total cost = 81 dollars/puck * 33 pucks

Step 4: Perform the multiplication.
81 * 33 = 2673

Therefore, the total cost to buy 33 pucks is 2673 dollars.

#### 2673",text
253,If each pack costs 81 dollars How much will it cost to buy 33 packs of dvds?,A mailman has to give 4 pieces of junk mail to each house in each of the 16 blocks. If there are 17 houses in each block How many pieces of junk mail should he give in total?,2673,1088,"To solve this problem, we need to determine the total number of pieces of junk mail that the mailman has to give to each house in each of the 16 blocks. 

1. Each house receives 4 pieces of junk mail.
2. There are 16 blocks in total.

To find the total number of pieces of junk mail, we multiply the number of pieces per house by the number of houses in each block and then by the number of blocks:

4 pieces of junk mail per house * 16 houses per block * 17 blocks = 4 * 16 * 17

Now, let's calculate the total:

4 * 16 = 64
64 * 17 = 1088

Therefore, the mailman has to give a total of 1088 pieces of junk mail.

#### 1088",text
254,A mailman has to give 4 pieces of junk mail to each house in each of the 16 blocks. If there are 17 houses in each block How many pieces of junk mail should he give in total?,David did 56 more push-ups than Zachary in gym class today. If David did 38 push-ups How many push-ups did Zachary and David do altogether?,1088,20,"To solve this problem, we need to determine the number of push-ups Zachary did in gym class today. Let's break down the information given:

1. Dagid did 56 more push-ups than Zachary.
2. Dagid did 38 push-ups.

We can set up the equation as follows:

Dagid's push-ups = Zachary's push-ups + 56

Given that Dagid did 38 push-ups, we can substitute this value into the equation:

38 = Zachary's push-ups + 56

To find Zachary's push-ups, we subtract 56 from both sides of the equation:

38 - 56 = Zachary's push-ups + 56 - 56

-18 = Zachary's push-ups

Therefore, Zachary did -18 push-ups in gym class today.

However, since the number of push-ups cannot be negative, it seems there might be an error in the problem statement or the given values. If we assume the problem meant that Dagid did 56 more push-ups than Zachary and Dagid did 38 push-ups, the correct calculation would be:

Dagid's push-ups = Zachary's push-ups + 56

38 = Zachary's push",neither
255,David did 56 more push-ups than Zachary in gym class today. If David did 38 push-ups How many push-ups did Zachary and David do altogether?,Brenda's mother made 14 cookies for 2 guests. If each of them had the same number of cookies How many did each of them have?,20,7,"To solve this problem, we need to determine how many cookies each of the guests received. Let's break down the information given:

1. Breda made 1 cookie for 2 guests.
2. Each guest had the same number of cookies.

We can set up the equation as follows:

Number of cookies made by Breda / Number of guests = Number of cookies per guest

1 cookie / 2 guests = 1/2 cookie per guest

Therefore, each guest received 1/2 of a cookie.

#### 1/2",neither
256,Brenda's mother made 14 cookies for 2 guests. If each of them had the same number of cookies How many did each of them have?,Mary is baking a cake. The recipe calls for 6 cups of flour 8 cups of sugar and 7 cups of salt. She already put in 5 cups of flour. How many more cups of sugar than cups of salt does she need to add now?,7,1,"To solve this problem, we need to determine how many more cups of sugar than cups of flour Mr. Brown needs to add to his recipe.

1. The recipe calls for 6 cups of flour and 8 cups of sugar.
2. Mr. Brown has already put in 5 cups of flour.
3. We need to find out how many more cups of sugar than cups of flour Mr. Brown needs to add.

Let's break it down step by step:

1. The recipe calls for 6 cups of flour and 8 cups of sugar.
2. Mr. Brown has already put in 5 cups of flour.
3. To find out how many more cups of sugar than cups of flour Mr. Brown needs to add, we subtract the amount of flour he has already put in from the total amount of flour required in the recipe, and then add the difference to the total amount of sugar required in the recipe.

Calculation:
- Total cups of flour required: 6
- Cups of flour already put in: 5
- Difference in cups of flour: 6 - 5 = 1

Now, we add this difference to the total cups of sugar required:
- Total cups of sugar required: 8
- Cups",neither
257,Mary is baking a cake. The recipe calls for 6 cups of flour 8 cups of sugar and 7 cups of salt. She already put in 5 cups of flour. How many more cups of sugar than cups of salt does she need to add now?,Jake has 12 fewer peaches and 79 more apples than Steven. Steven has 19 peaches and 14 apples. How many peaches does Jake have?,1,7,"To solve this problem, we need to determine the number of peaches and apples that JKL has compared to Steven.

1. JKL has 12 peaches.
2. Steven has 9 peaches.
3. JKL has 79 more apples than Steven.

First, let's find out how many apples Steven has:
Steven has 9 peaches, so JKL has 79 more apples than Steven.

Therefore, JKL has 79 + 9 = 88 apples.

Now, let's find out how many peaches JKL has compared to Steven:
JKL has 12 peaches, and Steven has 9 peaches.

So, JKL has 12 - 9 = 3 more peaches than Steven.

Therefore, JKL has 3 more peaches than Steven.

#### 3",neither
258,Jake has 12 fewer peaches and 79 more apples than Steven. Steven has 19 peaches and 14 apples. How many peaches does Jake have?,Julia played tag with 12 kids on monday. She played tag with 14 kids on tuesday. She spent a total of 34 hours to play tag on both days. How many kids did she play with altogether?,7,26,"1. The problem states that Julia played with 6 kids on Monday and 1 kid on Tuesday. We need to find out how many kids she played with altogether.
2. By problem, Julia played with 6 kids on Monday and 1 kid on Tuesday. To find out how many kids she played with altogether, we need to add the number of kids she played with on Monday and Tuesday together.
3. By problem, Julia played with 6 kids on Monday and 1 kid on Tuesday. To find out how many kids she played with altogether, we add 6 + 1 = 7.
4. [Final solution] Thus, Julia played with 7 kids altogether. #### 7.",image
259,Julia played tag with 12 kids on monday. She played tag with 14 kids on tuesday. She spent a total of 34 hours to play tag on both days. How many kids did she play with altogether?,Edward had $ 13. He spent some money. Now he has $ 3. How much money did Edward spend?,26,10,"To solve this problem, we need to determine how much money Edward spent. We know that Edward had $3 and now he has $3. 

Let's break down the information given:
- Edward had $3.
- Edward now has $3.

We can set up the equation as follows:
Initial amount of money - Amount of money spent = Final amount of money

$3 - Amount of money spent = $3

To find the amount of money spent, we subtract the final amount of money from the initial amount of money:
Amount of money spent = $3 - $3

Amount of money spent = $0

Therefore, Edward spent $0.

#### 0",neither
260,Edward had $ 13. He spent some money. Now he has $ 3. How much money did Edward spend?,Dan has $ 2. He bought some candy bar for $ 6 each one costing $ 3. How many candy bar did he buy?,10,2,"To solve this problem, we need to determine how many candy bars Da0 bought with $2, given that each candy bar costs $3.

Step 1: Identify the total amount of money Da0 has and the cost of each candy bar.
Da0 has $2.
Each candy bar costs $3.

Step 2: Divide the total amount of money by the cost of each candy bar to find out how many candy bars Da0 can buy.
$2 ÷ $3 = 0.6667

Since Da0 cannot buy a fraction of a candy bar, he can buy 0 candy bars.

Answer: Da0 bought 0 candy bars.",neither
261,Dan has $ 2. He bought some candy bar for $ 6 each one costing $ 3. How many candy bar did he buy?,Danny has 12 bottle caps in his collection. He found 53 bottle caps at the park. How many bottle caps does he have now?,2,65,"Danny has 1 bottle cap and bought 5 more. To find out how many bottle caps he has now, we need to add the number of bottle caps he already had to the number of bottle caps he bought.

1 (initial bottle cap) + 5 (bought bottle caps) = 6 bottle caps

So, Danny now has 6 bottle caps.

#### 6",neither
262,Danny has 12 bottle caps in his collection. He found 53 bottle caps at the park. How many bottle caps does he have now?,Paul sold some books in a garage sale leaving him with 27 books. If he had 136 books initially How many books did he sell?,65,109,"To solve this problem, we need to determine the value of 'N' which represents the initial number of books Paul had.

Let's break down the information given:
- Paul sold 2 books.
- After selling 2 books, he had 6 books left.

We can set up the equation as follows:
Initial number of books - Number of books sold = Number of books left

N - 2 = 6

To solve for 'N', we add 2 to both sides of the equation:
N - 2 + 2 = 6 + 2

N = 8

Therefore, the value of 'N' is 8.

#### 8",neither
263,Paul sold some books in a garage sale leaving him with 27 books. If he had 136 books initially How many books did he sell?,Jack received 4 emails in the morning and some more in the afternoon. If he received a total of 5 emails in the day How many emails did Jack receive in the afternoon?,109,1,"Jack received 4 emails in the morning and 9 emails in the afternoon. He received a total of 13 emails in two days. 

To find out how many emails he received in the afternoon, we can subtract the number of emails he received in the morning from the total number of emails he received in two days. 

13 - 4 = 9

Therefore, Jack received 9 emails in the afternoon. 

#### 9",neither
264,Jack received 4 emails in the morning and some more in the afternoon. If he received a total of 5 emails in the day How many emails did Jack receive in the afternoon?,Lewis earns a total of $ 1216 during the harvest. If he earns $ 16 each week How many weeks did the harvest last?,1,76,"To solve this problem, we need to determine the number of weeks Lewis worked during the harvest. We know that Lewis earns a total of $121,000 and earns $6 per week. 

Let's break down the information given:
- Total earnings: $121,000
- Weekly earnings: $6

We can set up the equation as follows:
Total earnings = Weekly earnings * Number of weeks

$121,000 = $6 * Number of weeks

To find the number of weeks, we divide both sides of the equation by $6:

Number of weeks = $121,000 / $6

Number of weeks = 20,166.67

Since we can't have a fraction of a week, we round up to the nearest whole number:

Number of weeks = 20,167

Therefore, the harvest lasted for 20,167 weeks.

#### 20,167",neither
265,Lewis earns a total of $ 1216 during the harvest. If he earns $ 16 each week How many weeks did the harvest last?,Frank was reading through some books. Each book had 249 pages and it took Frank 3 days to finish each book. How many pages did he read per day?,76,83,"To solve this problem, we need to determine how many pages Frank read per day. We know that Frank read 29 pages per book and it took him 3 days to finish each book. 

Let's break down the information given:
- Number of pages per book: 29
- Number of days to finish each book: 3

To find out how many pages Frank read per day, we divide the total number of pages by the number of days it took to finish each book:

29 pages / 3 days = 9.67 pages per day

Since we are looking for the number of pages Frank read per day, we can round this to the nearest whole number:

9.67 pages per day ≈ 10 pages per day

Therefore, Frank read approximately 10 pages per day.

#### 10",neither
266,Frank was reading through some books. Each book had 249 pages and it took Frank 3 days to finish each book. How many pages did he read per day?,They decided to hold the party in their backyard. If they have 11 sets of tables and each set has 13 chairs How many chairs do they have in the backyard?,83,143,"To solve this problem, we need to determine the total number of chairs in the backyard. We know that there are 11 sets of chairs and each set contains 13 chairs.

Step 1: Multiply the number of sets by the number of chairs in each set.
11 sets * 13 chairs/set = 143 chairs

So, the backyard has 143 chairs.

#### 143",text
267,They decided to hold the party in their backyard. If they have 11 sets of tables and each set has 13 chairs How many chairs do they have in the backyard?,Brenda's mother made cookies for 10 guests but 9 guests did not come. If she prepared 18 cookies and each guest had the same number of cookies How many did each of them have?,143,18,"To solve this problem, we need to determine how many cookies each person had. Let's break it down step by step.

1. Brenda's mother made 9 cookies.
2. 1 cookie was not consumed.
3. The remaining cookies were shared among 11 people.

First, let's find out how many cookies were left after 1 cookie was not consumed:
9 cookies - 1 cookie = 8 cookies

Next, we need to divide the remaining 8 cookies among 11 people:
8 cookies ÷ 11 people = 0.727 cookies per person (approximately)

Since we are dealing with whole cookies, we can round down to the nearest whole number:
0.727 cookies per person ≈ 0 cookies per person

Therefore, each person had 0 cookies.

#### 0",neither
268,Brenda's mother made cookies for 10 guests but 9 guests did not come. If she prepared 18 cookies and each guest had the same number of cookies How many did each of them have?,Rebecca wants to split a collection of eggs into groups of 3. Rebecca has 99 bananas 9 eggs and 27 marbles. How many groups will be created?,18,3,"To solve this problem, we need to determine how many groups of 3 can be formed from a collection of 9 bananas and 27 marbles.

Step 1: Calculate the total number of items.
We have 9 bananas and 27 marbles.
Total items = 9 bananas + 27 marbles = 36 items.

Step 2: Divide the total number of items by the number of items per group.
We want to form groups of 3.
Number of groups = Total items / Items per group = 36 items / 3 items per group = 12 groups.

Therefore, Rebecca can form 12 groups.

#### 12",neither
269,Rebecca wants to split a collection of eggs into groups of 3. Rebecca has 99 bananas 9 eggs and 27 marbles. How many groups will be created?,Ed had 29 more marbles than Doug. Ed lost 17 of his marbles at the playground. How many more marbles did Ed have than Doug then?,3,12,"To solve this problem, we need to determine how many more marbles Ed has than Duu. Let's break it down step by step.

1. **Identify the given information:**
   - Ed has 87 marbles.
   - Duu has 2 fewer marbles than Ed.

2. **Calculate the number of marbles Duu has:**
   - Since Duu has 2 fewer marbles than Ed, we subtract 2 from Ed's total:
     \[
     87 - 2 = 85
     \]
   - Therefore, Duu has 85 marbles.

3. **Determine how many more marbles Ed has than Duu:**
   - To find out how many more marbles Ed has than Duu, we subtract Duu's total from Ed's total:
     \[
     87 - 85 = 2
     \]
   - Therefore, Ed has 2 more marbles than Duu.

Thus, the answer is:
#### 2",neither
270,Ed had 29 more marbles than Doug. Ed lost 17 of his marbles at the playground. How many more marbles did Ed have than Doug then?,There are 6 houses on a block. If a mailman has to give 24 pieces of junk mail to each block How many pieces of junk mail should he give in each house?,12,4,"To solve this problem, we need to determine how many pieces of junk mail each house should receive. Let's break it down step by step.

1. **Determine the total number of houses:**
   - There are 24 houses on a block.

2. **Determine the total number of pieces of junk mail:**
   - The mailman has 17 pieces of junk mail.

3. **Calculate the number of pieces of junk mail each house should receive:**
   - Divide the total number of pieces of junk mail by the number of houses.
   - \( \frac{17 \text{ pieces of junk mail}}{24 \text{ houses}} \approx 0.708 \text{ pieces of junk mail per house} \)

4. **Round to the nearest whole number:**
   - Since we can't have a fraction of a piece of junk mail, we round up to the nearest whole number.
   - Each house should receive 1 piece of junk mail.

Therefore, each house should receive 1 piece of junk mail.

#### 1",neither
271,There are 6 houses on a block. If a mailman has to give 24 pieces of junk mail to each block How many pieces of junk mail should he give in each house?,Zachary did 59 push-ups and 44 crunches in gym class today. David did 19 more push-ups but 27 less crunches than zachary. How many push-ups did David do?,4,78,"To solve this problem, we need to determine how many push-ups David did in gym class today. Let's break down the information given:

1. Zachary did 5 push-ups.
2. David did 19 push-ups.
3. David did 2A less crunches than Zachary.

First, let's find out how many crunches Zachary did. We know that Zachary did 44 crunches.

Now, let's find out how many crunches David did. Since David did 2A less crunches than Zachary, we can set up the following equation:

David's crunches = Zachary's crunches - 2A

David's crunches = 44 - 2A

Now, let's find out how many push-ups David did. We know that David did 19 push-ups.

Therefore, the total number of push-ups David did is:

19 push-ups

So, David did 19 push-ups in gym class today.

#### 19",neither
272,Zachary did 59 push-ups and 44 crunches in gym class today. David did 19 more push-ups but 27 less crunches than zachary. How many push-ups did David do?,Emily is making bead necklaces for her friends. Each necklace takes 8 beads and she has 16 beads. How many necklaces can Emily make?,78,2,"To solve this problem, we need to determine how many necklaces Emily can make with the beads she has. 

Step 1: Identify the given information.
- Each necklace takes 8 beads.
- Emily has 16 beads.

Step 2: Set up the equation.
- Let x be the number of necklaces Emily can make.
- The equation is: 8x = 16

Step 3: Solve the equation.
- Divide both sides of the equation by 8: x = 16 / 8
- Simplify: x = 2

Emily can make 2 necklaces. 

#### 2",text
273,Emily is making bead necklaces for her friends. Each necklace takes 8 beads and she has 16 beads. How many necklaces can Emily make?,Jesse's rooms are 19 feet long and 18 feet wide. If she has 20 rooms in all How much carpet does she need to cover the floors of all rooms?,2,6840,"To solve this problem, we need to determine the total area of the carpet needed to cover the floors of the rooms. Let's break down the information given and solve step by step.

1. **Identify the dimensions of the rooms:**
   - Length of the room: 19 feet
   - Width of the room: 18 feet

2. **Calculate the area of one room:**
   - Area = Length × Width
   - Area = 19 feet × 18 feet
   - Area = 342 square feet

3. **Determine the number of rooms:**
   - Number of rooms = 2

4. **Calculate the total area of all rooms:**
   - Total area = Area of one room × Number of rooms
   - Total area = 342 square feet × 2
   - Total area = 684 square feet

5. **Determine the amount of carpet needed:**
   - Since the carpet needs to cover the entire floor area, the amount of carpet needed is equal to the total area of all rooms.

Therefore, Emily needs 684 square feet of carpet to cover the floors of the rooms.

#### 684",neither
274,Jesse's rooms are 19 feet long and 18 feet wide. If she has 20 rooms in all How much carpet does she need to cover the floors of all rooms?,Next on his checklist is wax to stick the feathers together. If the feathers require 166 g of wax and right now he has 20 g How many more grams of wax does he need?,6840,146,"To solve this problem, we need to determine how many more grams of wax are needed to reach the required 66 grams.

Step 1: Identify the given information.
- Required amount of wax: 66 grams
- Current amount of wax: 20 grams

Step 2: Calculate the additional amount of wax needed.
- Additional wax needed = Required amount of wax - Current amount of wax
- Additional wax needed = 66 grams - 20 grams

Step 3: Perform the subtraction.
- Additional wax needed = 46 grams

Therefore, the answer is 46 grams.

#### 46",neither
275,Next on his checklist is wax to stick the feathers together. If the feathers require 166 g of wax and right now he has 20 g How many more grams of wax does he need?,15 campers went rowing in the morning. Some more campers went rowing in the afternoon. If a total of 32 campers went rowing that day How many campers went rowing in the afternoon?,146,17,"To solve this problem, we need to determine the number of campers rowing in the afternoon. Let's break down the information given:

- Total number of campers: 32
- Number of campers rowing in the morning: 15

We can set up the equation as follows:

Number of campers rowing in the morning + Number of campers rowing in the afternoon = Total number of campers

15 + Number of campers rowing in the afternoon = 32

To find the number of campers rowing in the afternoon, we subtract the number of campers rowing in the morning from the total number of campers:

Number of campers rowing in the afternoon = 32 - 15

Number of campers rowing in the afternoon = 17

Therefore, the number of campers rowing in the afternoon is 17.

#### 17",text
276,15 campers went rowing in the morning. Some more campers went rowing in the afternoon. If a total of 32 campers went rowing that day How many campers went rowing in the afternoon?,We ordered some pizzas. Each pizza has 2 slices. If there were a total of 28 slices How many pizzas did we order?,17,14,"To solve this problem, we need to determine the number of pizzas ordered. Let's break down the information given:

1. Each pizza has 8 slices.
2. There were a total of 28 slices.

We can set up the equation as follows:

Number of pizzas * Number of slices per pizza = Total number of slices

Let's denote the number of pizzas as P. Then, the equation becomes:

P * 8 = 28

To find the number of pizzas, we need to solve for P:

P = 28 / 8

P = 3.5

Since we can't have half a pizza, we round up to the nearest whole number:

P = 4

Therefore, the number of pizzas ordered is 4.

#### 4",neither
277,We ordered some pizzas. Each pizza has 2 slices. If there were a total of 28 slices How many pizzas did we order?,Paul got a box of 521 crayons and 66 erasers for his birthday. At the end of the school year he only had 154 left while not having lost a single erasers. How many crayons had been lost or given away?,14,367,"To solve this problem, we need to determine how many crayons Pal had left after losing some and giving some away. Let's break down the information given:

1. Pal initially had 2,521 crayons.
2. He lost 14 crayons.
3. He gave away 66 crayons.

We can calculate the total number of crayons lost or given away by adding the number of crayons lost and the number of crayons given away:

Total crayons lost or given away = Crayons lost + Crayons given away
Total crayons lost or given away = 14 + 66
Total crayons lost or given away = 80

Now, we can subtract the total number of crayons lost or given away from the initial number of crayons to find out how many crayons Pal had left:

Crayons left = Initial number of crayons - Total crayons lost or given away
Crayons left = 2,521 - 80
Crayons left = 2,441

Therefore, Pal had 2,441 crayons left after losing some and giving some away.

#### 2441",neither
278,Paul got a box of 521 crayons and 66 erasers for his birthday. At the end of the school year he only had 154 left while not having lost a single erasers. How many crayons had been lost or given away?,41 children were riding on the bus. At the bus stop some children got off the bus. Then there were 18 children left on the bus. How many more children were on the bus before the bus stop than there are now?,367,23,"41 - 18 = 23

There were 23 more children on the bus after the bus stop than there are now. #### 23",text
279,41 children were riding on the bus. At the bus stop some children got off the bus. Then there were 18 children left on the bus. How many more children were on the bus before the bus stop than there are now?,Tiffany was collecting cans for recycling. On monday she had 7 bags of cans. The next day she found 12 more bags worth of cans. How many more bags did she find on the next day than she had on monday?,23,5,"To solve this problem, we need to determine the difference in the number of bags of cans Tiffany found on the next day compared to the most she found on any other day.

Let's break down the information given:

- On the first day, Tiffany found 4 bags of cans.
- On the next day, Tiffany found 18 bags of cans.

We need to find the difference between the number of bags found on the next day and the most she found on any other day.

The difference is calculated as follows:

18 bags (next day) - 4 bags (most found on any other day) = 14 bags

Therefore, Tiffany found 14 more bags of cans on the next day than she had found on any other day.

#### 14",neither
280,Tiffany was collecting cans for recycling. On monday she had 7 bags of cans. The next day she found 12 more bags worth of cans. How many more bags did she find on the next day than she had on monday?,Edward had $ 18. He spent $ 16. How much money does Edward have now?,5,2,"Cdward had $18. He spent $14. To find out how much money he has left, we subtract the amount he spent from the amount he had originally.

18 - 14 = 4

Cdward has $4 left. #### 4",neither
281,Edward had $ 18. He spent $ 16. How much money does Edward have now?,Lawrence county has 898051 kids. During summer break 629424 kids go to camp and the rest stay home. How many kids stay home?,2,268627,"To solve this problem, we need to determine the value of x, which represents the number of kids who stayed home during summer break.

Let's break down the information given:

Total number of kids in Lawrenue county: 898051
Number of kids who went to camp: 62924

We can set up the equation as follows:

Total number of kids - Number of kids who went to camp = Number of kids who stayed home

898051 - 62924 = x

Let's solve for x:

898051 - 62924 = x
8351127 = x

Therefore, the value of the unknown variable x is 8351127.

#### 8351127",neither
282,Lawrence county has 898051 kids. During summer break 629424 kids go to camp and the rest stay home. How many kids stay home?,There were 16 roses and 3 orchids in the vase. Jessica cut some more roses and orchids from her flower garden. There are now 7 orchids and 13 roses in the vase. How many orchids did she cut?,268627,4,"Let's break down the problem step by step:

1. Initially, there were 16 roses and 3 orchids in the vase.
2. Jessica cut some more roses and orchids from her flower garden.
3. After cutting, there were 7 orchids and 13 roses in the vase.

We need to find out how many orchids Jessica cut.

Initially, there were 3 orchids in the vase.
After cutting, there were 7 orchids in the vase.

To find out how many orchids Jessica cut, we subtract the initial number of orchids from the final number of orchids:

7 orchids (after cutting) - 3 orchids (initially) = 4 orchids

So, Jessica cut 4 orchids.

#### 4",text
283,There were 16 roses and 3 orchids in the vase. Jessica cut some more roses and orchids from her flower garden. There are now 7 orchids and 13 roses in the vase. How many orchids did she cut?,In a school there are 635 girls and the rest are boys. If there are 510 more boys than girls How many boys are there in that school?,4,1145,"To solve this problem, we need to determine the number of boys in the school. Let's break down the information given:

1. There are 635 girls in the school.
2. There are 510 more boys than girls.

We can set up the equation as follows:

Number of boys = Number of girls + 510

Substituting the given number of girls:

Number of boys = 635 + 510

Now, let's perform the addition:

Number of boys = 1145

Therefore, there are 1145 boys in the school.

#### 1145",text
284,In a school there are 635 girls and the rest are boys. If there are 510 more boys than girls How many boys are there in that school?,Danny collects bottle caps and wrappers. He found 30 bottle caps and 14 wrappers at the park. Now he has 7 bottle caps and 86 wrappers in his collection. How many more bottle caps than wrappers did danny find at the park?,1145,16,"To solve this problem, we need to determine the difference between the number of bottle caps and wrappers in Dan3y's collection. 

Step 1: Identify the given information.
- Dan3y has 7 bottle caps.
- Dan3y has 8 wrappers.

Step 2: Calculate the difference between the number of bottle caps and wrappers.
- Difference = Number of bottle caps - Number of wrappers
- Difference = 7 - 8

Step 3: Perform the subtraction.
- Difference = -1

Since the difference is negative, it means there are 1 more wrappers than bottle caps in Dan3y's collection.

#### -1",neither
285,Danny collects bottle caps and wrappers. He found 30 bottle caps and 14 wrappers at the park. Now he has 7 bottle caps and 86 wrappers in his collection. How many more bottle caps than wrappers did danny find at the park?,There were 174 parents in the program and 521 pupils too. How many more pupils were present compared to parents in the program?,16,347,"To solve this problem, we need to determine the difference in the number of caps and wrappers between Danny's collection and the number of wrappers found in the park.

Step 1: Identify the number of caps and wrappers in Danny's collection.
- Danny collects 4 bottle caps and 3 bottle caps.
- Danny collects 4 wrappers and 1 wrapper.

Step 2: Calculate the total number of caps and wrappers in Danny's collection.
- Total caps: 4 + 3 = 7
- Total wrappers: 4 + 1 = 5

Step 3: Determine the difference between the number of caps and wrappers in Danny's collection.
- Difference: 7 - 5 = 2

Therefore, Danny has 2 more bottle caps than wrappers in his collection.

#### 2",neither
286,There were 174 parents in the program and 521 pupils too. How many more pupils were present compared to parents in the program?,Matthew gave 6 crackers to each his friends. If he had 36 crackers How many friends did he give crackers to?,347,6,"To solve this problem, we need to determine how many crackers the man has and how many he can give to his friends.

Step 1: Determine the number of crackers the man has.
The man has 36 crackers.

Step 2: Determine the number of friends the man has.
The man has 6 friends.

Step 3: Calculate the number of crackers each friend will receive.
Each friend will receive 6 crackers.

Step 4: Calculate the total number of crackers given to the friends.
The total number of crackers given to the friends is 6 crackers per friend * 6 friends = 36 crackers.

Step 5: Determine the number of crackers the man will have left.
The man will have 36 crackers - 36 crackers = 0 crackers left.

Therefore, the man will have 0 crackers left after giving 36 crackers to his friends.

#### 0",neither
287,Matthew gave 6 crackers to each his friends. If he had 36 crackers How many friends did he give crackers to?,There are 20 different books in the ' crazy silly school ' series. If you are yet to read 5 of the books How many books have you already read?,6,15,"To solve this problem, we need to determine how many books Matthew has read out of the 20 books in the ""Crazy Solly"" series.

Step 1: Identify the total number of books in the series.
There are 20 books in the ""Crazy Solly"" series.

Step 2: Identify the number of books Matthew has read.
Matthew has read 30 books.

Step 3: Calculate the number of books Matthew has read from the ""Crazy Solly"" series.
To find out how many books Matthew has read from the ""Crazy Solly"" series, we need to divide the total number of books he has read by the total number of books in the series.

\[ \text{Number of books read from ""Crazy Solly"" series} = \frac{\text{Total books read}}{\text{Total books in series}} \]

\[ \text{Number of books read from ""Crazy Solly"" series} = \frac{30}{20} \]

\[ \text{Number of books read from ""Crazy Solly"" series} = 1.5 \]

Since Matthew cannot read half a book, we round down to the nearest whole number.

Therefore, Matthew",neither
288,There are 20 different books in the ' crazy silly school ' series. If you are yet to read 5 of the books How many books have you already read?,"The grasshopper, the frog and the mouse had a jumping contest. The grasshopper jumped 24 inches. The frog jumped 33 inches farther than the grasshopper and the mouse jumped 5 inches lesser than the frog. How much farther did the mouse jump than the grasshopper?",15,28,"The frog jumped 33 inches, which is 9 inches farther than the grasshopper. The mouse jumped 5 inches less than the frog, so the mouse jumped 33 - 5 = 28 inches. The grasshopper jumped 24 inches. Therefore, the mouse jumped 28 - 24 = 4 inches farther than the grasshopper. #### 4",neither
289,"The grasshopper, the frog and the mouse had a jumping contest. The grasshopper jumped 24 inches. The frog jumped 33 inches farther than the grasshopper and the mouse jumped 5 inches lesser than the frog. How much farther did the mouse jump than the grasshopper?",Haley grew 13 trees in her backyard. After a typhoon 6 died. How many more trees survived the typhoon than those that died?,28,1,"The frog jumped 30 inches
The mouse jumped 5 inches
The frog jumped 30 - 5 = 25 inches more than the mouse
The mouse jumped 5 inches less than the frog
The mouse jumped 30 - 5 = 25 inches less than the frog
The mouse jumped 25 inches less than the frog
The mouse jumped 25 inches less than the frog
The mouse jumped 25 inches less than the frog
The mouse jumped 25 inches less than the frog
The mouse jumped 25 inches less than the frog
The mouse jumped 25 inches less than the frog
The mouse jumped 25 inches less than the frog
The mouse jumped 25 inches less than the frog
The mouse jumped 25 inches less than the frog
The mouse jumped 25 inches less than the frog
The mouse jumped 25 inches less than the frog
The mouse jumped 25 inches less than the frog
The mouse jumped 25 inches less than the frog
The mouse jumped 25 inches less than the frog
The mouse jumped 25 inches less than the frog
The mouse jumped 25 inches less than the frog
The mouse jumped 25 inches less than the frog
The mouse jumped 25 inches less than the frog",neither
290,Haley grew 13 trees in her backyard. After a typhoon 6 died. How many more trees survived the typhoon than those that died?,There are 8 different books and 10 different movies in the ' crazy silly school ' series. If you read 19 of the books and watched 61 of the movies How many more movies than books are there in the ' crazy silly school ' series?,1,2,"To solve this problem, we need to determine the difference in the number of books and movies read/matched by the user compared to the total number in the 'crazy silly school' series.

1. Calculate the total number of books in the 'crazy silly school' series:
   There are 8 different books in the series.

2. Calculate the total number of movies in the 'crazy silly school' series:
   There are 10 different movies in the series.

3. Determine the number of books read by the user:
   The user read 19 books.

4. Determine the number of movies watched by the user:
   The user watched 6 movies.

5. Calculate the difference in the number of books read compared to the total number of books in the series:
   Difference in books = Total number of books in the series - Number of books read by the user
   Difference in books = 8 - 19 = -11

6. Calculate the difference in the number of movies watched compared to the total number of movies in the series:
   Difference in movies = Total number of movies in the series - Number of movies watched by the user
   Difference in movies = 10 - 6 = 4

7",neither
291,There are 8 different books and 10 different movies in the ' crazy silly school ' series. If you read 19 of the books and watched 61 of the movies How many more movies than books are there in the ' crazy silly school ' series?,Faye was placing her pencils into rows with 22 pencils in each row. She had 6 packs of pencils each one having 14 pencils. How many pencils does she have?,2,84,"To solve this problem, we need to determine how many pens Fae has in total. Let's break down the information given:

1. Fae is placing her pens into rows with 22 pens in each row.
2. She has 6 packs of pens, and each pack has 4 pens.

First, let's calculate the total number of pens in each pack:
6 packs * 4 pens per pack = 24 pens

Now, let's calculate the total number of pens Fae has:
24 pens * 22 pens per row = 528 pens

Therefore, Fae has 528 pens in total.

#### 528",neither
292,Faye was placing her pencils into rows with 22 pencils in each row. She had 6 packs of pencils each one having 14 pencils. How many pencils does she have?,White t - shirts can be purchased in packages. If mom buys 66 white t - shirts where each package has 3 white t - shirts. How many packages will she have?,84,22,"To solve this problem, we need to determine how many packages of white t-shirts Faye needs to buy to get 66 white t-shirts, given that each package has 3 white t-shirts.

Step 1: Identify the number of white t-shirts per package.
Each package has 3 white t-shirts.

Step 2: Determine the total number of white t-shirts Faye needs.
Faye needs 66 white t-shirts.

Step 3: Calculate the number of packages needed.
To find the number of packages, we divide the total number of white t-shirts needed by the number of white t-shirts per package:
66 white t-shirts ÷ 3 white t-shirts per package = 22 packages

Therefore, Faye needs to buy 22 packages of white t-shirts.

#### 22",text
293,White t - shirts can be purchased in packages. If mom buys 66 white t - shirts where each package has 3 white t - shirts. How many packages will she have?,Mary is baking a cake. The recipe calls for 5 cups of sugar and 13 cups of flour. She already put in some cups of flour. If she still needs 12 more cups of flour How many cups of flour did she put in?,22,1,"The problem states that May is baking a cake and the recipe calls for 5 cups of sugar and 13 cups of flour. She has already put in 14 cups of flour. We need to find out how many cups of flour she has put in.

Let's break down the information given:
- The recipe calls for 13 cups of flour.
- May has already put in 14 cups of flour.

To find out how many cups of flour May has put in, we subtract the amount she has already put in from the total amount required by the recipe:

13 cups (total flour required) - 14 cups (flour already put in) = -1 cups

Since the result is negative, it means May has put in 1 cup more flour than the recipe calls for.

Therefore, May has put in 1 cup of flour.

#### 1",text
294,Mary is baking a cake. The recipe calls for 5 cups of sugar and 13 cups of flour. She already put in some cups of flour. If she still needs 12 more cups of flour How many cups of flour did she put in?,"7 red peaches, 15 yellow peaches and 8 green peaches are in the basket. How many peaches are in the basket?",1,30,"To solve this problem, we need to determine the total number of peaches in the basket. We know the following:

- There are 7 red peaches.
- There are 15 yellow peaches.
- There are i green peaches.

We need to find the value of i, which represents the number of green peaches.

Let's break down the information given:

1. The total number of peaches in the basket is the sum of red, yellow, and green peaches.
2. We know the number of red and yellow peaches, but we need to find the number of green peaches.

We can set up the equation as follows:

Total number of peaches = Number of red peaches + Number of yellow peaches + Number of green peaches

7 + 15 + i = Total number of peaches

To find the total number of peaches, we need to add the number of red and yellow peaches:

7 + 15 = 22

So, the equation becomes:

22 + i = Total number of peaches

Since we don't have the total number of peaches, we can't solve for i directly. However, we can express the total number of peaches in terms of i:

Total number of",neither
295,"7 red peaches, 15 yellow peaches and 8 green peaches are in the basket. How many peaches are in the basket?",Jack received 3 emails and 64 letters in the morning. He then received 5 emails and 54 letters in the afternoon. How many emails did jack receive in the day?,30,8,"To solve this problem, we need to find out how many mails Jack received in total. We can do this by adding the number of emails and letters he received in the morning and the afternoon.

Step 1: Add the number of emails received in the morning and afternoon.
3 emails (morning) + 5 emails (afternoon) = 8 emails

Step 2: Add the number of letters received in the morning and afternoon.
64 letters (morning) + 54 letters (afternoon) = 118 letters

Step 3: Add the total number of emails and letters received.
8 emails + 118 letters = 126 mails

So, Jack received a total of 126 mails in the day.

#### 126",neither
296,Jack received 3 emails and 64 letters in the morning. He then received 5 emails and 54 letters in the afternoon. How many emails did jack receive in the day?,Ed had 2 more marbles than Doug. Doug lost some of his marbles at the playground. Now Ed has 19 more marbles than doug. How many marbles did Doug lose?,8,17,"To solve this problem, we need to determine how many marbles Doug lost. Let's break down the information given:

1. Jack received 2 more marbles than Doug in the morning.
2. Jack received 4 more marbles than Doug in the afternoon.
3. Jack has 9 more marbles than Doug in the day.

We can set up the equations based on the given information:

Let's denote the number of marbles Doug has as D and the number of marbles Jack has as J.

From the first statement:
J = D + 2 (Jack received 2 more marbles than Doug in the morning)

From the second statement:
J = D + 4 (Jack received 4 more marbles than Doug in the afternoon)

From the third statement:
J = D + 9 (Jack has 9 more marbles than Doug in the day)

Now, we can solve these equations step by step:

1. From the first and second statements:
   (D + 2) = (D + 4)
   Subtract D from both sides:
   2 = 4
   This is a contradiction, so we need to re-evaluate the problem.

2. Let's consider the third statement:
   J = D",neither
297,Ed had 2 more marbles than Doug. Doug lost some of his marbles at the playground. Now Ed has 19 more marbles than doug. How many marbles did Doug lose?,Dan has $ 3 left with him after he bought a candy bar for $ 2. How much money did he have initially?,17,5,"To solve this problem, we need to understand the given information and the question being asked. The problem states that DaV has $3 and buys a candy bar for $2.7. We need to find out how much money DaV had initially.

Step 1: Identify the initial amount of money DaV had.
DaV had $3.

Step 2: Identify the cost of the candy bar.
The candy bar cost $2.7.

Step 3: Subtract the cost of the candy bar from the initial amount of money.
$3 - $2.7 = $0.3

So, DaV had $0.3 initially.

#### 0.3",neither
298,Dan has $ 3 left with him after he bought a candy bar for $ 2. How much money did he have initially?,Jake has 13 fewer peaches and 3 more apples than Steven. Steven has 9 peaches and 8 apples. How many apples does Jake have?,5,11,"To solve this problem, we need to determine the number of apples Jae has. Let's break down the information given:

1. Jae has 13 peaches.
2. Jae has 3 more apples than peaches.
3. Steven has 8 apples.

First, let's find out how many apples Jae has. Since Jae has 3 more apples than peaches, we can set up the following equation:

Number of apples Jae has = Number of peaches Jae has + 3

Given that Jae has 13 peaches:

Number of apples Jae has = 13 + 3 = 16

Therefore, Jae has 16 apples.

#### 16",neither
299,Jake has 13 fewer peaches and 3 more apples than Steven. Steven has 9 peaches and 8 apples. How many apples does Jake have?,Winter is almost here and most animals are migrating to warmer countries. There are 41 bird families living near the mountain. If 35 bird families flew away to asia and 62 bird families flew away to africa How many more bird families flew away to africa than those that flew away to asia?,11,27,"To solve this problem, we need to find out how many more bird families flew away from Africa than those that flew away from Asia. 

Step 1: Identify the number of bird families that flew to Asia and Africa.
- 95 bird families flew to Asia.
- 62 bird families flew to Africa.

Step 2: Calculate the difference between the number of bird families that flew to Africa and those that flew to Asia.
- Difference = Number of bird families that flew to Africa - Number of bird families that flew to Asia
- Difference = 62 - 95

Step 3: Perform the subtraction.
- Difference = -33

Since the difference is negative, it means that more bird families flew away from Asia than from Africa. Therefore, the number of bird families that flew away from Africa is 33 less than those that flew away from Asia.

Answer: 33 more bird families flew away from Asia than from Africa.",neither
