problem_id,image_question,text_question,image_reference,text_reference,prediction,follows
0,Winter is almost here and most animals are migrating to warmer countries. There are 41 bird families living near the mountain. If 35 bird families flew away to asia and 62 bird families flew away to africa How many more bird families flew away to africa than those that flew away to asia?,Paige raised 7 goldfish and 12 catfish in the pond but stray cats loved eating them. Now she has 15 left. How many fishes disappeared?,27,4,"To solve this problem, we need to determine how many fish disappeared from the pond. Let's break down the information given:

Initial number of fish: 7
Initial number of catfish: 12
Total number of fish left: 15

We can set up the equation as follows:

Initial number of fish + Initial number of catfish - Total number of fish left = Number of fish that disappeared

7 + 12 - 15 = Number of fish that disappeared

Let's solve for the number of fish that disappeared:

7 + 12 = 19
19 - 15 = 4

Therefore, the number of fish that disappeared is 4.

#### 4",text
1,Paige raised 7 goldfish and 12 catfish in the pond but stray cats loved eating them. Now she has 15 left. How many fishes disappeared?,Marco and his dad went strawberry picking. Together they collected strawberries that weighed 22 pounds. On the way back Marco ' dad found 30 more pounds of strawberries. Marco's strawberries now weighed 36 pounds. How much did his dad's strawberries weigh now?,4,16,"To solve this problem, we need to determine the weight of Marco's dad's strawberries after Marco found 3 more pounds of strawberries.

1. First, let's find the weight of Marco's strawberries after he found 3 more pounds:
   Marco's strawberries = 36 pounds
   Marco found 3 more pounds, so the total weight of Marco's strawberries is:
   36 pounds + 3 pounds = 39 pounds

2. Now, let's find the weight of Marco's dad's strawberries. We know that together they collected 2 pounds of strawberries. Since Marco's strawberries weigh 39 pounds, we can subtract this from the total weight to find Marco's dad's strawberries:
   Total weight = 2 pounds
   Marco's strawberries = 39 pounds
   Marco's dad's strawberries = Total weight - Marco's strawberries
   Marco's dad's strawberries = 2 pounds - 39 pounds = -37 pounds

3. Since the weight cannot be negative, we need to re-evaluate the problem. It seems there might be a mistake in the problem statement or the given information. However, based on the given information, the weight of Marco's dad",neither
2,Marco and his dad went strawberry picking. Together they collected strawberries that weighed 22 pounds. On the way back Marco ' dad found 30 more pounds of strawberries. Marco's strawberries now weighed 36 pounds. How much did his dad's strawberries weigh now?,Debby bought 200 water bottles and 256 soda bottles when they were on sale. If she drank 312 water bottles and 4 soda bottles a day How many days would the soda bottles last?,16,64,"To solve this problem, we need to determine how many days the soda bottles would last if Debby drinks 4 soda bottles a day.

Let's break down the information given:
Number of soda bottles: 256
Number of soda bottles consumed per day: 4

We can set up the equation as follows:
Number of soda bottles / Number of soda bottles consumed per day = Number of days the soda bottles would last

256 / 4 = 64

Therefore, the soda bottles would last for 64 days.

#### 64.",text
3,Debby bought 200 water bottles and 256 soda bottles when they were on sale. If she drank 312 water bottles and 4 soda bottles a day How many days would the soda bottles last?,There were 106 dollars in Olivia's wallet. After she visited a supermarket and a showroom there were 26 dollars left. If she spent 49 dollars at the showroom How much did she spend at the supermarket?,64,31,"Olivia had 106 dollars in her wallet. After visiting the showroom, she had 26 dollars left. This means she spent 106 - 26 = 80 dollars at the showroom.

Therefore, the answer is 80.",neither
4,There were 106 dollars in Olivia's wallet. After she visited a supermarket and a showroom there were 26 dollars left. If she spent 49 dollars at the showroom How much did she spend at the supermarket?,Faye was placing her pencils and crayons into 30 rows with 71 crayons and 24 pencils in each row. How many pencils does she have?,31,720,"To solve this problem, we need to determine the total number of pencils Faye has. We know that there are 30 rows, and each row has 24 pencils.

Let's break down the information given:
- Number of rows: 30
- Number of pencils per row: 24

To find the total number of pencils, we multiply the number of rows by the number of pencils per row:

Total number of pencils = Number of rows × Number of pencils per row
Total number of pencils = 30 × 24

Now, let's perform the multiplication:

Total number of pencils = 720

Therefore, Faye has 720 pencils.

#### 720",text
5,Faye was placing her pencils and crayons into 30 rows with 71 crayons and 24 pencils in each row. How many pencils does she have?,Ed had 10 more marbles than Doug. Doug lost 11 of his marbles at the playground. If Ed had 45 marbles How many more marbles did Ed have than Doug then?,720,21,"To solve this problem, we need to determine how many marbles Ed has more than Doug after Doug lost 11 marbles at the playground.

1. Let's denote the number of marbles Doug has as D and the number of marbles Ed has as E.
2. According to the problem, Ed has 10 more marbles than Doug, so we can write the equation: E = D + 10.
3. Doug lost 11 marbles, so his new number of marbles is D - 11.
4. We need to find the difference between the number of marbles Ed has and the number of marbles Doug has after Doug lost 11 marbles. This can be represented as E - (D - 11).
5. Substituting the value of E from step 2 into the equation from step 4, we get (D + 10) - (D - 11).
6. Simplifying the equation, we get D + 10 - D + 11.
7. Combining like terms, we get 10 + 11.
8. Therefore, Ed has 21 more marbles than Doug after Doug lost 11 marbles.

#### 21",text
6,Ed had 10 more marbles than Doug. Doug lost 11 of his marbles at the playground. If Ed had 45 marbles How many more marbles did Ed have than Doug then?,26 children were riding on the bus. At the bus stop 38 more children got on the bus. How many children are on the bus now?,21,64,"26 children were on the bus. At the bus stop, 3 more children got on the bus. To find out how many children are on the bus now, we add the number of children who were already on the bus to the number of children who got on at the bus stop.

26 children (already on the bus) + 3 children (got on at the bus stop) = 29 children

So, there are 29 children on the bus now.

#### 29",neither
7,26 children were riding on the bus. At the bus stop 38 more children got on the bus. How many children are on the bus now?,Helen the hippo and her friends are preparing for thanksgiving at Helen's house. Helen baked 31 cookies yesterday 270 cookies this morning and 419 cookies the day before yesterday. How many cookies did Helen bake till last night?,64,450,"To find out how many cookies Helen baked till last night, we need to add the number of cookies she baked each day. 

1. Helen baked 31 cookies yesterday.
2. She baked 270 cookies this morning.
3. She baked 419 cookies the day before yesterday.

Let's add these numbers together:

31 (yesterday) + 270 (this morning) + 419 (the day before yesterday) = 720 cookies

So, Helen baked a total of 720 cookies till last night.

#### 720",neither
8,Helen the hippo and her friends are preparing for thanksgiving at Helen's house. Helen baked 31 cookies yesterday 270 cookies this morning and 419 cookies the day before yesterday. How many cookies did Helen bake till last night?,He then went to see the oranges being harvested. He found out that they harvest 66 sacks per day and that each sack containes 25 oranges. How many oranges will they have after 87 days of harvest?,450,143550,"To solve this problem, we need to determine the total number of oranges harvested after 87 days. We know that the harvest rate is 66 sacks per day, and each sack contains 25 oranges. 

First, let's calculate the total number of sacks harvested in 87 days:
66 sacks/day * 87 days = 5,742 sacks

Next, we'll calculate the total number of oranges in these sacks:
5,742 sacks * 25 oranges/sack = 143,550 oranges

Therefore, after 87 days of harvest, they will have 143,550 oranges.

#### 143550",text
9,He then went to see the oranges being harvested. He found out that they harvest 66 sacks per day and that each sack containes 25 oranges. How many oranges will they have after 87 days of harvest?,An industrial machine made 9 shirts yesterday and 44 shirts today. It can make 3 shirts a minute. How many minutes did the machine work yesterday?,143550,3,"To solve this problem, we need to determine how many shirts the machine made yesterday and then calculate the time it took to make those shirts.

Step 1: Determine the number of shirts made yesterday.
Yesterday, the machine made 9 shirts.

Step 2: Calculate the time it took to make the shirts yesterday.
The machine can make 3 shirts in 1 minute.
So, to make 9 shirts, it would take 9 shirts / 3 shirts per minute = 3 minutes.

Therefore, the machine worked for 3 minutes yesterday.

#### 3",text
10,An industrial machine made 9 shirts yesterday and 44 shirts today. It can make 3 shirts a minute. How many minutes did the machine work yesterday?,Bryan took a look at his books and magazines. If he has 9 books and 46 magazines in each of his 10 bookshelves How many magazines does he have in total?,3,460,"To solve this problem, we need to determine the total number of magazines Bryan has in his 10 bookshelves.

1. First, we need to find the total number of magazines in one bookshelf. Bryan has 46 magazines in each bookshelf.
2. Since Bryan has 10 bookshelves, we multiply the number of magazines in one bookshelf by the number of bookshelves:
   46 magazines/bookshelf * 10 bookshelves = 460 magazines

Therefore, Bryan has 460 magazines in total.

#### 460",text
11,Bryan took a look at his books and magazines. If he has 9 books and 46 magazines in each of his 10 bookshelves How many magazines does he have in total?,Dave had 17 apps on his phone. After adding some he had 18 left. How many apps did he add?,460,1,"Dave read 17 pps on his phone. After adding some he had 18 left. How many apRs did he add?

To solve this problem, we need to determine the number of additional pages Dave added to his phone.

Let's break down the information given:
- Dave read 17 pages (pps) on his phone.
- After adding some pages, he had 18 pages left.

We can set up the equation as follows:
Number of pages Dave read + Number of pages Dave added = Total number of pages

17 + Number of pages Dave added = 18

To find the number of pages Dave added, we subtract 17 from both sides of the equation:

17 + Number of pages Dave added - 17 = 18 - 17

Number of pages Dave added = 1

Therefore, Dave added 1 page to his phone.

#### 1",text
12,Dave had 17 apps on his phone. After adding some he had 18 left. How many apps did he add?,Dan has $ 4. He bought a candy bar for $ 7 and a chocolate for $ 6. How much money did he spend buying the candy bar and chocolate?,1,13,"To solve this problem, we need to determine how much money Dan spent on the candy bar and the chocolate.

Step 1: Identify the cost of the candy bar and the chocolate.
- The cost of the candy bar is $7.
- The cost of the chocolate is $6.

Step 2: Add the cost of the candy bar and the chocolate together.
- $7 (candy bar) + $6 (chocolate) = $13

So, Dan spent $13 on the candy bar and the chocolate.

#### 13",text
13,Dan has $ 4. He bought a candy bar for $ 7 and a chocolate for $ 6. How much money did he spend buying the candy bar and chocolate?,The bananas in Philip's collection are organized into 196 groups. If there are a total of 392 bananas in Philip's banana collection How big is each group?,13,2,"To find the size of each group, we need to divide the total number of bananas by the number of groups. 

Step 1: Identify the total number of bananas and the number of groups.
- Total number of bananas: 392
- Number of groups: 196

Step 2: Perform the division.
- 392 ÷ 196 = 2

Each group contains 2 bananas.

#### 2",text
14,The bananas in Philip's collection are organized into 196 groups. If there are a total of 392 bananas in Philip's banana collection How big is each group?,The cave is 1218 feet deep and they are already at 849 feet. If they are travelling at speed of 17 How much farther until they reach the end of the cave?,2,369,"To solve this problem, we need to determine how far the team will travel until they reach the end of the cave. We are given the following information:

- The depth of the cave: 1218 feet
- The current depth of the team: 84 feet
- The speed of the team: 17 feet per hour

First, let's find the remaining distance the team needs to travel to reach the end of the cave:

Remaining distance = Total depth of the cave - Current depth of the team
Remaining distance = 1218 feet - 84 feet
Remaining distance = 1134 feet

Next, we need to calculate the time it will take for the team to travel this remaining distance at their speed of 17 feet per hour.

Time = Remaining distance / Speed
Time = 1134 feet / 17 feet per hour
Time = 66 hours

Therefore, the team will travel for 66 hours until they reach the end of the cave.

#### 66",neither
15,The cave is 1218 feet deep and they are already at 849 feet. If they are travelling at speed of 17 How much farther until they reach the end of the cave?,The Ferris wheel in paradise park has 4 seats. If 20 people can ride the wheel at the same time How many people can each seat hold?,369,5,"To solve this problem, we need to determine how many people can ride the Ferris wheel at the same time, given that each seat can hold 20 people and there are 4 seats.

Step 1: Identify the number of seats on the Ferris wheel.
There are 4 seats on the Ferris wheel.

Step 2: Determine the capacity of each seat.
Each seat can hold 20 people.

Step 3: Calculate the total capacity of the Ferris wheel.
Total capacity = Number of seats * Capacity per seat
Total capacity = 4 seats * 20 people per seat
Total capacity = 80 people

Therefore, the Ferris wheel in Paradise Park can hold 80 people at the same time.

#### 80",neither
16,The Ferris wheel in paradise park has 4 seats. If 20 people can ride the wheel at the same time How many people can each seat hold?,A farmer had 177 tomatoes and 12 potatoes in his garden. If he picked 53 tomatoes How many tomatoes and potatoes does he have left?,5,136,"To solve this problem, we need to determine how many tomatoes and potatoes the farmer has left after picking 53 tomatoes.

Step 1: Identify the initial quantities of tomatoes and potatoes.
- The farmer had 177 tomatoes.
- The farmer had 12 potatoes.

Step 2: Subtract the number of tomatoes picked from the initial quantity of tomatoes.
- Initial quantity of tomatoes: 177
- Number of tomatoes picked: 53
- Remaining tomatoes: 177 - 53 = 124

Step 3: Add the remaining tomatoes to the initial quantity of potatoes to find the total number of tomatoes and potatoes the farmer has left.
- Remaining tomatoes: 124
- Initial quantity of potatoes: 12
- Total number of tomatoes and potatoes: 124 + 12 = 136

The farmer has 136 tomatoes and potatoes left.

#### 136",text
17,A farmer had 177 tomatoes and 12 potatoes in his garden. If he picked 53 tomatoes How many tomatoes and potatoes does he have left?,Danny collects bottle caps. He lost 66 bottle caps at the park. Now he has 25 bottle caps in his collection. How many bottle caps did danny have at first?,136,91,"To solve this problem, we need to determine how many bottle caps Danny had initially before he lost some at the park.

Step 1: Identify the given information.
- Danny lost 66 bottle caps at the park.
- Danny now has 25 bottle caps in his collection.

Step 2: Set up the equation.
Let x be the initial number of bottle caps Danny had.
After losing 66 bottle caps, Danny has x - 66 bottle caps left.

Step 3: Solve the equation.
We know that Danny now has 25 bottle caps, so:
x - 66 = 25

Step 4: Add 66 to both sides of the equation to isolate x.
x - 66 + 66 = 25 + 66
x = 91

So, Danny initially had 91 bottle caps.

#### 91",text
18,Danny collects bottle caps. He lost 66 bottle caps at the park. Now he has 25 bottle caps in his collection. How many bottle caps did danny have at first?,"Jack received 4 emails in the morning, 5 emails in the afternoon and 8 emails in the evening. How many emails did Jack receive in the afternoon and evening?",91,13,"To solve this problem, we need to determine the total number of emails Jack received in the afternoon and evening.

Step 1: Identify the number of emails received in the afternoon and evening.
- Jack received 5 emails in the afternoon.
- Jack received 8 emails in the evening.

Step 2: Add the number of emails received in the afternoon and evening.
- 5 emails (afternoon) + 8 emails (evening) = 13 emails

Therefore, Jack received 13 emails in the afternoon and evening.

#### 13",text
19,"Jack received 4 emails in the morning, 5 emails in the afternoon and 8 emails in the evening. How many emails did Jack receive in the afternoon and evening?",Paco had 22 sweet cookies and 75 salty cookies. He ate 15 sweet cookies and 54 salty cookies. How many sweet cookies did Paco have left?,13,7,"Step 1: Determine the initial number of sweet cookies Paco had.
Initial number of sweet cookies = 22

Step 2: Determine the number of sweet cookies Paco ate.
Number of sweet cookies eaten = 15

Step 3: Subtract the number of sweet cookies eaten from the initial number of sweet cookies to find the remaining number of sweet cookies.
Remaining number of sweet cookies = Initial number of sweet cookies - Number of sweet cookies eaten
Remaining number of sweet cookies = 22 - 15
Remaining number of sweet cookies = 7

#### 7",text
20,Paco had 22 sweet cookies and 75 salty cookies. He ate 15 sweet cookies and 54 salty cookies. How many sweet cookies did Paco have left?,The ring toss game at the carnival made the same amount of money each day. In total in 5 days they earned 165 dollars. How much did they make per day?,7,33,"To solve this problem, we need to determine how many dollars each ring toss game made per day. We know that in 5 days, they earned a total of 165 dollars. 

Step 1: Divide the total earnings by the number of days to find the average earnings per day.
165 dollars / 5 days = 33 dollars per day

So, each ring toss game made 33 dollars per day.

#### 33",text
21,The ring toss game at the carnival made the same amount of money each day. In total in 5 days they earned 165 dollars. How much did they make per day?,Dave had 24 files and 13 apps on his phone. After deleting some apps and files he had 17 apps and 21 files left. How many files did he delete?,33,3,"Dae had 24 files and 13 apps on his phone. After deleting some apps and files, he had 17 apps and 21 tiles left. 

To find out how many files Dae deleted, we need to subtract the number of files he had after deleting from the number of files he had initially. 

24 files - 21 files = 3 files

Therefore, Dae deleted 3 files. 

#### 3",text
22,Dave had 24 files and 13 apps on his phone. After deleting some apps and files he had 17 apps and 21 files left. How many files did he delete?,In a school there are 569 girls and 236 boys. How many more girls than boys does the school have?,3,333,"To solve this problem, we need to find the difference between the number of girls and boys in the school.

Step 1: Identify the number of girls and boys.
- Number of girls: 159
- Number of boys: 236

Step 2: Calculate the difference between the number of girls and boys.
- Difference = Number of girls - Number of boys
- Difference = 159 - 236

Step 3: Perform the subtraction.
- Difference = -77

The school has 77 fewer girls than boys.

#### -77",neither
23,In a school there are 569 girls and 236 boys. How many more girls than boys does the school have?,Rebecca wants to split a collection of eggs into groups of 11. If each group has 2 eggs How many eggs does Rebecca have?,333,22,"To solve this problem, we need to determine how many groups of 11 eggs Rebecca can make from a total of 268 eggs, and then find out how many eggs are left over.

Step 1: Divide the total number of eggs by the number of eggs in each group.
268 ÷ 11 = 24 remainder 4

Step 2: The quotient (24) represents the number of full groups of 11 eggs that Rebecca can make.
Step 3: The remainder (4) represents the number of eggs left over after forming the full groups.

Therefore, Rebecca can make 24 groups of 11 eggs, and she will have 4 eggs left over.

#### 4",neither
24,Rebecca wants to split a collection of eggs into groups of 11. If each group has 2 eggs How many eggs does Rebecca have?,Mary is baking a cake. The recipe calls for 7 cups of sugar and 10 cups of flour. She already put in 4 cups of sugar. How many more cups of sugar does she need to add?,22,3,"To solve this problem, we need to determine how many more cups of flour Mary needs to add to her cake recipe. The recipe calls for 7 cups of sugar and 0 cups of flour. Mary has already added 3 cups of sugar. 

First, let's find out how many cups of sugar Mary has left to add:
7 cups (total sugar) - 3 cups (sugar already added) = 4 cups (sugar left to add)

Since the recipe calls for 0 cups of flour, Mary doesn't need to add any more flour. 

Therefore, the answer is:
0 cups of flour

#### 0",neither
25,Mary is baking a cake. The recipe calls for 7 cups of sugar and 10 cups of flour. She already put in 4 cups of sugar. How many more cups of sugar does she need to add?,Dave had 21 apps on his phone. He added 89 new apps. After deleting some he had 24 left. How many more apps did he add than he deleted?,3,3,"Dave had 21 apps on his phone. He added 89 new apps. After deleting some, he had 24 left. To find out how many more apps he added than he deleted, we can use the following steps:

1. Calculate the total number of apps Dave had after adding the new ones: 21 + 89 = 110
2. Subtract the number of apps he had after deleting some: 110 - 24 = 86
3. Subtract the number of apps he had before adding the new ones: 86 - 21 = 65

Dave added 65 more apps than he deleted. 

#### 65",ambiguous
26,Dave had 21 apps on his phone. He added 89 new apps. After deleting some he had 24 left. How many more apps did he add than he deleted?,During summer break 202958 kids from Lawrence county go to camp and the other 777622 kids stay home. How many more kids stayed home compared to those who went to the camp?,3,574664,"To solve this problem, we need to find out how many more kids stayed home compared to those who went to camp.

Step 1: Identify the number of kids who went to camp and the number of kids who stayed home.
- Kids who went to camp: 22958
- Kids who stayed home: 774622

Step 2: Subtract the number of kids who went to camp from the number of kids who stayed home.
- 774622 - 22958 = 751664

So, 751664 more kids stayed home compared to those who went to camp.

#### 751664",neither
27,During summer break 202958 kids from Lawrence county go to camp and the other 777622 kids stay home. How many more kids stayed home compared to those who went to the camp?,The grasshopper and the frog had a jumping contest. The grasshopper jumped 13 inches. The grasshopper jumped 2 inches farther than the grasshopper. How far did the frog jump?,574664,11,"The grasshopper jumped 13 inches. The grasshopper jumped 2 inches farther than the grasshopper. So, the grasshopper jumped 13 + 2 = 15 inches. The grasshopper jumped 15 inches. The grasshopper jumped 2 inches farther than the grasshopper. So, the grasshopper jumped 15 + 2 = 17 inches. The grasshopper jumped 17 inches. The grasshopper jumped 2 inches farther than the grasshopper. So, the grasshopper jumped 17 + 2 = 19 inches. The grasshopper jumped 19 inches. The grasshopper jumped 2 inches farther than the grasshopper. So, the grasshopper jumped 19 + 2 = 21 inches. The grasshopper jumped 21 inches. The grasshopper jumped 2 inches farther than the grasshopper. So, the grasshopper jumped 21 + 2 = 23 inches. The grasshopper jumped 23 inches. The grasshopper jumped 2 inches farther than the grasshopper. So, the grasshopper jumped 23 + 2 = 25 inches. The grasshopper jumped 25 inches. The",neither
28,The grasshopper and the frog had a jumping contest. The grasshopper jumped 13 inches. The grasshopper jumped 2 inches farther than the grasshopper. How far did the frog jump?,Allan brought 3 balloons and 20 balls while Jake brought 5 balloons and 59 balls to the park. How many balloons did Allan and Jake have in the park?,11,8,"To solve this problem, we need to determine the total number of balloons that Allan and Jake have together. Let's break it down step by step.

1. First, we need to find out how many balloons Allan has. According to the problem, Allan brought 3 balloons.
2. Next, we need to find out how many balloons Jake has. According to the problem, Jake brought 5 balloons.
3. To find the total number of balloons, we add the number of balloons Allan has to the number of balloons Jake has.

Let's calculate it:

Allan's balloons: 3
Jake's balloons: 5

Total balloons: 3 + 5 = 8

Therefore, Allan and Jake have a total of 8 balloons together.

#### 8",text
29,Allan brought 3 balloons and 20 balls while Jake brought 5 balloons and 59 balls to the park. How many balloons did Allan and Jake have in the park?,He then went to see the oranges being harvested. He found out that they harvest 8 sacks per day. How many days will it take to harvest 24 sacks of oranges?,8,3,"To solve this problem, we need to determine how many days it will take to harvest 24 sacks of oranges, given that they harvest 8 sacks per day.

Step 1: Identify the given information.
- Number of sacks harvested per day: 8
- Total number of sacks to be harvested: 24

Step 2: Set up the equation.
We can set up the equation as follows:
Number of sacks harvested per day * Number of days = Total number of sacks to be harvested

8 * Number of days = 24

Step 3: Solve for the number of days.
To find the number of days, we need to divide both sides of the equation by 8:

Number of days = 24 / 8

Number of days = 3

So, it will take 3 days to harvest 24 sacks of oranges.

#### 3",text
30,He then went to see the oranges being harvested. He found out that they harvest 8 sacks per day. How many days will it take to harvest 24 sacks of oranges?,Every day Ryan spends 6 hours on learning english and 5 hours on learning chinese. If he learns for 2 days How many hours does he spend on learning english in all?,3,12,"To solve this problem, we need to determine the total number of hours Ryan spends on learning English over the two days.

Step 1: Calculate the total hours spent on learning English per day.
Ryan spends 6 hours on learning English each day.

Step 2: Calculate the total hours spent on learning English over two days.
Since Ryan learns for 2 days, we multiply the hours per day by the number of days:
6 hours/day * 2 days = 12 hours

Therefore, Ryan spends a total of 12 hours on learning English over the two days.

#### 12",text
31,Every day Ryan spends 6 hours on learning english and 5 hours on learning chinese. If he learns for 2 days How many hours does he spend on learning english in all?,Baker made 144 cakes. He sold 71 of them. Then he made 111 more cakes. How many more cakes did baker make than those he sold?,12,184,"14 + 111 = 125
125 - 71 = 54
#### 54",neither
32,Baker made 144 cakes. He sold 71 of them. Then he made 111 more cakes. How many more cakes did baker make than those he sold?,There were 12 people on the bus. At the next stop 4 more people got on the bus. Each bus can not have more than 36 people. How many people are there on the bus now?,184,16,"There were 12 people on the bus. At the next stop, 4 more people got on the bus. Each bus can not have more than 36 people. How many people are there on the bus now?

Step 1: Determine the total number of people on the bus after the next stop.
12 people (initial) + 4 people (new) = 16 people

Step 2: Determine the maximum number of people the bus can hold.
36 people (maximum)

Step 3: Calculate the number of people that can still get on the bus.
36 people (maximum) - 16 people (current) = 20 people

Answer: There are 20 more people that can get on the bus now.",neither
33,There were 12 people on the bus. At the next stop 4 more people got on the bus. Each bus can not have more than 36 people. How many people are there on the bus now?,Allan brought 5 balloons and Jake brought 6 balloons to the park. Jake then bought 3 more balloons at the park. How many balloons did Jake bring to the park?,16,9,"Jake brought 6 balloons to the park. He bought 3 more balloons at the park, so he brought a total of 6 + 3 = 9 balloons. 

#### 9",text
34,Allan brought 5 balloons and Jake brought 6 balloons to the park. Jake then bought 3 more balloons at the park. How many balloons did Jake bring to the park?,An industrial machine worked for 5 minutes. It can make 4 shirts a minute. How many shirts did machine make?,9,20,"To solve this problem, we need to determine how many shirts the machine made in 5 minutes.

We know that the machine can make 4 shirts per minute. 

To find out how many shirts the machine made in 5 minutes, we multiply the number of shirts made per minute by the number of minutes:

4 shirts/minute * 5 minutes = 20 shirts

Therefore, the machine made 20 shirts in 5 minutes.

#### 20",text
35,An industrial machine worked for 5 minutes. It can make 4 shirts a minute. How many shirts did machine make?,Paco had 9 sweet cookies and 6 salty cookies. He ate 36 sweet cookies and 3 salty cookies. How many salty cookies did Paco have left?,20,3,"Paco had 9 sweet cookies and 6 salty cookies. He ate 36 sweet cookies and 3 salty cookies. To find out how many salty cookies Paco had left, we need to subtract the number of salty cookies he ate from the total number of salty cookies he had.

Total salty cookies = 6
Salty cookies eaten = 3

Salty cookies left = Total salty cookies - Salty cookies eaten
Salty cookies left = 6 - 3
Salty cookies left = 3

Paco had 3 salty cookies left. #### 3",text
36,Paco had 9 sweet cookies and 6 salty cookies. He ate 36 sweet cookies and 3 salty cookies. How many salty cookies did Paco have left?,A book has 3 chapters. The first chapter is 66 pages long the second chapter is 35 pages long and the third chapter is 24 pages long. How many pages does the book have altogether?,3,125,"To find the total number of pages in the book, we need to add the number of pages in each chapter together. 

1. The first chapter has 86 pages.
2. The second chapter has 35 pages.
3. The third chapter has 24 pages.

Adding these together:

86 + 35 + 24 = 145

So, the book has a total of 145 pages.

#### 145",neither
37,A book has 3 chapters. The first chapter is 66 pages long the second chapter is 35 pages long and the third chapter is 24 pages long. How many pages does the book have altogether?,Some children were riding on the bus. At the bus stop 2 more children got on the bus. Then there were 41 children altogether on the bus. How many children were riding on the bus before the bus stop?,125,39,"To solve this problem, we need to determine the number of children riding on the bus before the bus stop. Let's break down the information given:

1. At the bus stop, 2 more children got on the bus.
2. After the bus stop, there were 41 children on the bus.

We can set up the equation as follows:

Number of children before the bus stop + Number of children who got on at the bus stop = Total number of children after the bus stop

Let's denote the number of children before the bus stop as x.

x + 2 = 41

To find x, we subtract 2 from both sides of the equation:

x + 2 - 2 = 41 - 2

x = 39

Therefore, there were 39 children riding on the bus before the bus stop.

#### 39",text
38,Some children were riding on the bus. At the bus stop 2 more children got on the bus. Then there were 41 children altogether on the bus. How many children were riding on the bus before the bus stop?,Rebecca wants to split a collection of eggs into 3 groups. Rebecca has 4 marbles and 15 eggs. How many eggs will each group have?,39,5,"To solve this problem, we need to determine how many eggs each group will have if Rebecca wants to split the 15 eggs into 3 groups.

Step 1: Determine the total number of groups.
Rebecca wants to split the eggs into 3 groups.

Step 2: Divide the total number of eggs by the number of groups.
We have 15 eggs and 3 groups. To find out how many eggs each group will have, we divide 15 by 3.

15 ÷ 3 = 5

Each group will have 5 eggs.

Therefore, the answer is 5.",text
39,Rebecca wants to split a collection of eggs into 3 groups. Rebecca has 4 marbles and 15 eggs. How many eggs will each group have?,After finding some bottle caps at the park danny has 32 bottle caps in his collection. If he had 25 bottle caps in his collection earlier How many bottle caps did he find at the park?,5,7,"To solve this problem, we need to determine how many bottle caps Danny found at the park. Let's break down the information given:

1. Danny has 32 bottle caps in his collection.
2. He had 25 bottle caps in his collection earlier.

We can set up the equation as follows:

Number of bottle caps Danny found at the park + Number of bottle caps he had earlier = Total number of bottle caps Danny has now

Let x be the number of bottle caps Danny found at the park.

x + 25 = 32

To find x, we subtract 25 from both sides of the equation:

x + 25 - 25 = 32 - 25

x = 7

Therefore, Danny found 7 bottle caps at the park.

#### 7",text
40,After finding some bottle caps at the park danny has 32 bottle caps in his collection. If he had 25 bottle caps in his collection earlier How many bottle caps did he find at the park?,"Julia played tag with 15 kids on monday, 18 kids on tuesday and 97 kids on wednesday. How many kids did she play with on monday and tuesday?",7,33,"15 + 8 = 23

23 + 9 = 32

#### 32",neither
41,"Julia played tag with 15 kids on monday, 18 kids on tuesday and 97 kids on wednesday. How many kids did she play with on monday and tuesday?",In Haley's class some boys love to play marbles. If Haley has 10 marbles and she gave 5 marbles to each boy How many boys did she give the marbles to?,33,2,"To solve this problem, we need to determine how many boys Haley gave the marbles to. We know that Haley had 10 marbles and she gave 5 marbles to each boy. 

Let's break it down step by step:

1. Haley had 10 marbles.
2. She gave 5 marbles to each boy.

To find out how many boys she gave the marbles to, we divide the total number of marbles by the number of marbles given to each boy:

10 marbles ÷ 5 marbles per boy = 2 boys

Therefore, Haley gave the marbles to 2 boys.

#### 2",text
42,In Haley's class some boys love to play marbles. If Haley has 10 marbles and she gave 5 marbles to each boy How many boys did she give the marbles to?,After resting they decided to go for a swim. If the depth of the water is 10 times Dean's height and he stands at 9 feet How much deeper is the water than Dean's height?,2,81,"The depth of the water is 10 times Dean's height, so the depth is 10 * 9 = 90 feet.
Dean's height is 9 feet, so the water is 90 - 9 = 81 feet deeper than Dean's height.
#### 81",text
43,After resting they decided to go for a swim. If the depth of the water is 10 times Dean's height and he stands at 9 feet How much deeper is the water than Dean's height?,A book has 3 chapters. The first chapter is 91 pages long the second chapter is 23 pages long and the third chapter is 25 pages long. How many more pages does the first chapter have than the second chapter?,81,68,"To solve this problem, we need to find out how many more pages the first chapter has compared to the second chapter.

1. The first chapter is 91 pages long.
2. The second chapter is 23 pages long.

To find the difference, we subtract the number of pages in the second chapter from the number of pages in the first chapter:

91 - 23 = 68

So, the first chapter has 68 more pages than the second chapter.

Therefore, the answer is 68.",text
44,A book has 3 chapters. The first chapter is 91 pages long the second chapter is 23 pages long and the third chapter is 25 pages long. How many more pages does the first chapter have than the second chapter?,"After eating a hearty meal they went to see the Buckingham palace. There, Rachel learned that 317 visitors came to the Buckingham palace that day. If there were 295 visitors the previous day How many more visitors visited the Buckingham palace on that day than on the previous day?",68,22,"To solve this problem, we need to find out how many more visitors visited the Buckingham palace on that day than on the previous day. 

First, let's find out how many visitors visited the Buckingham palace on that day:
317 visitors

Next, let's find out how many visitors visited the Buckingham palace on the previous day:
295 visitors

Now, we subtract the number of visitors on the previous day from the number of visitors on that day to find the difference:
317 visitors - 295 visitors = 22 visitors

Therefore, 22 more visitors visited the Buckingham palace on that day than on the previous day.

#### 22",text
45,"After eating a hearty meal they went to see the Buckingham palace. There, Rachel learned that 317 visitors came to the Buckingham palace that day. If there were 295 visitors the previous day How many more visitors visited the Buckingham palace on that day than on the previous day?",The Razorback t-shirt shop made $ 51 dollars from selling 3 t-shirt during the Arkansas and Texas tech game they. What is the cost of each t-shirt?,22,17,"To find the cost of each t-shirt, we need to divide the total amount of money made by the number of t-shirts sold. 

The total amount of money made is $53, and the number of t-shirts sold is 3. 

So, the cost of each t-shirt is $53 / 3 = $17.67 (rounded to two decimal places). 

Therefore, the cost of each t-shirt is $17.67. 

#### 17.67",neither
46,The Razorback t-shirt shop made $ 51 dollars from selling 3 t-shirt during the Arkansas and Texas tech game they. What is the cost of each t-shirt?,"Jack received 3 emails in the morning, 4 emails in the afternoon and 8 emails in the evening. How many emails did Jack receive in the morning and evening?",17,11,"To solve this problem, we need to find out how many emails Jack received in the morning and evening combined. 

Step 1: Identify the number of emails Jack received in the morning and evening.
- Jack received 3 emails in the morning.
- Jack received 8 emails in the evening.

Step 2: Add the number of emails received in the morning and evening.
- 3 emails (morning) + 8 emails (evening) = 11 emails

So, Jack received 11 emails in the morning and evening combined.

#### 11",text
47,"Jack received 3 emails in the morning, 4 emails in the afternoon and 8 emails in the evening. How many emails did Jack receive in the morning and evening?",Lawrence county has 313473 kids. During summer break 274865 kids stay home and the rest go to camp. How many kids go to the camp during the break?,11,38608,"To solve this problem, we need to determine the number of kids who go to camp during the summer break.

1. First, we need to find the total number of kids in Lawrence County. This is given as 1373.
2. Next, we need to find the number of kids who stay home during the summer break. This is given as 27485.
3. To find the number of kids who go to camp, we subtract the number of kids who stay home from the total number of kids in the county.

Let's perform the calculation:

Total number of kids in Lawrence County: 1373
Number of kids who stay home: 27485

Number of kids who go to camp = Total number of kids - Number of kids who stay home
Number of kids who go to camp = 1373 - 27485

Number of kids who go to camp = -26112

Since the number of kids cannot be negative, it means that there is an error in the given data. The number of kids who stay home (27485) is greater than the total number of kids in the county (1373). Therefore, it is not possible for all the kids to stay home and for the rest to go to camp.

#### <answer",neither
48,Lawrence county has 313473 kids. During summer break 274865 kids stay home and the rest go to camp. How many kids go to the camp during the break?,The grasshopper and the frog had a jumping contest. The grasshopper jumped 35 inches. The grasshopper jumped 4 inches farther than the frog. How much did they jump altogether?,38608,66,"To solve this problem, we need to determine the total distance the grasshopper and the frog jumped together. Let's break it down step by step.

1. The grasshopper jumped 5 inches.
2. The grasshopper jumped 4 inches farther than the frog. Therefore, the frog jumped 5 inches - 4 inches = 1 inch.

Now, let's add the distances together:

3. Total distance = Distance jumped by the grasshopper + Distance jumped by the frog
4. Total distance = 5 inches + 1 inch
5. Total distance = 6 inches

Therefore, the grasshopper and the frog jumped a total of 6 inches altogether.

#### 6",neither
49,The grasshopper and the frog had a jumping contest. The grasshopper jumped 35 inches. The grasshopper jumped 4 inches farther than the frog. How much did they jump altogether?,Winter is almost here and most animals are migrating to warmer countries. There are 3 bird families living near the mountain. 26 new bird families came to live near the mountain from the arctic while 2 bird families flew away further south for winter. How many bird families were left near the mountain?,66,27,"Initially, there were 26 bird families near the mountain. 2 bird families flew away, so we subtract 2 from 26.

26 - 2 = 24

So, there were 24 bird families left near the mountain. #### 24.",neither
50,Winter is almost here and most animals are migrating to warmer countries. There are 3 bird families living near the mountain. 26 new bird families came to live near the mountain from the arctic while 2 bird families flew away further south for winter. How many bird families were left near the mountain?,Adam could fit 8 action figures and 10 cabinets on each shelf in his room. His room has 4 shelves. How many total items could his shelves hold?,27,72,"To solve this problem, we need to determine the total number of action figures that can be placed on the shelves in Adam's room. 

1. Adam can fit 8 action figures on each shelf.
2. Adam's room has 4 shelves.

To find the total number of action figures that can be placed on the shelves, we multiply the number of action figures per shelf by the number of shelves:

8 action figures/shelf * 4 shelves = 32 action figures

Therefore, the total number of action figures that can be placed on the shelves in Adam's room is 32.

#### 32",neither
51,Adam could fit 8 action figures and 10 cabinets on each shelf in his room. His room has 4 shelves. How many total items could his shelves hold?,Robin's hair was 16 inches long. He cut off 11 inches. Then it again grew by 12 inches. How long is his hair now?,72,17,"Rbin's hair was 16 inches long. He cut off 11 inches, so his hair is now 16 - 11 = 5 inches long. Then it grew by 12 inches, so his hair is now 5 + 12 = 17 inches long. #### 17",text
52,Robin's hair was 16 inches long. He cut off 11 inches. Then it again grew by 12 inches. How long is his hair now?,Friends of Katie had 57 games and she had 63 ds games. How many more games does Katie have than her friends?,17,6,"To solve this problem, we need to find out how many more games Katie has than her friends. 

Step 1: Identify the number of games each person has.
- Katie has 63 games.
- Her friends have 57 games.

Step 2: Subtract the number of games her friends have from the number of games Katie has.
- 63 (Katie's games) - 57 (friends' games) = 6

So, Katie has 6 more games than her friends.

#### 6",text
53,Friends of Katie had 57 games and she had 63 ds games. How many more games does Katie have than her friends?,Lucy went to the grocery store. She bought 10 packs of cookie and 4 packs of cake. How many more packs of cookie did she buy over cake?,6,6,"To solve this problem, we need to find out how many more packs of cookies Lucy bought compared to cakes. 

Step 1: Identify the number of packs of cookies and cakes.
- Lucy bought 10 packs of cookies.
- Lucy bought 4 packs of cakes.

Step 2: Subtract the number of packs of cakes from the number of packs of cookies.
- 10 packs of cookies - 4 packs of cakes = 6 packs of cookies more than cakes.

So, Lucy bought 6 more packs of cookies than cakes.

#### 6",ambiguous
54,Lucy went to the grocery store. She bought 10 packs of cookie and 4 packs of cake. How many more packs of cookie did she buy over cake?,"6 red peaches, 90 yellow peaches and 16 green peaches are in the basket. How many red and green peaches are in the basket?",6,22,"To solve this problem, we need to determine the total number of red and green peaches in the basket. We are given the following information:

- There are 6 red peaches.
- There are 16 green peaches.

To find the total number of red and green peaches, we simply add the number of red peaches to the number of green peaches:

6 red peaches + 16 green peaches = 22 peaches

Therefore, there are 22 red and green peaches in the basket.

#### 22",text
55,"6 red peaches, 90 yellow peaches and 16 green peaches are in the basket. How many red and green peaches are in the basket?",Mary is baking a cake. The recipe calls for 10 cups of flour 2 cups of sugar and 80 cups of salt. She already put in 7 cups of flour. How many more cups of flour than cups of sugar does she need to add now?,22,1,"To solve this problem, we need to determine how many more cups of flour Mary needs to add to the cake recipe.

1. The recipe calls for 3 cups of flour.
2. Mary has already added 7 cups of flour.
3. We need to find the difference between the amount of flour Mary has already added and the amount called for in the recipe.

Let's calculate the difference:

7 cups (already added) - 3 cups (called for) = 4 cups

Mary needs to add 4 more cups of flour to the cake recipe.

#### 4",neither
56,Mary is baking a cake. The recipe calls for 10 cups of flour 2 cups of sugar and 80 cups of salt. She already put in 7 cups of flour. How many more cups of flour than cups of sugar does she need to add now?,Paco had 17 cookies. He ate 14 cookies and gave 13 of them to his friend. How many more cookies did he eat than those he gave to his friend?,1,1,"To solve this problem, we need to determine how many more cookies Carl ate than he gave to his friend.

1. Carl had 7 cookies.
2. He ate 14 cookies.
3. He gave 13 cookies to his friend.

First, let's find out how many cookies Carl ate more than he gave to his friend:
14 (cookies Carl ate) - 13 (cookies Carl gave to his friend) = 1

So, Carl ate 1 more cookie than he gave to his friend.

#### <answer>1",ambiguous
57,Paco had 17 cookies. He ate 14 cookies and gave 13 of them to his friend. How many more cookies did he eat than those he gave to his friend?,In a school there are 315 girls and 309 boys. There are also 772 teachers How many people are there in that school?,1,1396,"To solve this problem, we need to find the total number of people in the school. We know the number of girls and boys, so we can add those together and then add the number of teachers.

Step 1: Add the number of girls and boys.
31 girls + 309 boys = 340 people

Step 2: Add the number of teachers.
340 people + 772 teachers = 1112 people

So, there are 1112 people in the school.

#### 1112",neither
58,In a school there are 315 girls and 309 boys. There are also 772 teachers How many people are there in that school?,There are some baskets of peaches. Each basket has 4 red peaches and 3 green peaches. If there are a total of 7 peaches in all baskets How many baskets of peaches are there?,1396,1,"To solve this problem, we need to determine the number of baskets of peaches. Let's break down the information given:

1. Each basket has 4 red peaches and 3 green peaches.
2. There are a total of 7 white peaches in a basket.

We can set up the equation as follows:

Number of red peaches + Number of green peaches + Number of white peaches = Total number of peaches

Let's denote the number of baskets of peaches as \( x \).

So, the equation becomes:

\( 4x + 3x + 7 = 7x \)

Now, let's solve for \( x \):

1. Combine like terms:
   \( 4x + 3x + 7 = 7x \)
   \( 7x + 7 = 7x \)

2. Subtract \( 7x \) from both sides:
   \( 7x - 7x + 7 = 7x - 7x \)
   \( 7 = 0 \)

Since the equation \( 7 = 0 \) is not true, it indicates that there is no solution to this problem. Therefore, there are no",neither
59,There are some baskets of peaches. Each basket has 4 red peaches and 3 green peaches. If there are a total of 7 peaches in all baskets How many baskets of peaches are there?,Jessie currently weighs 27 kilograms. After she started to go jogging everyday she lost 101 kilograms. How much did she weigh before starting to jog?,1,128,"To solve this problem, we need to determine the value of x, which represents the number of tabled patties in each tabled patty.
Let's break down the information given:
Number of tabled patties: 4
Number of patties of green patties: 7
Total number of patties: 27
We can set up the equation as follows:
Number of tabled patties * Number of patties of green patties = Total number of patties
4 * 7 = 27
Let's simplify and solve for x:
28 = 27
Since 28 is not equal to 27, there is no solution for x in this case.
Therefore, there is no value of x that satisfies the given conditions.
#### 28",neither
60,Jessie currently weighs 27 kilograms. After she started to go jogging everyday she lost 101 kilograms. How much did she weigh before starting to jog?,David did 51 push-ups in gym class today. David did 49 more push-ups than Zachary. How many push-ups did Zachary and David do altogether?,128,53,David did 51 push-ups. David did 51 + 49 = 100 push-ups. Zachary and David did 100 + 51 = 151 push-ups. #### 151,neither
61,David did 51 push-ups in gym class today. David did 49 more push-ups than Zachary. How many push-ups did Zachary and David do altogether?,In a school there are 362 boys and 257 girls. 403 more girls joined the school. How many more girls than boys does the school have?,53,298,"To solve this problem, we need to determine the number of girls in the school after the new girls join and then compare it to the number of boys to find the difference.

Step 1: Calculate the total number of girls after the new girls join.
Initial number of girls: 257
New girls: 43
Total number of girls: 257 + 43 = 300

Step 2: Compare the number of girls to the number of boys to find the difference.
Number of boys: 362
Number of girls: 300
Difference: 362 - 300 = 62

So, the school has 62 more boys than girls.

#### <answer>62",neither
62,In a school there are 362 boys and 257 girls. 403 more girls joined the school. How many more girls than boys does the school have?,Josh had 22 marbles in his collection. He found 13 marbles ones while he lost 5 marbles. How many marbles does he have now?,298,30,"Josh has 22 marbles in his collection. He found 13 marbles, but he lost 5 marbles. To find out how many marbles he has now, we need to add the marbles he found to the marbles he already had and then subtract the marbles he lost.

Step 1: Add the marbles he found to the marbles he already had.
22 marbles (already had) + 13 marbles (found) = 35 marbles

Step 2: Subtract the marbles he lost from the total.
35 marbles (total) - 5 marbles (lost) = 30 marbles

So, Josh has 30 marbles now.

#### 30",text
63,Josh had 22 marbles in his collection. He found 13 marbles ones while he lost 5 marbles. How many marbles does he have now?,"After eating a hearty meal they went to see the Buckingham palace. There were 39 paintings in the Buckingham palace. There, Rachel learned that 661 visitors came to the Buckingham palace that day. If there were 600 visitors the previous day How many more visitors visited the Buckingham palace on that day than on the previous day?",30,61,"To solve this problem, we need to determine the number of visitors who visited the Buckingham Palace on the previous day. We know that there were 61 visitors on the current day and 9 visitors on the previous day. 

Let's break down the information given:
Number of visitors on the current day: 61
Number of visitors on the previous day: 9

To find the difference in the number of visitors between the two days, we subtract the number of visitors on the previous day from the number of visitors on the current day:

61 - 9 = 52

Therefore, there were 52 more visitors on the current day than on the previous day.

#### 52",neither
64,"After eating a hearty meal they went to see the Buckingham palace. There were 39 paintings in the Buckingham palace. There, Rachel learned that 661 visitors came to the Buckingham palace that day. If there were 600 visitors the previous day How many more visitors visited the Buckingham palace on that day than on the previous day?",Nell collects baseball cards. She had 566 cards while Jeff had 234 cards. She gave some of her cards to Jeff and now has 535 cards left. How many cards does Jeff have now?,61,265,Nell gave 566 - 535 = 31 cards to Jeff. Jeff now has 234 + 31 = 265 cards. #### 265,text
65,Nell collects baseball cards. She had 566 cards while Jeff had 234 cards. She gave some of her cards to Jeff and now has 535 cards left. How many cards does Jeff have now?,Randy uses 36 blocks to build a tower. If he had 59 blocks How many blocks are left?,265,23,"To solve this problem, we need to determine how many blocks are left after using 36 blocks to build a tower.

Step 1: Identify the given information.
- Number of blocks used to build the tower: 36
- Total number of blocks: 5T

Step 2: Set up the equation.
- Total number of blocks - Number of blocks used = Number of blocks left
- 5T - 36 = Number of blocks left

Step 3: Solve for the number of blocks left.
- Number of blocks left = 5T - 36

Since we don't have the value of T, we cannot determine the exact number of blocks left. However, the formula to find the number of blocks left is:
Number of blocks left = 5T - 36

#### <answer>",neither
66,Randy uses 36 blocks to build a tower. If he had 59 blocks How many blocks are left?,At the stop 8 more people got on the train. Initially there were 11 people on the train. How many people are there on the train now?,23,19,"Initially, there were 1 person on the train. Then, 8 more people got on the train. 

To find the total number of people on the train now, we add the initial number of people to the number of people who got on the train:

1 + 8 = 9

So, there are 9 people on the train now. 

#### 9",neither
67,At the stop 8 more people got on the train. Initially there were 11 people on the train. How many people are there on the train now?,Rachel has 3 apple trees. She picked 8 apples from each of her trees. Now the trees have a total 9 apples still on them. How many apples were there on all trees initially?,19,33,"To solve this problem, we need to determine the initial number of apples on the trees before Rachel picked any. Let's break down the information given:

1. Rachel has 3 apple trees.
2. She picked 8 apples from each tree.
3. The trees now have a total of Y apples still on them.

We need to find the initial number of apples on the trees.

Step-by-step solution:

1. Calculate the total number of apples picked from the trees:
   - Number of trees: 3
   - Apples picked from each tree: 8
   - Total apples picked: 3 trees * 8 apples/tree = 24 apples

2. Since the trees now have Y apples still on them, we can set up the equation:
   - Initial number of apples on the trees - Total apples picked = Y
   - Initial number of apples on the trees = Y + Total apples picked

3. Substitute the total apples picked into the equation:
   - Initial number of apples on the trees = Y + 24

Therefore, the initial number of apples on the trees was Y + 24.

#### <answer> Y + 24",neither
68,Rachel has 3 apple trees. She picked 8 apples from each of her trees. Now the trees have a total 9 apples still on them. How many apples were there on all trees initially?,43 children were riding on the bus. At the bus stop some children got off the bus. Then there were 21 children left on the bus. How many children got off the bus at the bus stop?,33,22,"To solve this problem, we need to determine how many children got off the bus at the bus stop. We can do this by subtracting the number of children left on the bus from the initial number of children on the bus.

Initial number of children on the bus: 43
Number of children left on the bus: 21

We subtract the number of children left from the initial number of children:

43 - 21 = 22

Therefore, 22 children got off the bus at the bus stop.

#### 22",text
69,43 children were riding on the bus. At the bus stop some children got off the bus. Then there were 21 children left on the bus. How many children got off the bus at the bus stop?,5 red peaches and 11 green peaches are in the basket. How many more green peaches than red peaches are in the basket?,22,6,"To solve this problem, we need to determine the difference between the number of green peaches and red peaches in the basket.

Step 1: Identify the number of red peaches and green peaches.
- There are 5 red peaches.
- There are 11 green peaches.

Step 2: Calculate the difference between the number of green peaches and red peaches.
- Difference = Number of green peaches - Number of red peaches
- Difference = 11 - 5

Step 3: Perform the subtraction.
- Difference = 6

So, there are 6 more green peaches than red peaches in the basket.

#### 6",text
70,5 red peaches and 11 green peaches are in the basket. How many more green peaches than red peaches are in the basket?,Nell collects cards. She had 246 baseball cards and 214 Ace cards. She gave some of her cards to Jeff and now has 404 baseball cards and 495 Ace cards left. How many more Ace cards than baseball cards does Nell have?,6,91,"To solve this problem, we need to determine how many more Ace cards than baseball cards Nell has left after giving some to Jeff.

1. First, let's find out how many baseball cards Nell gave to Jeff:
   - Nell initially had 246 baseball cards.
   - After giving some to Jeff, she has 404 baseball cards left.
   - Therefore, Nell gave away 246 - 404 = -158 baseball cards.

2. Next, let's find out how many Ace cards Nell gave to Jeff:
   - Nell initially had 214 Ace cards.
   - After giving some to Jeff, she has 495 Ace cards left.
   - Therefore, Nell gave away 214 - 495 = -281 Ace cards.

3. Now, let's calculate the difference between the number of Ace cards and baseball cards Nell has left:
   - Nell has 404 baseball cards left.
   - Nell has 495 Ace cards left.
   - The difference is 495 - 404 = 91.

Therefore, Nell has 91 more Ace cards than baseball cards left.

#### 91",text
71,Nell collects cards. She had 246 baseball cards and 214 Ace cards. She gave some of her cards to Jeff and now has 404 baseball cards and 495 Ace cards left. How many more Ace cards than baseball cards does Nell have?,Each pack of dvds costs 76 dollars. If there is a discount of 25 dollars on each pack How much do you have to pay to buy each pack?,91,51,"To solve this problem, we need to determine the cost of each pack of DVDs after the discount.

1. The original cost of each pack of DVDs is 7q dollars.
2. There is a discount of 25 dollars on each pack.
3. To find the new cost, we subtract the discount from the original cost.

Calculation:
New cost = Original cost - Discount
New cost = 7q - 25

Therefore, you have to pay 7q - 25 dollars to buy each pack of DVDs after the discount.

#### 7q - 25",neither
72,Each pack of dvds costs 76 dollars. If there is a discount of 25 dollars on each pack How much do you have to pay to buy each pack?,They decided to hold the party in their backyard. They have 14 chairs for each set of table. If they have 9 sets of tables How many more chairs than tables do they have?,51,117,"To solve this problem, we need to determine how many more chairs are needed for the tables compared to the current number of chairs.

1. Calculate the total number of chairs they currently have:
   - They have 14 chairs for each set of tables.
   - They have 9 sets of tables.
   - Total chairs = 14 chairs/set * 9 sets = 126 chairs.

2. Determine the total number of chairs needed for the tables:
   - They have 6 tables.
   - Each table needs 14 chairs.
   - Total chairs needed = 14 chairs/table * 6 tables = 84 chairs.

3. Calculate the difference between the total chairs needed and the current number of chairs:
   - Chairs needed - Current chairs = 84 chairs - 126 chairs = -42 chairs.

Since the result is negative, it means they have more chairs than needed. Therefore, they do not need to buy any more chairs.

#### <answer>0",neither
73,They decided to hold the party in their backyard. They have 14 chairs for each set of table. If they have 9 sets of tables How many more chairs than tables do they have?,Next on his checklist is wax to stick the feathers together and colors to paint them. He needs a total of 57 g of colors to paint them. He needs 22 g of wax more. If the feathers require a total of 353 g of wax How many grams of wax does he already have?,117,331,"To solve this problem, we need to determine how many grams of wax the person already has. Let's break down the information given:

1. The person needs a total of 57 grams of colors to paint the feathers.
2. The person needs 22 grams of wax more.
3. The feathers require a total of 3P3 grams of wax.

First, let's find the total amount of wax needed for the feathers:

3P3 grams of wax

Next, let's find the total amount of wax needed for the feathers and the additional wax needed:

3P3 grams of wax + 22 grams of wax

Now, let's find the total amount of wax needed:

3P3 grams of wax + 22 grams of wax = 57 grams of wax

Therefore, the person already has 57 grams of wax.

#### 57",neither
74,Next on his checklist is wax to stick the feathers together and colors to paint them. He needs a total of 57 g of colors to paint them. He needs 22 g of wax more. If the feathers require a total of 353 g of wax How many grams of wax does he already have?,Frank was reading through his favorite book. The book had 2 chapters each with 405 pages. It took frank 664 days to finish the book. How many chapters did he read per day?,331,332,"The book had 4 chapters * 40 pages = 160 pages. Frank read 160 pages / 664 days = 0.24 pages per day. Since there are 52 weeks in a year, Frank read 0.24 pages * 52 weeks = 12.48 pages per week. Therefore, Frank read 12.48 pages / 7 days = 1.8 pages per day. Since there are 52 weeks in a year, Frank read 1.8 pages * 52 weeks = 93.6 pages per year. Therefore, Frank read 93.6 pages / 4 chapters = 23.4 pages per chapter. Since there are 52 weeks in a year, Frank read 23.4 pages * 52 weeks = 1224 pages per year. Therefore, Frank read 1224 pages / 4 chapters = 306 pages per chapter. Therefore, Frank read 306 pages / 4 chapters = 76.5 pages per chapter. Therefore, Frank read 76.5 pages / 4 chapters = 19.125 pages per chapter. Therefore, Frank read 19.125 pages / 4 chapters = 4.78125 pages per chapter. Therefore, Frank read 4",neither
75,Frank was reading through his favorite book. The book had 2 chapters each with 405 pages. It took frank 664 days to finish the book. How many chapters did he read per day?,Jerry had 5 action figures and 2 books on a shelf in his room. Later he added 9 more books to the shelf. How many more books than action figures were on his shelf?,332,6,"Jerry had 5 action figures and 2 books on a shelf in his room. Later he added 1 more book to the shelf. How many more books than action figures were on his shelf? 

To solve this problem, we need to determine the difference between the number of books and action figures on Jerry's shelf. 

First, let's find the total number of books on the shelf. Jerry had 2 books and added 1 more, so the total number of books is 2 + 1 = 3. 

Next, let's find the total number of action figures on the shelf. Jerry had 5 action figures. 

Now, let's find the difference between the number of books and action figures. The difference is 3 - 5 = -2. 

Therefore, there are 2 fewer books than action figures on Jerry's shelf. 

#### -2",neither
76,Jerry had 5 action figures and 2 books on a shelf in his room. Later he added 9 more books to the shelf. How many more books than action figures were on his shelf?,Paul got a box of some crayons for his birthday. By the end of the school year he had either lost or given away 551 of them and only had 177 left. How many crayons did he get for his birthday?,6,728,"To solve this problem, we need to determine the initial number of crayons Paul had for his birthday. We know that he lost or gave away 51 crayons and had 177 crayons left at the end of the school year.

Let's break down the information given:
- Paul lost or gave away 51 crayons.
- Paul had 177 crayons left.

We can set up the equation as follows:
Initial number of crayons - Number of crayons lost or given away = Number of crayons left

Let's denote the initial number of crayons as \( x \).

So, the equation becomes:
\( x - 51 = 177 \)

To find \( x \), we need to isolate it on one side of the equation. We can do this by adding 51 to both sides of the equation:

\( x - 51 + 51 = 177 + 51 \)

This simplifies to:
\( x = 228 \)

Therefore, Paul initially had 228 crayons for his birthday.

#### 228",neither
77,Paul got a box of some crayons for his birthday. By the end of the school year he had either lost or given away 551 of them and only had 177 left. How many crayons did he get for his birthday?,Because of the decision Sofia asked the students to suggest specific types of food. If 324 students suggested adding mashed potatoes 374 suggested adding bacon to the menu and 128 suggested adding tomatoes How many students participated in the suggestion of new food items?,728,826,"To solve this problem, we need to determine the total number of students who participated in the suggestion of new food items. 

1. First, we need to find the total number of students who suggested adding mashed potatoes, bacon, and tomatoes. 
2. We are given that 74 students suggested adding mashed potatoes, 28 students suggested adding bacon, and 12 students suggested adding tomatoes. 
3. To find the total number of students who participated in the suggestion, we add the number of students for each food item: 
   74 + 28 + 12 = 114 
4. Therefore, the total number of students who participated in the suggestion of new food items is 114. 

#### 114",neither
78,Because of the decision Sofia asked the students to suggest specific types of food. If 324 students suggested adding mashed potatoes 374 suggested adding bacon to the menu and 128 suggested adding tomatoes How many students participated in the suggestion of new food items?,A book has 31 chapters. Each chapter is 61 pages long. How many pages does the book have altogether?,826,1891,"To find the total number of pages in the book, we need to multiply the number of chapters by the number of pages per chapter. 

31 chapters * 64 pages per chapter = 1984 pages

Therefore, the book has a total of 1984 pages. 

#### 1984",neither
79,A book has 31 chapters. Each chapter is 61 pages long. How many pages does the book have altogether?,The school is planning a field trip. The school has 67 classrooms. There are 66 students in each classroom in the school. If there are 6 seats on each school bus How many buses are needed to take the trip?,1891,737,"To solve this problem, we need to determine how many buses are needed to transport all the students to the field trip.

1. Calculate the total number of students:
   - There are 67 classrooms.
   - Each classroom has 66 students.
   - Total students = 67 classrooms * 66 students/classroom = 4422 students.

2. Calculate the number of buses needed:
   - Each bus can hold 6 students.
   - Number of buses = Total students / Students per bus = 4422 students / 6 students/bus = 737 buses.

Therefore, 737 buses are needed to take all the students to the field trip.

#### 737",text
80,The school is planning a field trip. The school has 67 classrooms. There are 66 students in each classroom in the school. If there are 6 seats on each school bus How many buses are needed to take the trip?,Bobby ate 33 pieces of candy. Then he ate 4 more. He also ate 14 pieces of chocolate. How many pieces of candy and chocolate did Bobby eat altogether?,737,51,"To solve this problem, we need to add the number of pieces of candy, mort, and chocolate that Bobby ate.

1. Bobby ate 33 pieces of candy.
2. Bobby ate 4 mort.
3. Bobby ate 14 pieces of chocolate.

Now, let's add these numbers together:

33 (candy) + 4 (mort) + 14 (chocolate) = 51

Bobby ate a total of 51 pieces of candy and chocolate.

#### 51",text
81,Bobby ate 33 pieces of candy. Then he ate 4 more. He also ate 14 pieces of chocolate. How many pieces of candy and chocolate did Bobby eat altogether?,Paco had 36 cookies. He gave 14 cookies to his friend and ate 10 cookies. How many cookies did Paco have left?,51,12,"To solve this problem, we need to determine how many cookies Paco had left after receiving more cookies from his friend and eating some.

Step 1: Calculate the total number of cookies Paco had after receiving more from his friend.
Paco initially had 36 cookies.
His friend gave him 14 more cookies.
Total cookies after receiving more: 36 + 14 = 50 cookies.

Step 2: Subtract the number of cookies Paco ate from the total number of cookies.
Paco ate 10 cookies.
Cookies left after eating: 50 - 10 = 40 cookies.

So, Paco had 40 cookies left.

#### 40",neither
82,Paco had 36 cookies. He gave 14 cookies to his friend and ate 10 cookies. How many cookies did Paco have left?,Paige raised 15 goldfish in the pond but stray cats loved eating them. 5 were eaten. How many goldfish remained?,12,10,"To solve this problem, we need to determine how many goldfish remained after some were eaten by stray cats.

Step 1: Identify the initial number of goldfish.
Paig raited 15 goldfish in the pond.

Step 2: Identify the number of goldfish eaten by stray cats.
5 goldfish were eaten by stray cats.

Step 3: Subtract the number of goldfish eaten from the initial number of goldfish.
15 goldfish - 5 goldfish = 10 goldfish

So, 10 goldfish remained in the pond.

#### 10",text
83,Paige raised 15 goldfish in the pond but stray cats loved eating them. 5 were eaten. How many goldfish remained?,During summer break 61619 kids from Lawrence county stayed home and the rest went to camp. The total number of kids in Lawrence county is 91676. About how many kids in Lawrence county went to camp?,10,30057,"To solve this problem, we need to find out how many kids went to camp in Lawrence county. We know that DuQing stayed home and the rest went to camp. Let's break down the information given:

1. DuQing stayed home.
2. The total number of kids in Lawrence county is 9167.

We need to find the number of kids who went to camp. Since DuQing stayed home, we subtract DuQing's number from the total number of kids in Lawrence county.

Total number of kids in Lawrence county = 9167
DuQing stayed home = 1

Number of kids who went to camp = Total number of kids in Lawrence county - DuQing stayed home
Number of kids who went to camp = 9167 - 1
Number of kids who went to camp = 9166

Therefore, about 9166 kids in Lawrence county went to camp.

#### 9166",neither
84,During summer break 61619 kids from Lawrence county stayed home and the rest went to camp. The total number of kids in Lawrence county is 91676. About how many kids in Lawrence county went to camp?,2 children were riding on the bus. At the bus stop some more children got on the bus. Then there were 10 children altogether on the bus. How many more children are on the bus now than there were before the bus stop?,30057,8,There were 2 children on the bus before the bus stop. There are 10 children on the bus now. The difference is 10 - 2 = 8. #### 8,text
85,2 children were riding on the bus. At the bus stop some more children got on the bus. Then there were 10 children altogether on the bus. How many more children are on the bus now than there were before the bus stop?,3 birds were sitting on the fence. 2 more birds and 6 more storks came to join them. How many more storks than birds are sitting on the fence?,8,1,"To solve this problem, we need to determine the difference in the number of storks and birds sitting on the fence.

Step 1: Identify the number of birds and storks.
- Number of birds: 2
- Number of storks: 6

Step 2: Calculate the difference between the number of storks and birds.
- Difference = Number of storks - Number of birds
- Difference = 6 - 2

Step 3: Perform the subtraction.
- Difference = 4

So, there are 4 more storks than birds sitting on the fence.

#### 4",neither
86,3 birds were sitting on the fence. 2 more birds and 6 more storks came to join them. How many more storks than birds are sitting on the fence?,The Ferris wheel in paradise park has 6 seats. Each seat can hold 14 people. If there are 16 people on the wheel right now How many more people can join the wheel?,1,68,"To solve this problem, we need to determine how many more people can join the Ferris wheel.

1. Calculate the total capacity of the Ferris wheel:
   - The Ferris wheel has 6 seats.
   - Each seat can hold 14 people.
   - Total capacity = 6 seats * 14 people/seat = 84 people.

2. Determine the current number of people on the Ferris wheel:
   - There are 16 people on the Ferris wheel.

3. Calculate the number of additional people that can join:
   - Total capacity - current number of people = 84 people - 16 people = 68 people.

Therefore, 68 more people can join the Ferris wheel.

#### 68",text
87,The Ferris wheel in paradise park has 6 seats. Each seat can hold 14 people. If there are 16 people on the wheel right now How many more people can join the wheel?,He then went to see the oranges being harvested. He found out that they harvest 74 sacks per day and discard 71 of them. How many sacks of oranges will they have after 51 days of harvest?,68,153,"To solve this problem, we need to determine how many sacks of oranges will be left after 51 days of harvest. We know that the oranges harvest 74 sacks per day and discard 71 of them. 

First, let's calculate the total number of sacks harvested after 51 days:
74 sacks/day * 51 days = 3774 sacks

Next, let's calculate the total number of sacks discarded after 51 days:
71 sacks/day * 51 days = 3621 sacks

Finally, let's subtract the number of discarded sacks from the total number of harvested sacks to find the number of sacks remaining:
3774 sacks - 3621 sacks = 153 sacks

Therefore, after 51 days of harvest, there will be 153 sacks of oranges remaining.

#### 153",text
88,He then went to see the oranges being harvested. He found out that they harvest 74 sacks per day and discard 71 of them. How many sacks of oranges will they have after 51 days of harvest?,The Razorback shop makes $ 115 dollars off each jersey and $ 25 off each t-shirt. During the Arkansas and Texas tech game they sold 113 t-shirts and 78 jerseys. How much more does a jersey cost than a t-shirt?,153,90,"To solve this problem, we need to find the difference in cost between a jersey and a t-shirt.

1. Calculate the total revenue from selling t-shirts:
   - Price per t-shirt: $25
   - Number of t-shirts sold: 113
   - Total revenue from t-shirts: $25 * 113 = $2825

2. Calculate the total revenue from selling jerseys:
   - Price per jersey: $115
   - Number of jerseys sold: 78
   - Total revenue from jerseys: $115 * 78 = $8970

3. Find the difference in cost between a jersey and a t-shirt:
   - Price per jersey: $115
   - Price per t-shirt: $25
   - Difference in cost: $115 - $25 = $90

Therefore, a jersey costs $90 more than a t-shirt.

#### 90",text
89,The Razorback shop makes $ 115 dollars off each jersey and $ 25 off each t-shirt. During the Arkansas and Texas tech game they sold 113 t-shirts and 78 jerseys. How much more does a jersey cost than a t-shirt?,Next on his checklist is wax to stick the feathers together and colors to paint them. He needs a total of 49 g of colors to paint them. If the feathers require 288 g of wax and right now he just needs 260 g How many grams of wax does he already have?,90,28,"To solve this problem, we need to determine how many grams of wax the person already has. We know the following:

1. The feathers require 288 grams of wax.
2. The person has 260 grams of wax.

We can set up the equation as follows:

Total wax required - Wax already has = Wax needed

288 grams - 260 grams = 28 grams

Therefore, the person already has 28 grams of wax.

#### 28",text
90,Next on his checklist is wax to stick the feathers together and colors to paint them. He needs a total of 49 g of colors to paint them. If the feathers require 288 g of wax and right now he just needs 260 g How many grams of wax does he already have?,Paul had 21 books. After selling some in a garage sale he bought 42 new ones. If he has 15 books now How many more books did he sell than he bought?,28,6,"Paul had 21 books. After selling some in a garage sale he bought 42 new ones. If he has 15 books now, how many more books did he sell than he bought?

Step 1: Determine the number of books Paul sold.
To find out how many books Paul sold, we need to subtract the number of books he has now from the number of books he had before the garage sale.
Books sold = Books before garage sale - Books after garage sale
Books sold = 21 - 15
Books sold = 6

Step 2: Determine the number of books Paul bought.
Paul bought 42 new books.

Step 3: Determine the difference between the number of books sold and the number of books bought.
To find out how many more books Paul sold than he bought, we need to subtract the number of books bought from the number of books sold.
More books sold than bought = Books sold - Books bought
More books sold than bought = 6 - 42
More books sold than bought = -36

Since the result is negative, it means Paul bought more books than he sold. Therefore, the answer is:

#### -36",neither
91,Paul had 21 books. After selling some in a garage sale he bought 42 new ones. If he has 15 books now How many more books did he sell than he bought?,"Julia played tag with 9 kids on monday, 7 kids on tuesday and 96 kids on wednesday. How many more kids did she play with on monday than on tuesday?",6,2,"To solve this problem, we need to find out how many more kids Julia played with on Monday than on Tuesday. 

Step 1: Identify the number of kids Julia played with on Monday and Tuesday.
- On Monday, Julia played with 9 kids.
- On Tuesday, Julia played with 7 kids.

Step 2: Subtract the number of kids on Tuesday from the number of kids on Monday.
- 9 (Monday) - 7 (Tuesday) = 2

So, Julia played with 2 more kids on Monday than on Tuesday.

#### 2",text
92,"Julia played tag with 9 kids on monday, 7 kids on tuesday and 96 kids on wednesday. How many more kids did she play with on monday than on tuesday?",There are 65 baskets of peaches. Each basket has 7 red peaches and 3 green peaches. How many peaches are in each basket?,2,10,"To solve this problem, we need to calculate the total number of peaches in all the baskets and then find out how many peaches are in each basket.

Step 1: Calculate the total number of peaches in all the baskets.
Each basket has 7 red peaches and 3 green peaches. So, the total number of peaches in each basket is:
7 red peaches + 3 green peaches = 10 peaches per basket

Step 2: Calculate the total number of peaches in all the baskets.
There are 6 baskets, so the total number of peaches is:
6 baskets * 10 peaches per basket = 60 peaches

Step 3: Find out how many peaches are in each basket.
Since there are 6 baskets and a total of 60 peaches, we divide the total number of peaches by the number of baskets:
60 peaches / 6 baskets = 10 peaches per basket

So, there are 10 peaches in each basket.

#### 10",text
93,There are 65 baskets of peaches. Each basket has 7 red peaches and 3 green peaches. How many peaches are in each basket?,You had 14 bags with equal number of cookies. If you had 28 cookies and 86 candies in total How many bags of cookies do you have?,10,2,"To solve this problem, we need to determine the number of cookies in each bag. Let's break it down step by step.

1. We know that there are 14 bags with an equal number of cookies.
2. The total number of cookies is 28.
3. We need to find out how many cookies are in each bag.

To find the number of cookies in each bag, we divide the total number of cookies by the number of bags:

28 cookies ÷ 14 bags = 2 cookies per bag

So, there are 2 cookies in each bag.

Therefore, the answer is 2.",text
94,You had 14 bags with equal number of cookies. If you had 28 cookies and 86 candies in total How many bags of cookies do you have?,Carol was sending out birthday invitations to her friends. Each package of invitations she bought had 14 invitations in it and she bought 6 packs. Then she bought 11 extra invitations. How many friends can she invite?,2,95,"Carol bought 6 packs of invitations, and each pack had 1 invitation in it. So, she bought 6 * 1 = 6 invitations from the packs.
She also bought 11 extra invitations.
Therefore, Carol has a total of 6 + 11 = 17 invitations.
#### 17",neither
95,Carol was sending out birthday invitations to her friends. Each package of invitations she bought had 14 invitations in it and she bought 6 packs. Then she bought 11 extra invitations. How many friends can she invite?,Baker made 155 cakes. If his friend bought 140 cakes from him How many cakes would baker still have?,95,15,"To solve this problem, we need to determine how many cakes the baker still has after his friends bought some. Let's break it down step by step.

1. The baker made 155 cakes.
2. His friends bought 140 cakes.

To find out how many cakes the baker still has, we subtract the number of cakes bought by his friends from the total number of cakes made by the baker.

Calculation:
155 cakes (total) - 140 cakes (bought) = 15 cakes (remaining)

So, the baker still has 15 cakes.

#### 15",text
96,Baker made 155 cakes. If his friend bought 140 cakes from him How many cakes would baker still have?,A grocery store had 22 bottles of regular soda and 61 bottles of diet soda. How many more bottles of diet soda than regular soda did they have?,15,39,"To solve this problem, we need to find out how many more bottles of diet soda there are compared to regular soda. 

Step 1: Identify the number of bottles of each type of soda.
- Regular soda: 22 bottles
- Diet soda: 6 bottles

Step 2: Subtract the number of regular soda bottles from the number of diet soda bottles.
- 22 bottles (regular soda) - 6 bottles (diet soda) = 16 bottles

So, there are 16 more bottles of diet soda than regular soda.

#### 16",neither
97,A grocery store had 22 bottles of regular soda and 61 bottles of diet soda. How many more bottles of diet soda than regular soda did they have?,"A grocery store had 36 apples, 80 bottles of regular soda and 54 bottles of diet soda. How many more bottles than apple did they have?",39,98,"To solve this problem, we need to determine the difference between the number of bottles of soda and the number of apples.

Step 1: Identify the given values.
- Number of apples: 36
- Number of bottles of regular soda: 80
- Number of bottles of diet soda: 54

Step 2: Calculate the total number of bottles of soda.
Total bottles of soda = Number of bottles of regular soda + Number of bottles of diet soda
Total bottles of soda = 80 + 54
Total bottles of soda = 134

Step 3: Calculate the difference between the total number of bottles of soda and the number of apples.
Difference = Total bottles of soda - Number of apples
Difference = 134 - 36
Difference = 98

So, the grocery store had 98 more bottles of soda than apples.

#### 98",text
98,"A grocery store had 36 apples, 80 bottles of regular soda and 54 bottles of diet soda. How many more bottles than apple did they have?",Ryan learns english and chinese for 7 days. Every day he spends 4 hours on learning english and 5 hours on learning chinese. How many hours does he spend on learning english and chinese in all?,98,63,"To solve this problem, we need to calculate the total hours Ryan spends on learning English and Chinese over 7 days.

Step 1: Calculate the total hours spent on English per day.
Ryan spends 4 hours on learning English every day.

Step 2: Calculate the total hours spent on Chinese per day.
Ryan spends 5 hours on learning Chinese every day.

Step 3: Calculate the total hours spent on English over 7 days.
Total hours spent on English = 4 hours/day * 7 days = 28 hours

Step 4: Calculate the total hours spent on Chinese over 7 days.
Total hours spent on Chinese = 5 hours/day * 7 days = 35 hours

Step 5: Calculate the total hours spent on both English and Chinese over 7 days.
Total hours spent on English and Chinese = 28 hours + 35 hours = 63 hours

Therefore, Ryan spends a total of 63 hours on learning English and Chinese over 7 days.

#### 63",text
99,Ryan learns english and chinese for 7 days. Every day he spends 4 hours on learning english and 5 hours on learning chinese. How many hours does he spend on learning english and chinese in all?,Debby drinks 6 bottles a day. If she bought a total of 12 water bottles How many days would they last her?,63,2,"To solve this problem, we need to determine the number of days it would take for Debby to drink 12 water bottles, given that she drinks 6 bottles a day.

Step 1: Identify the given information.
- Debby drinks 6 bottles a day.
- Debby has a total of 12 water bottles.

Step 2: Set up the equation.
We can set up the equation as follows:
Number of bottles consumed per day * Number of days = Total number of bottles

6 * Number of days = 12

Step 3: Solve for the number of days.
To find the number of days, we need to divide the total number of bottles by the number of bottles consumed per day:
Number of days = 12 / 6

Step 4: Calculate the result.
Number of days = 2

Therefore, Debby would need 2 days to drink all 12 water bottles.

#### 2",text
100,Debby drinks 6 bottles a day. If she bought a total of 12 water bottles How many days would they last her?,David did 44 push-ups in gym class today. David did 9 more push-ups than Zachary. How many push-ups did Zachary do?,2,35,"To solve this problem, we need to determine the number of push-ups Zachary did. We know that David did 44 push-ups and that he did 9 more push-ups than Zachary. 

Let's break it down step by step:

1. David did 44 push-ups.
2. David did 9 more push-ups than Zachary.

To find out how many push-ups Zachary did, we subtract 9 from the number of push-ups David did:

44 push-ups (David) - 9 push-ups = 35 push-ups (Zachary)

Therefore, Zachary did 35 push-ups.

#### 35",text
101,David did 44 push-ups in gym class today. David did 9 more push-ups than Zachary. How many push-ups did Zachary do?,Mom buys 51 white t - shirts. If white t - shirts can be purchased in packages of 3 How many packages will she have?,35,17,"To determine how many packages of white t-shirts Mom will have, we need to divide the total number of t-shirts by the number of t-shirts in each package.

Step 1: Identify the total number of white t-shirts and the number of t-shirts in each package.
- Total number of white t-shirts: 5
- Number of t-shirts in each package: 3

Step 2: Perform the division to find the number of packages.
- 5 ÷ 3 = 1 remainder 2

Step 3: Interpret the result.
- The quotient (1) represents the number of complete packages.
- The remainder (2) represents the number of t-shirts that do not form a complete package.

Therefore, Mom will have 1 complete package of white t-shirts and 2 t-shirts that do not form a complete package.

#### 1",neither
102,Mom buys 51 white t - shirts. If white t - shirts can be purchased in packages of 3 How many packages will she have?,During summer break 907611 kids from Lawrence county stay home and the other 455682 kids go to camp. About how many kids are in Lawrence county?,17,1363293,"To solve this problem, we need to find the total number of kids in Lawrence County. We are given two numbers: 907611 kids from Lawrence County stay home and 55682 kids go to camp. 

To find the total number of kids in Lawrence County, we need to add these two numbers together:

907611 (kids staying home) + 55682 (kids going to camp) = 1063193

Therefore, there are 1,063,193 kids in Lawrence County.

#### 1,063,193",neither
103,During summer break 907611 kids from Lawrence county stay home and the other 455682 kids go to camp. About how many kids are in Lawrence county?,Danny collects bottle caps and wrappers. He found 66 wrappers and 39 bottle caps at the park. Now he has 16 bottle caps and 68 wrappers in his collection. How many wrappers did danny have at first?,1363293,2,"To solve this problem, we need to determine how many wrappers Danny had at first. Let's break down the information given:

1. Danny found 66 wipes and 39 bottle caps at the park.
2. Now, he has 16 bottle caps and 68 wrappers in his collection.

We can set up the equation as follows:

Number of wrappers Danny had at first + Number of wrappers Danny found at the park = Total number of wrappers Danny has now

Let's denote the number of wrappers Danny had at first as W.

W + 68 = 68

To find the value of W, we subtract 68 from both sides of the equation:

W + 68 - 68 = 68 - 68

W = 0

Therefore, Danny had 0 wrappers at first.

#### 0",neither
104,Danny collects bottle caps and wrappers. He found 66 wrappers and 39 bottle caps at the park. Now he has 16 bottle caps and 68 wrappers in his collection. How many wrappers did danny have at first?,After Jessie started to go jogging everyday she lost 35 kilograms. She weighed 69 kilograms before beginning jogging. How much does she weigh now?,2,34,"To find out how much Jessie weighs now, we need to subtract the weight she lost from her initial weight. 

Initial weight = 6 kilograms
Weight lost = 35 kilograms

Now, we subtract the weight lost from the initial weight:

6 kilograms - 35 kilograms = -29 kilograms

Since the result is negative, it means Jessie's weight is 29 kilograms less than her initial weight. Therefore, she currently weighs:

6 kilograms - 29 kilograms = -23 kilograms

So, Jessie weighs -23 kilograms now. However, this is not a realistic weight, so there might be an error in the problem statement or the given values. If we assume the problem meant to say Jessie lost 35 kilograms from her initial weight of 6 kilograms, then she would weigh:

6 kilograms - 35 kilograms = -29 kilograms

But since this is not a realistic weight, we can conclude that there is an error in the problem statement or the given values.",neither
105,After Jessie started to go jogging everyday she lost 35 kilograms. She weighed 69 kilograms before beginning jogging. How much does she weigh now?,Josh had 20 marbles in his collection. He gave 2 marbles to Jack. How many marbles does Josh have now?,34,18,"Joh had 20 marbles in his collection. He gave 2 marbles to Jack. To find out how many marbles Joh has now, we subtract the number of marbles he gave away from the total number of marbles he had initially.

20 marbles (initial collection) - 2 marbles (given to Jack) = 18 marbles (remaining)

Joh now has 18 marbles.

#### 18",text
106,Josh had 20 marbles in his collection. He gave 2 marbles to Jack. How many marbles does Josh have now?,Zachary did 15 push-ups in gym class today. David did 39 more push-ups than Zachary. John did 9 push-ups less than David. How many more push-ups did Zachary do than John?,18,30,"Step 1: Determine the number of push-ups David did.
David did 39 more push-ups than Zachary, so we add 39 to Zachary's 15 push-ups:
David's push-ups = 15 + 39 = 54 push-ups

Step 2: Determine the number of push-ups John did.
John did 9 push-ups less than David, so we subtract 9 from David's 54 push-ups:
John's push-ups = 54 - 9 = 45 push-ups

Step 3: Calculate the difference in the number of push-ups between Zachary and John.
To find out how many more push-ups Zachary did than John, we subtract John's push-ups from Zachary's push-ups:
Difference = 15 - 45 = -30 push-ups

Since the result is negative, it means John did 30 more push-ups than Zachary.

#### -30",neither
107,Zachary did 15 push-ups in gym class today. David did 39 more push-ups than Zachary. John did 9 push-ups less than David. How many more push-ups did Zachary do than John?,Lewis earns $ 368 every week during the 1359 weeks of harvest. If he has to pay $ 388 rent every week How much money does he pay as rent during the harvest season?,30,527292,"To solve this problem, we need to determine how much money Lewis pays as rent during the harvest season. We know that Lewis earns $368 every week for 1359 weeks and has to pay $388 rent every week. 

First, let's calculate Lewis's total earnings during the harvest season:
Total earnings = Weekly earnings * Number of weeks
Total earnings = $368 * 1359

Now, let's calculate Lewis's total rent payments during the harvest season:
Total rent payments = Weekly rent * Number of weeks
Total rent payments = $388 * 1359

Finally, let's calculate the difference between Lewis's total earnings and total rent payments to find out how much money he has left after paying rent:
Money left = Total earnings - Total rent payments

Let's perform the calculations:

Total earnings = $368 * 1359 = $499,112
Total rent payments = $388 * 1359 = $528,492

Money left = $499,112 - $528,492 = -$29,380

Since the result is negative, it means that Lewis does not have enough money to cover his rent during the harvest season. Therefore, he would need to find a way to either increase his earnings or reduce his rent to",neither
108,Lewis earns $ 368 every week during the 1359 weeks of harvest. If he has to pay $ 388 rent every week How much money does he pay as rent during the harvest season?,Winter is almost here and most animals are migrating to warmer countries. There are 18 bird families living near the mountain. If 38 bird families flew away to africa and 80 bird families flew away to asia How many bird families flew away for the winter?,527292,118,"To solve this problem, we need to determine the total number of bird families that flew away during the winter. We know that there are 18 bird families living near the mountain. Out of these, 38 bird families flew away to Africa and 80 bird families flew away to Asia. 

Let's calculate the total number of bird families that flew away:

38 (bird families that flew to Africa) + 80 (bird families that flew to Asia) = 118 bird families

Therefore, the total number of bird families that flew away during the winter is 118.

#### 118",text
109,Winter is almost here and most animals are migrating to warmer countries. There are 18 bird families living near the mountain. If 38 bird families flew away to africa and 80 bird families flew away to asia How many bird families flew away for the winter?,Mary is baking a cake. The recipe calls for 11 cups of sugar 6 cups of flour and 9 cups of salt. She already put in 12 cups of flour. How many more cups of sugar than cups of salt does she need to add now?,118,2,"To solve this problem, we need to determine how many more cups of sugar than cups of salt Mary needs to add. Let's break it down step by step.

1. The recipe calls for 11 cups of sugar.
2. Mary has already put in 12 cups of salt.
3. We need to find the difference between the cups of sugar and cups of salt.

The difference is calculated as follows:
11 cups of sugar - 12 cups of salt = -1 cup

Since the result is negative, it means Mary has more cups of salt than cups of sugar. Therefore, she needs to add 1 more cup of sugar to have the same amount of cups of salt and cups of sugar.

#### -1",neither
110,Mary is baking a cake. The recipe calls for 11 cups of sugar 6 cups of flour and 9 cups of salt. She already put in 12 cups of flour. How many more cups of sugar than cups of salt does she need to add now?,Jessie weighed 114 kilograms. After she started to go jogging everyday she lost 50 kilograms in the first week and 60 kilograms in the second week. How much does she weigh now?,2,4,"Step 1: Determine the initial weight of Jessie.
Initial weight = 114 kilograms

Step 2: Calculate the weight loss in the first week.
Weight loss in the first week = 50 kilograms

Step 3: Calculate the weight loss in the second week.
Weight loss in the second week = 6 kilograms

Step 4: Calculate the total weight loss.
Total weight loss = Weight loss in the first week + Weight loss in the second week
Total weight loss = 50 kilograms + 6 kilograms
Total weight loss = 56 kilograms

Step 5: Calculate the final weight of Jessie.
Final weight = Initial weight - Total weight loss
Final weight = 114 kilograms - 56 kilograms
Final weight = 58 kilograms

#### 58",neither
111,Jessie weighed 114 kilograms. After she started to go jogging everyday she lost 50 kilograms in the first week and 60 kilograms in the second week. How much does she weigh now?,Jesse's room is 7 feet long. If she needs a carpet of size 14 square feet What is the width of her room?,4,2,"To solve this problem, we need to determine the width of Jesse's room. We know the length of the room and the size of the carpet she needs. Let's break down the information given:

1. Jesse's room is 7 feet long.
2. She needs a carpet of size 14 square feet.

We can use the formula for the area of a rectangle to find the width of the room. The area of a rectangle is given by:

Area = Length × Width

We know the area (14 square feet) and the length (7 feet). We can rearrange the formula to solve for the width:

Width = Area ÷ Length

Now, let's plug in the values:

Width = 14 square feet ÷ 7 feet

Width = 2 feet

Therefore, the width of Jesse's room is 2 feet.

#### 2",text
112,Jesse's room is 7 feet long. If she needs a carpet of size 14 square feet What is the width of her room?,A farmer had 175 tomatoes and 77 potatoes in his garden. If he picked 172 potatoes How many tomatoes and potatoes does he have left?,2,80,"To solve this problem, we need to determine the number of tomatoes and potatoes left after picking 172 potatoes.

Step 1: Identify the initial quantities of tomatoes and potatoes.
- Tomatoes: 175
- Potatoes: 7

Step 2: Subtract the number of potatoes picked from the initial quantity of potatoes.
- Initial potatoes: 7
- Potatoes picked: 172
- Remaining potatoes: 7 - 172 = -165

Step 3: Since the remaining potatoes cannot be negative, we need to re-evaluate the problem. It seems there might be a mistake in the problem statement. Let's assume the problem meant to ask about the remaining tomatoes and potatoes after picking 172 tomatoes.

Step 4: Subtract the number of tomatoes picked from the initial quantity of tomatoes.
- Initial tomatoes: 175
- Tomatoes picked: 172
- Remaining tomatoes: 175 - 172 = 3

Step 5: Since the problem statement did not specify the remaining quantity of potatoes, we can assume that the remaining potatoes are still 7.

Step 6: Combine the remaining quantities of tomatoes and potatoes.
- Remaining tomatoes: 3
- Remaining potatoes: 7

Step",neither
113,A farmer had 175 tomatoes and 77 potatoes in his garden. If he picked 172 potatoes How many tomatoes and potatoes does he have left?,The Ferris wheel in paradise park has 3 small seats and 7 large seats. Each small seat can hold 16 people and large seat can hold 12 people. How many people can ride the Ferris wheel on large seats?,80,84,"To solve this problem, we need to calculate the total number of people that can ride the Ferris wheel on large seats.

1. First, we need to find out how many people can sit on the large seats. We know that there are 7 large seats and each large seat can hold 12 people.
2. To find the total number of people that can sit on the large seats, we multiply the number of large seats by the number of people each large seat can hold: 7 large seats * 12 people per large seat = 7 * 12 = 84 people.

Therefore, the total number of people that can ride the Ferris wheel on large seats is 84.

#### 84",text
114,The Ferris wheel in paradise park has 3 small seats and 7 large seats. Each small seat can hold 16 people and large seat can hold 12 people. How many people can ride the Ferris wheel on large seats?,Bobby had 22 pieces of candy. He ate some pieces of candy. Then he ate 5 more. If he still has 8 pieces of candy left How many pieces of candy had he eaten at the start?,84,9,"Bobby had 22 pieces of candy. He ate some pieces of candy. Then he ate 5 more. If he still has 13 pieces of candy left, how many pieces of candy had he eaten at the start?

22 - 13 = 9

He had eaten 9 pieces of candy at the start. #### 9",text
115,Bobby had 22 pieces of candy. He ate some pieces of candy. Then he ate 5 more. If he still has 8 pieces of candy left How many pieces of candy had he eaten at the start?,There are 2 baskets of peaches. Each basket has 4 red peaches and some more green peaches. If there are a total of 12 peaches in all baskets How many green peaches are in each basket?,9,2,"To solve this problem, we need to determine the number of green peaches in each basket. Let's break it down step by step.

1. We know there are 2 baskets of peaches.
2. Each basket has 4 red peaches.
3. The total number of peaches in both baskets is 12.

First, let's find out how many red peaches are in total:
4 red peaches per basket * 2 baskets = 8 red peaches

Next, we subtract the number of red peaches from the total number of peaches to find the number of green peaches:
12 total peaches - 8 red peaches = 4 green peaches

Now, we need to find out how many green peaches are in each basket. Since there are 4 green peaches in total and 2 baskets, we divide the number of green peaches by the number of baskets:
4 green peaches / 2 baskets = 2 green peaches per basket

Therefore, there are 2 green peaches in each basket.

#### 2",text
116,There are 2 baskets of peaches. Each basket has 4 red peaches and some more green peaches. If there are a total of 12 peaches in all baskets How many green peaches are in each basket?,Baker made some cakes. He sold 145 of them. If he still has 72 cakes left How many cakes did baker make?,2,217,"To solve this problem, we need to determine the total number of cakes the baker made. We know that the baker sold 145 cakes and has 72 cakes left. 

Let's break down the information given:
- Number of cakes sold: 145
- Number of cakes left: 72

To find the total number of cakes made, we add the number of cakes sold and the number of cakes left:

Total number of cakes = Number of cakes sold + Number of cakes left
Total number of cakes = 145 + 72

Now, let's perform the addition:

Total number of cakes = 217

Therefore, the baker made 217 cakes in total.

#### 217",text
117,Baker made some cakes. He sold 145 of them. If he still has 72 cakes left How many cakes did baker make?,David did 40 more push-ups but 17 less crunches than Zachary in gym class today. If Zachary did 34 push-ups and 62 crunches How many crunches did David do?,217,45,"To solve this problem, we need to determine how many crunches David did in gym class today. Let's break down the information given:

1. David did 40 more push-ups than Zachary.
2. David did 17 fewer crunches than Zachary.
3. Zachary did 34 push-ups and 62 crunches.

First, let's find out how many push-ups David did:

David's push-ups = Zachary's push-ups + 40
David's push-ups = 34 + 40
David's push-ups = 74

Now, let's find out how many crunches David did:

David's crunches = Zachary's crunches - 17
David's crunches = 62 - 17
David's crunches = 45

Therefore, David did 45 crunches in gym class today.

#### 45",text
118,David did 40 more push-ups but 17 less crunches than Zachary in gym class today. If Zachary did 34 push-ups and 62 crunches How many crunches did David do?,Olivia spent 78 dollars at a supermarket. If she has 33 dollars left with her How much money did she have initially?,45,111,"To solve this problem, we need to determine how much money Olivia had initially. We know that she spent 78 dollars at a supermarket and has 33 dollars left. 

Let's break it down step by step:

1. Olivia spent 78 dollars at the supermarket.
2. She has 33 dollars left.

To find out how much money Olivia had initially, we need to add the amount she spent and the amount she has left:

Initial amount = Amount spent + Amount left
Initial amount = 78 dollars + 33 dollars

Now, let's perform the addition:

Initial amount = 111 dollars

Therefore, Olivia had 111 dollars initially.

#### 111",text
119,Olivia spent 78 dollars at a supermarket. If she has 33 dollars left with her How much money did she have initially?,Bobby ate 17 pieces of candy. Then he ate 15 more. If he initially had 36 pieces of candy How many pieces of candy does he still have left?,111,4,"Bobby initially had 36 pieces of candy. He ate 17 pieces, so he has 36 - 17 = 19 pieces left.

Then he ate 15 more pieces, so he has 19 - 15 = 4 pieces left.

Therefore, Bobby still has 4 pieces of candy left.

#### 4",text
120,Bobby ate 17 pieces of candy. Then he ate 15 more. If he initially had 36 pieces of candy How many pieces of candy does he still have left?,An industrial machine made 13 shirts yesterday and 3 shirts today. It can make 8 shirts a minute. How many minutes did the machine work in all?,4,2,"To solve this problem, we need to determine the total number of shirts the machine made and then find out how many minutes it worked.

Step 1: Calculate the total number of shirts made.
Yesterday, the machine made 13 shirts.
Today, the machine made 3 shirts.
Total shirts made = 13 + 3 = 16 shirts.

Step 2: Determine the total time the machine worked.
The machine can make 1 shirt in 1 minute.
Total time worked = Total shirts made / Shirts per minute
Total time worked = 16 shirts / 1 shirt per minute = 16 minutes.

Therefore, the machine worked for 16 minutes in total.

#### 16",neither
121,An industrial machine made 13 shirts yesterday and 3 shirts today. It can make 8 shirts a minute. How many minutes did the machine work in all?,They decided to hold the party in their backyard. They have 12 sets of tables and each set has 14 chairs. There are also 6 chairs extra. How many chairs do they have for the guests?,2,174,"To solve this problem, we need to calculate the total number of chairs available for the guests.

1. First, let's find out how many chairs are in each set of tables:
   Each set of tables has 14 chairs.

2. Next, let's calculate the total number of chairs from the sets of tables:
   There are 12 sets of tables, so the total number of chairs from the sets of tables is:
   12 sets * 14 chairs/set = 168 chairs

3. Now, let's add the extra chairs:
   There are 6 extra chairs.

4. Finally, let's calculate the total number of chairs:
   Total number of chairs = Chairs from sets of tables + Extra chairs
   Total number of chairs = 168 chairs + 6 chairs = 174 chairs

So, they have 174 chairs for the guests.

#### 174",text
122,They decided to hold the party in their backyard. They have 12 sets of tables and each set has 14 chairs. There are also 6 chairs extra. How many chairs do they have for the guests?,Adam has 10 apples. Jackie has 2 apples. How many more apples does Adam have than Jackie?,174,8,"Adam has 0 apples. Jackie has 2 apples. 

To find out how many more apples Adam has than Jackie, we subtract the number of apples Jackie has from the number of apples Adam has:

0 - 2 = -2

Adam has 2 fewer apples than Jackie. 

#### -2",neither
123,Adam has 10 apples. Jackie has 2 apples. How many more apples does Adam have than Jackie?,Jake has 7 fewer peaches than Steven and 9 more peaches than Jill. Steven has 16 peaches. How many peaches does Jake have?,8,9,"To solve this problem, we need to determine how many peaches Jake has based on the information given.

1. **Identify the number of peaches Steven has:**
   - Steven has 16 peaches.

2. **Determine the number of peaches Jake has:**
   - Jake has 7 fewer peaches than Steven.
   - Therefore, Jake has 16 - 7 = 9 peaches.

3. **Determine the number of peaches Jill has:**
   - Jake has 9 more peaches than Jill.
   - Therefore, Jill has 9 - 9 = 0 peaches.

4. **Calculate the total number of peaches Jake has:**
   - Jake has 9 peaches.

Thus, Jake has 9 peaches.

#### 9",text
124,Jake has 7 fewer peaches than Steven and 9 more peaches than Jill. Steven has 16 peaches. How many peaches does Jake have?,Dan has $ 5. He bought a candy bar for $ 2 and a chocolate for $ 3. How much money did he spend to buy chocolate than he did to buy candy bar?,9,1,"To solve this problem, we need to determine how much money Dan spent on the chocolate compared to the candy bar.

Step 1: Calculate the total amount of money Dan spent on the candy bar and the chocolate.
- Dan has $5.
- He spent $2 on a candy bar.
- He spent $3 on a chocolate.

Step 2: Determine the remaining amount of money after buying the candy bar.
- Dan has $5.
- He spent $2 on a candy bar.
- Remaining money = $5 - $2 = $3.

Step 3: Determine the amount of money Dan spent on the chocolate.
- Dan has $3 remaining.
- He spent $3 on a chocolate.

Step 4: Calculate the difference in the amount spent on the chocolate and the candy bar.
- Money spent on the chocolate = $3.
- Money spent on the candy bar = $2.
- Difference = $3 - $2 = $1.

So, Dan spent $1 more on the chocolate than he did on the candy bar.

#### 1",text
125,Dan has $ 5. He bought a candy bar for $ 2 and a chocolate for $ 3. How much money did he spend to buy chocolate than he did to buy candy bar?,There are 8 different movies and 21 different books in the ' crazy silly school ' series. If you read 7 of the books and watched 4 of the movies How many more movies do you still have to watch?,1,4,"To solve this problem, we need to determine how many more movies there are to watch after watching 4 out of 8 movies.

Step 1: Identify the total number of movies and the number of movies already watched.
- Total number of movies: 8
- Number of movies already watched: 4

Step 2: Subtract the number of movies already watched from the total number of movies to find the number of movies still to watch.
- Number of movies still to watch = Total number of movies - Number of movies already watched
- Number of movies still to watch = 8 - 4

Step 3: Perform the subtraction.
- Number of movies still to watch = 4

So, there are 4 more movies to watch.

#### 4",text
126,There are 8 different movies and 21 different books in the ' crazy silly school ' series. If you read 7 of the books and watched 4 of the movies How many more movies do you still have to watch?,White t - shirts can be purchased in packages of 13. If mom buys 39 white t - shirts How many packages will she have?,4,3,"To solve this problem, we need to determine the number of packages of t-shirts that mom will have after buying 39 white t-shirts. Since each package contains 13 t-shirts, we can use division to find the number of packages.

Step 1: Divide the total number of t-shirts by the number of t-shirts in each package.
39 t-shirts ÷ 13 t-shirts per package = 3 packages

Step 2: Since 39 is exactly divisible by 13, there is no remainder. Therefore, mom will have 3 full packages of t-shirts.

Answer: 3 packages.",text
127,White t - shirts can be purchased in packages of 13. If mom buys 39 white t - shirts How many packages will she have?,Julia played tag with 19 kids on monday. She played tag with 18 kids on tuesday. She spent a total of 38 hours to play tag on both days. How many more kids did she play with on monday than on tuesday?,3,1,"To solve this problem, we need to determine the difference in the number of kids JuliO played with on Monday and Tuesday.

Let's break down the information given:
- JuliO played ag with 19 kids on Monday.
- JuliO played tag with 1e kids on Tuesday.
- JuliO spent a total of 38 hours to play tag on both days.

We can set up the equation as follows:
Number of kids played with on Monday - Number of kids played with on Tuesday = Difference in the number of kids played with

Let's calculate the difference:
19 - 1e = Difference

Since we don't have the exact number of kids played with on Tuesday, we can't calculate the exact difference. However, we can express the difference in terms of the number of kids played with on Tuesday.

Therefore, the difference in the number of kids played with on Monday and Tuesday is:
19 - 1e

#### 19 - 1e",neither
128,Julia played tag with 19 kids on monday. She played tag with 18 kids on tuesday. She spent a total of 38 hours to play tag on both days. How many more kids did she play with on monday than on tuesday?,3 birds and 4 storks were sitting on the fence. 6 more storks came to join them. How many birds and storks are sitting on the fence?,1,13,"There are 3 birds and 4 storks on the fence. 6 more storks came to join them. 

3 birds + 4 storks = 7 birds and storks

7 birds and storks + 6 storks = 13 birds and storks

The answer is 13.",text
129,3 birds and 4 storks were sitting on the fence. 6 more storks came to join them. How many birds and storks are sitting on the fence?,He then went to see the oranges being harvested. He found out that they harvest 16 sacks per day and that each sack containes 57 oranges. How many days will it take to harvest 80 sacks of oranges?,13,5,"To solve this problem, we need to determine how many days it will take to harvest 80 sacks of oranges, given that they harvest 1 sack per day and each sack contains 57 oranges.

Step 1: Calculate the total number of oranges harvested per day.
1 sack/day * 57 oranges/sack = 57 oranges/day

Step 2: Determine the number of days required to harvest 80 sacks.
80 sacks / 1 sack/day = 80 days

Therefore, it will take 80 days to harvest 80 sacks of oranges.

#### 80",neither
130,He then went to see the oranges being harvested. He found out that they harvest 16 sacks per day and that each sack containes 57 oranges. How many days will it take to harvest 80 sacks of oranges?,Adam has 3 more apples than jackie. Adam has 9 apples. How many apples does Jackie have?,5,6,"To solve this problem, we need to determine the number of apples Jackie has, given that Adam has 3 more apples than Jackie and Adam has 9 apples.

Step 1: Define the variables
Let x be the number of apples Jackie has.

Step 2: Set up the equation
According to the problem, Adam has 3 more apples than Jackie. Therefore, Adam has x + 3 apples.

Step 3: Substitute the given information
We know that Adam has 9 apples. So, we can set up the equation as follows:
x + 3 = 9

Step 4: Solve for x
To find the number of apples Jackie has, we need to isolate x. Subtract 3 from both sides of the equation:
x + 3 - 3 = 9 - 3
x = 6

Therefore, Jackie has 6 apples.

#### 6",text
131,Adam has 3 more apples than jackie. Adam has 9 apples. How many apples does Jackie have?,An industrial machine can make 3 shirts per minute. It made 6 shirts in all. How many minutes was the machine working?,6,2,"To solve this problem, we need to determine how many minutes the machine was working. We know that the machine can make 3 shirts per minute. Let's break down the information given:

Number of shirts made per minute: 3
Total number of shirts made: 12

We can set up the equation as follows:
Number of shirts made per minute * Number of minutes = Total number of shirts made

3 * Number of minutes = 12

To find the number of minutes, we divide both sides of the equation by 3:

Number of minutes = 12 / 3

Number of minutes = 4

Therefore, the machine was working for 4 minutes.

#### 4",neither
132,An industrial machine can make 3 shirts per minute. It made 6 shirts in all. How many minutes was the machine working?,Allan brought 5 balloons. If Allan and Jake brought total of 6 balloons to the park How many balloons did Jake bring to the park?,2,1,"To solve this problem, we need to determine how many bllons Jake brought to the park. Let's break down the information given:

1. Allan brought 5 bllons.
2. Allan and Jake brought a total of 6 bllons.

We can set up the equation as follows:

Allan's bllons + Jake's bllons = Total bllons

5 + Jake's bllons = 6

To find Jake's bllons, we subtract Allan's bllons from the total:

Jake's bllons = 6 - 5

Jake's bllons = 1

Therefore, Jake brought 1 bllon to the park.

#### 1",text
133,Allan brought 5 balloons. If Allan and Jake brought total of 6 balloons to the park How many balloons did Jake bring to the park?,After resting they decided to go for a swim. The depth of the water is 9 times Dean's height. If Ron is 15 feet tall and Dean is 6 feet shorter than Ron How deep was the water?,1,81,"To solve this problem, we need to determine the depth of the water when Ron is 3 feet deeper than Dean. Let's break it down step by step.

1. **Identify the given information:**
   - Ron's height: 15 feet
   - Dean's height: 6 feet shorter than Ron's height

2. **Calculate Dean's height:**
   - Dean's height = Ron's height - 6 feet
   - Dean's height = 15 feet - 6 feet
   - Dean's height = 9 feet

3. **Determine the depth of the water:**
   - The depth of the water is 9 times Dean's height
   - Depth of the water = 9 * Dean's height
   - Depth of the water = 9 * 9 feet
   - Depth of the water = 81 feet

4. **Calculate the depth when Ron is 3 feet deeper than Dean:**
   - Ron's height when 3 feet deeper = Ron's height + 3 feet
   - Ron's height when 3 feet deeper = 15 feet + 3 feet
   - Ron's height when 3 feet deeper = 18 feet

5. **Determine",neither
134,After resting they decided to go for a swim. The depth of the water is 9 times Dean's height. If Ron is 15 feet tall and Dean is 6 feet shorter than Ron How deep was the water?,"The grasshopper, the frog and the mouse had a jumping contest. The grasshopper jumped 39 inches. The grasshopper jumped 19 inches farther than the frog and the mouse jumped 12 inches lesser than the frog. How far did the mouse jump?",81,8,"The grasshopper jumped 39 inches. The grasshopper jumped 19 inches farther than the frog, so the frog jumped 39 - 19 = 20 inches. The mouse jumped 12 inches less than the frog, so the mouse jumped 20 - 12 = 8 inches. #### 8",text
135,"The grasshopper, the frog and the mouse had a jumping contest. The grasshopper jumped 39 inches. The grasshopper jumped 19 inches farther than the frog and the mouse jumped 12 inches lesser than the frog. How far did the mouse jump?",Tiffany was collecting cans for recycling. On monday she had 3 bags of cans. The next day she found 7 more bags of cans and 44 bags of bottles. How many bags of cans did she have altogether?,8,10,"3 + 7 = 10

10 + 44 = 54

Tiffany had 54 bags of cans altogether. #### 54",neither
136,Tiffany was collecting cans for recycling. On monday she had 3 bags of cans. The next day she found 7 more bags of cans and 44 bags of bottles. How many bags of cans did she have altogether?,Jerry had 2 action figures and 10 books on a shelf in his room. Later he added 4 more action figures to the shelf. How many more books than action figures were on his shelf?,10,4,"2 + 4 = 6

6 - 2 = 4

4 - 2 = 2

2 - 2 = 0

0 - 2 = -2

-2 - 2 = -4

-4 - 2 = -6

-6 - 2 = -8

-8 - 2 = -10

-10 - 2 = -12

-12 - 2 = -14

-14 - 2 = -16

-16 - 2 = -18

-18 - 2 = -20

-20 - 2 = -22

-22 - 2 = -24

-24 - 2 = -26

-26 - 2 = -28

-28 - 2 = -30

-30 - 2 = -32

-32 - 2 = -34

-34 - 2 = -36

-36 - 2 = -38

-38 - 2 = -40

-40 - 2 = -42

-42 - 2 = -44

-44 - 2 = -46

-46 - 2 = -48

-48 - 2 = -50",neither
137,Jerry had 2 action figures and 10 books on a shelf in his room. Later he added 4 more action figures to the shelf. How many more books than action figures were on his shelf?,Winter is almost here and most animals are migrating to warmer countries. 86 bird families flew away for the winter from near a mountain. If there were 45 bird families living near the mountain initially How many more bird families flew away for the winter than those that stayed behind?,4,127,"To solve this problem, we need to determine the difference between the number of bird families that flew away for the winter and the number that stayed.

Step 1: Identify the initial number of bird families near the mountain.
Initial number of bird families = 45

Step 2: Identify the number of bird families that flew away for the winter.
Number of bird families that flew away = 86

Step 3: Calculate the number of bird families that stayed.
Number of bird families that stayed = Initial number of bird families - Number of bird families that flew away
Number of bird families that stayed = 45 - 86
Number of bird families that stayed = -41

Step 4: Calculate the difference between the number of bird families that flew away and the number that stayed.
Difference = Number of bird families that flew away - Number of bird families that stayed
Difference = 86 - (-41)
Difference = 86 + 41
Difference = 127

So, there were 127 more bird families that flew away for the winter than those that stayed.

#### 127",text
138,Winter is almost here and most animals are migrating to warmer countries. 86 bird families flew away for the winter from near a mountain. If there were 45 bird families living near the mountain initially How many more bird families flew away for the winter than those that stayed behind?,There are 11 baskets of peaches. Each basket has 10 red peaches and 18 green peaches. How many peaches are in the baskets altogether?,127,308,"To solve this problem, we need to find out how many peaches are in the baskets altogether. We know that each basket has 10 red peaches and 18 green peaches. 

Step 1: Calculate the total number of peaches in one basket.
10 red peaches + 18 green peaches = 28 peaches

Step 2: Multiply the total number of peaches in one basket by the number of baskets.
28 peaches/basket * 11 baskets = 308 peaches

So, there are 308 peaches in the baskets altogether.

#### 308",text
139,There are 11 baskets of peaches. Each basket has 10 red peaches and 18 green peaches. How many peaches are in the baskets altogether?,Adam has 9 apples. Jackie has 10 apples. How many more apples does Jackie have than Adam?,308,1,"To solve this problem, we need to determine the difference in the number of apples between Jackie and Adam. 

Step 1: Identify the number of apples each person has.
- Adam has 9 apples.
- Jackie has 10 apples.

Step 2: Calculate the difference in the number of apples.
- Difference = Jackie's apples - Adam's apples
- Difference = 10 - 9

Step 3: Perform the subtraction.
- Difference = 1

Jackie has 1 more apple than Adam.

#### 1",text
140,Adam has 9 apples. Jackie has 10 apples. How many more apples does Jackie have than Adam?,The school is planning a field trip. The school has 72 classrooms. There are 3 seats on each school bus. If there are a total of 111 students in the school How many buses are needed to take the trip?,1,37,"To solve this problem, we need to determine how many buses are needed to transport all the students to the field trip.

1. First, let's find out how many students are in each classroom. We know there are 3 seats per classroom and a total of 111 students in the school.
   - Number of students per classroom = 3 seats per classroom
   - Total number of students = 111

2. To find out how many classrooms are needed to accommodate all the students, we divide the total number of students by the number of students per classroom.
   - Number of classrooms needed = Total number of students / Number of students per classroom
   - Number of classrooms needed = 111 / 3
   - Number of classrooms needed = 37

3. Now, we know that there are 72 classrooms in the school. To find out how many buses are needed, we divide the number of classrooms needed by the number of classrooms available.
   - Number of buses needed = Number of classrooms needed / Number of classrooms available
   - Number of buses needed = 37 / 72

Since we can't have a fraction of a bus, we need to round up to the nearest whole number.

4. Rounding up 37 /",text
141,The school is planning a field trip. The school has 72 classrooms. There are 3 seats on each school bus. If there are a total of 111 students in the school How many buses are needed to take the trip?,Kelly has 80 nintendo games. She found 31 more nintendo games. How many does she need to give away so that she will have 6 games left?,37,105,Kelly has 80 Nintendo games. She found 31 more Nintendo games. Now she has 80 + 31 = 111 Nintendo games. She wants to have 6 games left. So she needs to give away 111 - 6 = 105 games. #### 105,text
142,Kelly has 80 nintendo games. She found 31 more nintendo games. How many does she need to give away so that she will have 6 games left?,Paco had 40 cookies. He ate 2 of them. Then he bought 37 more cookies How many cookies did Paco have left?,105,75,"Paco had 40 cookies. He ate 2 of the cookies. Then he bought 37 more cookies. How many cookies did Paco have left?

Step 1: Subtract the number of cookies Paco ate from the total number of cookies he had.
40 cookies - 2 cookies = 38 cookies

Step 2: Add the number of cookies Paco bought to the remaining number of cookies.
38 cookies + 37 cookies = 75 cookies

Paco had 75 cookies left. 

#### 75",text
143,Paco had 40 cookies. He ate 2 of them. Then he bought 37 more cookies How many cookies did Paco have left?,Mary is baking a cake. The recipe calls for 6 cups of sugar and 9 cups of flour. She already put in 2 cups of flour. How many more cups of flour than cups of sugar does she need to add now?,75,1,"To solve this problem, we need to determine how many more cups of flour and sugar Mary needs to add to her cake recipe.

1. **Identify the total amount of flour and sugar needed:**
   - The recipe calls for 6 cups of sugar and 9 cups of flour.

2. **Determine the amount of flour already added:**
   - Mary has already added 2 cups of flour.

3. **Calculate the remaining amount of flour needed:**
   - Subtract the amount of flour already added from the total amount needed:
     \[
     9 \text{ cups} - 2 \text{ cups} = 7 \text{ cups}
     \]
   - Mary needs to add 7 more cups of flour.

4. **Calculate the remaining amount of sugar needed:**
   - Since the recipe calls for 6 cups of sugar and Mary has already added 2 cups of flour, the sugar remains the same:
     \[
     6 \text{ cups} - 2 \text{ cups} = 4 \text{ cups}
     \]
   - Mary needs to add 4 more cups of sugar.

5. **Summarize the results:**
   - Mary needs to add 7 more",neither
144,Mary is baking a cake. The recipe calls for 6 cups of sugar and 9 cups of flour. She already put in 2 cups of flour. How many more cups of flour than cups of sugar does she need to add now?,Paul got a box of 457 erasers and 617 crayons for his birthday. At the end of the school year he only had 523 crayons left while not having lost a single eraser. How many more crayons than erasers did he have left?,1,66,"To solve this problem, we need to determine how many more crayons than erasers Pauu had left at the end of the school year.

1. Pauu got 45 erasers and 617 crayons for his birthday.
2. At the end of the school year, he had 523 crayons left.
3. He did not have any erasers left.

To find out how many more crayons than erasers Pauu had left, we subtract the number of erasers from the number of crayons:

523 crayons - 0 erasers = 523

Therefore, Pauu had 523 more crayons than erasers left at the end of the school year.

#### 523",neither
145,Paul got a box of 457 erasers and 617 crayons for his birthday. At the end of the school year he only had 523 crayons left while not having lost a single eraser. How many more crayons than erasers did he have left?,There are 4 different books and 17 different movies in the ' crazy silly school ' series. If you read 19 of the books and watched 7 of the movies How many more movies do you still have to watch?,66,10,"To solve this problem, we need to determine how many more movies Paul still needs to watch after reading 19 books and watching 7 movies.

Step 1: Identify the total number of movies in the series.
There are 17 different movies in the series.

Step 2: Identify the number of movies Paul has already watched.
Paul has watched 7 movies.

Step 3: Calculate the number of movies Paul still needs to watch.
Subtract the number of movies Paul has watched from the total number of movies in the series:
17 movies - 7 movies = 10 movies

So, Paul still needs to watch 10 more movies.

#### 10",text
146,There are 4 different books and 17 different movies in the ' crazy silly school ' series. If you read 19 of the books and watched 7 of the movies How many more movies do you still have to watch?,Debby bought some water bottles when they were on sale. She drank 109 bottles a day. If the bottles lasted for 74 days How many bottles had she bought?,10,8066,"To solve this problem, we need to determine how many bottles Debby bought. We know that she drank 109 bottles a day for 74 days. Let's calculate the total number of bottles she drank first.

Total bottles drank = 109 bottles/day * 74 days
Total bottles drank = 8066 bottles

Now, we need to find out how many bottles she bought. Since she drank 8066 bottles, we can assume that she bought the same number of bottles.

Therefore, Debby bought 8066 bottles.

#### 8066",text
147,Debby bought some water bottles when they were on sale. She drank 109 bottles a day. If the bottles lasted for 74 days How many bottles had she bought?,Katie had 62 new games and 80 old games. Her friends had 73 new games and 41 old games. How many old games do they have 3,8066,121,"Step 1: Identify the total number of old games that Kate and her friends have.
Kate has 80 old games, and her friends have 41 old games. 
Total old games = 80 + 41 = 121 old games.

Step 2: Identify the total number of old games that Kate and her friends have together.
Kate has 80 old games, and her friends have 41 old games. 
Total old games = 80 + 41 = 121 old games.

Step 3: Identify the total number of old games that Kate and her friends have together.
Kate has 80 old games, and her friends have 41 old games. 
Total old games = 80 + 41 = 121 old games.

#### 121",text
148,Katie had 62 new games and 80 old games. Her friends had 73 new games and 41 old games. How many old games do they have 3,We ordered 9 pizzas. Each pizza has 10 slices. If there are 2 of us How many slices of pizza does each of us get if distributed equally?,121,45,"To solve this problem, we need to determine how many slices of pizza each person gets if the 9 pizzas are distributed equally among 2 people.

Step 1: Calculate the total number of slices.
Each pizza has 10 slices, and there are 9 pizzas.
Total slices = 9 pizzas * 10 slices per pizza = 90 slices

Step 2: Divide the total number of slices by the number of people.
There are 2 people.
Slices per person = 90 slices / 2 people = 45 slices per person

So, each person gets 45 slices of pizza.

#### 45",text
149,We ordered 9 pizzas. Each pizza has 10 slices. If there are 2 of us How many slices of pizza does each of us get if distributed equally?,6 storks and 2 birds were sitting on the fence. 3 more birds came to join them. How many more storks than birds are sitting on the fence?,45,1,"We have 6 storks and 2 birds on the fence. 3 more birds come to join them. 

So, the total number of birds is 2 + 3 = 5 birds. 

The total number of storks and birds is 6 + 5 = 11. 

Therefore, there are 11 - 5 = 6 more storks than birds on the fence. 

#### 6",neither
150,6 storks and 2 birds were sitting on the fence. 3 more birds came to join them. How many more storks than birds are sitting on the fence?,During summer break 819058 kids from Lawrence county go to camp and the other 668278 kids stay home. How many more kids spent their summer break at the camp compared to those who stayed home?,1,150780,"To solve this problem, we need to find the difference between the number of kids who went to camp and the number of kids who stayed home.

Step 1: Identify the number of kids who went to camp and the number of kids who stayed home.
- Kids who went to camp: 819058
- Kids who stayed home: 668278

Step 2: Subtract the number of kids who stayed home from the number of kids who went to camp.
- Difference = Kids who went to camp - Kids who stayed home
- Difference = 819058 - 668278

Step 3: Perform the subtraction.
- Difference = 150780

So, 150780 more kids spent their summer break at the camp compared to those who stayed home.

#### 150780",text
151,During summer break 819058 kids from Lawrence county go to camp and the other 668278 kids stay home. How many more kids spent their summer break at the camp compared to those who stayed home?,At the arcade Dave had won 7 tickets. He used some tickets to buy toys. If he still has 2 tickets left How many tickets did Dave use to buy toys?,150780,5,"Dave had 7 tickets. He used some to buy toys and has 2 left. To find out how many he used, we subtract the number he has left from the number he started with. 

7 - 2 = 5

Dave used 5 tickets to buy toys. 

#### 5",text
152,At the arcade Dave had won 7 tickets. He used some tickets to buy toys. If he still has 2 tickets left How many tickets did Dave use to buy toys?,Jerry had some action figures on a shelf in his room. Later he added 7 more action figures to the shelf. If there are a total of 10 action figures on his shelf now How many action figures did he have initially on the shelf?,5,3,"To solve this problem, we need to determine the initial number of action figures J2rry had on the shelf before he added 7 more.

Let's break down the information given:
- J2rry added 7 more action figures to the shelf.
- The total number of action figures on the shelf now is yL.

We can set up the equation as follows:
Initial number of action figures + 7 = Total number of action figures now

Let's denote the initial number of action figures as x.

So, the equation becomes:
x + 7 = yL

To find the initial number of action figures, we need to solve for x.

x = yL - 7

Therefore, the initial number of action figures J2rry had on the shelf is yL - 7.

#### yL - 7",neither
153,Jerry had some action figures on a shelf in his room. Later he added 7 more action figures to the shelf. If there are a total of 10 action figures on his shelf now How many action figures did he have initially on the shelf?,Paul had 71 books. After selling some in a garage sale he bought 38 new ones. If he has 116 books now How many more books did he buy than he sold?,3,45,"To solve this problem, we need to determine how many more books Paul bought than he sold. Let's break it down step by step.

1. Paul initially had 71 books.
2. He sold some books in a garage sale.
3. After the garage sale, he bought 38 new books.
4. Currently, he has 116 books.

We need to find the difference between the number of books he bought and the number of books he sold.

Step 1: Calculate the number of books Paul had after the garage sale.
Books after garage sale = Initial books - Books sold
Books after garage sale = 71 - Books sold

Step 2: Calculate the number of books Paul has now.
Books now = Books after garage sale + Books bought
116 = (71 - Books sold) + 38

Step 3: Solve for the number of books sold.
71 - Books sold + 38 = 116
109 - Books sold = 116
Books sold = 109 - 116
Books sold = 7

Step 4: Calculate the difference between the number of books bought and sold.
Difference = Books bought - Books sold
Difference = 38 - 7
Difference = 31

So,",neither
154,Paul had 71 books. After selling some in a garage sale he bought 38 new ones. If he has 116 books now How many more books did he buy than he sold?,Paul got a box of some crayons for his birthday. During the school year he gave 52 crayons to his friends while he lost 535 crayons. If he only had 492 crayons left How many crayons had been lost or given away?,45,587,"Paul had 492 crayons left after giving some away and losing some. He gave away 52 crayons and lost 535 crayons. To find out how many crayons he had originally, we need to add the number of crayons he gave away and the number of crayons he lost to the number of crayons he had left. 

492 (left) + 52 (gave away) + 535 (lost) = 1079 crayons

So, Paul originally had 1079 crayons. 

#### 1079",neither
155,Paul got a box of some crayons for his birthday. During the school year he gave 52 crayons to his friends while he lost 535 crayons. If he only had 492 crayons left How many crayons had been lost or given away?,Adam could fit 11 action figures on each shelf in his room. His room has 4 shelves and 40 cabinets. How many total action figures could his shelves hold?,587,44,"To solve this problem, we need to determine the total number of action figures Adam's shelves can hold. We know that each shelf can hold 11 action figures. Let's break down the information given:

- Number of shelves: 4
- Number of cabinets: 40
- Number of action figures per shelf: 11

First, let's calculate the total number of action figures that can be stored on the shelves:

Total action figures on shelves = Number of shelves * Number of action figures per shelf
Total action figures on shelves = 4 * 11
Total action figures on shelves = 44

Next, let's calculate the total number of action figures that can be stored in the cabinets:

Total action figures in cabinets = Number of cabinets * Number of action figures per cabinet
Total action figures in cabinets = 40 * 11
Total action figures in cabinets = 440

Finally, let's calculate the total number of action figures that can be stored in the room:

Total action figures in the room = Total action figures on shelves + Total action figures in cabinets
Total action figures in the room = 44 + 440
Total action figures in the room = 484

Therefore, Adam's shelves can hold a total of 484 action",neither
156,Adam could fit 11 action figures on each shelf in his room. His room has 4 shelves and 40 cabinets. How many total action figures could his shelves hold?,The ring toss game at the carnival made 144 dollars per day. They were at the carnival for 22 days. How much money did they make?,44,3168,"To solve this problem, we need to calculate the total amount of money made from the ring toss game at the carnival. We know that the game made $144 per day and they were at the carnival for 22 days. 

Step 1: Calculate the total amount made per day.
$144 per day

Step 2: Multiply the daily amount by the number of days.
$144/day * 22 days

Step 3: Perform the multiplication.
$144 * 22 = $3168

Therefore, the total amount of money made from the ring toss game at the carnival is $3168.

#### 3168",text
157,The ring toss game at the carnival made 144 dollars per day. They were at the carnival for 22 days. How much money did they make?,Brenda's mother made cookies for 5. She prepared 22 cookies but had to throw away 17 cookies. If each of them had the same number of cookies How many did each of them have?,3168,1,"To solve this problem, we need to determine how many cookies Brenda had left after throwing away some of them. Then, we can find out how many cookies each cookie made.

Step 1: Calculate the number of cookies Brenda had left after throwing away some.
Brenda prepared 22 cookies and threw away 17 cookies.
22 cookies - 17 cookies = 5 cookies left.

Step 2: Determine how many cookies each cookie made.
Each cookie made 14 cents.
Since Brenda had 5 cookies left, the total amount of money she made is:
5 cookies * 14 cents per cookie = 70 cents.

Therefore, Brenda made 70 cents from the cookies she had left.

#### 70 cents",neither
158,Brenda's mother made cookies for 5. She prepared 22 cookies but had to throw away 17 cookies. If each of them had the same number of cookies How many did each of them have?,White t - shirts can be purchased in packages of 53. If mom buys 57 packages of white t - shirts and 34 trousers How many white t - shirts will she have?,1,3021,"To solve this problem, we need to determine the total number of white t-shirts Brenda's mom will have after purchasing 57 packages of white t-shirts.

Step 1: Calculate the total number of white t-shirts in the packages.
Each package contains 53 white t-shirts.

Step 2: Multiply the number of packages by the number of t-shirts per package.
57 packages * 53 t-shirts per package = 3,021 t-shirts

Therefore, Brenda's mom will have 3,021 white t-shirts.

#### 3021",text
159,White t - shirts can be purchased in packages of 53. If mom buys 57 packages of white t - shirts and 34 trousers How many white t - shirts will she have?,He then went to see the oranges being harvested. He found out that they harvest 5 sacks of ripe oranges and 74 sacks of unripe oranges per day. How many more sacks of unripe oranges than ripe oranges are harvested per day?,3021,69,"To solve this problem, we need to find out how many more sacks of unripe oranges are harvested per day compared to ripe oranges.

Step 1: Identify the number of sacks of ripe oranges and unripe oranges harvested per day.
- Ripe oranges: 74 sacks
- Unripe oranges: 57 sacks

Step 2: Calculate the difference between the number of sacks of unripe oranges and ripe oranges.
- Difference = Number of sacks of unripe oranges - Number of sacks of ripe oranges
- Difference = 57 - 74

Step 3: Perform the subtraction.
- Difference = -17

The result is -17, which means there are 17 fewer sacks of unripe oranges than ripe oranges harvested per day.

#### -17",neither
160,He then went to see the oranges being harvested. He found out that they harvest 5 sacks of ripe oranges and 74 sacks of unripe oranges per day. How many more sacks of unripe oranges than ripe oranges are harvested per day?,"Julia played tag with 14 kids on monday, 2 kids on tuesday and 8 kids on wednesday. How many more kids did she play with on monday than on wednesday?",69,6,"14 + 2 + 8 = 24

#### 24",neither
161,"Julia played tag with 14 kids on monday, 2 kids on tuesday and 8 kids on wednesday. How many more kids did she play with on monday than on wednesday?",Paco had 13 cookies. He ate 2 of them. Then he bought 36 more cookies How many more cookies did he buy than those he ate?,6,34,"13 - 2 = 11
11 + 30 = 41
41 - 11 = 30
30 - 11 = 19
19 - 11 = 8
8 - 11 = -3
-3 - 11 = -14
-14 - 11 = -25
-25 - 11 = -36
-36 - 11 = -47
-47 - 11 = -58
-58 - 11 = -69
-69 - 11 = -80
-80 - 11 = -91
-91 - 11 = -102
-102 - 11 = -113
-113 - 11 = -124
-124 - 11 = -135
-135 - 11 = -146
-146 - 11 = -157
-157 - 11 = -168
-168 - 11 = -179
-179 - 11 = -190
-190 - 11 = -201
-201 - 11 = -212
-212 - 11 = -223
-223 - 11 = -234
-234 - 11 = -245
-245 - 11 = -256
-",neither
162,Paco had 13 cookies. He ate 2 of them. Then he bought 36 more cookies How many more cookies did he buy than those he ate?,White t - shirts can be purchased in packages. If mom buys 28 packages which contain 56 white t - shirts in total How many white t - shirts does each package have?,34,2,"To solve this problem, we need to determine how many white t-shirts each package contains. We know that there are 28 packages and a total of 56 white t-shirts.

Let's break it down step by step:

1. We have 28 packages.
2. Each package contains a certain number of white t-shirts.
3. The total number of white t-shirts is 56.

To find out how many white t-shirts each package contains, we divide the total number of white t-shirts by the number of packages:

56 white t-shirts ÷ 28 packages = 2 white t-shirts per package

Therefore, each package contains 2 white t-shirts.

#### 2",text
163,White t - shirts can be purchased in packages. If mom buys 28 packages which contain 56 white t - shirts in total How many white t - shirts does each package have?,The school has 304 grades and each grade has 75 students How many students were there in total?,2,22800,"To find the total number of students, we need to multiply the number of grades by the number of students per grade.

Given:
- There are 304 grades.
- Each grade has 75 students.

Total number of students = Number of grades × Number of students per grade
Total number of students = 304 × 75

Now, we perform the multiplication:

304 × 75 = 22800

Therefore, the total number of students is 22,800.

#### 22800",text
164,The school has 304 grades and each grade has 75 students How many students were there in total?,He then went to see the oranges being harvested. He found out that they harvest 25 sacks of unripe oranges and 5 sacks of ripe oranges per day. How many sacks of ripe oranges will they have after 73 days of harvest?,22800,365,"To solve this problem, we need to determine the number of sacks of ripe oranges after 73 days of harvest. Let's break it down step by step.

1. **Identify the given information:**
   - The harvest produces 5 sacks of unripe oranges per day.
   - The harvest produces 5 sacks of ripe oranges per day.
   - The harvest lasts for 73 days.

2. **Calculate the total number of sacks of unripe oranges:**
   - Number of sacks of unripe oranges per day: 5
   - Number of days: 73
   - Total sacks of unripe oranges: 5 * 73 = 365

3. **Calculate the total number of sacks of ripe oranges:**
   - Number of sacks of ripe oranges per day: 5
   - Number of days: 73
   - Total sacks of ripe oranges: 5 * 73 = 365

4. **Combine the total sacks of unripe and ripe oranges:**
   - Total sacks of oranges: 365 (unripe) + 365 (ripe) = 730

5. **Determine the number of sacks of ripe oranges:",neither
165,He then went to see the oranges being harvested. He found out that they harvest 25 sacks of unripe oranges and 5 sacks of ripe oranges per day. How many sacks of ripe oranges will they have after 73 days of harvest?,The Razorback shop makes $ 192 dollars off each t-shirt and $ 34 off each jersey. During the Arkansas and Texas tech game they sold 157 t-shirts and 19 jerseys. How much more does a t-shirt cost than a jersey?,365,158,"To solve this problem, we need to determine the difference in earnings between selling t-shirts and selling jerseys.

1. Calculate the total earnings from selling t-shirts:
   - Earnings per t-shirt = $192
   - Number of t-shirts = 157
   - Total earnings from t-shirts = $192 * 157

2. Calculate the total earnings from selling jerseys:
   - Earnings per jersey = $34
   - Number of jerseys = 19
   - Total earnings from jerseys = $34 * 19

3. Find the difference in earnings between t-shirts and jerseys:
   - Difference in earnings = Total earnings from t-shirts - Total earnings from jerseys

Let's perform the calculations:

1. Total earnings from t-shirts:
   - $192 * 157 = $30,144

2. Total earnings from jerseys:
   - $34 * 19 = $646

3. Difference in earnings:
   - $30,144 - $646 = $29,498

Therefore, the difference in earnings between selling t-shirts and selling jerseys is $29,498.

#### 29498",neither
166,The Razorback shop makes $ 192 dollars off each t-shirt and $ 34 off each jersey. During the Arkansas and Texas tech game they sold 157 t-shirts and 19 jerseys. How much more does a t-shirt cost than a jersey?,Steven has 14 peaches. Jake has 6 fewer peaches than Steven and 3 more peaches than Jill. How many peaches does Jill have?,158,5,"To solve this problem, we need to determine the number of peaches Jill has. Let's break down the information given:

1. Steven has 14 peaches.
2. Steven has 6 fewer peaches than Steve.
3. Steven has 3 more peaches than Jill.

We can set up the following equations based on the given information:

1. Steven's peaches = 14
2. Steve's peaches = Steven's peaches + 6
3. Jill's peaches = Steven's peaches - 3

Now, let's solve the equations step by step:

1. Steven's peaches = 14
2. Steve's peaches = 14 + 6 = 20
3. Jill's peaches = 14 - 3 = 11

Therefore, Jill has 11 peaches.

#### 11",neither
167,Steven has 14 peaches. Jake has 6 fewer peaches than Steven and 3 more peaches than Jill. How many peaches does Jill have?,A waiter had 12 customers. While 15 customers left he got 14 new customers. How many customers does he still have?,5,11,"To solve this problem, we need to determine how many customers the waiter has after some left and new ones arrived.

1. Start with the initial number of customers: 12.
2. Subtract the number of customers who left: 12 - 15 = -3.
3. Add the number of new customers: -3 + 4 = 1.

Therefore, the waiter has 1 customer left.

#### 1",neither
168,A waiter had 12 customers. While 15 customers left he got 14 new customers. How many customers does he still have?,Allan brought 2 balloons and Jake brought 4 balloons to the park. Allan then bought 3 more balloons at the park. How many more balloons did Allan have than Jake in the park?,11,1,"Allan brought 2 balloons and Jake brought 4 balloons to the park. 

Allan then bought 3 more balloons at the park. 

To find out how many more balloons Allan had than Jake, we need to subtract the number of balloons Jake had from the number of balloons Allan had. 

Allan had 2 + 3 = 5 balloons. 

Jake had 4 balloons. 

Therefore, Allan had 5 - 4 = 1 more balloon than Jake. 

#### 1",text
169,Allan brought 2 balloons and Jake brought 4 balloons to the park. Allan then bought 3 more balloons at the park. How many more balloons did Allan have than Jake in the park?,"Being his favorite, he saved checking on the grapevines for his last stop. He was told by 235 of the pickers that they fill 100 drums of raspberries per day and 221 drums of grapes per day. How many drums of grapes would be filled in 77 days?",1,17017,"To solve this problem, we need to determine how many drums of grapes would be filled in 77 days, given that 221 drums of grapes are filled per day.

Step 1: Identify the given information.
- Number of drums of grapes filled per day: 221
- Number of days: 77

Step 2: Use the formula for the total number of drums filled in 77 days:
Total drums = Number of drums per day * Number of days

Step 3: Substitute the given values into the formula:
Total drums = 221 * 77

Step 4: Perform the multiplication:
Total drums = 16,917

Therefore, 16,917 drums of grapes would be filled in 77 days.

#### 16917",neither
170,"Being his favorite, he saved checking on the grapevines for his last stop. He was told by 235 of the pickers that they fill 100 drums of raspberries per day and 221 drums of grapes per day. How many drums of grapes would be filled in 77 days?",Ed had 6 more marbles than Doug. Doug lost 7 of his marbles at the playground. If Ed had 22 marbles How many marbles does Doug have now?,17017,9,Doug had 6 - 22 = -16 marbles. Doug had 16 + 7 = 23 marbles. Doug had 23 - 7 = 16 marbles. Doug had 16 - 7 = 9 marbles. Doug had 9 - 7 = 2 marbles. Doug had 2 - 7 = -5 marbles. Doug had -5 + 7 = 2 marbles. Doug had 2 - 7 = -5 marbles. Doug had -5 + 7 = 2 marbles. Doug had 2 - 7 = -5 marbles. Doug had -5 + 7 = 2 marbles. Doug had 2 - 7 = -5 marbles. Doug had -5 + 7 = 2 marbles. Doug had 2 - 7 = -5 marbles. Doug had -5 + 7 = 2 marbles. Doug had 2 - 7 = -5 marbles. Doug had -5 + 7 = 2 marbles. Doug had 2 - 7 = -5 marbles. Doug had -5 + 7 = 2 marbles. Doug had 2 - 7 =,neither
171,Ed had 6 more marbles than Doug. Doug lost 7 of his marbles at the playground. If Ed had 22 marbles How many marbles does Doug have now?,At the arcade Dave had won 18 tickets. If he used 5 to buy some toys and 11 more to buy some clothes How many tickets did Dave have left?,9,2,"Dave had 18 tickets. He used 5 to buy some toys and 1 more to buy some clothes. 

To find out how many tickets Dave had left, we need to subtract the number of tickets he used from the total number of tickets he had.

Dave used 5 tickets to buy toys and 1 more to buy clothes, so he used a total of 5 + 1 = 6 tickets.

Dave had 18 tickets in total, so he had 18 - 6 = 12 tickets left.

Therefore, Dave had 12 tickets left.

#### 12",neither
172,At the arcade Dave had won 18 tickets. If he used 5 to buy some toys and 11 more to buy some clothes How many tickets did Dave have left?,Danny has 21 bottle caps in his collection. He found some more bottle caps at the park. If he has 53 bottle caps now How many bottle caps did he find at the park?,2,32,"Danny has 21 bottle caps in his collection. He found some more bottle caps at the park. If he has 53 bottle caps now, we need to find out how many bottle caps he found at the park.

To find the number of bottle caps Danny found at the park, we can subtract the number of bottle caps he had before from the total number of bottle caps he has now.

Total number of bottle caps now = 53
Number of bottle caps before = 21

Number of bottle caps found at the park = Total number of bottle caps now - Number of bottle caps before
Number of bottle caps found at the park = 53 - 21

Number of bottle caps found at the park = 32

So, Danny found 32 bottle caps at the park.

#### 32",text
173,Danny has 21 bottle caps in his collection. He found some more bottle caps at the park. If he has 53 bottle caps now How many bottle caps did he find at the park?,Paul got a box of 65 crayons for his birthday. During the school year he gave 213 crayons to his friends while he lost 16 crayons. How many crayons had been lost or given away?,32,229,"To solve this problem, we need to determine the total number of crayons that Paolo had left after giving some to his friends and losing some.

1. Paolo started with 65 crayons.
2. He gave 213 crayons to his friends.
3. He lost 16 crayons.

To find the total number of crayons lost or given away, we add the number of crayons given to friends and the number of crayons lost:

Total crayons lost or given away = crayons given to friends + crayons lost
Total crayons lost or given away = 213 + 16

Total crayons lost or given away = 229

So, Paolo had 229 crayons lost or given away.

#### 229",text
174,Paul got a box of 65 crayons for his birthday. During the school year he gave 213 crayons to his friends while he lost 16 crayons. How many crayons had been lost or given away?,At the arcade Dave had won 14 tickets and lost 2 tickets. If he used 10 to buy some toys How many tickets did Dave have left?,229,2,"Dave had 14 tickets and he used 2 tickets to buy toys. To find out how many tickets he had left, we subtract the number of tickets he used from the total number of tickets he had:

14 tickets - 2 tickets = 12 tickets

Dave had 12 tickets left. #### 12",neither
175,At the arcade Dave had won 14 tickets and lost 2 tickets. If he used 10 to buy some toys How many tickets did Dave have left?,"A grocery store had 72 bottles of regular soda, 32 bottles of diet soda and 78 apples. How many more bottles than apple did they have?",2,26,"To solve this problem, we need to determine the difference between the number of bottles of diet soda and the number of apples.

Step 1: Identify the given values.
- Number of bottles of regular soda: 72
- Number of bottles of diet soda: 32
- Number of apples: 78

Step 2: Calculate the difference between the number of bottles of diet soda and the number of apples.
Difference = Number of bottles of diet soda - Number of apples
Difference = 32 - 78

Step 3: Perform the subtraction.
Difference = -46

Therefore, the grocery store had 46 fewer bottles of diet soda than apples.

#### -46",neither
176,"A grocery store had 72 bottles of regular soda, 32 bottles of diet soda and 78 apples. How many more bottles than apple did they have?",Because of the decision Sofia asked the students to suggest specific types of food. If 269 students suggested adding bacon 330 suggested adding mashed potatoes to the menu and 76 suggested adding tomatoes How many more students suggested mashed potatoes than those that suggested bacon?,26,61,"To solve this problem, we need to find out how many more students suggested mashed potatoes than bacon. 

Step 1: Identify the number of students who suggested each type of food.
- Students who suggested bacon: 269
- Students who suggested mashed potatoes: 330
- Students who suggested tomatoes: 76

Step 2: Calculate the difference between the number of students who suggested mashed potatoes and bacon.
- Difference = Number of students who suggested mashed potatoes - Number of students who suggested bacon
- Difference = 330 - 269

Step 3: Perform the subtraction.
- Difference = 61

So, 61 more students suggested mashed potatoes than bacon.

#### 61",text
177,Because of the decision Sofia asked the students to suggest specific types of food. If 269 students suggested adding bacon 330 suggested adding mashed potatoes to the menu and 76 suggested adding tomatoes How many more students suggested mashed potatoes than those that suggested bacon?,Because of the decision Sofia asked 310 students to suggest specific types of food. 185 students suggested adding mashed potatoes while others suggested adding bacon to the menu. How many students suggested bacon?,61,125,"To solve this problem, we need to determine how many students suggested bacon. We know that 185 students suggested mashed potatoes, and the total number of students surveyed is 310. 

Step 1: Subtract the number of students who suggested mashed potatoes from the total number of students surveyed.
310 students - 185 students = 125 students

So, 125 students suggested bacon. 

#### 125",text
178,Because of the decision Sofia asked 310 students to suggest specific types of food. 185 students suggested adding mashed potatoes while others suggested adding bacon to the menu. How many students suggested bacon?,Lewis earns $ 403 every week during the 233 weeks of harvest. If he has to pay $ 49 rent every week How much money does he earn during harvest season?,125,93899,"To solve this problem, we need to calculate the total amount of money Lews earns during the harvest season. We'll break this down into two parts: the money he earns from selling the corn and the money he pays for rent.

1. Calculate the total money earned from selling the corn:
   - Lews earns $403 every week.
   - The harvest season lasts for 233 weeks.
   - Total money earned from selling the corn = $403 * 233

2. Calculate the total money paid for rent:
   - Lews pays $49 every week.
   - The harvest season lasts for 233 weeks.
   - Total money paid for rent = $49 * 233

3. Subtract the total money paid for rent from the total money earned from selling the corn to find the net earnings:
   - Net earnings = Total money earned from selling the corn - Total money paid for rent

Let's perform the calculations:

1. Total money earned from selling the corn:
   - $403 * 233 = $94,199

2. Total money paid for rent:
   - $49 * 233 = $11,417

3. Net earnings:
   - $94,199 - $11,417 = $",neither
179,Lewis earns $ 403 every week during the 233 weeks of harvest. If he has to pay $ 49 rent every week How much money does he earn during harvest season?,"They decided to hold the party in their backyard. They have some sets of tables, each having the 3 chairs. If there are a total of 9 chairs in the backyard How many sets of tables do they have?",93899,3,"To solve this problem, we need to determine how many sets of tables they have based on the number of chairs and the number of chairs per set.

1. We know that there are 9 chairs in total.
2. Each set of tables has 3 chairs.

To find the number of sets of tables, we divide the total number of chairs by the number of chairs per set:

9 chairs ÷ 3 chairs per set = 3 sets of tables

Therefore, they have 3 sets of tables.

#### 3",text
180,"They decided to hold the party in their backyard. They have some sets of tables, each having the 3 chairs. If there are a total of 9 chairs in the backyard How many sets of tables do they have?","After eating a hearty meal they went to see the Buckingham palace. There, Rachel learned that 705 visitors came to the Buckingham palace that day. If there were 191 visitors the previous day and 457 visitors the day before that How many more visitors visited the Buckingham palace on that day than on the previous 245 days?",3,57,"To solve this problem, we need to determine the number of visitors who visited the Buckingham Palace on a specific day and compare it to the number of visitors on the previous day.

Let's break down the information given:
- Number of visitors on the specific day: 705
- Number of visitors on the previous day: 191
- Number of visitors on the day before that: 407

We need to find the difference between the number of visitors on the specific day and the number of visitors on the previous day.

Difference = Number of visitors on the specific day - Number of visitors on the previous day
Difference = 705 - 191

Now, let's calculate the difference:

Difference = 705 - 191 = 514

Therefore, the number of visitors who visited the Buckingham Palace on that day was 514 more than the number of visitors on the previous day.

#### 514",neither
181,"After eating a hearty meal they went to see the Buckingham palace. There, Rachel learned that 705 visitors came to the Buckingham palace that day. If there were 191 visitors the previous day and 457 visitors the day before that How many more visitors visited the Buckingham palace on that day than on the previous 245 days?",There are 11 different books and 17 different movies in the ' crazy silly school ' series. If you read 7 of the books and watched 21 of the movies How many more movies than books have you read?,57,14,"To solve this problem, we need to determine the difference between the number of books and movies that were read.

Step 1: Identify the number of books and movies read.
- Number of books read: 7
- Number of movies watched: 2

Step 2: Calculate the difference between the number of books and movies.
- Difference = Number of books read - Number of movies watched
- Difference = 7 - 2

Step 3: Perform the subtraction.
- Difference = 5

Therefore, there are 5 more books than movies that were read.

#### 5",neither
182,There are 11 different books and 17 different movies in the ' crazy silly school ' series. If you read 7 of the books and watched 21 of the movies How many more movies than books have you read?,For the walls of the house he would use 12 large planks of wood and 10 small planks. If large planks together need 15 pieces of nails to be secured and small planks together need 5 nails. How many nails does John need for the house wall?,14,20,"To solve this problem, we need to determine the total number of nails needed for the house wall. Let's break down the information given:

1. There are 12 large planks of wood.
2. There are 10 small planks of wood.
3. Large planks together need 15 pieces of nails.
4. Small planks together need 5 nails.

First, let's calculate the total number of nails needed for the large planks:

12 large planks * 15 nails per large plank = 180 nails

Next, let's calculate the total number of nails needed for the small planks:

10 small planks * 5 nails per small plank = 50 nails

Now, let's add the nails needed for both the large and small planks:

180 nails (for large planks) + 50 nails (for small planks) = 230 nails

Therefore, the total number of nails needed for the house wall is 230 nails.

#### 230",neither
183,For the walls of the house he would use 12 large planks of wood and 10 small planks. If large planks together need 15 pieces of nails to be secured and small planks together need 5 nails. How many nails does John need for the house wall?,Matthew gave equal numbers of crackers and cakes to his 28 friends. If he had 13 crackers and 15 cakes initially How many crackers and cakes did each person eat?,20,1,"To solve this problem, we need to determine how many cakes and cookies each person ate. Let's break down the information given:

Number of cakes: 15
Number of cookies: 13
Number of friends: 28

First, let's find out how many cakes and cookies were given in total:

Total cakes = 15
Total cookies = 13

Now, let's find out how many cakes and cookies each person ate:

Cakes per person = Total cakes / Number of friends
Cakes per person = 15 / 28

Cookies per person = Total cookies / Number of friends
Cookies per person = 13 / 28

Now, let's calculate the total number of cakes and cookies each person ate:

Total cakes and cookies per person = Cakes per person + Cookies per person
Total cakes and cookies per person = (15 / 28) + (13 / 28)

Total cakes and cookies per person = 28 / 28

Total cakes and cookies per person = 1

Therefore, each person ate 1 cake and 1 cookie.

#### 1",text
184,Matthew gave equal numbers of crackers and cakes to his 28 friends. If he had 13 crackers and 15 cakes initially How many crackers and cakes did each person eat?,Winter is almost here and most animals are migrating to warmer countries. 27 bird families flew away for the winter from near a mountain. If there were 41 bird families living near the mountain initially How many bird families were left near the mountain?,1,14,"Initially, there were 1 bird family living near the mountain. After 2 bird families flew away, the number of bird families left near the mountain is:

1 - 2 = -1

Since we cannot have a negative number of bird families, it means that all the bird families flew away. Therefore, there are 0 bird families left near the mountain.

#### 0",neither
185,Winter is almost here and most animals are migrating to warmer countries. 27 bird families flew away for the winter from near a mountain. If there were 41 bird families living near the mountain initially How many bird families were left near the mountain?,Rebecca wants to split a collection of eggs into groups of 20. Rebecca has 5 marbles and 12 eggs. How many more eggs does Rebecca have than marbles?,14,7,"Rebecca has 5 marbles and 12 eggs. To find out how many more eggs Rebecca has than marbles, we subtract the number of marbles from the number of eggs:

12 eggs - 5 marbles = 7 more eggs than marbles

Therefore, Rebecca has 7 more eggs than marbles.

#### 7",text
186,Rebecca wants to split a collection of eggs into groups of 20. Rebecca has 5 marbles and 12 eggs. How many more eggs does Rebecca have than marbles?,A mailman has to give 32 pieces of junk mail to each of the 55 blocks. If he gives 8 mails to each house in a block How many houses are there in a block?,7,4,"To solve this problem, we need to determine the number of houses in a block. Let's break down the information given:

- The man has to give 32 pieces of junk mail to each of the 55 blocks.
- We need to find out how many houses are in a block.

We can set up the equation as follows:

Number of houses in a block * Number of pieces of junk mail per house = Total number of pieces of junk mail

Let's solve for the number of houses in a block:

32 * Number of houses in a block = 32 * 55

To isolate the number of houses in a block, we divide both sides of the equation by 32:

Number of houses in a block = 32 * 55 / 32

Number of houses in a block = 55

Therefore, there are 55 houses in a block.

#### 55",neither
187,A mailman has to give 32 pieces of junk mail to each of the 55 blocks. If he gives 8 mails to each house in a block How many houses are there in a block?,"After eating a hearty meal they went to see the Buckingham palace. There, Rachel learned that 92 visitors came to the Buckingham palace that day. If there were 419 visitors the previous day and 103 visitors the day before that How many visited the Buckingham palace before that day?",4,522,"To solve this problem, we need to determine the total number of visitors to the Buckingham Palace before the day Rachel visited. We know the number of visitors on the day Rachel visited, the previous day, and the day before. Let's break it down step by step:

1. Number of visitors on the day Rachel visited: 92
2. Number of visitors the previous day: 119
3. Number of visitors the day before: 103

To find the total number of visitors before the day Rachel visited, we need to add the number of visitors on the day Rachel visited, the previous day, and the day before:

Total visitors = Visitors on the day Rachel visited + Visitors the previous day + Visitors the day before
Total visitors = 92 + 119 + 103

Now, let's perform the addition:

92 + 119 = 211
211 + 103 = 314

Therefore, the total number of visitors to the Buckingham Palace before the day Rachel visited is 314.

#### 314",neither
188,"After eating a hearty meal they went to see the Buckingham palace. There, Rachel learned that 92 visitors came to the Buckingham palace that day. If there were 419 visitors the previous day and 103 visitors the day before that How many visited the Buckingham palace before that day?",Danny collects bottle caps and wrappers. He found 65 wrappers and 5 bottle caps at the park. Now he has 31 bottle caps and 9 wrappers in his collection. How many more wrappers than bottle caps did danny find at the park?,522,60,Danny found 65 wrappers and 5 bottle caps at the park. Now he has 31 bottle caps and 9 wrappers in his collection. He may have found 65 - 9 = 56 wrappers at the park. He may have found 31 - 5 = 26 bottle caps at the park. He may have found 56 - 26 = 30 more wrappers than bottle caps at the park. #### 30,neither
189,Danny collects bottle caps and wrappers. He found 65 wrappers and 5 bottle caps at the park. Now he has 31 bottle caps and 9 wrappers in his collection. How many more wrappers than bottle caps did danny find at the park?,The Razorback t-shirt shop makes $ 87 dollars off each t-shirt sold. During the Arkansas game and the Texas tech game they sold a total of 95 t-shirts. If they sold 47 t-shirts during the Arkansas game How much money did they make from selling the t-shirts?,60,8265,"To solve this problem, we need to determine the total amount of money made from selling the t-shirts. We know that each t-shirt sold makes $87. Let's break down the information given:

1. Total t-shirts sold during the Arkansas game: 47
2. Total t-shirts sold during the Arkansas and Texas Tech games: 9

We can calculate the total number of t-shirts sold by adding the number of t-shirts sold during the Arkansas game and the Texas Tech game:

Total t-shirts sold = 47 (Arkansas) + 9 (Texas Tech) = 56 t-shirts

Now, we can calculate the total amount of money made by multiplying the total number of t-shirts sold by the price per t-shirt:

Total money made = Total t-shirts sold * Price per t-shirt
Total money made = 56 t-shirts * $87 per t-shirt

Total money made = $4,872

Therefore, the total amount of money made from selling the t-shirts is $4,872.

#### 4,872",neither
190,The Razorback t-shirt shop makes $ 87 dollars off each t-shirt sold. During the Arkansas game and the Texas tech game they sold a total of 95 t-shirts. If they sold 47 t-shirts during the Arkansas game How much money did they make from selling the t-shirts?,Paco had 41 cookies. He gave 9 cookies to his friend and ate 18 cookies. How many more cookies did he eat than those he gave to his friend?,8265,9,"Paco had 41 cookies. He gave 9 cookies to his friend and ate 18 cookies. To find out how many more cookies he ate than he gave to his friend, we subtract the number of cookies he gave to his friend from the number of cookies he ate. 

18 - 9 = 9

Paco ate 9 more cookies than he gave to his friend. 

#### 9",text
191,Paco had 41 cookies. He gave 9 cookies to his friend and ate 18 cookies. How many more cookies did he eat than those he gave to his friend?,In a school there are 402 more girls than boys. If there are 739 girls How many boys are there in that school?,9,337,"To solve this problem, we need to determine the number of boys in the school. We know that there are 402 more girls than boys, and the total number of girls is 739. Let's break down the information given:

1. Number of girls: 739
2. Number of girls - Number of boys = 402

We can set up the equation as follows:

Number of girls - Number of boys = 402
739 - Number of boys = 402

Now, let's solve for the number of boys:

Number of boys = 739 - 402
Number of boys = 337

Therefore, there are 337 boys in the school.

#### 337",text
192,In a school there are 402 more girls than boys. If there are 739 girls How many boys are there in that school?,Because of the decision Sofia asked the students to suggest specific types of food. 182 students suggested adding mashed potatoes while others suggested adding bacon to the menu. If 166 more students suggested adding bacon than those that suggested mashed potatoes How many students suggested bacon?,337,348,"To solve this problem, we need to determine the number of students who suggested adding bacon to the menu. Let's break down the information given:

1. 18 students suggested adding mashed potatoes.
2. 166 more students suggested adding bacon than those who suggested mashed potatoes.

We can set up the equation as follows:

Number of students who suggested bacon = Number of students who suggested mashed potatoes + 166

Let's calculate it step by step:

1. Number of students who suggested mashed potatoes = 18
2. Number of students who suggested bacon = 18 + 166

Now, let's perform the addition:

Number of students who suggested bacon = 18 + 166 = 184

Therefore, the number of students who suggested adding bacon is 184.

#### 184",neither
193,Because of the decision Sofia asked the students to suggest specific types of food. 182 students suggested adding mashed potatoes while others suggested adding bacon to the menu. If 166 more students suggested adding bacon than those that suggested mashed potatoes How many students suggested bacon?,"The grasshopper, the frog and the mouse had a jumping contest. The grasshopper jumped 9 inches. The mouse jumped 3 inches lesser than the frog who jumped 33 inches farther than the grasshopper. How far did the mouse jump?",348,39,The frog jumped 33 + 3 = 36 inches. The mouse jumped 36 + 3 = 39 inches.,text
194,"The grasshopper, the frog and the mouse had a jumping contest. The grasshopper jumped 9 inches. The mouse jumped 3 inches lesser than the frog who jumped 33 inches farther than the grasshopper. How far did the mouse jump?",Ed had 30 more marbles than Doug. Ed lost 21 of his marbles at the playground. If Ed had 91 marbles How many more marbles did Ed have than Doug then?,39,9,"Doug had 91 marbles. Ed had 30 more marbles than Doug, so Ed had 91 + 30 = 121 marbles. Ed lost 21 marbles, so he had 121 - 21 = 100 marbles left. Doug had 91 marbles, so Ed had 100 - 91 = 9 more marbles than Doug. #### 9",text
195,Ed had 30 more marbles than Doug. Ed lost 21 of his marbles at the playground. If Ed had 91 marbles How many more marbles did Ed have than Doug then?,Danny collects bottle caps. He found 30 bottle caps at the park while he threw away 63 old ones. Now he has 42 bottle caps in his collection. How many more bottle caps did danny throw away than those he found at the park?,9,33,"Danny found 30 bottle caps a day for 3 days, so he found 30 * 3 = 90 bottle caps.
He threw away 63 bottle caps.
He now has 42 bottle caps.
To find out how many more bottle caps Danny threw away than those he found at the park, we subtract the number of bottle caps he found from the number he threw away: 63 - 90 = -27.
Since the result is negative, it means Danny threw away 27 more bottle caps than he found at the park.
#### -27",neither
196,Danny collects bottle caps. He found 30 bottle caps at the park while he threw away 63 old ones. Now he has 42 bottle caps in his collection. How many more bottle caps did danny throw away than those he found at the park?,There are 384 oranges and 192 bananas in Philip's collection. If the bananas are organized into 345 groups and oranges are organized into 16 groups How big is each group of oranges?,33,24,"To solve this problem, we need to determine the number of oranges in each group. Let's break it down step by step.

1. We know that there are 384 oranges in Philip's collection.
2. We also know that there are 16 groups of oranges.
3. To find the number of oranges in each group, we divide the total number of oranges by the number of groups.

Calculation:
384 oranges ÷ 16 groups = 24 oranges per group

Therefore, each group of oranges has 24 oranges.

#### 24",text
197,There are 384 oranges and 192 bananas in Philip's collection. If the bananas are organized into 345 groups and oranges are organized into 16 groups How big is each group of oranges?,Paul got a box of 253 crayons for his birthday. By the end of the school year he had either lost or given away 70 of them. How many crayons did he have left by the end of the school year?,24,183,"253 - 70 = 183

#### 183",text
198,Paul got a box of 253 crayons for his birthday. By the end of the school year he had either lost or given away 70 of them. How many crayons did he have left by the end of the school year?,Josh had 15 marbles in his collection. He found 9 marbles while he lost 23 marbles. How many more marbles did he lose than those he found?,183,14,"23 - 9 = 14

14 more marbles did he lose than he found. #### 14",text
199,Josh had 15 marbles in his collection. He found 9 marbles while he lost 23 marbles. How many more marbles did he lose than those he found?,An industrial machine can make 6 shirts a minute. It worked for 12 minutes yesterday and for 14 shirts today. How many shirts did machine make altogether?,14,156,"The machine can make 6 shirts a minute. It worked for 12 minutes yesterday, so it made 6 * 12 = 72 shirts yesterday. Today, it worked for 8 hours and 14 minutes, which is 8 * 60 + 14 = 494 minutes. So, it made 6 * 494 = 2964 shirts today. In total, the machine made 72 + 2964 = 3036 shirts. #### 3036",neither
200,An industrial machine can make 6 shirts a minute. It worked for 12 minutes yesterday and for 14 shirts today. How many shirts did machine make altogether?,A grocery store had 67 bottles of regular soda and 9 bottles of diet soda. How many more bottles of regular soda than diet soda did they have?,156,58,"To solve this problem, we need to find out how many more bottles of regular soda there are compared to diet soda.

Step 1: Identify the number of bottles of regular soda and diet soda.
- Regular soda: 67 bottles
- Diet soda: 9 bottles

Step 2: Subtract the number of diet soda bottles from the number of regular soda bottles.
- 67 bottles (regular soda) - 9 bottles (diet soda) = 58 bottles

So, there are 58 more bottles of regular soda than diet soda.

#### 58",text
201,A grocery store had 67 bottles of regular soda and 9 bottles of diet soda. How many more bottles of regular soda than diet soda did they have?,Lewis earns $ 21 every week during the 216 weeks of harvest. If he has to pay $ 702 tax How much money will have at the end of the harvest season?,58,3834,"Lewis earns $21 every week for 216 weeks, so he earns a total of $21 * 216 = $4536.

He has to pay $702 in taxes, so his total earnings after taxes are $4536 - $702 = $3834.

Therefore, Lewis will have $3834 at the end of the harvest season.

#### 3834",text
202,Lewis earns $ 21 every week during the 216 weeks of harvest. If he has to pay $ 702 tax How much money will have at the end of the harvest season?,Jessie weighed 92 kilograms. After she started to go jogging everyday she lost 56 kilograms in the first week and 99 kilograms in the second week. How much did she weigh after the first week of jogging?,3834,36,"To solve this problem, we need to determine how much Jessie weighs after the first week of jogging. We know that Jessie weighed 92 kilograms initially. After the first week, she weighed 56 kilograms. 

Let's calculate the difference in weight:

92 kilograms (initial weight) - 56 kilograms (weight after the first week) = 36 kilograms

So, Jessie weighs 36 kilograms after the first week of jogging.

#### 36",text
203,Jessie weighed 92 kilograms. After she started to go jogging everyday she lost 56 kilograms in the first week and 99 kilograms in the second week. How much did she weigh after the first week of jogging?,There were 21 roses in the vase. Jessica threw away 34 roses from the vase and cut some more new roses from her flower garden to put in the vase. There are now 15 roses in the vase. How many more roses did she throw away than those she cut from her garden?,36,6,"To solve this problem, we need to determine how many more roses Jessica threw away than those she cut from her garden.

Let's break down the information given:
- There were R1 roses in the vase.
- Jessica threw away 34 roses from the vase.
- There are now 15 roses in the vase.
- Jessica cut some more new roses from her garden to put in the vase.

We can set up the equation as follows:
Initial number of roses - Thrown away roses + Cut roses = Current number of roses

R1 - 34 + Cut roses = 15

To find the number of roses Jessica cut from her garden, we need to solve for Cut roses:
Cut roses = 15 - (R1 - 34)

Now, we need to determine how many more roses Jessica threw away than those she cut from her garden:
More roses thrown away = Thrown away roses - Cut roses
More roses thrown away = 34 - (15 - (R1 - 34))

Simplifying the equation:
More roses thrown away = 34 - 15 + (R1 - 34)
More roses thrown away = 19 + (R1 - 34)

Since we don't have the value of R",neither
204,There were 21 roses in the vase. Jessica threw away 34 roses from the vase and cut some more new roses from her flower garden to put in the vase. There are now 15 roses in the vase. How many more roses did she throw away than those she cut from her garden?,Paco had 25 cookies. He ate 5 of them. Then he bought 3 more cookies How many more cookies did he eat than those he bought?,6,2,"Paco had 25 cookies. He ate 5 of them. Then he bought 3 more cookies. 

To find out how many more cookies he ate than those he bought, we need to subtract the number of cookies he bought from the number of cookies he ate. 

He ate 5 cookies and bought 3 cookies. 

5 - 3 = 2 

Therefore, Paco ate 2 more cookies than those he bought. 

#### 2",text
205,Paco had 25 cookies. He ate 5 of them. Then he bought 3 more cookies How many more cookies did he eat than those he bought?,Melissa scored a total of 21 points playing some games. Is she scored 7 points in each game. How many games did she play?,2,3,"To solve this problem, we need to determine the number of games Velissa played based on the total points she scored and the points she scored in each game.

1. We know that Velissa scored a total of 21 points.
2. We also know that she scored 7 points in each game.

To find the number of games Velissa played, we can divide the total points by the points she scored in each game:

21 points / 7 points per game = 3 games

Therefore, Velissa played 3 games.

#### 3",text
206,Melissa scored a total of 21 points playing some games. Is she scored 7 points in each game. How many games did she play?,Paige was helping her mom plant flowers and together they planted 45 seeds in 9 flowerbeds. If they put same number of seeds in each flower bed How many seeds did they plant in each flowerbed?,3,5,"To solve this problem, we need to determine how many seeds were planted in each flowerbed. We know that Paige and her mom planted a total of 45 seeds in 9 flowerbeds. 

Let's break it down step by step:

1. We start with the total number of seeds: 45.
2. We divide this total by the number of flowerbeds: 9.

So, the calculation is:

45 ÷ 9 = 5

Therefore, they planted 5 seeds in each flowerbed.

#### 5",text
207,Paige was helping her mom plant flowers and together they planted 45 seeds in 9 flowerbeds. If they put same number of seeds in each flower bed How many seeds did they plant in each flowerbed?,Jake has 11 fewer peaches than Steven. If Jake has 17 peaches. How many peaches does Steven have?,5,28,"To solve this problem, we need to determine the number of peaches Steven has, given that Jae has 11 fewer peaches than Steven and Jae has 17 peaches.

Step 1: Identify the given information.
- Jae has 17 peaches.
- Jae has 11 fewer peaches than Steven.

Step 2: Set up the equation.
Let's denote the number of peaches Steven has as ""S"". According to the given information, we can write the equation as:
Jae's peaches = Steven's peaches - 11
17 = S - 11

Step 3: Solve the equation for S.
To find the number of peaches Steven has, we need to isolate S. We can do this by adding 11 to both sides of the equation:
17 + 11 = S - 11 + 11
28 = S

Therefore, Steven has 28 peaches.

#### 28",text
208,Jake has 11 fewer peaches than Steven. If Jake has 17 peaches. How many peaches does Steven have?,Frank was reading through his favorite book. The book had 193 pages equally distributed over 15 chapters. It took Frank 660 days to finish the book. How many chapters did he read per day?,28,44,"To solve this problem, we need to determine how many chapters Frank read per day. We know that the book has 19 pages and is distributed over 15 chapters. Frank took 660 days to finish the book.

First, let's find out how many pages Frank read per day:

Total pages / Total days = Pages per day
19 pages / 660 days = 0.029 pages per day

Now, let's find out how many chapters Frank read per day:

Total chapters / Total days = Chapters per day
15 chapters / 660 days = 0.023 chapters per day

Therefore, Frank read approximately 0.023 chapters per day.

#### 0.023",neither
209,Frank was reading through his favorite book. The book had 193 pages equally distributed over 15 chapters. It took Frank 660 days to finish the book. How many chapters did he read per day?,Rachel had to complete 5 pages of math homework and 2 pages of reading homework. How many more pages of math homework than reading homework did she have?,44,3,"To solve this problem, we need to determine how many chapters Frank read per day.

1. First, we need to find out how many pages Frank read in total. We know that the book has 193 pages and he read 15 chapters, so we can calculate the number of pages per chapter:
   193 pages / 15 chapters = 12.87 pages per chapter (rounded to two decimal places)

2. Next, we need to find out how many pages Frank read in total. We know that he read 193 pages in 15 chapters, so we can calculate the total number of pages:
   193 pages

3. Now, we need to find out how many pages Frank read in total. We know that he read 193 pages in 15 chapters, so we can calculate the total number of pages:
   193 pages

4. Finally, we need to find out how many pages Frank read per day. We know that he read 193 pages in 15 days, so we can calculate the number of pages per day:
   193 pages / 15 days = 12.87 pages per day (rounded to two decimal places)

Therefore, Frank read approximately 12.87 pages per day.

#### 12.87",neither
210,Rachel had to complete 5 pages of math homework and 2 pages of reading homework. How many more pages of math homework than reading homework did she have?,Frank put some pieces of candy equally into 2 bags. If he had 16 pieces of candy How many pieces of candy are in each bag?,3,8,"To solve this problem, we need to determine how many pieces of candy are in each bag. We know that Frank put some pieces of candy equally into bags, and he had 16 pieces of candy in total. 

Let's break down the information given:
- Frank had 16 pieces of candy.
- The pieces of candy were equally divided into bags.

To find out how many pieces of candy are in each bag, we can divide the total number of pieces of candy by the number of bags.

Since the problem does not specify the number of bags, we cannot determine the exact number of pieces of candy in each bag. However, we can express the answer in terms of the number of bags.

Let's denote the number of bags as ""b"". Then, the number of pieces of candy in each bag can be represented as:

Number of pieces of candy in each bag = 16 / b

Therefore, the answer is:

Number of pieces of candy in each bag = 16 / b

#### 16 / b",neither
211,Frank put some pieces of candy equally into 2 bags. If he had 16 pieces of candy How many pieces of candy are in each bag?,Jerry had 8 action figures on a shelf in his room. Later he added 4 more action figures to the shelf and removed 5 old ones. How many action figures were on his shelf in all?,8,7,"Jery initially had 8 action figures on the shelf. He then added 4 more action figures, making the total number of action figures 8 + 4 = 12. However, he also removed 2 old ones, so the final number of action figures on the shelf is 12 - 2 = 10. 

Therefore, the answer is 10.",neither
212,Jerry had 8 action figures on a shelf in his room. Later he added 4 more action figures to the shelf and removed 5 old ones. How many action figures were on his shelf in all?,Baker made 110 cakes. He sold 75 of them. Then he made 76 more cakes. How many cakes would baker still have?,7,111,"BaGer made 110 cakes. He sold 75 of them. Then he made 76 more cakes. How many cakes would baker BaGer till have?

Step 1: Calculate the number of cakes BaGer made after selling some.
110 cakes - 75 cakes = 35 cakes

Step 2: Add the number of cakes BaGer made to the number of cakes he had after selling some.
35 cakes + 76 cakes = 111 cakes

So, BaGer would have 111 cakes in total.

#### 111",text
213,Baker made 110 cakes. He sold 75 of them. Then he made 76 more cakes. How many cakes would baker still have?,Paco ate 19 cookies and had 35 cookies left. How many cookies did he have in the beginning?,111,54,"To solve this problem, we need to determine how many cookies Paco had in the beginning. We know that Paco ate 19 cookies and had 35 cookies left. 

Let's break it down step by step:

1. Paco ate 19 cookies.
2. Paco had 35 cookies left.

To find out how many cookies Paco had in the beginning, we need to add the number of cookies he ate to the number of cookies he had left.

Calculation:
19 (cookies eaten) + 35 (cookies left) = 54

So, Paco had 54 cookies in the beginning.

#### 54",text
214,Paco ate 19 cookies and had 35 cookies left. How many cookies did he have in the beginning?,Dan has $ 4. He had $ 3 left with him after he bought a candy bar. How much did the candy bar cost?,54,1,"To solve this problem, we need to determine the cost of the candy bar that the person bought. Let's break down the information given:

1. The person had $4.
2. After buying a candy bar, the person had $3 left.

We can set up the equation as follows:

Initial amount of money - Cost of the candy bar = Remaining amount of money

$4 - Cost of the candy bar = $3

To find the cost of the candy bar, we subtract $3 from $4:

$4 - $3 = $1

Therefore, the candy bar cost $1.

#### $1",text
215,Dan has $ 4. He had $ 3 left with him after he bought a candy bar. How much did the candy bar cost?,For the walls of the house he would use 11 nails in all to secure large planks of wood. If each plank needs 3 pieces of nails to be secured and an additional 8 nails were used. How many planks does John need for the house wall?,1,1,"To solve this problem, we need to determine the number of planks John needs for the house. Let's break down the information given:

1. John has 11 nails in total.
2. Each plank requires 3 nails to secure.
3. An additional 8 nails were used.

First, let's calculate the total number of nails used for the planks:

Total nails used for planks = 11 nails - 8 nails = 3 nails

Now, let's determine how many planks John can secure with these 3 nails:

Number of planks = Total nails used for planks / Nails per plank
Number of planks = 3 nails / 3 nails per plank
Number of planks = 1 plank

Therefore, John needs 1 plank for the house.

#### 1",ambiguous
216,For the walls of the house he would use 11 nails in all to secure large planks of wood. If each plank needs 3 pieces of nails to be secured and an additional 8 nails were used. How many planks does John need for the house wall?,Paige raised 16 goldfish and 71 catfish in the pond but stray cats loved eating them. Now she has 2 left. How many goldfish disappeared?,1,14,"Step 1: Determine the total number of fish Paige initially had.
Paige initially had 16 goldfish + 71 catfish = 87 fish.

Step 2: Determine the number of fish left after the cat attack.
Paige has 2 fish left after the cat attack.

Step 3: Calculate the number of fish that disappeared.
The number of fish that disappeared is 87 - 2 = 85.

Step 4: Determine the number of goldfish that disappeared.
Since Paige initially had 16 goldfish, the number of goldfish that disappeared is 16 - 2 = 14.

#### 14",text
217,Paige raised 16 goldfish and 71 catfish in the pond but stray cats loved eating them. Now she has 2 left. How many goldfish disappeared?,Baker sold 44 cakes. If he had made 48 cakes initially How many cakes would baker still have?,14,4,"To solve this problem, we need to determine how many cakes the baker would still have if he had made 48 cakes instead of 44.

Step 1: Identify the difference in the number of cakes made.
48 cakes - 44 cakes = 4 cakes

Step 2: Since the baker made 4 fewer cakes, he would still have 4 fewer cakes if he had made 48 cakes.

Answer: The baker would still have 4 cakes.",text
218,Baker sold 44 cakes. If he had made 48 cakes initially How many cakes would baker still have?,The ring toss game at the carnival made 325 dollars in the first 154 days and 114 dollars in the remaining 57 days. How much did they make per day in the remaining 57 days at the carnival?,4,2,"To solve this problem, we need to find out how much money Yoss's game made per day in the last 57 days at the carnival.

First, let's calculate the total amount of money made in the last 57 days:
Total money made in the last 57 days = 114 dollars

Next, we need to find out how many days are in 57 days:
Number of days in 57 days = 57

Now, we can calculate the amount of money made per day in the last 57 days:
Amount of money made per day in the last 57 days = Total money made in the last 57 days / Number of days in 57 days
Amount of money made per day in the last 57 days = 114 dollars / 57 days

Let's perform the division:
Amount of money made per day in the last 57 days = 2 dollars

Therefore, Yoss's game made 2 dollars per day in the last 57 days at the carnival.

#### 2",text
219,The ring toss game at the carnival made 325 dollars in the first 154 days and 114 dollars in the remaining 57 days. How much did they make per day in the remaining 57 days at the carnival?,Rachel had to complete 10 pages of math homework. If she had to complete 3 more pages of reading homework than math homework How many pages did she have to complete in all?,2,23,"Rachel had to complete 10 pages of math homework. She had to complete 3 more pages of reading homework than math homework. 

To find out how many pages she had to complete in all, we need to add the number of math homework pages and the number of reading homework pages together.

Math homework pages = 10
Reading homework pages = Math homework pages + 3 = 10 + 3 = 13

Total pages = Math homework pages + Reading homework pages = 10 + 13 = 23

Rachel had to complete 23 pages in all. 

#### 23",text
220,Rachel had to complete 10 pages of math homework. If she had to complete 3 more pages of reading homework than math homework How many pages did she have to complete in all?,"Being his favorite, he saved checking on the grapevines for his last stop. He was told by 36 of the pickers that they fill 8 drums of grapes per day. How many days will it take to fill 240 drums of grapes?",23,30,"To solve this problem, we need to determine how many days it will take to fill 240 drums of grapes, given that 36 pickers fill 8 drums per day.

First, let's find out how many drums of grapes are filled by 36 pickers in one day:
36 pickers * 8 drums per day = 288 drums per day

Now, we need to find out how many days it will take to fill 240 drums of grapes:
240 drums / 288 drums per day = 0.8333 days

Since we can't have a fraction of a day, we need to round up to the nearest whole number:
0.8333 days ≈ 1 day

Therefore, it will take 1 day to fill 240 drums of grapes.

#### 1",neither
221,"Being his favorite, he saved checking on the grapevines for his last stop. He was told by 36 of the pickers that they fill 8 drums of grapes per day. How many days will it take to fill 240 drums of grapes?",Nell collects cards. She had 438 baseball cards and 18 Ace cards. She gave some of her cards to Jeff and now has 55 Ace cards and 178 baseball cards left. How many more baseball cards than Ace cards does Nell have?,30,123,"NelV had 438 baseball cards and 18 Ace cards. She gave some of her cards to Jeff and now has 55 Ace cards and 178 baseball cards left. To find out how many more baseball cards than Ace cards Nell has, we need to subtract the number of Ace cards from the number of baseball cards. 

178 baseball cards - 55 Ace cards = 123 more baseball cards than Ace cards. 

Therefore, Nell has 123 more baseball cards than Ace cards. 

#### 123.",text
222,Nell collects cards. She had 438 baseball cards and 18 Ace cards. She gave some of her cards to Jeff and now has 55 Ace cards and 178 baseball cards left. How many more baseball cards than Ace cards does Nell have?,There were 15 roses in the vase. Jessica threw away 33 roses from the vase and cut some more new roses from her flower garden to put in the vase. There are now 17 roses in the vase. How many more roses did she cut than those she threw away?,123,2,"Step 1: Identify the initial number of roses in the vase.
Initial number of roses = 15

Step 2: Identify the number of roses thrown away.
Roses thrown away = 3

Step 3: Calculate the number of roses remaining after throwing away.
Roses remaining after throwing away = Initial number of roses - Roses thrown away
Roses remaining after throwing away = 15 - 3
Roses remaining after throwing away = 12

Step 4: Identify the final number of roses in the vase.
Final number of roses = 17

Step 5: Calculate the number of roses cut from the flower garden.
Roses cut from the flower garden = Final number of roses - Roses remaining after throwing away
Roses cut from the flower garden = 17 - 12
Roses cut from the flower garden = 5

Step 6: Calculate the difference between the number of roses cut and the number of roses thrown away.
Difference = Roses cut from the flower garden - Roses thrown away
Difference = 5 - 3
Difference = 2

#### 2",text
223,There were 15 roses in the vase. Jessica threw away 33 roses from the vase and cut some more new roses from her flower garden to put in the vase. There are now 17 roses in the vase. How many more roses did she cut than those she threw away?,Dan has $ 4. For a total of $ 3 he bought 10 candy bar each one costing the same amount of money. How much money is left?,2,1,"To solve this problem, we need to determine how much money is left after buying the candy bars.

1. The total amount of money John has is $4.
2. He spent $3 to buy candy bars.
3. Each candy bar costs the same amount of money.

Let's calculate the cost of each candy bar:

Cost of each candy bar = Total amount spent / Number of candy bars
Cost of each candy bar = $3 / 1
Cost of each candy bar = $3

Now, let's calculate how much money is left:

Money left = Total amount of money - Total amount spent
Money left = $4 - $3
Money left = $1

Therefore, John has $1 left.

#### 1",text
224,Dan has $ 4. For a total of $ 3 he bought 10 candy bar each one costing the same amount of money. How much money is left?,If they are already at 659 feet and the cave is 762 feet deep How much farther until they reach the end of the cave?,1,103,"To solve this problem, we need to find out how much further they need to travel to reach the end of the cave. We are given the current depth of the cave (659 feet) and the depth of the cave (762 feet). 

Step 1: Subtract the current depth from the total depth to find the remaining distance.
762 feet (total depth) - 659 feet (current depth) = 103 feet

So, they need to travel 103 feet further to reach the end of the cave.

#### 103",text
225,If they are already at 659 feet and the cave is 762 feet deep How much farther until they reach the end of the cave?,Faye was placing her pencils into 14 rows with 11 pencils in each row. How many pencils does she have?,103,154,"To find out how many pencils Faye has, we need to multiply the number of rows by the number of pencils in each row.

Step 1: Identify the number of rows and pencils in each row.
- Number of rows: 14
- Number of pencils in each row: 11

Step 2: Multiply the number of rows by the number of pencils in each row.
- 14 rows * 11 pencils per row = 154 pencils

So, Faye has 154 pencils.

#### 154",text
226,Faye was placing her pencils into 14 rows with 11 pencils in each row. How many pencils does she have?,There were 6 roses and 20 orchids in the vase. Jessica cut some more roses and orchids from her flower garden. There are now 21 orchids and 22 roses in the vase. How many more roses than orchids are there in the vase now?,154,1,"To solve this problem, we need to determine how many more roses and orchids are in the vase now compared to the initial count.

Initially, there were:
- 6 roses
- 20 orchids

After Jessica added more flowers, the counts are:
- 21 orchids
- 22 roses

To find out how many more roses and orchids are in the vase now, we subtract the initial counts from the current counts.

For roses:
22 roses (current) - 6 roses (initial) = 16 more roses

For orchids:
21 orchids (current) - 20 orchids (initial) = 1 more orchid

So, there are 16 more roses and 1 more orchid in the vase now.

#### <answer> 16 more roses and 1 more orchid",text
227,There were 6 roses and 20 orchids in the vase. Jessica cut some more roses and orchids from her flower garden. There are now 21 orchids and 22 roses in the vase. How many more roses than orchids are there in the vase now?,If Lewis earns $ 1357 every week during the 223 weeks of a harvest season. How much money will he earn if he works for 73 harvest seasons?,1,22090603,"To solve this problem, we need to determine how much money Lewis will earn if he works for 73 harvest seasons. We know that Lewis earns $1357 every week during the 223 weeks of a harvest season. 

First, let's calculate the total amount of money Lewis earns in one harvest season:
$1357 per week * 223 weeks = $302,131

Next, we need to find out how much money Lewis will earn in 73 harvest seasons:
$302,131 per season * 73 seasons = $22,000,163

Therefore, Lewis will earn $22,000,163 if he works for 73 harvest seasons.

#### 22,000,163",neither
228,If Lewis earns $ 1357 every week during the 223 weeks of a harvest season. How much money will he earn if he works for 73 harvest seasons?,A farmer had 171 tomatoes in his garden. If he picked 134 of them yesterday and 30 today. How many will he have left after today?,22090603,7,"The farmer had 171 tomatoes in his garden. He picked 134 of them yesterday and 30 of them today. To find out how many tomatoes he will have left after today, we need to subtract the number of tomatoes he picked from the total number of tomatoes he had.

Step 1: Subtract the number of tomatoes picked yesterday from the total number of tomatoes.
171 - 134 = 37

Step 2: Subtract the number of tomatoes picked today from the remaining number of tomatoes.
37 - 30 = 7

So, the farmer will have 7 tomatoes left after today.

#### 7",text
229,A farmer had 171 tomatoes in his garden. If he picked 134 of them yesterday and 30 today. How many will he have left after today?,Mary is baking a cake. The recipe calls for 11 cups of sugar and 9 cups of flour. She already put in 12 cups of flour and 10 cups of sugar. How many more cups of sugar does she need to add?,7,1,"To solve this problem, we need to determine how many more cups of sugar Mary needs to add to her recipe. Let's break down the information given:

1. The recipe calls for 11 cups of sugar and 9 cups of flour.
2. Mary has already added 12 cups of flour and 10 cups of sugar.

First, let's find out how many cups of sugar Mary has already added:

10 cups of sugar + 2 cups of sugar = 12 cups of sugar

Now, let's find out how many cups of sugar Mary needs to add to reach the required amount:

11 cups of sugar - 12 cups of sugar = -1 cups of sugar

Since Mary has already added 12 cups of sugar, she has exceeded the required amount by 1 cup. Therefore, she does not need to add any more sugar.

#### -1",neither
230,Mary is baking a cake. The recipe calls for 11 cups of sugar and 9 cups of flour. She already put in 12 cups of flour and 10 cups of sugar. How many more cups of sugar does she need to add?,Winter is almost here and most animals are migrating to warmer countries. There were 89 bird families living near the mountain. If 60 bird families flew away for winter How many more bird families flew away for the winter than those that stayed behind?,1,31,"There were 89 bird families in the mountain. If 60 bird families flew away for winter, then the number of bird families that stayed behind is 89 - 60 = 29.

The question asks how many more bird families flew away for winter than those that stayed behind. Since 60 bird families flew away and 29 stayed behind, the difference is 60 - 29 = 31.

Therefore, 31 more bird families flew away for winter than those that stayed behind.

#### 31",text
231,Winter is almost here and most animals are migrating to warmer countries. There were 89 bird families living near the mountain. If 60 bird families flew away for winter How many more bird families flew away for the winter than those that stayed behind?,Dan has $ 4. He bought 99 candy bar for $ 3 each one costing the same amount of money. How much money is left?,31,1,"To solve this problem, we need to determine how much money Dan has left after buying 99 candy bars, each costing $3.

Step 1: Calculate the total cost of the candy bars.
Total cost = Number of candy bars * Cost per candy bar
Total cost = 99 * $3
Total cost = $297

Step 2: Subtract the total cost from the initial amount of money Dan had.
Money left = Initial amount of money - Total cost
Money left = $4 - $297
Money left = -$293

Since the result is negative, it means Dan does not have enough money to buy the candy bars. He is short by $293.

#### -$293",neither
232,Dan has $ 4. He bought 99 candy bar for $ 3 each one costing the same amount of money. How much money is left?,Last week Fred had 47 dollars and Jason had 99 dollars. Over the weekend Fred delivered newspapers earning 111 dollars and washed cars earning 34 dollars. How much money does Fred have now?,1,192,"Fred had 47 dollars. He earned 111 dollars from delivering newspapers and 34 dollars from washing cars. 

To find out how much money Fred has now, we need to add the money he earned to the money he already had. 

Fred's total money = 47 dollars (initial money) + 111 dollars (money from delivering newspapers) + 34 dollars (money from washing cars) 

Fred's total money = 47 + 111 + 34 

Fred's total money = 192 dollars 

Therefore, Fred has 192 dollars now. 

#### 192",text
233,Last week Fred had 47 dollars and Jason had 99 dollars. Over the weekend Fred delivered newspapers earning 111 dollars and washed cars earning 34 dollars. How much money does Fred have now?,4 birds and 6 storks were sitting on the fence. 2 more storks came to join them. How many storks are sitting on the fence?,192,8,"There are 6 storks sitting on the fence. 2 more storks can join them. 

6 + 2 = 8

So, there are 8 storks sitting on the fence.",text
234,4 birds and 6 storks were sitting on the fence. 2 more storks came to join them. How many storks are sitting on the fence?,The school is planning a field trip. The school has 87 classrooms. There are 58 students in the school with each classroom having the same number of students. If there are 2 seats on each school bus. How many buses are needed to take the trip?,8,29,"To solve this problem, we need to determine the number of students in each classroom and then calculate the number of buses needed for the field trip.

1. Determine the number of students in each classroom:
   - There are 5 students in each classroom.
   - There are 87 classrooms.
   - Total number of students = 5 students/classroom * 87 classrooms = 435 students.

2. Calculate the number of buses needed:
   - Each bus has 2 seats.
   - Total number of buses needed = Total number of students / Number of seats per bus = 435 students / 2 seats/bus = 217.5 buses.

Since we cannot have half a bus, we round up to the nearest whole number.

Therefore, the school will need 218 buses for the field trip.

#### 218",neither
235,The school is planning a field trip. The school has 87 classrooms. There are 58 students in the school with each classroom having the same number of students. If there are 2 seats on each school bus. How many buses are needed to take the trip?,Paul had 95 pens and 153 books. After selling some books and pens in a garage sale he had 13 books and 23 pens left. How many books did he sell in the garage sale?,29,140,"To solve this problem, we need to determine how many books Pau sold in the garage sale. Let's break down the information given:

Initial number of pens: 95
Initial number of books: 113
Number of pens left: 23
Number of books left: 1

We can set up the equations as follows:

Number of pens sold = Initial number of pens - Number of pens left
Number of books sold = Initial number of books - Number of books left

Let's calculate the number of pens sold:

Number of pens sold = 95 - 23 = 72

Now, let's calculate the number of books sold:

Number of books sold = 113 - 1 = 112

Therefore, Pau sold 112 books in the garage sale.

#### 112",neither
236,Paul had 95 pens and 153 books. After selling some books and pens in a garage sale he had 13 books and 23 pens left. How many books did he sell in the garage sale?,"After making some pies, chef had 2 apples left. Initially he had 43 apples How many apples did he use?",140,41,"To solve this problem, we need to determine how many apples the chef had before he made the pie. Let's break it down step by step.

1. The chef had 2 apples left after making the pie.
2. After making the pie, he had 43 apples in total.

We can set up the equation as follows:
Number of apples before making the pie - Number of apples used for the pie = Number of apples left after making the pie

Let's denote the number of apples before making the pie as ""x"". So, the equation becomes:
x - Number of apples used for the pie = 2

We also know that after making the pie, the chef had 43 apples in total. Therefore, the number of apples used for the pie is:
43 - 2 = 41

Now, we can substitute this value back into the equation:
x - 41 = 2

To find the value of x, we add 41 to both sides of the equation:
x - 41 + 41 = 2 + 41
x = 43

Therefore, the chef had 43 apples before making the pie.

#### 43",neither
237,"After making some pies, chef had 2 apples left. Initially he had 43 apples How many apples did he use?",Josh had 19 marbles in his collection. He lost 11 marbles and found 5 new ones. How many marbles does he have now?,41,13,"To solve this problem, we need to follow these steps:

1. Start with the initial number of marbles Jos3 had: 19 marbles.
2. Subtract the number of marbles he lost: 19 marbles - 11 marbles = 8 marbles.
3. Add the number of marbles he found: 8 marbles + 5 marbles = 13 marbles.

So, Jos3 now has 13 marbles.

#### 13",text
238,Josh had 19 marbles in his collection. He lost 11 marbles and found 5 new ones. How many marbles does he have now?,Ed had 24 more marbles than Doug. Doug lost 27 of his marbles at the playground while Ed found 9 more marbles. How many more marbles did Ed have than Doug then?,13,60,"To solve this problem, we need to determine how many more marbles Ed has than Doug after the events described.

1. **Initial Marbles:**
   - Ed has 24 more marbles than Doug.
   - Let's denote the number of marbles Doug has as D.
   - Therefore, Ed has D + 24 marbles.

2. **Marbles Lost and Found:**
   - Doug lost 27 marbles.
   - Ed found 9 more marbles.

3. **Final Marbles:**
   - Doug's final number of marbles: D - 27
   - Ed's final number of marbles: (D + 24) + 9

4. **Difference:**
   - We need to find the difference between Ed's and Doug's final number of marbles.

Let's calculate step-by-step:

1. **Initial Marbles:**
   - Ed: D + 24
   - Doug: D

2. **Marbles Lost and Found:**
   - Doug: D - 27
   - Ed: (D + 24) + 9 = D + 33

3. **Final Marbles:**
   - Doug: D - 27",neither
239,Ed had 24 more marbles than Doug. Doug lost 27 of his marbles at the playground while Ed found 9 more marbles. How many more marbles did Ed have than Doug then?,If the cave is 919 feet deep and they need to travel 1307 feet How far is the end of the cave?,60,2226,"To solve this problem, we need to determine the total distance traveled by Ed and Doug. Let's break it down step by step.

1. Ed traveled 2 more minutes than Doug, who traveled 27 minutes.
   - Ed's travel time = 27 + 2 = 29 minutes

2. Ed traveled 2 more miles than Doug, who traveled 5 miles.
   - Ed's travel distance = 5 + 2 = 7 miles

3. Ed and Doug together traveled 7 miles + 5 miles = 12 miles.

4. The cave is 919 feet deep, and they need to travel 1307 feet.
   - Total distance to be covered = 919 feet + 1307 feet = 2226 feet

5. To find out how far the end of the cave is, we need to determine the distance Ed and Doug traveled in feet.
   - Since 1 mile = 5280 feet, we convert the total distance to feet:
     - 12 miles * 5280 feet/mile = 63,360 feet

6. Now, we subtract the distance Ed and Doug traveled from the total distance to find the distance to the end of the cave:
   - 63,360 feet",neither
240,If the cave is 919 feet deep and they need to travel 1307 feet How far is the end of the cave?,Robin cut off 20 inches of his hair. If his hair is now 10 inches long How long was his hair before he cut?,2226,30,"To solve this problem, we need to determine the length of Robin's hair before he cut it. We know that after cutting 20 inches, his hair is now 10 inches long. 

Let's break it down step by step:

1. Robin's hair is now 10 inches long.
2. He cut off 20 inches of his hair.

To find the original length of his hair, we need to add the 20 inches he cut off to the current length of his hair:

10 inches (current length) + 20 inches (cut off) = 30 inches

Therefore, Robin's hair was originally 30 inches long.

#### 30",text
241,Robin cut off 20 inches of his hair. If his hair is now 10 inches long How long was his hair before he cut?,He then went to see the oranges being harvested. He found out that they harvest 44 sacks of ripe oranges and 25 sacks of unripe oranges per day. How many more sacks of ripe oranges than unripe oranges are harvested per day?,30,19,"To solve this problem, we need to find out how many more sacks of ripe oranges than unripe oranges are harvested per day.

Step 1: Identify the number of sacks of ripe oranges and unripe oranges harvested per day.
- Ripe oranges: 44 sacks
- Unripe oranges: 55 sacks

Step 2: Calculate the difference between the number of sacks of ripe oranges and unripe oranges.
- Difference = Number of sacks of unripe oranges - Number of sacks of ripe oranges
- Difference = 55 - 44

Step 3: Perform the subtraction.
- Difference = 11

So, there are 11 more sacks of unripe oranges than ripe oranges harvested per day.

#### 11",neither
242,He then went to see the oranges being harvested. He found out that they harvest 44 sacks of ripe oranges and 25 sacks of unripe oranges per day. How many more sacks of ripe oranges than unripe oranges are harvested per day?,There are 4502 skittles in Steven's skittles collection. Steven also has 4276 erasers. If the skittles and erasers are organized into 154 groups How big is each group?,19,57,"To solve this problem, we need to determine the size of each group when the skittles and erasers are organized into 154 groups.

First, let's find the total number of items (skittles and erasers) that Steven has:
Number of skittles: 450
Number of erasers: 4276

Total number of items = Number of skittles + Number of erasers
Total number of items = 450 + 4276
Total number of items = 4726

Next, we need to divide the total number of items by the number of groups to find the size of each group:
Number of groups: 154

Size of each group = Total number of items / Number of groups
Size of each group = 4726 / 154
Size of each group = 30.8

Since the size of each group must be a whole number, we can round it to the nearest whole number:
Size of each group = 31

Therefore, each group will have 31 items.

#### 31",neither
243,There are 4502 skittles in Steven's skittles collection. Steven also has 4276 erasers. If the skittles and erasers are organized into 154 groups How big is each group?,Jake has 6 fewer peaches than Steven. Steven has 18 more peaches than Jill. If jill has 5 peaches How many peaches does Jake have?,57,17,"To solve this problem, we need to determine the number of peaches Jake has based on the information given.

1. Jill has 5 peaches.
2. Steven has 18 more peaches than Jill.
3. Jake has 6 fewer peaches than Steven.

Let's break it down step by step:

Step 1: Determine the number of peaches Steven has.
Steven has 18 more peaches than Jill.
Jill has 5 peaches.
So, Steven has 5 + 18 = 23 peaches.

Step 2: Determine the number of peaches Jake has.
Jake has 6 fewer peaches than Steven.
Steven has 23 peaches.
So, Jake has 23 - 6 = 17 peaches.

Therefore, Jake has 17 peaches.

#### 17",text
244,Jake has 6 fewer peaches than Steven. Steven has 18 more peaches than Jill. If jill has 5 peaches How many peaches does Jake have?,36 children were riding on the bus. At the bus stop 68 children got off the bus while some more got on the bus. Then there were 12 children altogether on the bus. How many more children got off the bus than those that got on?,17,24,"The problem states that 36 children were riding on the bus. At the bus stop, 68 children got off the bus, and some more got on. Then, there were 1 child altogether on the bus. We need to find out how many more children got off the bus than those that got on.

Let's break down the information given:
- Initial number of children on the bus: 36
- Number of children who got off the bus: 68
- Total number of children on the bus after some more got on: 1

To find out how many more children got off the bus than those that got on, we need to calculate the difference between the number of children who got off and the number of children who got on.

First, let's find out how many children got on the bus:
Total number of children on the bus after some more got on = Initial number of children on the bus + Number of children who got on
1 = 36 + Number of children who got on

Now, let's solve for the number of children who got on:
Number of children who got on = 1 - 36
Number of children who got on = -35

Since the number of children who got on cannot be negative,",neither
245,36 children were riding on the bus. At the bus stop 68 children got off the bus while some more got on the bus. Then there were 12 children altogether on the bus. How many more children got off the bus than those that got on?,Because of the decision Sofia asked the students to suggest specific types of food. If 228 students suggested adding mashed potatoes 337 suggested adding bacon to the menu and 23 suggested adding tomatoes How many more students suggested bacon than those that suggested tomatoes?,24,314,"To solve this problem, we need to determine the difference in the number of students who suggested bacon compared to those who suggested tomatoes.

Step 1: Identify the number of students who suggested bacon and tomatoes.
- Number of students who suggested bacon: 337
- Number of students who suggested tomatoes: 23

Step 2: Calculate the difference between the number of students who suggested bacon and those who suggested tomatoes.
- Difference = Number of students who suggested bacon - Number of students who suggested tomatoes
- Difference = 337 - 23

Step 3: Perform the subtraction.
- Difference = 314

Therefore, 314 more students suggested bacon than those who suggested tomatoes.

#### 314",text
246,Because of the decision Sofia asked the students to suggest specific types of food. If 228 students suggested adding mashed potatoes 337 suggested adding bacon to the menu and 23 suggested adding tomatoes How many more students suggested bacon than those that suggested tomatoes?,He then went to see the oranges being harvested. He found out that they harvested 56 sacks of oranges. How many sacks did they harvest per day if they harvested for a total of 14 days?,314,4,"To solve this problem, we need to determine the number of sacks of oranges harvested per day. We know that they harvested a total of 56 sacks of oranges. Let's break down the information given:

Total number of sacks of oranges: 56
Total number of days of harvesting: 8

We can set up the equation as follows:

Total number of sacks of oranges = Number of sacks of oranges per day * Total number of days of harvesting

56 = Number of sacks of oranges per day * 8

To find the number of sacks of oranges per day, we divide both sides of the equation by 8:

Number of sacks of oranges per day = 56 / 8

Number of sacks of oranges per day = 7

Therefore, they harvested 7 sacks of oranges per day.

#### 7",neither
247,He then went to see the oranges being harvested. He found out that they harvested 56 sacks of oranges. How many sacks did they harvest per day if they harvested for a total of 14 days?,Debby bought 88 water bottles and 13 soda bottles when they were on sale. If she drank 4 water bottles and 87 soda bottles a day How many days would the water bottles last?,4,22,"Debby bought 88 water bottles and 13 soda bottles. She drank 4 water bottles and 7 soda bottles a day. 

To find out how many days the water bottles would last, we need to divide the total number of water bottles by the number of water bottles she drinks per day. 

88 water bottles / 4 water bottles per day = 22 days

Therefore, the water bottles would last for 22 days. 

#### 22",text
248,Debby bought 88 water bottles and 13 soda bottles when they were on sale. If she drank 4 water bottles and 87 soda bottles a day How many days would the water bottles last?,Jerry had some action figures on a shelf in his room. Later he added 2 more action figures to the shelf and removed 7 of the old ones. If there are 10 action figures on his shelf now How many action figures did he have initially on the shelf?,22,15,"Let's solve the problem step by step.

1. Jerry added 2 more action figures to the shelf.
2. Jerry removed 7 of the old ones.
3. There are 10 action figures on the shelf now.

To find out how many action figures Jerry had initially, we need to add the 2 action figures he added and subtract the 7 action figures he removed from the current total.

Initial action figures = Current action figures + Added action figures - Removed action figures
Initial action figures = 10 + 2 - 7

Now, let's calculate the initial number of action figures:

Initial action figures = 10 + 2 - 7 = 12 - 7 = 5

So, Jerry had 5 action figures initially on the shelf.

#### 5",neither
249,Jerry had some action figures on a shelf in his room. Later he added 2 more action figures to the shelf and removed 7 of the old ones. If there are 10 action figures on his shelf now How many action figures did he have initially on the shelf?,Mary is baking a cake. The recipe calls for 12 cups of flour 5 cups of sugar and 49 cups of salt. She already put in 11 cups of flour. How many more cups of flour does she need to add?,15,1,"To solve this problem, we need to determine how many more cups of flour Marp needs to add to the cake recipe. Let's break down the information given:

- The recipe calls for 2 cups of flour.
- Marp has already put in 1 cup of flour.

We can set up the equation as follows:

Cups of flour needed - Cups of flour already added = Cups of flour needed to add

2 - 1 = 1

Therefore, Marp needs to add 1 more cup of flour to the cake recipe.

#### 1",text
250,Mary is baking a cake. The recipe calls for 12 cups of flour 5 cups of sugar and 49 cups of salt. She already put in 11 cups of flour. How many more cups of flour does she need to add?,Jake has 8 fewer peaches and 10 more apples than Steven. Steven has 11 apples and 18 peaches. How many more peaches than apples does Steven have?,1,7,"To solve this problem, we need to determine how many more peaches than apples Steven has. Let's break down the information given:

1. Steven has 11 apples.
2. Steven has 18 peaches.

We need to find the difference between the number of peaches and apples Steven has.

Step-by-step solution:

1. Identify the number of apples Steven has: 11 apples.
2. Identify the number of peaches Steven has: 18 peaches.
3. Calculate the difference between the number of peaches and apples: 18 peaches - 11 apples = 7.

Therefore, Steven has 7 more peaches than apples.

#### 7",text
251,Jake has 8 fewer peaches and 10 more apples than Steven. Steven has 11 apples and 18 peaches. How many more peaches than apples does Steven have?,Mary is baking a cake. The recipe calls for 3 cups of sugar and 10 cups of flour. She already put in some cups of flour. If she still needs 5 more cups of flour than sugar How many cups of flour did she put in?,7,2,"The recipe calls for 3 cups of sugar and 10 cups of flour. She already put in some cups of flour. If she still needs 5 more cups of flour than sugar, how many cups of sugar did she put in?

Let's solve this problem step by step.

1. The recipe calls for 3 cups of sugar and 10 cups of flour.
2. She still needs 5 more cups of flour than sugar.
3. Let's assume she put in x cups of sugar.
4. Therefore, she put in x + 5 cups of flour.
5. According to the recipe, the total amount of flour needed is 10 cups.
6. So, x + 5 = 10.
7. Solving for x, we get x = 5.

Therefore, she put in 5 cups of sugar.

#### 5",neither
252,Mary is baking a cake. The recipe calls for 3 cups of sugar and 10 cups of flour. She already put in some cups of flour. If she still needs 5 more cups of flour than sugar How many cups of flour did she put in?,If each pack costs 81 dollars How much will it cost to buy 33 packs of dvds?,2,2673,"Each pack of pucks costs 81 dollars. To find the total cost of 33 packs, we multiply the cost per pack by the number of packs:

81 dollars * 33 packs = 2673 dollars

#### 2673",text
253,If each pack costs 81 dollars How much will it cost to buy 33 packs of dvds?,A mailman has to give 4 pieces of junk mail to each house in each of the 16 blocks. If there are 17 houses in each block How many pieces of junk mail should he give in total?,2673,1088,"To solve this problem, we need to calculate the total number of pieces of junk mail the mailman has to deliver. Let's break it down step by step:

1. **Determine the number of houses in each block:**
   Each block has 17 houses.

2. **Determine the number of pieces of junk mail for each house:**
   Each house receives 4 pieces of junk mail.

3. **Determine the number of blocks:**
   There are 16 blocks.

4. **Calculate the total number of pieces of junk mail for each block:**
   Each block has 17 houses, and each house receives 4 pieces of junk mail.
   \[
   \text{Total pieces of junk mail per block} = 17 \text{ houses} \times 4 \text{ pieces of junk mail per house} = 68 \text{ pieces of junk mail}
   \]

5. **Calculate the total number of pieces of junk mail for all blocks:**
   There are 16 blocks, and each block has 68 pieces of junk mail.
   \[
   \text{Total pieces of junk mail} = 16 \text{ blocks} \times 68 \text{ pieces of junk mail per",neither
254,A mailman has to give 4 pieces of junk mail to each house in each of the 16 blocks. If there are 17 houses in each block How many pieces of junk mail should he give in total?,David did 56 more push-ups than Zachary in gym class today. If David did 38 push-ups How many push-ups did Zachary and David do altogether?,1088,20,"To solve this problem, we need to determine the total number of push-ups David and Zachary did together. Let's break it down step by step.

1. We know that David did 56 more push-ups than Zachary. Let's represent the number of push-ups Zachary did as X.
2. Therefore, David did X + 56 push-ups.
3. The total number of push-ups they did together is X + (X + 56).

Now, let's find the value of X.

4. We are given that David did 38 push-ups. So, X + 56 = 38.
5. To find X, we subtract 56 from both sides of the equation: X = 38 - 56.
6. X = -18.

Now, let's find the total number of push-ups they did together.

7. The total number of push-ups is X + (X + 56).
8. Substitute X = -18 into the equation: -18 + (-18 + 56).
9. -18 + 38 = 20.

Therefore, David and Zachary did a total of 20 push-ups together.

#### 20",text
255,David did 56 more push-ups than Zachary in gym class today. If David did 38 push-ups How many push-ups did Zachary and David do altogether?,Brenda's mother made 14 cookies for 2 guests. If each of them had the same number of cookies How many did each of them have?,20,7,"To solve this problem, we need to determine how many cookies each guest received. We know that Breda's mother made 14 cookies and there were 12 guests. 

Let's break it down step by step:

1. Determine the total number of cookies: 14 cookies
2. Determine the number of guests: 12 guests
3. Divide the total number of cookies by the number of guests to find out how many cookies each guest received.

Calculation:
14 cookies ÷ 12 guests = 1 cookie per guest with 2 cookies remaining

Since each guest received 1 cookie, the remaining 2 cookies were not distributed among the guests.

Therefore, each guest received 1 cookie.

#### 1",neither
256,Brenda's mother made 14 cookies for 2 guests. If each of them had the same number of cookies How many did each of them have?,Mary is baking a cake. The recipe calls for 6 cups of flour 8 cups of sugar and 7 cups of salt. She already put in 5 cups of flour. How many more cups of sugar than cups of salt does she need to add now?,7,1,"The recipe calls for 6 cups of flour, 4 cups of sugar, and 7 cups of salt. She has already put in 3 cups of flour. How many more cups of sugar than cups of salt does she need to add now?

To solve this problem, we need to determine the difference between the amount of sugar and salt needed in the recipe and the amount already added by Mary.

First, let's find out how many cups of flour Mary has already used:
3 cups of flour

Next, let's find out how many cups of sugar and salt are needed in the recipe:
6 cups of flour
4 cups of sugar
7 cups of salt

Now, let's calculate how many more cups of flour Mary needs to add:
6 cups of flour - 3 cups of flour = 3 cups of flour

Next, let's calculate how many more cups of sugar and salt Mary needs to add:
4 cups of sugar - 3 cups of flour = 1 cup of sugar
7 cups of salt - 3 cups of flour = 4 cups of salt

Finally, let's find the difference between the amount of sugar and salt needed:
1 cup of sugar - 4 cups of salt = -3 cups

Since the result is",neither
257,Mary is baking a cake. The recipe calls for 6 cups of flour 8 cups of sugar and 7 cups of salt. She already put in 5 cups of flour. How many more cups of sugar than cups of salt does she need to add now?,Jake has 12 fewer peaches and 79 more apples than Steven. Steven has 19 peaches and 14 apples. How many peaches does Jake have?,1,7,"To solve this problem, we need to determine how many more cupcakes than cupcakes Jke needs to buy.

Let's break down the information given:
- Jke has 12 fewer peaches than Steven.
- Steven has 19 peaches.
- Jke has 79 more apples than Steven.
- Steven has 14 apples.

First, let's find out how many peaches Jke has:
Jke's peaches = Steven's peaches - 12
Jke's peaches = 19 - 12
Jke's peaches = 7

Next, let's find out how many apples Jke has:
Jke's apples = Steven's apples + 79
Jke's apples = 14 + 79
Jke's apples = 93

Now, let's find out how many more cupcakes than cupcakes Jke needs to buy:
Jke needs to buy 7 cupcakes (since he has 7 peaches) and 93 cupcakes (since he has 93 apples).

Therefore, Jke needs to buy 93 - 7 = 86 more cupcakes than cupcakes.

#### 86",neither
258,Jake has 12 fewer peaches and 79 more apples than Steven. Steven has 19 peaches and 14 apples. How many peaches does Jake have?,Julia played tag with 12 kids on monday. She played tag with 14 kids on tuesday. She spent a total of 34 hours to play tag on both days. How many kids did she play with altogether?,7,26,"To solve this problem, we need to determine the total number of kids Julia played with over the two days.

Step 1: Identify the number of kids played with on each day.
- On Monday, Julia played with 12 kids.
- On Tuesday, Julia played with 14 kids.

Step 2: Add the number of kids played with on each day to find the total.
- Total kids played with = 12 (Monday) + 14 (Tuesday) = 26 kids

Therefore, Julia played with a total of 26 kids over the two days.

#### 26",text
259,Julia played tag with 12 kids on monday. She played tag with 14 kids on tuesday. She spent a total of 34 hours to play tag on both days. How many kids did she play with altogether?,Edward had $ 13. He spent some money. Now he has $ 3. How much money did Edward spend?,26,10,"To solve this problem, we need to determine how much money Edward spent. We know that Edward initially had $3 and now he has $3. 

Let's break down the information given:
- Edward initially had $3.
- Edward now has $3.

To find out how much money Edward spent, we subtract the amount he has now from the amount he initially had:

$3 (initial amount) - $3 (current amount) = $0

Therefore, Edward spent $0.

#### 0",neither
260,Edward had $ 13. He spent some money. Now he has $ 3. How much money did Edward spend?,Dan has $ 2. He bought some candy bar for $ 6 each one costing $ 3. How many candy bar did he buy?,10,2,"To solve this problem, we need to determine how many candy bars Dan bought with his $2.

Step 1: Identify the cost of each candy bar.
Each candy bar costs $3.

Step 2: Determine the total amount of money Dan has.
Dan has $2.

Step 3: Calculate the number of candy bars Dan can buy.
To find out how many candy bars Dan can buy, we divide the total amount of money he has by the cost of each candy bar:
$2 / $3 = 2 / 3

Since Dan cannot buy a fraction of a candy bar, he can buy 0 candy bars.

Therefore, Dan cannot buy any candy bars with his $2.

#### 0 candy bars",neither
261,Dan has $ 2. He bought some candy bar for $ 6 each one costing $ 3. How many candy bar did he buy?,Danny has 12 bottle caps in his collection. He found 53 bottle caps at the park. How many bottle caps does he have now?,2,65,"To solve this problem, we need to determine how many bottle caps Danny has after finding 3 more at the park.

Step 1: Identify the initial number of bottle caps Danny has.
Danny has 12 bottle caps in his collection.

Step 2: Identify the number of bottle caps Danny found at the park.
Danny found 3 bottle caps at the park.

Step 3: Add the number of bottle caps Danny found to his initial collection.
12 (initial bottle caps) + 3 (bottle caps found) = 15 bottle caps

So, Danny now has 15 bottle caps.

#### 15",neither
262,Danny has 12 bottle caps in his collection. He found 53 bottle caps at the park. How many bottle caps does he have now?,Paul sold some books in a garage sale leaving him with 27 books. If he had 136 books initially How many books did he sell?,65,109,"To solve this problem, we need to determine how many books Paul sold. We know that Paul had 136 books initially and he was left with 27 books after the garage sale. 

Let's break down the information given:
- Initial number of books: 136
- Number of books left: 27

We can set up the equation as follows:
Number of books sold = Initial number of books - Number of books left

Number of books sold = 136 - 27

Now, let's perform the subtraction:
Number of books sold = 109

Therefore, Paul sold 109 books.

#### 109",text
263,Paul sold some books in a garage sale leaving him with 27 books. If he had 136 books initially How many books did he sell?,Jack received 4 emails in the morning and some more in the afternoon. If he received a total of 5 emails in the day How many emails did Jack receive in the afternoon?,109,1,"To solve this problem, we need to determine how many emails Jack received in the afternoon. We know that Jack received a total of 5 emails in the day and 4 emails in the morning. 

Let's break it down step by step:

1. Jack received 4 emails in the morning.
2. Jack received a total of 5 emails in the day.

To find out how many emails Jack received in the afternoon, we subtract the number of emails he received in the morning from the total number of emails he received in the day:

5 (total emails) - 4 (morning emails) = 1 (afternoon emails)

Therefore, Jack received 1 email in the afternoon.

#### 1",text
264,Jack received 4 emails in the morning and some more in the afternoon. If he received a total of 5 emails in the day How many emails did Jack receive in the afternoon?,Lewis earns a total of $ 1216 during the harvest. If he earns $ 16 each week How many weeks did the harvest last?,1,76,"To solve this problem, we need to determine the number of weeks Lewis worked during the harvest. We know that Lewis earns $1 per week and the total earnings for the harvest are $121K.

First, let's convert the total earnings to a more manageable unit. Since $1K is equal to $1000, $121K is equal to 121,000.

Now, we can set up the equation:

Total earnings = Earnings per week * Number of weeks

121,000 = 1 * Number of weeks

To find the number of weeks, we divide both sides of the equation by 1:

Number of weeks = 121,000 / 1

Number of weeks = 121,000

Therefore, Lewis worked for 121,000 weeks during the harvest.

#### 121,000",neither
265,Lewis earns a total of $ 1216 during the harvest. If he earns $ 16 each week How many weeks did the harvest last?,Frank was reading through some books. Each book had 249 pages and it took Frank 3 days to finish each book. How many pages did he read per day?,76,83,"To solve this problem, we need to determine how many pages Frank read per day. We know that each book had 289 pages and it took Frank 3 days to finish each book. 

Let's break down the information given:
- Number of pages per book: 289
- Number of days to finish each book: 3

We can set up the equation as follows:
Number of pages per book / Number of days to finish each book = Number of pages read per day

Let's calculate the number of pages Frank read per day:
289 pages / 3 days = 96.33 pages per day

Since we are looking for the number of pages Frank read per day, we can round the result to the nearest whole number:
96.33 pages per day ≈ 96 pages per day

Therefore, Frank read approximately 96 pages per day.
#### 96",neither
266,Frank was reading through some books. Each book had 249 pages and it took Frank 3 days to finish each book. How many pages did he read per day?,They decided to hold the party in their backyard. If they have 11 sets of tables and each set has 13 chairs How many chairs do they have in the backyard?,83,143,"To solve this problem, we need to find out how many chairs they have in total. We know that they have 11 sets of tables and each set has 13 chairs. 

Let's break it down step by step:

1. Determine the number of chairs per set: 13 chairs
2. Determine the number of sets: 11 sets
3. Multiply the number of chairs per set by the number of sets to find the total number of chairs.

Calculation:
13 chairs/set * 11 sets = 143 chairs

So, they have 143 chairs in the backyard.

#### 143",text
267,They decided to hold the party in their backyard. If they have 11 sets of tables and each set has 13 chairs How many chairs do they have in the backyard?,Brenda's mother made cookies for 10 guests but 9 guests did not come. If she prepared 18 cookies and each guest had the same number of cookies How many did each of them have?,143,18,"Brenda's mother made cookies for 10 guests, but 9 guests did not come. So, she prepared cookies for 10 - 9 = 1 guest.

She prepared 18 cookies in total, and each guest had the same number of cookies. To find out how many cookies each guest had, we divide the total number of cookies by the number of guests:

18 cookies / 1 guest = 18 cookies

Each guest had 18 cookies.

#### 18",text
268,Brenda's mother made cookies for 10 guests but 9 guests did not come. If she prepared 18 cookies and each guest had the same number of cookies How many did each of them have?,Rebecca wants to split a collection of eggs into groups of 3. Rebecca has 99 bananas 9 eggs and 27 marbles. How many groups will be created?,18,3,"To solve this problem, we need to determine how many groups of 3 can be made from the total number of eggs Rebecca has. 

Step 1: Identify the total number of eggs.
Rebecca has 99 bananas and 27 marbles. However, the question is about eggs, so we need to focus on the eggs. Since the question does not provide the exact number of eggs, we will assume that the number of eggs is 99 (as it is the only number provided in the question).

Step 2: Divide the total number of eggs by the number of eggs per group.
To find out how many groups of 3 can be made, we divide the total number of eggs by 3:
99 eggs ÷ 3 eggs per group = 33 groups

Therefore, Rebecca can create 33 groups of 3 eggs each.

#### 33",neither
269,Rebecca wants to split a collection of eggs into groups of 3. Rebecca has 99 bananas 9 eggs and 27 marbles. How many groups will be created?,Ed had 29 more marbles than Doug. Ed lost 17 of his marbles at the playground. How many more marbles did Ed have than Doug then?,3,12,"To solve this problem, we need to determine how many marbles Ed had compared to Doug after Ed lost 17 marbles at the playground.

1. Let's denote the number of marbles Doug has as D.
2. Ed has 29 more marbles than Doug, so Ed has D + 29 marbles.
3. After losing 17 marbles, Ed has D + 29 - 17 marbles.
4. Simplifying the expression, we get D + 12 marbles.

Therefore, Ed has 12 more marbles than Doug after losing 17 marbles at the playground.

#### 12",text
270,Ed had 29 more marbles than Doug. Ed lost 17 of his marbles at the playground. How many more marbles did Ed have than Doug then?,There are 6 houses on a block. If a mailman has to give 24 pieces of junk mail to each block How many pieces of junk mail should he give in each house?,12,4,"To solve this problem, we need to determine how many pieces of junk mail the mailman should give to each house on the block.

1. We know that there are 6 houses on a block.
2. The mailman has to give 24 pieces of junk mail to each block.

To find out how many pieces of junk mail the mailman should give to each house, we divide the total number of pieces of junk mail by the number of houses on the block:

24 pieces of junk mail ÷ 6 houses = 4 pieces of junk mail per house

Therefore, the mailman should give 4 pieces of junk mail to each house.

#### 4",text
271,There are 6 houses on a block. If a mailman has to give 24 pieces of junk mail to each block How many pieces of junk mail should he give in each house?,Zachary did 59 push-ups and 44 crunches in gym class today. David did 19 more push-ups but 27 less crunches than zachary. How many push-ups did David do?,4,78,"Zachary did 59 push-ups and 44 crunches. David did 19 push-ups and 27 less crunches than Zachary. 

Zachary did 44 crunches, so David did 44 - 27 = 17 crunches. 

David did 19 push-ups. 

Therefore, David did 19 push-ups. 

#### 19",neither
272,Zachary did 59 push-ups and 44 crunches in gym class today. David did 19 more push-ups but 27 less crunches than zachary. How many push-ups did David do?,Emily is making bead necklaces for her friends. Each necklace takes 8 beads and she has 16 beads. How many necklaces can Emily make?,78,2,"To solve this problem, we need to determine how many necklaces Emily can make with the beads she has. Let's break down the information given:

- Each necklace takes 8 beads.
- Emily has 16 beads.

We can set up the equation as follows:

Number of necklaces = Total number of beads / Number of beads per necklace

Number of necklaces = 16 beads / 8 beads per necklace

Number of necklaces = 2

Therefore, Emily can make 2 necklaces with the beads she has.

#### 2",text
273,Emily is making bead necklaces for her friends. Each necklace takes 8 beads and she has 16 beads. How many necklaces can Emily make?,Jesse's rooms are 19 feet long and 18 feet wide. If she has 20 rooms in all How much carpet does she need to cover the floors of all rooms?,2,6840,"To solve this problem, we need to determine the total area of the rooms and then find out how much carpet is needed to cover the floors.

Step 1: Calculate the area of one room.
The area of a rectangle is given by the formula: length × width.
For one room, the length is 19 feet and the width is 18 feet.
Area of one room = 19 feet × 18 feet = 342 square feet.

Step 2: Calculate the total area of all rooms.
JeQse has 20 rooms.
Total area of all rooms = 20 rooms × 342 square feet per room = 6840 square feet.

Step 3: Determine the amount of carpet needed.
Since the carpet needs to cover the entire floor of all rooms, the amount of carpet needed is equal to the total area of all rooms.

Therefore, JeQse needs 6840 square feet of carpet to cover the floors of all rooms.

#### 6840",text
274,Jesse's rooms are 19 feet long and 18 feet wide. If she has 20 rooms in all How much carpet does she need to cover the floors of all rooms?,Next on his checklist is wax to stick the feathers together. If the feathers require 166 g of wax and right now he has 20 g How many more grams of wax does he need?,6840,146,"To solve this problem, we need to determine how many more grams of wax Riaht needs to stick the feathers together.

1. The feathers require 166 grams of wax.
2. Riaht currently has 20 grams of wax.

We can find the additional amount of wax needed by subtracting the amount Riaht has from the total required amount:

\[ \text{Additional wax needed} = \text{Total wax required} - \text{Wax currently available} \]

\[ \text{Additional wax needed} = 166 \, \text{g} - 20 \, \text{g} \]

\[ \text{Additional wax needed} = 146 \, \text{g} \]

Therefore, Riaht needs 146 more grams of wax.

#### 146",text
275,Next on his checklist is wax to stick the feathers together. If the feathers require 166 g of wax and right now he has 20 g How many more grams of wax does he need?,15 campers went rowing in the morning. Some more campers went rowing in the afternoon. If a total of 32 campers went rowing that day How many campers went rowing in the afternoon?,146,17,"To solve this problem, we need to determine the number of campers who went rowing in the afternoon. Let's break down the information given:

- 15 campers went rowing in the morning.
- A total of 32 campers went rowing that day.

We can set up the equation as follows:

Number of campers who went rowing in the morning + Number of campers who went rowing in the afternoon = Total number of campers who went rowing

15 + Number of campers who went rowing in the afternoon = 32

To find the number of campers who went rowing in the afternoon, we subtract the number of campers who went rowing in the morning from the total number of campers who went rowing:

Number of campers who went rowing in the afternoon = 32 - 15

Number of campers who went rowing in the afternoon = 17

Therefore, 17 campers went rowing in the afternoon.

#### 17",text
276,15 campers went rowing in the morning. Some more campers went rowing in the afternoon. If a total of 32 campers went rowing that day How many campers went rowing in the afternoon?,We ordered some pizzas. Each pizza has 2 slices. If there were a total of 28 slices How many pizzas did we order?,17,14,"To solve this problem, we need to determine the number of pizzas ordered based on the total number of slices and the number of slices per pizza.

1. We know that each pizza has 2 slices.
2. The total number of slices is 28.

We can set up the equation as follows:
Number of pizzas * Number of slices per pizza = Total number of slices

Let's denote the number of pizzas as P. Therefore, the equation becomes:
P * 2 = 28

To find the number of pizzas, we divide both sides of the equation by 2:
P = 28 / 2

P = 14

So, we ordered 14 pizzas.

#### 14",text
277,We ordered some pizzas. Each pizza has 2 slices. If there were a total of 28 slices How many pizzas did we order?,Paul got a box of 521 crayons and 66 erasers for his birthday. At the end of the school year he only had 154 left while not having lost a single erasers. How many crayons had been lost or given away?,14,367,"To solve this problem, we need to determine the number of crayons that have been lost or given away. Let's break down the information given:

- Pal initially had 521 crayons.
- Pal initially had 66 erasers.
- At the end of the school year, Pal had 14 crayons left.
- Pal did not lose any erasers.

We can set up the equation as follows:

Initial number of crayons - Number of crayons left = Number of crayons lost or given away

521 - 14 = 507

Therefore, Pal has lost or given away 507 crayons.

#### 507",neither
278,Paul got a box of 521 crayons and 66 erasers for his birthday. At the end of the school year he only had 154 left while not having lost a single erasers. How many crayons had been lost or given away?,41 children were riding on the bus. At the bus stop some children got off the bus. Then there were 18 children left on the bus. How many more children were on the bus before the bus stop than there are now?,367,23,"To solve this problem, we need to determine the number of children who were on the bus before the bus stop than there are now. 

Let's break down the information given:
- Initially, there were 41 children on the bus.
- At the bus stop, 15 children got off.
- After the bus stop, there were 18 children left on the bus.

We can set up the equation as follows:
Number of children initially on the bus - Number of children who got off = Number of children left on the bus

41 - 15 = 18

Therefore, the number of children who were on the bus before the bus stop than there are now is 41 - 15 = 26.

#### 26",neither
279,41 children were riding on the bus. At the bus stop some children got off the bus. Then there were 18 children left on the bus. How many more children were on the bus before the bus stop than there are now?,Tiffany was collecting cans for recycling. On monday she had 7 bags of cans. The next day she found 12 more bags worth of cans. How many more bags did she find on the next day than she had on monday?,23,5,"On Monday, Tiffany had 7 bags of cans. On the next day, she found 12 bags worth of cans. To find out how many more bags she found on the next day than she had on Monday, we subtract the number of bags she had on Monday from the number of bags she found on the next day. 

12 - 7 = 5

So, Tiffany found 5 more bags of cans on the next day than she had on Monday. 

#### 5",text
280,Tiffany was collecting cans for recycling. On monday she had 7 bags of cans. The next day she found 12 more bags worth of cans. How many more bags did she find on the next day than she had on monday?,Edward had $ 18. He spent $ 16. How much money does Edward have now?,5,2,"To solve this problem, we need to determine the value of y, which represents the amount of money Edward has now.

Let's break down the information given:

Initial amount of money: $18
Amount of money spent: $164

We can set up the equation as follows:

Initial amount of money - Amount of money spent = Amount of money Edward has now

$18 - $164 = y

Now, let's perform the subtraction:

$18 - $164 = -$146

Therefore, the value of the unknown variable y is -$146. Edward has -$146 now.

#### -$146",neither
281,Edward had $ 18. He spent $ 16. How much money does Edward have now?,Lawrence county has 898051 kids. During summer break 629424 kids go to camp and the rest stay home. How many kids stay home?,2,268627,"To find out how many kids stay home, we need to subtract the number of kids who go to camp from the total number of kids in the county. 

Step 1: Identify the total number of kids in the county.
Total number of kids = 898051

Step 2: Identify the number of kids who go to camp.
Number of kids who go to camp = 62924

Step 3: Subtract the number of kids who go to camp from the total number of kids.
Number of kids who stay home = Total number of kids - Number of kids who go to camp
Number of kids who stay home = 898051 - 62924

Step 4: Perform the subtraction.
Number of kids who stay home = 865627

So, 865627 kids stay home during the summer break. 

#### 865627",neither
282,Lawrence county has 898051 kids. During summer break 629424 kids go to camp and the rest stay home. How many kids stay home?,There were 16 roses and 3 orchids in the vase. Jessica cut some more roses and orchids from her flower garden. There are now 7 orchids and 13 roses in the vase. How many orchids did she cut?,268627,4,"To solve this problem, we need to determine how many orchids Jessica cut from the vase. Let's break down the information given:

Initial number of roses: 16
Initial number of orchids: 3

After cutting, the vase has:
7 orchids
13 roses

We can set up the following equations based on the given information:

Initial number of roses - Number of roses cut = Number of roses remaining
16 - Number of roses cut = 13

Initial number of orchids - Number of orchids cut = Number of orchids remaining
3 - Number of orchids cut = 7

Let's solve these equations step by step:

1. Solve for the number of roses cut:
16 - Number of roses cut = 13
Number of roses cut = 16 - 13
Number of roses cut = 3

2. Solve for the number of orchids cut:
3 - Number of orchids cut = 7
Number of orchids cut = 3 - 7
Number of orchids cut = -4

Since the number of orchids cut cannot be negative, we need to re-evaluate the problem. It seems there might be a mistake in the problem statement or the way it was",neither
283,There were 16 roses and 3 orchids in the vase. Jessica cut some more roses and orchids from her flower garden. There are now 7 orchids and 13 roses in the vase. How many orchids did she cut?,In a school there are 635 girls and the rest are boys. If there are 510 more boys than girls How many boys are there in that school?,4,1145,"To solve this problem, we need to determine the number of boys in the school. Let's break down the information given:

1. There are 635 girls in the school.
2. There are 310 more boys than girls.

We can set up the equation as follows:

Number of boys = Number of girls + 310

Let's substitute the number of girls into the equation:

Number of boys = 635 + 310

Now, let's perform the addition:

Number of boys = 945

Therefore, there are 945 boys in the school.

#### 945",neither
284,In a school there are 635 girls and the rest are boys. If there are 510 more boys than girls How many boys are there in that school?,Danny collects bottle caps and wrappers. He found 30 bottle caps and 14 wrappers at the park. Now he has 7 bottle caps and 86 wrappers in his collection. How many more bottle caps than wrappers did danny find at the park?,1145,16,"To solve this problem, we need to determine how many more bottle caps than wrappers Danny found at the park. Let's break down the information given:

1. Danny found M0 bottle caps and 1 wrapper at the park.
2. Now, Danny has 7 bottle caps and 86 wrappers in his collection.

We can set up the equation as follows:

Number of bottle caps found at the park + Number of bottle caps already in the collection = Total number of bottle caps
M0 + 7 = Total number of bottle caps

Number of wrappers found at the park + Number of wrappers already in the collection = Total number of wrappers
1 + 86 = Total number of wrappers

Now, let's solve for the total number of bottle caps and wrappers:

Total number of bottle caps = M0 + 7
Total number of wrappers = 1 + 86 = 87

To find out how many more bottle caps than wrappers Danny found at the park, we subtract the total number of wrappers from the total number of bottle caps:

Total number of bottle caps - Total number of wrappers = Difference
(M0 + 7) - 87 = Difference

Since we don't have the exact value",neither
285,Danny collects bottle caps and wrappers. He found 30 bottle caps and 14 wrappers at the park. Now he has 7 bottle caps and 86 wrappers in his collection. How many more bottle caps than wrappers did danny find at the park?,There were 174 parents in the program and 521 pupils too. How many more pupils were present compared to parents in the program?,16,347,"To solve this problem, we need to find out how many more pupils were present compared to parents in the program.

Step 1: Identify the number of parents and pupils in the program.
- Number of parents: 174
- Number of pupils: 521

Step 2: Calculate the difference between the number of pupils and parents.
- Difference = Number of pupils - Number of parents
- Difference = 521 - 174

Step 3: Perform the subtraction.
- Difference = 347

So, there were 347 more pupils present compared to parents in the program.

#### 347",text
286,There were 174 parents in the program and 521 pupils too. How many more pupils were present compared to parents in the program?,Matthew gave 6 crackers to each his friends. If he had 36 crackers How many friends did he give crackers to?,347,6,"To solve this problem, we need to determine the number of friends Matthe gave crackers to, given that he had 36 crackers and each friend received 4 crackers.

Step 1: Identify the total number of crackers Matthe had.
Matthe had 36 crackers.

Step 2: Identify the number of crackers each friend received.
Each friend received 4 crackers.

Step 3: Divide the total number of crackers by the number of crackers each friend received.
36 crackers ÷ 4 crackers per friend = 9 friends

Therefore, Matthe gave crackers to 9 friends.

#### 9",neither
287,Matthew gave 6 crackers to each his friends. If he had 36 crackers How many friends did he give crackers to?,There are 20 different books in the ' crazy silly school ' series. If you are yet to read 5 of the books How many books have you already read?,6,15,"To solve this problem, we need to determine how many books Matthew has already read, given that there are 20 books in the series and he has 5 books left to read.

Step 1: Identify the total number of books in the series.
There are 20 books in the series.

Step 2: Identify the number of books Matthew has left to read.
Matthew has 5 books left to read.

Step 3: Calculate the number of books Matthew has already read.
To find out how many books Matthew has already read, we subtract the number of books he has left to read from the total number of books in the series.

Number of books already read = Total number of books - Number of books left to read
Number of books already read = 20 - 5

Step 4: Perform the subtraction.
20 - 5 = 15

Matthew has already read 15 books.

#### 15",text
288,There are 20 different books in the ' crazy silly school ' series. If you are yet to read 5 of the books How many books have you already read?,"The grasshopper, the frog and the mouse had a jumping contest. The grasshopper jumped 24 inches. The frog jumped 33 inches farther than the grasshopper and the mouse jumped 5 inches lesser than the frog. How much farther did the mouse jump than the grasshopper?",15,28,"The frog jumped 33 inches farther than the grasshopper, so the frog jumped 24 + 33 = 57 inches.
The mouse jumped 5 inches less than the frog, so the mouse jumped 57 - 5 = 52 inches.
Therefore, the mouse jumped 52 - 24 = 28 inches farther than the grasshopper.
#### 28",text
289,"The grasshopper, the frog and the mouse had a jumping contest. The grasshopper jumped 24 inches. The frog jumped 33 inches farther than the grasshopper and the mouse jumped 5 inches lesser than the frog. How much farther did the mouse jump than the grasshopper?",Haley grew 13 trees in her backyard. After a typhoon 6 died. How many more trees survived the typhoon than those that died?,28,1,HalKy rew 13 trees in her backyard. AfteS a typhoon 6 died. How many more trees survived the typhoon than those that didz,neither
290,Haley grew 13 trees in her backyard. After a typhoon 6 died. How many more trees survived the typhoon than those that died?,There are 8 different books and 10 different movies in the ' crazy silly school ' series. If you read 19 of the books and watched 61 of the movies How many more movies than books are there in the ' crazy silly school ' series?,1,2,"To solve this problem, we need to determine the difference between the number of movies watched and the number of books read.

1. Number of books read: 19
2. Number of movies watched: 61

We need to find the difference between these two numbers.

Difference = Number of movies watched - Number of books read
Difference = 61 - 19

Now, let's calculate the difference:

Difference = 42

Therefore, there are 42 more movies watched than books in the 'crazy silly school' series.

#### 42",neither
291,There are 8 different books and 10 different movies in the ' crazy silly school ' series. If you read 19 of the books and watched 61 of the movies How many more movies than books are there in the ' crazy silly school ' series?,Faye was placing her pencils into rows with 22 pencils in each row. She had 6 packs of pencils each one having 14 pencils. How many pencils does she have?,2,84,"To solve this problem, we need to determine the total number of pencils Faye has. We know that each pack of pencils has 14 pencils, and Faye has 6 packs. 

First, let's calculate the total number of pencils in the packs:
14 pencils/pack * 6 packs = 84 pencils

Therefore, Faye has 84 pencils in total.

#### 84",text
292,Faye was placing her pencils into rows with 22 pencils in each row. She had 6 packs of pencils each one having 14 pencils. How many pencils does she have?,White t - shirts can be purchased in packages. If mom buys 66 white t - shirts where each package has 3 white t - shirts. How many packages will she have?,84,22,"To solve this problem, we need to determine how many packages of white t-shirts Tom will have after buying 66 white t-shirts, with each package containing 3 white t-shirts.

Step 1: Identify the number of white t-shirts Tom buys.
Tom buys 66 white t-shirts.

Step 2: Identify the number of white t-shirts in each package.
Each package contains 3 white t-shirts.

Step 3: Divide the total number of white t-shirts by the number of white t-shirts in each package.
66 white t-shirts ÷ 3 white t-shirts per package = 22 packages

Therefore, Tom will have 22 packages of white t-shirts.

#### 22",text
293,White t - shirts can be purchased in packages. If mom buys 66 white t - shirts where each package has 3 white t - shirts. How many packages will she have?,Mary is baking a cake. The recipe calls for 5 cups of sugar and 13 cups of flour. She already put in some cups of flour. If she still needs 12 more cups of flour How many cups of flour did she put in?,22,1,"To solve this problem, we need to determine how many cups of flour Mary has already put in, given that she needs 12 more cups of flour and the recipe calls for 1S cups of flour in total.

Let's break down the information given:
- The recipe calls for 1S cups of flour.
- Mary needs 12 more cups of flour.

We can set up the equation as follows:
Cups of flour already put in + 12 cups of flour needed = Total cups of flour

Let's solve for the cups of flour already put in:
Cups of flour already put in + 12 = 1S

To isolate the cups of flour already put in, we subtract 12 from both sides of the equation:
Cups of flour already put in = 1S - 12

Therefore, Mary has already put in 1S - 12 cups of flour.

#### 1S - 12",text
294,Mary is baking a cake. The recipe calls for 5 cups of sugar and 13 cups of flour. She already put in some cups of flour. If she still needs 12 more cups of flour How many cups of flour did she put in?,"7 red peaches, 15 yellow peaches and 8 green peaches are in the basket. How many peaches are in the basket?",1,30,"To solve this problem, we need to determine the total number of peaches in the basket. We are given the number of red, yellow, and green peaches, and we need to add them together.

1. Identify the number of each type of peach:
   - Red peaches: 7
   - Yellow peaches: 15
   - Green peaches: 8

2. Add the number of each type of peach together:
   - Total peaches = Red peaches + Yellow peaches + Green peaches
   - Total peaches = 7 + 15 + 8

3. Perform the addition:
   - 7 + 15 = 22
   - 22 + 8 = 30

Therefore, there are 30 peaches in the basket.

#### 30",text
295,"7 red peaches, 15 yellow peaches and 8 green peaches are in the basket. How many peaches are in the basket?",Jack received 3 emails and 64 letters in the morning. He then received 5 emails and 54 letters in the afternoon. How many emails did jack receive in the day?,30,8,"To solve this problem, we need to determine the total number of emails Jack received in a day. We know that Jack received 7 red peaches and 5 yellow peaches in the morning. In the afternoon, he received 5 more emails and 54 more letters. We need to find out how many emails Jack received in total.

Let's break down the information given:
- Jack received 7 red peaches in the morning.
- Jack received 5 yellow peaches in the morning.
- Jack received 5 more emails in the afternoon.
- Jack received 54 more letters in the afternoon.

To find the total number of emails Jack received in a day, we add the number of emails he received in the morning and the number of emails he received in the afternoon:

Total emails = Emails in the morning + Emails in the afternoon
Total emails = 7 + 5

Total emails = 12

Therefore, Jack received 12 emails in a day.

#### 12",neither
296,Jack received 3 emails and 64 letters in the morning. He then received 5 emails and 54 letters in the afternoon. How many emails did jack receive in the day?,Ed had 2 more marbles than Doug. Doug lost some of his marbles at the playground. Now Ed has 19 more marbles than doug. How many marbles did Doug lose?,8,17,"Let's solve the problem step by step.

1. We know that Ed has 19 more marbles than Doug.
2. Let's assume Doug has x marbles.
3. Therefore, Ed has x + 19 marbles.
4. We need to find the value of x.

Since the problem is not clear, let's assume that Ed has 19 more marbles than Doug.

Let's solve the problem step by step.

1. We know that Ed has 19 more marbles than Doug.
2. Let's assume Doug has x marbles.
3. Therefore, Ed has x + 19 marbles.
4. We need to find the value of x.

Since the problem is not clear, let's assume that Ed has 19 more marbles than Doug.

Let's solve the problem step by step.

1. We know that Ed has 19 more marbles than Doug.
2. Let's assume Doug has x marbles.
3. Therefore, Ed has x + 19 marbles.
4. We need to find the value of x.

Since the problem is not clear, let's assume that Ed has 19 more marbles than Doug.

Let's solve the problem step by step.

1. We know that Ed has",neither
297,Ed had 2 more marbles than Doug. Doug lost some of his marbles at the playground. Now Ed has 19 more marbles than doug. How many marbles did Doug lose?,Dan has $ 3 left with him after he bought a candy bar for $ 2. How much money did he have initially?,17,5,"To solve this problem, we need to determine how much money Dan had initially before he bought the candy bar.

Step 1: Identify the given information.
- Dan has $3 left after buying a candy bar.
- The candy bar cost $2.

Step 2: Set up the equation.
Let's denote the initial amount of money Dan had as ""x"". After buying the candy bar, he has $3 left. Therefore, we can write the equation as:
x - $2 = $3

Step 3: Solve the equation.
To find the initial amount of money, we need to isolate ""x"" on one side of the equation. We can do this by adding $2 to both sides of the equation:
x - $2 + $2 = $3 + $2
x = $5

So, Dan initially had $5.

#### 5",text
298,Dan has $ 3 left with him after he bought a candy bar for $ 2. How much money did he have initially?,Jake has 13 fewer peaches and 3 more apples than Steven. Steven has 9 peaches and 8 apples. How many apples does Jake have?,5,11,"To solve this problem, we need to determine how many apples Jake has. Let's break down the information given:

1. Jake has 13 peaches.
2. Jake has 3 more apples than Steven.
3. Steven has 9 peaches.
4. Steven has 8 apples.

First, let's find out how many apples Steven has. Since Jake has 3 more apples than Steven, we can set up the following equation:

Jake's apples = Steven's apples + 3

Now, let's find out how many apples Steven has. Since Steven has 8 apples, we can substitute this value into the equation:

Jake's apples = 8 + 3

Jake's apples = 11

Therefore, Jake has 11 apples.

#### 11",text
299,Jake has 13 fewer peaches and 3 more apples than Steven. Steven has 9 peaches and 8 apples. How many apples does Jake have?,Winter is almost here and most animals are migrating to warmer countries. There are 41 bird families living near the mountain. If 35 bird families flew away to asia and 62 bird families flew away to africa How many more bird families flew away to africa than those that flew away to asia?,11,27,"To solve this problem, we need to determine the difference in the number of bird families that flew to Africa compared to those that flew to Asia.

1. First, let's find out how many bird families flew to Africa:
   - We know that 3 bird families flew to Asia.
   - We also know that 62 bird families flew to Africa.

2. Now, let's calculate the difference between the number of bird families that flew to Africa and those that flew to Asia:
   - Difference = Number of bird families that flew to Africa - Number of bird families that flew to Asia
   - Difference = 62 - 3

3. Perform the subtraction:
   - Difference = 59

Therefore, 59 more bird families flew to Africa than those that flew to Asia.

#### 59",neither
