problem_id,image_question,text_question,image_reference,text_reference,prediction,follows,prompt_role
0,Winter is almost here and most animals are migrating to warmer countries. There are 41 bird families living near the mountain. If 35 bird families flew away to asia and 62 bird families flew away to africa How many more bird families flew away to africa than those that flew away to asia?,Paige raised 7 goldfish and 12 catfish in the pond but stray cats loved eating them. Now she has 15 left. How many fishes disappeared?,27,4,"To solve the problem, we need to find out how many fishes disappeared.

Let's denote the number of goldfish as x and the number of catfish as y.

According to Source A, Paige initially raised x goldfish and y catfish.

According to Source B, Paige now has 15 fishes left.

We can set up an equation to represent the situation:

x (goldfish) + y (catfish) = 15 (total fishes)

We know that x + y = 15, but we don't have enough information to determine the exact values of x and y.

Therefore, we cannot determine the exact number of fishes that disappeared.

#### <answer>",neither,neutral
1,Paige raised 7 goldfish and 12 catfish in the pond but stray cats loved eating them. Now she has 15 left. How many fishes disappeared?,Marco and his dad went strawberry picking. Together they collected strawberries that weighed 22 pounds. On the way back Marco ' dad found 30 more pounds of strawberries. Marco's strawberries now weighed 36 pounds. How much did his dad's strawberries weigh now?,4,16,"To solve this problem, we need to find the weight of the strawberries that Marco's dad collected. We know that Marco's strawberries weighed 22 pounds, and after finding more strawberries, they weighed a total of 36 pounds.

First, let's find the weight of the strawberries that Marco collected. We can do this by subtracting the weight of the strawberries that Marco's dad found from the total weight of the strawberries they collected.

Weight of Marco's strawberries = Total weight - Weight of Marco's dad's strawberries
Weight of Marco's strawberries = 36 pounds - 30 pounds
Weight of Marco's strawberries = 6 pounds

Now that we know Marco's strawberries weighed 6 pounds, we can find the weight of Marco's dad's strawberries by subtracting the weight of Marco's strawberries from the total weight of the strawberries they collected.

Weight of Marco's dad's strawberries = Total weight - Weight of Marco's strawberries
Weight of Marco's dad's strawberries = 22 pounds - 6 pounds
Weight",neither,neutral
2,Marco and his dad went strawberry picking. Together they collected strawberries that weighed 22 pounds. On the way back Marco ' dad found 30 more pounds of strawberries. Marco's strawberries now weighed 36 pounds. How much did his dad's strawberries weigh now?,Debby bought 200 water bottles and 256 soda bottles when they were on sale. If she drank 312 water bottles and 4 soda bottles a day How many days would the soda bottles last?,16,64,"To solve this problem, we need to find out how many soda bottles Debby has and how many soda bottles she drinks per day.

From Source A, we know that Debby bought 200 water bottles and 256 soda bottles.
From Source B, we know that Debby drank 312 water bottles and 4 soda bottles a day.

First, let's calculate the total number of soda bottles Debby has:
256 soda bottles

Next, let's calculate the total number of soda bottles Debby has consumed:
4 soda bottles per day
4 soda bottles per day for 312 days

Now, let's subtract the consumed soda bottles from the total number of soda bottles:
256 soda bottles - 4 soda bottles per day for 312 days

256 - (4 * 312) = 256 - 1248 = 256 - 1248 = 1292

So, Debby has 1292 soda bottles left.

To find out",neither,neutral
3,Debby bought 200 water bottles and 256 soda bottles when they were on sale. If she drank 312 water bottles and 4 soda bottles a day How many days would the soda bottles last?,There were 106 dollars in Olivia's wallet. After she visited a supermarket and a showroom there were 26 dollars left. If she spent 49 dollars at the showroom How much did she spend at the supermarket?,64,31,"To solve the problem, we can set up an equation using the information provided in Source A. Let's denote the amount of money Olivia spent at the supermarket as x.

The total amount of money Olivia had initially was 106 dollars. After visiting the supermarket and the showroom, she had 26 dollars left. Therefore, the total amount of money she spent at both places was:

106 - 26 = 100 dollars

Since she spent 49 dollars at the showroom, we can set up the following equation:

49 = 100 - x

To find the amount of money Olivia spent at the supermarket, we need to solve for x:

x = 100 - 49
x = 51 dollars

Therefore, Olivia spent 51 dollars at the supermarket.

#### <51>",neither,neutral
4,There were 106 dollars in Olivia's wallet. After she visited a supermarket and a showroom there were 26 dollars left. If she spent 49 dollars at the showroom How much did she spend at the supermarket?,Faye was placing her pencils and crayons into 30 rows with 71 crayons and 24 pencils in each row. How many pencils does she have?,31,720,"To solve the problem, we need to find the total number of pencils Faye has. We know that there are 30 rows, and each row contains 24 pencils.

Total number of pencils = Number of rows * Pencils per row
Total number of pencils = 30 rows * 24 pencils/row
Total number of pencils = 720 pencils

#### <720>",text,neutral
5,Faye was placing her pencils and crayons into 30 rows with 71 crayons and 24 pencils in each row. How many pencils does she have?,Ed had 10 more marbles than Doug. Doug lost 11 of his marbles at the playground. If Ed had 45 marbles How many more marbles did Ed have than Doug then?,720,21,"To solve the problem, we need to find the difference between the number of marbles Ed had and the number of marbles Doug had after Doug lost 11 marbles.

Let's denote the number of marbles Doug had as x.
According to the problem, Ed had 10 more marbles than Doug, so Ed had x + 10 marbles.

After Doug lost 11 marbles, he had x - 11 marbles.

The problem states that Ed had 45 marbles, so we can set up the equation:

x + 10 = 45

Subtract 10 from both sides of the equation:

x = 45 - 10
x = 35

So, Doug had 35 marbles before he lost 11 marbles.

Now, we can find the difference between the number of marbles Ed had and the number of marbles Doug had after Doug lost 11 marbles:

(x + 10) - (x - 11)

Subtract x from both sides of the equation:

10 + 1",neither,neutral
6,Ed had 10 more marbles than Doug. Doug lost 11 of his marbles at the playground. If Ed had 45 marbles How many more marbles did Ed have than Doug then?,26 children were riding on the bus. At the bus stop 38 more children got on the bus. How many children are on the bus now?,21,64,"To solve the problem, we need to add the number of children on the bus from Source A to the number of children who got on the bus from Source B.

From Source A:
26 children were on the bus.

From Source B:
38 more children got on the bus.

So, the total number of children on the bus now is:
26 + 38 = 64

Therefore, the answer is:
#### 64 <answer>",text,neutral
7,26 children were riding on the bus. At the bus stop 38 more children got on the bus. How many children are on the bus now?,Helen the hippo and her friends are preparing for thanksgiving at Helen's house. Helen baked 31 cookies yesterday 270 cookies this morning and 419 cookies the day before yesterday. How many cookies did Helen bake till last night?,64,450,"To solve the problem, we need to add the number of cookies Helen baked each day:

1. 31 cookies yesterday
2. 270 cookies this morning
3. 419 cookies the day before yesterday

Adding these numbers together:
31 + 270 + 419 = 710

So, Helen baked a total of 710 cookies till last night.
#### <710>",neither,neutral
8,Helen the hippo and her friends are preparing for thanksgiving at Helen's house. Helen baked 31 cookies yesterday 270 cookies this morning and 419 cookies the day before yesterday. How many cookies did Helen bake till last night?,He then went to see the oranges being harvested. He found out that they harvest 66 sacks per day and that each sack containes 25 oranges. How many oranges will they have after 87 days of harvest?,450,143550,"To solve the problem, we need to find the total number of oranges harvested after 87 days.

1. We know that they harvest 66 sacks per day.
2. Each sack contains 25 oranges.
3. To find the total number of oranges harvested per day, we multiply the number of sacks by the number of oranges in each sack:
   Total oranges per day = Sacks per day * Oranges per sack
   = 66 sacks * 25 oranges/sack
   = 1650 oranges

4. Now, we need to find the total number of oranges harvested after 87 days. We multiply the number of oranges per day by the number of days:
   Total oranges after 87 days = Oranges per day * Number of days
   = 1650 oranges/day * 87 days
   = 143,550 oranges

#### <143,550>",text,neutral
9,He then went to see the oranges being harvested. He found out that they harvest 66 sacks per day and that each sack containes 25 oranges. How many oranges will they have after 87 days of harvest?,An industrial machine made 9 shirts yesterday and 44 shirts today. It can make 3 shirts a minute. How many minutes did the machine work yesterday?,143550,3,"To solve the problem, we need to find out how many shirts the machine made in total and then convert the number of shirts made today into minutes.

First, let's find the total number of shirts made by the machine:
9 shirts yesterday + 44 shirts today = 53 shirts

Next, we need to find out how many minutes it took the machine to make 53 shirts. We know that the machine can make 3 shirts a minute, so we can set up a proportion:

53 shirts / 3 shirts/minute = x minutes

Now, we can solve for x:

x minutes = 53 shirts / 3 shirts/minute
x minutes = 17.67 minutes

Since the machine cannot work for a fraction of a minute, we need to round up to the nearest whole number. Therefore, the machine worked for 18 minutes to make 53 shirts.

#### <18>",neither,neutral
10,An industrial machine made 9 shirts yesterday and 44 shirts today. It can make 3 shirts a minute. How many minutes did the machine work yesterday?,Bryan took a look at his books and magazines. If he has 9 books and 46 magazines in each of his 10 bookshelves How many magazines does he have in total?,3,460,"To solve the problem, we need to find the total number of magazines Bryan has. We know that he has 9 books and 46 magazines in each of his 10 bookshelves.

First, we need to find the number of magazines in one bookshelf:

Magazines per bookshelf = 46 magazines

Next, we need to find the total number of magazines in all 10 bookshelves:

Total magazines = Magazines per bookshelf x Number of bookshelves

Total magazines = 46 magazines x 10 bookshelves

Total magazines = 460 magazines

Therefore, Bryan has a total of 460 magazines.

##### <460>",text,neutral
11,Bryan took a look at his books and magazines. If he has 9 books and 46 magazines in each of his 10 bookshelves How many magazines does he have in total?,Dave had 17 apps on his phone. After adding some he had 18 left. How many apps did he add?,460,1,"To solve the problem, we need to find the number of apps Dave added. We know that he had 17 apps initially and ended up with 18 apps.

Let's denote the number of apps Dave added as 'x'.

We can set up an equation to represent the situation:

Initial apps + Apps added = Final apps
17 + x = 18

Now, we can solve for 'x', the number of apps Dave added:

x = 18 - 17
x = 1

So, Dave added 1 app to his phone.

#### <answer>",text,neutral
12,Dave had 17 apps on his phone. After adding some he had 18 left. How many apps did he add?,Dan has $ 4. He bought a candy bar for $ 7 and a chocolate for $ 6. How much money did he spend buying the candy bar and chocolate?,1,13,"To solve the problem, we need to add the cost of the candy bar and the cost of the chocolate.

Step 1: Add the cost of the candy bar and the cost of the chocolate.
$ 7 (candy bar) + $ 6 (chocolate) = $ 13

The total amount of money Dan spent is $ 13.

#### <$ 13>",text,neutral
13,Dan has $ 4. He bought a candy bar for $ 7 and a chocolate for $ 6. How much money did he spend buying the candy bar and chocolate?,The bananas in Philip's collection are organized into 196 groups. If there are a total of 392 bananas in Philip's banana collection How big is each group?,13,2,"To solve the problem, we need to find the size of each group in Philip's banana collection. We are given that there are 392 bananas in total and that they are organized into 196 groups.

To find the size of each group, we can divide the total number of bananas by the number of groups:

392 bananas / 196 groups = 1.98 bananas per group

Since we cannot have a fraction of a banana, we can round down to the nearest whole number:

1.98 bananas per group ≈ 2 bananas per group

Therefore, each group in Philip's banana collection contains approximately 2 bananas.

#### <answer>",text,neutral
14,The bananas in Philip's collection are organized into 196 groups. If there are a total of 392 bananas in Philip's banana collection How big is each group?,The cave is 1218 feet deep and they are already at 849 feet. If they are travelling at speed of 17 How much farther until they reach the end of the cave?,2,369,"To solve the problem, we need to find the distance remaining to reach the end of the cave. The cave is 1218 feet deep, and they are already at 849 feet.

1. Subtract the current depth from the total depth to find the remaining distance:
1218 feet - 849 feet = 3629 feet

#### <answer> 3629 feet",neither,neutral
15,The cave is 1218 feet deep and they are already at 849 feet. If they are travelling at speed of 17 How much farther until they reach the end of the cave?,The Ferris wheel in paradise park has 4 seats. If 20 people can ride the wheel at the same time How many people can each seat hold?,369,5,"To solve the problem, we need to divide the total number of people that can ride the Ferris wheel by the number of seats available.

Step 1: Identify the total number of people that can ride the Ferris wheel.
Total number of people = 20

Step 2: Identify the number of seats available on the Ferris wheel.
Number of seats = 4

Step 3: Divide the total number of people by the number of seats to find the number of people each seat can hold.
People per seat = Total number of people / Number of seats
People per seat = 20 / 4
People per seat = 5

Therefore, each seat on the Ferris wheel can hold 5 people.
#### <5>",text,neutral
16,The Ferris wheel in paradise park has 4 seats. If 20 people can ride the wheel at the same time How many people can each seat hold?,A farmer had 177 tomatoes and 12 potatoes in his garden. If he picked 53 tomatoes How many tomatoes and potatoes does he have left?,5,136,"To solve the problem, we need to find out how many tomatoes and potatoes the farmer has left after picking 53 tomatoes.

Step 1: Subtract the number of tomatoes picked from the total number of tomatoes.
177 tomatoes - 53 tomatoes = <<177-53=124>>124 tomatoes

Step 2: The farmer had 12 potatoes in his garden. Since no information is provided about the number of potatoes picked, we can assume that the number of potatoes remains the same.

Step 3: Combine the number of tomatoes and potatoes left.
124 tomatoes + 12 potatoes = <<124+12=136>>136 tomatoes and potatoes

Therefore, the farmer has 136 tomatoes and potatoes left in his garden.

#### <136>",text,neutral
17,A farmer had 177 tomatoes and 12 potatoes in his garden. If he picked 53 tomatoes How many tomatoes and potatoes does he have left?,Danny collects bottle caps. He lost 66 bottle caps at the park. Now he has 25 bottle caps in his collection. How many bottle caps did danny have at first?,136,91,"To solve the problem, we need to find out how many bottle caps Danny had at first. We know that he lost 66 bottle caps and now he has 25 bottle caps.

To find out how many bottle caps Danny had at first, we need to add the number of bottle caps he has now to the number of bottle caps he lost.

25 bottle caps (now) + 66 bottle caps (lost) = 91 bottle caps (at first)

Therefore, Danny had 91 bottle caps at first.

##### <91>",text,neutral
18,Danny collects bottle caps. He lost 66 bottle caps at the park. Now he has 25 bottle caps in his collection. How many bottle caps did danny have at first?,"Jack received 4 emails in the morning, 5 emails in the afternoon and 8 emails in the evening. How many emails did Jack receive in the afternoon and evening?",91,13,"To solve the problem, we need to find the total number of emails Jack received and then subtract the number of emails he received in the morning to find the number of emails he received in the afternoon and evening.

According to Source A, Jack received 4 emails in the morning.

According to Source B, Jack received 4 emails in the morning, 5 emails in the afternoon, and 8 emails in the evening.

Therefore, the total number of emails Jack received is 4 (morning) + 5 (afternoon) + 8 (evening) = 17 emails.

To find the number of emails Jack received in the afternoon and evening, we need to subtract the number of emails he received in the morning from the total number of emails he received.

17 (total emails) - 4 (morning emails) = 13 emails

So, Jack received 13 emails in the afternoon and evening.

##### <13>",text,neutral
19,"Jack received 4 emails in the morning, 5 emails in the afternoon and 8 emails in the evening. How many emails did Jack receive in the afternoon and evening?",Paco had 22 sweet cookies and 75 salty cookies. He ate 15 sweet cookies and 54 salty cookies. How many sweet cookies did Paco have left?,13,7,"To solve the problem, we need to find out how many sweet cookies Paco has left after eating 15 sweet cookies and 54 salty cookies.

Step 1: Subtract the number of sweet cookies Paco ate from the total number of sweet cookies he had.
22 sweet cookies (total) - 15 sweet cookies (eaten) = 7 sweet cookies (left)

Therefore, Paco has 7 sweet cookies left.

##### <7>",text,neutral
20,Paco had 22 sweet cookies and 75 salty cookies. He ate 15 sweet cookies and 54 salty cookies. How many sweet cookies did Paco have left?,The ring toss game at the carnival made the same amount of money each day. In total in 5 days they earned 165 dollars. How much did they make per day?,7,33,"To solve the problem, we need to divide the total amount of money earned by the number of days.

Step 1: Identify the total amount of money earned.
Total amount of money earned = 165 dollars

Step 2: Identify the number of days.
Number of days = 5 days

Step 3: Divide the total amount of money earned by the number of days to find the amount of money earned per day.
Amount of money earned per day = Total amount of money earned / Number of days
Amount of money earned per day = 165 dollars / 5 days
Amount of money earned per day = 33 dollars

Therefore, the ring toss game at the carnival made 33 dollars per day.

##### <33>",text,neutral
21,The ring toss game at the carnival made the same amount of money each day. In total in 5 days they earned 165 dollars. How much did they make per day?,Dave had 24 files and 13 apps on his phone. After deleting some apps and files he had 17 apps and 21 files left. How many files did he delete?,33,3,"To solve the problem, we need to find the difference between the number of files before and after deleting.

First, let's find the total number of files and apps before deleting.

Total before deleting = Files + Apps
Total before deleteting = 24 files + 13 apps
Total before deleteting = 37

Next, let's find the total number of files and apps after deleting.

Total after deleting = Files + Apps
Total after deleting = 21 files + 17 apps
Total after deleting = 38

Now, we can find the difference by subtracting the total after deleting from the total before deleting.

Difference = Total before deleting - Total after deleting
Difference = 37 - 38
Difference = -1

However, it is not possible to have a negative number of files and apps. This means that there must be an error in the problem statement or the numbers provided. Please check the sources for accuracy.

#### <answer> -1",neither,neutral
22,Dave had 24 files and 13 apps on his phone. After deleting some apps and files he had 17 apps and 21 files left. How many files did he delete?,In a school there are 569 girls and 236 boys. How many more girls than boys does the school have?,3,333,"To find out how many more girls than boys there are at the school, we need to subtract the number of boys from the number of girls.

569 girls - 236 boys = 333 girls more than boys

##### <333>",text,neutral
23,In a school there are 569 girls and 236 boys. How many more girls than boys does the school have?,Rebecca wants to split a collection of eggs into groups of 11. If each group has 2 eggs How many eggs does Rebecca have?,333,22,"To solve the problem, we need to find out how many eggs Rebecca has in total. We know that she wants to split the eggs into groups of 11, and each group has 2 eggs.

First, let's find out how many groups of 11 eggs Rebecca wants to make:

Number of groups = Total number of eggs / Eggs per group
= 11

Next, we can calculate the total number of eggs by multiplying the number of groups by the number of eggs in each group:

Total number of eggs = Number of groups * Eggs per group
= 11 * 2
= 22

Therefore, Rebecca has 22 eggs in total.

#### <22>",text,neutral
24,Rebecca wants to split a collection of eggs into groups of 11. If each group has 2 eggs How many eggs does Rebecca have?,Mary is baking a cake. The recipe calls for 7 cups of sugar and 10 cups of flour. She already put in 4 cups of sugar. How many more cups of sugar does she need to add?,22,3,"To solve the problem, we need to find out how many cups of sugar Mary still needs to add. We know that she has already added 4 cups of sugar, and the recipe calls for 7 cups of sugar.

To find out how many cups of sugar she still needs to add, we can subtract the number of cups she has already added from the total amount of sugar called for in the recipe.

7 cups of sugar (total amount) - 4 cups of sugar (already added) = 3 cups of sugar (still needed)

Therefore, Mary still needs to add 3 cups of sugar to the cake.

#### <3>",text,neutral
25,Mary is baking a cake. The recipe calls for 7 cups of sugar and 10 cups of flour. She already put in 4 cups of sugar. How many more cups of sugar does she need to add?,Dave had 21 apps on his phone. He added 89 new apps. After deleting some he had 24 left. How many more apps did he add than he deleted?,3,3,"To solve the problem, we need to find the difference between the number of apps Dave added and the number of apps he deleted.

1. Dave had 21 apps on his phone.
2. He added 89 new apps.
3. After deleting some, he had 24 apps left.

Now, let's find the difference between the number of apps he added and the number of apps he deleted:

1. Dave added 89 new apps.
2. He deleted (21 - 24) = 7 apps.
3. The difference between the number of apps he added and the number of apps he deleted is 89 (apps added) - 7 (apps deleted) = 82 apps.

Therefore, Dave added 82 more apps than he deleted.

##### <82>",ambiguous,neutral
26,Dave had 21 apps on his phone. He added 89 new apps. After deleting some he had 24 left. How many more apps did he add than he deleted?,During summer break 202958 kids from Lawrence county go to camp and the other 777622 kids stay home. How many more kids stayed home compared to those who went to the camp?,3,574664,"To solve the problem, we need to find the difference between the number of kids who went to camp and the number of kids who stayed home.

From Source A, we can see that there are 202958 kids who went to camp.
From Source B, we can see that there are 777622 kids who stayed home.

Now, we can find the difference by subtracting the number of kids who went to camp from the number of kids who stayed home:

777622 (kids who stayed home) - 202958 (kids who went to camp) = 574664

Therefore, 574664 more kids stayed home compared to those who went to the camp.

##### <574664>",text,neutral
27,During summer break 202958 kids from Lawrence county go to camp and the other 777622 kids stay home. How many more kids stayed home compared to those who went to the camp?,The grasshopper and the frog had a jumping contest. The grasshopper jumped 13 inches. The grasshopper jumped 2 inches farther than the grasshopper. How far did the frog jump?,574664,11,"To solve the problem, we need to find the distance the frog jumped. We know that the grasshopper jumped 13 inches and the grasshopper jumped 2 inches farther than the grasshopper.

Let's denote the distance the frog jumped as x.

The grasshopper jumped x + 2 inches.

According to the problem, the grasshopper jumped 2 inches farther than the frog, so we can set up the following equation:

x + 2 = 13

Now, we need to solve for x. To do this, we can subtract 2 from both sides of the equation:

x = 13 - 2

x = 11

So, the frog jumped 11 inches.

#### <answer>",text,neutral
28,The grasshopper and the frog had a jumping contest. The grasshopper jumped 13 inches. The grasshopper jumped 2 inches farther than the grasshopper. How far did the frog jump?,Allan brought 3 balloons and 20 balls while Jake brought 5 balloons and 59 balls to the park. How many balloons did Allan and Jake have in the park?,11,8,"To solve the problem, we need to add the number of balloons and balls that Allan and Jake brought to the park.

From Source A, we can see that Allan brought 3 balloons and 20 balls.
From Source B, we can see that Jake brought 5 balloons and 59 balls.

Now, let's add the number of balloons and balls that Allan and Jake brought:
3 balloons (Allan) + 5 balloons (Jake) = 8 balloons
20 balls (Allan) + 59 balls (Jake) = 79 balls

So, Allan and Jake had a total of 8 balloons and 79 balls in the park.

#### <8 balloons, 79 balls>",neither,neutral
29,Allan brought 3 balloons and 20 balls while Jake brought 5 balloons and 59 balls to the park. How many balloons did Allan and Jake have in the park?,He then went to see the oranges being harvested. He found out that they harvest 8 sacks per day. How many days will it take to harvest 24 sacks of oranges?,8,3,"To solve the problem, we need to determine how many days it takes to harvest 24 sacks of oranges. We know that they harvest 8 sacks per day.

To find out how many days it takes to harvest 24 sacks, we can divide the total number of sacks by the number of sacks harvested per day:

24 sacks / 8 sacks per day = 3 days

Therefore, it will take 3 days to harvest 24 sacks of oranges.

#### <answer>",neither,neutral
30,He then went to see the oranges being harvested. He found out that they harvest 8 sacks per day. How many days will it take to harvest 24 sacks of oranges?,Every day Ryan spends 6 hours on learning english and 5 hours on learning chinese. If he learns for 2 days How many hours does he spend on learning english in all?,3,12,"To solve the problem, we need to find out how many hours Ryan spends on learning English in total over the 2 days.

First, we know that Ryan spends 6 hours on learning English each day. So, for 2 days, he spends:

6 hours/day \* 2 days = 12 hours

Therefore, Ryan spends 12 hours on learning English in total over the 2 days.

#### <12>",text,neutral
31,Every day Ryan spends 6 hours on learning english and 5 hours on learning chinese. If he learns for 2 days How many hours does he spend on learning english in all?,Baker made 144 cakes. He sold 71 of them. Then he made 111 more cakes. How many more cakes did baker make than those he sold?,12,184,"To solve the problem, we need to find the difference between the total number of cakes Baker made and the number of cakes he sold.

1. First, let's find the total number of cakes Baker made.
   Total cakes = Cakes made initially + Cakes made later
   Total cakes = 144 + 111
   Total cakes = 255

2. Next, we need to find the number of cakes Baker sold.
   Cakes sold = 71

3. Now, we can find the difference between the total number of cakes Baker made and the number of cakes he sold.
   Difference = Total cakes - Cakes sold
   Difference = 255 - 71
   Difference = 184

Therefore, Baker made 184 more cakes than those he sold.

#### <184>",text,neutral
32,Baker made 144 cakes. He sold 71 of them. Then he made 111 more cakes. How many more cakes did baker make than those he sold?,There were 12 people on the bus. At the next stop 4 more people got on the bus. Each bus can not have more than 36 people. How many people are there on the bus now?,184,16,"To solve the problem, we need to find the total number of people on the bus after the additional passengers have boarded.

1. Start with the initial number of people on the bus, which is 12.
2. Add the number of people who got on the bus at the next stop, which is 4.
3. The total number of people on the bus is now 12 + 4 = 16.

However, the bus can only accommodate a maximum of 36 passengers. Since the total number of people on the bus (16) is greater than the maximum capacity (36), we need to adjust the number of people on the bus to ensure it does not exceed the capacity.

To do this, we can subtract the excess passengers from the total number of people on the bus. The excess passengers are 16 - 36 = -20. Since we cannot have a negative number of passengers, we need to add the absolute value of the excess passengers to the total number of people on the bus.

Therefore, the total number of people on the bus after adjusting for the excess passengers is 16 + |-20| = 1",neither,neutral
33,There were 12 people on the bus. At the next stop 4 more people got on the bus. Each bus can not have more than 36 people. How many people are there on the bus now?,Allan brought 5 balloons and Jake brought 6 balloons to the park. Jake then bought 3 more balloons at the park. How many balloons did Jake bring to the park?,16,9,"To solve the problem, let's follow these steps:

1. Allan brought 5 balloons.
2. Jake brought 6 balloons.
3. Jake then bought 3 more balloons at the park.

Now, let's add the number of balloons Jake initially brought and the number of balloons he bought at the park:

6 (balloons Jake initially brought) + 3 (balloons Jake bought) = 9 balloons

So, Jake brought a total of 9 balloons to the park.

#### <9>",text,neutral
34,Allan brought 5 balloons and Jake brought 6 balloons to the park. Jake then bought 3 more balloons at the park. How many balloons did Jake bring to the park?,An industrial machine worked for 5 minutes. It can make 4 shirts a minute. How many shirts did machine make?,9,20,"To solve the problem, we need to multiply the number of minutes the machine worked by the number of shirts it can make per minute.

5 minutes * 4 shirts/minute = 20 shirts

##### <20>",text,neutral
35,An industrial machine worked for 5 minutes. It can make 4 shirts a minute. How many shirts did machine make?,Paco had 9 sweet cookies and 6 salty cookies. He ate 36 sweet cookies and 3 salty cookies. How many salty cookies did Paco have left?,20,3,"To solve the problem, we need to find out how many salty cookies Paco had left after eating 36 sweet cookies and 3 salty cookies.

First, let's find out how many sweet cookies Paco had left after eating 36 sweet cookies.

9 sweet cookies (initial) - 36 sweet cookies (eaten) = 30 sweet cookies (remaining)

Now, we know that Paco ate 3 salty cookies. So, we need to subtract those from the total number of salty cookies he had initially.

6 salty cookies (initial) - 3 salty cookies (eaten) = 3 salty cookies (remaining)

Therefore, Paco had 3 salty cookies left after eating 36 sweet cookies and 3 salty cookies.

#### <3>",text,neutral
36,Paco had 9 sweet cookies and 6 salty cookies. He ate 36 sweet cookies and 3 salty cookies. How many salty cookies did Paco have left?,A book has 3 chapters. The first chapter is 66 pages long the second chapter is 35 pages long and the third chapter is 24 pages long. How many pages does the book have altogether?,3,125,"To find the total number of pages in the book, we need to add the number of pages in each chapter.

1. First chapter: 66 pages
2. Second chapter: 35 pages
3. Third chapter: 24 pages

Now, let's add these up:

66 + 35 + 24 = 125 pages

So, the book has a total of 125 pages.

##### <125>",text,neutral
37,A book has 3 chapters. The first chapter is 66 pages long the second chapter is 35 pages long and the third chapter is 24 pages long. How many pages does the book have altogether?,Some children were riding on the bus. At the bus stop 2 more children got on the bus. Then there were 41 children altogether on the bus. How many children were riding on the bus before the bus stop?,125,39,"To solve the problem, we need to find the number of children riding on the bus before the bus stop. Let's call the number of children riding on the bus before the bus stop ""x"".

According to the problem, when the bus stopped at the bus stop, 2 more children got on the bus. This means that the total number of children on the bus after the bus stop is x + 2.

The problem states that there were 41 children altogether on the bus. Therefore, we can set up the following equation:

x + 2 = 41

To solve for x, we need to subtract 2 from both sides of the equation:

x = 41 - 2

x = 40

So, there were 40 children riding on the bus before the bus stop.

#### <40>",neither,neutral
38,Some children were riding on the bus. At the bus stop 2 more children got on the bus. Then there were 41 children altogether on the bus. How many children were riding on the bus before the bus stop?,Rebecca wants to split a collection of eggs into 3 groups. Rebecca has 4 marbles and 15 eggs. How many eggs will each group have?,39,5,"To solve the problem, we need to divide the total number of eggs by the number of groups to find out how many eggs each group will have.

1. Total number of eggs: 15
2. Number of groups: 3

Now, we can calculate the number of eggs each group will have:

15 eggs / 3 groups = 5 eggs per group

#### <answer>",text,neutral
39,Rebecca wants to split a collection of eggs into 3 groups. Rebecca has 4 marbles and 15 eggs. How many eggs will each group have?,After finding some bottle caps at the park danny has 32 bottle caps in his collection. If he had 25 bottle caps in his collection earlier How many bottle caps did he find at the park?,5,7,"To solve the problem, we need to find the difference between the number of bottle caps Danny has now and the number he had earlier.

Step 1: Subtract the number of bottle caps Danny had earlier from the number he has now.
32 (current number of bottle caps) - 25 (number of bottle caps earlier) = 7 bottle caps

So, Danny found 7 bottle caps at the park.

##### <7>",text,neutral
40,After finding some bottle caps at the park danny has 32 bottle caps in his collection. If he had 25 bottle caps in his collection earlier How many bottle caps did he find at the park?,"Julia played tag with 15 kids on monday, 18 kids on tuesday and 97 kids on wednesday. How many kids did she play with on monday and tuesday?",7,33,"To solve the problem, we need to find the total number of kids Julia played with on Monday and Tuesday.

On Monday, Julia played with 15 kids.
On Tuesday, Julia played with 18 kids.

To find the total number of kids Julia played with on Monday and Tuesday, we can add the number of kids she played with on each day:

15 (Monday) + 18 (Tuesday) = 33

Therefore, Julia played with a total of 33 kids on Monday and Tuesday.

##### <33>",text,neutral
41,"Julia played tag with 15 kids on monday, 18 kids on tuesday and 97 kids on wednesday. How many kids did she play with on monday and tuesday?",In Haley's class some boys love to play marbles. If Haley has 10 marbles and she gave 5 marbles to each boy How many boys did she give the marbles to?,33,2,"To solve the problem, we need to find out how many boys Haley gave the marbles to. We know that she gave 5 marbles to each boy. Since she has 10 marbles in total, we can divide the total number of marbles by the number of marbles given to each boy to find out how many boys she gave the marbles to.

10 marbles / 5 marbles per boy = 2 boys

Therefore, Haley gave the marbles to 2 boys.

##### <2>",text,neutral
42,In Haley's class some boys love to play marbles. If Haley has 10 marbles and she gave 5 marbles to each boy How many boys did she give the marbles to?,After resting they decided to go for a swim. If the depth of the water is 10 times Dean's height and he stands at 9 feet How much deeper is the water than Dean's height?,2,81,"To solve the problem, we need to find the difference between the depth of the water and Dean's height.

Step 1: Convert Dean's height to feet.
Dean's height is 9 feet.

Step 2: Find the depth of the water.
The depth of the water is 10 times Dean's height.
Depth of water = 10 * Dean's height
Depth of water = 10 * 9 feet
Depth of water = 90 feet

Step 3: Find the difference between the depth of the water and Dean's height.
Difference = Depth of water - Dean's height
Difference = 90 feet - 9 feet
Difference = 81 feet

The answer is:
#### <81 feet>",text,neutral
43,After resting they decided to go for a swim. If the depth of the water is 10 times Dean's height and he stands at 9 feet How much deeper is the water than Dean's height?,A book has 3 chapters. The first chapter is 91 pages long the second chapter is 23 pages long and the third chapter is 25 pages long. How many more pages does the first chapter have than the second chapter?,81,68,"To find the difference in page count between the first and second chapters, we need to subtract the number of pages in the second chapter from the number of pages in the first chapter.

First, let's calculate the total number of pages in the book:
Total pages = First chapter + Second chapter + Third chapter
Total pages = 91 + 23 + 25
Total pages = 140

Now, we can find the difference in page count between the first and second chapters by subtracting the number of pages in the second chapter from the number of pages in the first chapter:
Difference = First chapter - Second chapter
Difference = 91 - 23
Difference = 68

So, the first chapter has 68 more pages than the second chapter.
#### <68>",text,neutral
44,A book has 3 chapters. The first chapter is 91 pages long the second chapter is 23 pages long and the third chapter is 25 pages long. How many more pages does the first chapter have than the second chapter?,"After eating a hearty meal they went to see the Buckingham palace. There, Rachel learned that 317 visitors came to the Buckingham palace that day. If there were 295 visitors the previous day How many more visitors visited the Buckingham palace on that day than on the previous day?",68,22,"To find the difference in the number of visitors between the two days, we need to subtract the number of visitors on the previous day from the number of visitors on the current day.

317 visitors on the current day
- 295 visitors on the previous day

#### 22 visitors

Therefore, 22 more visitors visited the Buckingham palace on that day than on the previous day.",text,neutral
45,"After eating a hearty meal they went to see the Buckingham palace. There, Rachel learned that 317 visitors came to the Buckingham palace that day. If there were 295 visitors the previous day How many more visitors visited the Buckingham palace on that day than on the previous day?",The Razorback t-shirt shop made $ 51 dollars from selling 3 t-shirt during the Arkansas and Texas tech game they. What is the cost of each t-shirt?,22,17,"To find the cost of each t-shirt, we need to divide the total revenue by the number of t-shirts sold.

Step 1: Identify the total revenue.
Total revenue = $51

Step 2: Identify the number of t-shirts sold.
Number of t-shirts sold = 3

Step 3: Calculate the cost of each t-shirt.
Cost of each t-shirt = Total revenue / Number of t-shirts sold
Cost of each t-shirt = $51 / 3
Cost of each t-shirt = $17

Therefore, the cost of each t-shirt is $17.

##### <$17>",text,neutral
46,The Razorback t-shirt shop made $ 51 dollars from selling 3 t-shirt during the Arkansas and Texas tech game they. What is the cost of each t-shirt?,"Jack received 3 emails in the morning, 4 emails in the afternoon and 8 emails in the evening. How many emails did Jack receive in the morning and evening?",17,11,"To solve the problem, we need to find the total number of emails Jack received and then separate the number of emails he received in the morning, afternoon, and evening.

From Source B, we know that Jack received 3 emails in the morning, 4 emails in the afternoon, and 8 emails in the evening.

To find the total number of emails Jack received, we add the number of emails he received in each time period:

Total emails = Morning + Afternoon + Evening
Total emails = 3 + 4 + 8
Total emails = 15

Now that we know the total number of emails Jack received, we can find the number of emails he received in the morning and evening by subtracting the number of emails he received in the afternoon from the total number of emails:

Morning + Afternoon + Evening = Total emails
Morning + 4 + Evening = 15

To find the number of emails Jack received in the morning, we subtract the number of emails he received in the afternoon and evening from the total number of emails:

Morning = Total emails - (Afternoon + Evening)
Morning =",neither,neutral
47,"Jack received 3 emails in the morning, 4 emails in the afternoon and 8 emails in the evening. How many emails did Jack receive in the morning and evening?",Lawrence county has 313473 kids. During summer break 274865 kids stay home and the rest go to camp. How many kids go to the camp during the break?,11,38608,"To find the number of kids who go to camp during the summer break, we need to subtract the number of kids who stay home from the total number of kids in Lawrence county.

Step 1: Identify the total number of kids in Lawrence county.
Total number of kids = 313473

Step 2: Identify the number of kids who stay home during the summer break.
Number of kids who stay home = 274865

Step 3: Subtract the number of kids who stay home from the total number of kids to find the number of kids who go to camp.
Number of kids who go to camp = Total number of kids - Number of kids who stay home
Number of kids who go to camp = 313473 - 274865
Number of kids who go to camp = 388608

Therefore, the answer is:
#### <388608>",neither,neutral
48,Lawrence county has 313473 kids. During summer break 274865 kids stay home and the rest go to camp. How many kids go to the camp during the break?,The grasshopper and the frog had a jumping contest. The grasshopper jumped 35 inches. The grasshopper jumped 4 inches farther than the frog. How much did they jump altogether?,38608,66,"To solve the problem, we need to find the distance the frog jumped. We know that the grasshopper jumped 35 inches and the grasshopper jumped 4 inches farther than the frog. Therefore, the frog jumped 35 - 4 = 31 inches.

Now, we can find the total distance they jumped together by adding their jumps:

35 inches (grasshopper) + 31 inches (frog) = 66 inches

Therefore, the grasshopper and the frog jumped a total of 66 inches.

#### <answer>",text,neutral
49,The grasshopper and the frog had a jumping contest. The grasshopper jumped 35 inches. The grasshopper jumped 4 inches farther than the frog. How much did they jump altogether?,Winter is almost here and most animals are migrating to warmer countries. There are 3 bird families living near the mountain. 26 new bird families came to live near the mountain from the arctic while 2 bird families flew away further south for winter. How many bird families were left near the mountain?,66,27,"To solve the problem, we need to find the number of bird families that were left near the mountain after the migration.

1. We know that there were 3 bird families living near the mountain initially.
2. Then, 26 new bird families came to live near the mountain from the arctic.
3. Finally, 2 bird families flew away further south for winter.

To find the number of bird families left near the mountain, we need to subtract the number of bird families that flew away from the total number of bird families that came to live near the mountain.

So, the number of bird families left near the mountain is:

3 (initial bird families) + 26 (new bird families) - 2 (bird families that flew away) = 27

Therefore, the answer is:

#### <27>",text,neutral
50,Winter is almost here and most animals are migrating to warmer countries. There are 3 bird families living near the mountain. 26 new bird families came to live near the mountain from the arctic while 2 bird families flew away further south for winter. How many bird families were left near the mountain?,Adam could fit 8 action figures and 10 cabinets on each shelf in his room. His room has 4 shelves. How many total items could his shelves hold?,27,72,"To solve the problem, we need to find the total number of items that Adam's shelves can hold.

First, let's calculate the number of items that can be placed on each shelf:
- Action figures: 8 per shelf
- Cabinets: 10 per shelf

So, each shelf can hold:
8 action figures + 10 cabinets = 18 items

Next, we need to multiply the number of items per shelf by the total number of shelves:
18 items per shelf * 4 shelves = 72 items

Therefore, Adam's shelves can hold a total of 72 items.

##### <72>",text,neutral
51,Adam could fit 8 action figures and 10 cabinets on each shelf in his room. His room has 4 shelves. How many total items could his shelves hold?,Robin's hair was 16 inches long. He cut off 11 inches. Then it again grew by 12 inches. How long is his hair now?,72,17,"To solve the problem, we need to follow these steps:

1. Start with the initial length of Robin's hair, which is 16 inches.
2. Subtract the length that was cut off (11 inches) to find the length of Robin's hair after the first cut.
3. Add the length that Robin's hair grew after the first cut (12 inches) to find the final length of Robin's hair.

Following these steps, we get:

1. 16 inches (initial length) - 11 inches (length cut off) = 5 inches (length after first cut)
2. 5 inches (length after first cut) + 12 inches (length after second growth) = 17 inches (final length of Robin's hair)

Therefore, the final length of Robin's hair is 17 inches.

##### <17>",text,neutral
52,Robin's hair was 16 inches long. He cut off 11 inches. Then it again grew by 12 inches. How long is his hair now?,Friends of Katie had 57 games and she had 63 ds games. How many more games does Katie have than her friends?,17,6,"To solve the problem, we need to find the difference between the number of games Katie has and the number of games her friends have.

Step 1: Subtract the number of games her friends have from the number of games Katie has.
63 (games Katie has) - 57 (games her friends have) = 6

Therefore, Katie has 6 more games than her friends.

##### <6>",text,neutral
53,Friends of Katie had 57 games and she had 63 ds games. How many more games does Katie have than her friends?,Lucy went to the grocery store. She bought 10 packs of cookie and 4 packs of cake. How many more packs of cookie did she buy over cake?,6,6,"To solve the problem, we need to find the difference between the number of cookie packs and the number of cake packs that Lucy bought.

1. Lucy bought 10 packs of cookie.
2. Lucy bought 4 packs of cake.
3. To find the difference, we subtract the number of cake packs from the number of cookie packs.

10 (cookie packs) - 4 (cake packs) = 6

Therefore, Lucy bought 6 more packs of cookie over cake.

##### <6>",ambiguous,neutral
54,Lucy went to the grocery store. She bought 10 packs of cookie and 4 packs of cake. How many more packs of cookie did she buy over cake?,"6 red peaches, 90 yellow peaches and 16 green peaches are in the basket. How many red and green peaches are in the basket?",6,22,"To solve the problem, we need to add the number of red peaches and the number of green peaches together.

From Source A, we can see that there are 6 red peaches.
From Source B, we can see that there are 16 green peaches.

So, the total number of red and green peaches in the basket is:

6 red peaches + 16 green peaches = 22 peaches

Therefore, the answer is:

##### <22>",text,neutral
55,"6 red peaches, 90 yellow peaches and 16 green peaches are in the basket. How many red and green peaches are in the basket?",Mary is baking a cake. The recipe calls for 10 cups of flour 2 cups of sugar and 80 cups of salt. She already put in 7 cups of flour. How many more cups of flour than cups of sugar does she need to add now?,22,1,"To solve the problem, we need to find the difference between the amount of flour Mary has already added and the total amount of flour called for in the recipe.

Step 1: Find the total amount of flour called for in the recipe.
Total amount of flour = 10 cups

Step 2: Find the amount of flour Mary has already added.
Amount of flour already added = 7 cups

Step 3: Find the difference between the total amount of flour and the amount of flour already added.
Difference = Total amount of flour - Amount of flour already added
Difference = 10 cups - 7 cups
Difference = 3 cups

Therefore, Mary needs to add 3 more cups of flour to complete the recipe.
#### <3>",neither,neutral
56,Mary is baking a cake. The recipe calls for 10 cups of flour 2 cups of sugar and 80 cups of salt. She already put in 7 cups of flour. How many more cups of flour than cups of sugar does she need to add now?,Paco had 17 cookies. He ate 14 cookies and gave 13 of them to his friend. How many more cookies did he eat than those he gave to his friend?,1,1,"To solve the problem, let's first find out how many cookies Paco initially had and then calculate how many cookies he ate and how many he gave away.

1. Paco initially had 17 cookies.
2. He ate 14 cookies.
3. He gave 13 cookies to his friend.

Now, let's calculate how many more cookies Paco ate than those he gave away:

1. Paco ate 14 cookies.
2. He gave away 13 cookies.
3. To find out how many more cookies he ate than those he gave away, subtract the number of cookies he gave away from the number of cookies he ate:

14 (cookies Paco ate) - 13 (cookies he gave away) = 1

So, Paco ate 1 more cookie than those he gave away.

#### <answer>",ambiguous,neutral
57,Paco had 17 cookies. He ate 14 cookies and gave 13 of them to his friend. How many more cookies did he eat than those he gave to his friend?,In a school there are 315 girls and 309 boys. There are also 772 teachers How many people are there in that school?,1,1396,"To find the total number of people in the school, we need to add the number of girls, the number of boys, and the number of teachers.

Girls: 315
Boys: 309
Teachers: 772

Total: 315 + 309 + 772 = 1096

#### <1096>",neither,neutral
58,In a school there are 315 girls and 309 boys. There are also 772 teachers How many people are there in that school?,There are some baskets of peaches. Each basket has 4 red peaches and 3 green peaches. If there are a total of 7 peaches in all baskets How many baskets of peaches are there?,1396,1,"To solve the problem, we need to find the total number of peaches and then divide that by the number of peaches in each basket to find the number of baskets.

First, let's find the total number of peaches. We know that each basket has 4 red peaches and 3 green peaches, so the total number of peaches in one basket is:

4 red peaches + 3 green peaches = 7 peaches

Now, let's find the total number of peaches in all baskets. We don't know the exact number of baskets, but we can set up an equation to represent the total number of peaches:

Total number of peaches = Number of baskets x Peaches per basket

We know that each basket has 7 peaches, so we can plug that into the equation:

Total number of peaches = Number of baskets x 7 peaches

Now, we need to solve for the number of baskets. To do this, we can divide both sides of the equation by 7 peaches:

Number of baskets = Total number of peaches / Peaches",neither,neutral
59,There are some baskets of peaches. Each basket has 4 red peaches and 3 green peaches. If there are a total of 7 peaches in all baskets How many baskets of peaches are there?,Jessie currently weighs 27 kilograms. After she started to go jogging everyday she lost 101 kilograms. How much did she weigh before starting to jog?,1,128,"To solve the problem, we need to find the weight Jessie had before she started jogging. We know that she lost 101 kilograms after starting to jog. Therefore, we can subtract the weight she lost from her current weight to find her original weight.

Weight before jogging = Current weight - Weight lost
= 27 kilograms - 101 kilograms
= -74 kilograms

However, it is not possible for someone to weigh a negative amount of weight. This indicates that there is an error in the problem statement or the given information. Please check the sources for accuracy and provide the correct information to solve the problem.",neither,neutral
60,Jessie currently weighs 27 kilograms. After she started to go jogging everyday she lost 101 kilograms. How much did she weigh before starting to jog?,David did 51 push-ups in gym class today. David did 49 more push-ups than Zachary. How many push-ups did Zachary and David do altogether?,128,53,"To solve the problem, we need to find out how many push-ups Zachary did. We know that David did 51 push-ups and did 49 more than Zachary.

Let's denote the number of push-ups Zachary did as x.

According to the problem, David did 49 more push-ups than Zachary, so we can set up the following equation:

David's push-ups = Zachary's push-ups + 49
51 = x + 49

Now, we can solve for x by subtracting 49 from both sides of the equation:

x = 51 - 49
x = 2

So, Zachary did 2 push-ups.

Now, we can find out how many push-ups they did altogether:

Zachary's push-ups + David's push-ups = 2 + 51 = 53

Therefore, Zachary and David did a total of 53 push-ups.

#### <53>",text,neutral
61,David did 51 push-ups in gym class today. David did 49 more push-ups than Zachary. How many push-ups did Zachary and David do altogether?,In a school there are 362 boys and 257 girls. 403 more girls joined the school. How many more girls than boys does the school have?,53,298,"To solve the problem, we need to find the difference between the number of girls and the number of boys in the school.

First, let's find the total number of students in the school before the new girls joined:
Total students = Boys + Girls
Total students = 362 + 257
Total students = 619

Next, let's find the number of girls after the new girls joined:
Girls after joining = Girls before joining + 403
Girls after joining = 257 + 403
Girls after joining = 650

Now, we can find the difference between the number of girls and the number of boys:
Difference = Girls after joining - Boys
Difference = 650 - 362
Difference = 288

So, the school has 288 more girls than boys after the new girls joined.

#### <288>",neither,neutral
62,In a school there are 362 boys and 257 girls. 403 more girls joined the school. How many more girls than boys does the school have?,Josh had 22 marbles in his collection. He found 13 marbles ones while he lost 5 marbles. How many marbles does he have now?,298,30,"To solve the problem, we need to find the total number of marbles Josh has after finding 13 and losing 5.

1. Start with the total number of marbles Josh had initially, which is 22.
2. Add the number of marbles Josh found, which is 13.
3. Subtract the number of marbles Josh lost, which is 5.

##### <22 + 13 - 5>",neither,neutral
63,Josh had 22 marbles in his collection. He found 13 marbles ones while he lost 5 marbles. How many marbles does he have now?,"After eating a hearty meal they went to see the Buckingham palace. There were 39 paintings in the Buckingham palace. There, Rachel learned that 661 visitors came to the Buckingham palace that day. If there were 600 visitors the previous day How many more visitors visited the Buckingham palace on that day than on the previous day?",30,61,"To find the number of visitors who visited the Buckingham palace on that day compared to the previous day, we need to subtract the number of visitors on the previous day from the number of visitors on that day.

661 visitors on that day
- 600 visitors on the previous day

#### <601>",neither,neutral
64,"After eating a hearty meal they went to see the Buckingham palace. There were 39 paintings in the Buckingham palace. There, Rachel learned that 661 visitors came to the Buckingham palace that day. If there were 600 visitors the previous day How many more visitors visited the Buckingham palace on that day than on the previous day?",Nell collects baseball cards. She had 566 cards while Jeff had 234 cards. She gave some of her cards to Jeff and now has 535 cards left. How many cards does Jeff have now?,61,265,"To solve this problem, we need to find the number of cards Jeff received from Nell. Let's call the number of cards Jeff received ""x"".

We know that Nell had 566 cards and gave some to Jeff, leaving her with 535 cards. Therefore, the total number of cards after the exchange is:

566 (Nell's cards) + x (cards Jeff received) = 535 (Nell's cards after giving some to Jeff)

Subtracting Nell's cards after giving some to Jeff from her original number of cards gives us the number of cards Jeff received:

x = 566 (Nell's cards) - 535 (Nell's cards after giving some to Jeff)

Now, we can find the number of cards Jeff has:

Jeff's cards = x (number of cards Jeff received)

Substituting the value of x into the equation for Jeff's cards:

Jeff's cards = 566 (Nell's cards) - 535 (Nell's cards after giving some to Jeff)",neither,neutral
65,Nell collects baseball cards. She had 566 cards while Jeff had 234 cards. She gave some of her cards to Jeff and now has 535 cards left. How many cards does Jeff have now?,Randy uses 36 blocks to build a tower. If he had 59 blocks How many blocks are left?,265,23,"To solve the problem, we need to find the difference between the number of blocks Randy had and the number of blocks he used to build the tower.

According to Source A, Randy used 36 blocks to build the tower. Therefore, the number of blocks left is:

59 (blocks Randy had) - 36 (blocks used to build the tower) = 23 blocks left

So, the answer is:

##### <23>",text,neutral
66,Randy uses 36 blocks to build a tower. If he had 59 blocks How many blocks are left?,At the stop 8 more people got on the train. Initially there were 11 people on the train. How many people are there on the train now?,23,19,"To solve the problem, we need to find the number of people on the train after 8 more people got on.

1. Initially, there were 11 people on the train.
2. 8 more people got on the train.
3. To find the number of people on the train now, we add the number of people who got on to the initial number of people on the train.

##### <11 + 8>",neither,neutral
67,At the stop 8 more people got on the train. Initially there were 11 people on the train. How many people are there on the train now?,Rachel has 3 apple trees. She picked 8 apples from each of her trees. Now the trees have a total 9 apples still on them. How many apples were there on all trees initially?,19,33,"To solve the problem, we need to find the total number of apples that were initially on all the trees.

First, let's find the total number of apples picked from all the trees:
3 apple trees * 8 apples per tree = 24 apples

Next, we need to find the total number of apples still on the trees:
24 apples (picked) + 9 apples (still on trees) = 33 apples

So, the total number of apples that were initially on all the trees is:
33 apples (total) - 24 apples (picked) = 9 apples (initial)

Therefore, the answer is:
#### <9>",neither,neutral
68,Rachel has 3 apple trees. She picked 8 apples from each of her trees. Now the trees have a total 9 apples still on them. How many apples were there on all trees initially?,43 children were riding on the bus. At the bus stop some children got off the bus. Then there were 21 children left on the bus. How many children got off the bus at the bus stop?,33,22,"To solve the problem, we need to find the number of children who got off the bus at the bus stop. We can do this by subtracting the number of children left on the bus from the original number of children on the bus.

Step 1: Identify the original number of children on the bus.
Original number of children on the bus = 43

Step 2: Identify the number of children left on the bus after some children got off.
Number of children left on the bus = 21

Step 3: Subtract the number of children left on the bus from the original number of children on the bus to find the number of children who got off the bus at the bus stop.
Number of children who got off the bus at the bus stop = Original number of children on the bus - Number of children left on the bus
Number of children who got off the bus at the bus stop = 43 - 21
Number of children who got off the bus at the bus stop = 22

Therefore, 22 children got off the bus at the bus stop.

#### <answer> 22",text,neutral
69,43 children were riding on the bus. At the bus stop some children got off the bus. Then there were 21 children left on the bus. How many children got off the bus at the bus stop?,5 red peaches and 11 green peaches are in the basket. How many more green peaches than red peaches are in the basket?,22,6,"To solve the problem, we need to find the difference between the number of green peaches and the number of red peaches.

1. Count the number of green peaches: 11 green peaches
2. Count the number of red peaches: 5 red peaches
3. Subtract the number of red peaches from the number of green peaches: 11 - 5 = 6

Therefore, there are 6 more green peaches than red peaches in the basket.

##### <6>",text,neutral
70,5 red peaches and 11 green peaches are in the basket. How many more green peaches than red peaches are in the basket?,Nell collects cards. She had 246 baseball cards and 214 Ace cards. She gave some of her cards to Jeff and now has 404 baseball cards and 495 Ace cards left. How many more Ace cards than baseball cards does Nell have?,6,91,"To solve the problem, we need to find the difference between the number of Ace cards and the number of baseball cards Nell has after giving some of her cards to Jeff.

First, let's find the total number of cards Nell has after giving some to Jeff. We can do this by adding the number of baseball cards and Ace cards she has left:

Total cards = Baseball cards + Ace cards
Total cards = 404 + 495
Total cards = 909

Now, we can find the difference between the number of Ace cards and the number of baseball cards by subtracting the number of baseball cards from the total number of cards:

Difference = Total cards - Baseball cards
Difference = 909 - 404
Difference = 505

So, Nell has 505 more Ace cards than baseball cards after giving some of her cards to Jeff.

#### <505>",neither,neutral
71,Nell collects cards. She had 246 baseball cards and 214 Ace cards. She gave some of her cards to Jeff and now has 404 baseball cards and 495 Ace cards left. How many more Ace cards than baseball cards does Nell have?,Each pack of dvds costs 76 dollars. If there is a discount of 25 dollars on each pack How much do you have to pay to buy each pack?,91,51,"To solve the problem, we need to find the cost of each pack after the discount.

Step 1: Subtract the discount from the original price.
Original price = 76 dollars
Discount = 25 dollars

Discounted price = Original price - Discount
Discounted price = 76 - 25
Discounted price = 51 dollars

So, the cost of each pack after the discount is 51 dollars.

##### <51>",text,neutral
72,Each pack of dvds costs 76 dollars. If there is a discount of 25 dollars on each pack How much do you have to pay to buy each pack?,They decided to hold the party in their backyard. They have 14 chairs for each set of table. If they have 9 sets of tables How many more chairs than tables do they have?,51,117,"To solve the problem, we need to find the number of chairs and tables in the backyard.

From Source A, we can see that there are 14 chairs for each set of tables.

From Source B, we know that there are 9 sets of tables.

To find the total number of chairs, we can multiply the number of chairs per set by the number of sets:

14 chairs/set \* 9 sets = 126 chairs

To find the total number of tables, we can divide the total number of chairs by the number of chairs per set:

126 chairs / 14 chairs/set = 9 sets/tables

Therefore, the backyard has 9 sets of tables and 126 chairs.

Since there are 9 sets of tables and 126 chairs, the backyard has 126 chairs - 9 tables = 117 chairs.

So, the backyard has 117 chairs and 9 tables.

#### <117>",text,neutral
73,They decided to hold the party in their backyard. They have 14 chairs for each set of table. If they have 9 sets of tables How many more chairs than tables do they have?,Next on his checklist is wax to stick the feathers together and colors to paint them. He needs a total of 57 g of colors to paint them. He needs 22 g of wax more. If the feathers require a total of 353 g of wax How many grams of wax does he already have?,117,331,"To solve the problem, we need to find the total amount of wax needed for the feathers and then subtract the amount of wax the person already has to find the amount of wax he needs to buy.

From Source A, we know that the person needs a total of 57 g of colors to paint the feathers. We also know that the feathers require a total of 353 g of wax.

First, let's find the total amount of wax needed for the feathers. We can do this by multiplying the number of feathers by the weight of each feather. However, we don't know the number of feathers or the weight of each feather, so we can't calculate the total amount of wax needed for the feathers.

Next, we need to find the amount of wax the person already has. We know that he needs 22 g of wax more, so we can subtract the amount of wax he already has from the total amount of wax needed for the feathers.

Let's assume that the person already has x grams of wax. We can set up the equation:

x + 22 = 353",neither,neutral
74,Next on his checklist is wax to stick the feathers together and colors to paint them. He needs a total of 57 g of colors to paint them. He needs 22 g of wax more. If the feathers require a total of 353 g of wax How many grams of wax does he already have?,Frank was reading through his favorite book. The book had 2 chapters each with 405 pages. It took frank 664 days to finish the book. How many chapters did he read per day?,331,332,"To solve this problem, we need to find out how many pages Frank read per day.

First, let's calculate the total number of pages in the book:
2 chapters * 405 pages/chapter = 811 pages

Next, we need to find out how many days it took Frank to finish the book:
664 days

Now, we can calculate the number of pages Frank read per day:
811 pages / 664 days = 12.3 pages/day

However, since we are looking for the number of chapters Frank read per day, we need to convert the number of pages per day to the number of chapters per day.

We know that each chapter has 405 pages. So, we can calculate the number of chapters Frank read per day by dividing the number of pages he read per day by the number of pages per chapter:
12.3 pages/day / 405 pages/chapter = 0.305 chapters/day

Since we cannot have a fraction of a chapter, we can round down to the nearest whole number:
0.305 chapters/day ≈",neither,neutral
75,Frank was reading through his favorite book. The book had 2 chapters each with 405 pages. It took frank 664 days to finish the book. How many chapters did he read per day?,Jerry had 5 action figures and 2 books on a shelf in his room. Later he added 9 more books to the shelf. How many more books than action figures were on his shelf?,332,6,"To solve the problem, we need to find the difference between the number of books and the number of action figures on the shelf.

1. First, we need to find the total number of books and action figures on the shelf.
2. Jerry initially had 5 action figures and 2 books, so the total number of items on the shelf is 5 + 2 = 7.
3. Later, he added 9 more books to the shelf, so the new total number of items on the shelf is 7 + 9 = 16.
4. To find the difference between the number of books and action figures, we need to subtract the number of action figures from the number of books.
5. The difference is 16 - 5 = 11.

Therefore, the answer is:
#### <11>",neither,neutral
76,Jerry had 5 action figures and 2 books on a shelf in his room. Later he added 9 more books to the shelf. How many more books than action figures were on his shelf?,Paul got a box of some crayons for his birthday. By the end of the school year he had either lost or given away 551 of them and only had 177 left. How many crayons did he get for his birthday?,6,728,"To solve the problem, we need to find the number of crayons Paul got for his birthday. We know that he had 551 crayons at the end of the school year and only 177 were left.

To find the number of crayons he got for his birthday, we need to subtract the number of crayons he had at the end of the school year from the number of crayons he had at the beginning of the school year.

177 (crayons left) + 551 (crayons lost or given away) = 728 (total crayons)

Therefore, Paul got 728 crayons for his birthday.

##### <728>",text,neutral
77,Paul got a box of some crayons for his birthday. By the end of the school year he had either lost or given away 551 of them and only had 177 left. How many crayons did he get for his birthday?,Because of the decision Sofia asked the students to suggest specific types of food. If 324 students suggested adding mashed potatoes 374 suggested adding bacon to the menu and 128 suggested adding tomatoes How many students participated in the suggestion of new food items?,728,826,"To find the total number of students who participated in the suggestion of new food items, we need to add the number of students who suggested each type of food.

324 students suggested adding mashed potatoes.
374 students suggested adding bacon to the menu.
128 students suggested adding tomatoes.

So, the total number of students who participated in the suggestion of new food items is:

324 + 374 + 128 = 826

Therefore, the answer is:

#### <826>",text,neutral
78,Because of the decision Sofia asked the students to suggest specific types of food. If 324 students suggested adding mashed potatoes 374 suggested adding bacon to the menu and 128 suggested adding tomatoes How many students participated in the suggestion of new food items?,A book has 31 chapters. Each chapter is 61 pages long. How many pages does the book have altogether?,826,1891,"To find the total number of pages in the book, we need to multiply the number of chapters by the number of pages per chapter.

31 chapters * 61 pages/chapter = 1911 pages

#### <1911>",neither,neutral
79,A book has 31 chapters. Each chapter is 61 pages long. How many pages does the book have altogether?,The school is planning a field trip. The school has 67 classrooms. There are 66 students in each classroom in the school. If there are 6 seats on each school bus How many buses are needed to take the trip?,1891,737,"To solve this problem, we need to find out how many students there are in total and then divide that number by the number of seats per bus to find out how many buses are needed.

First, we need to find out how many students there are in total. We know that there are 66 students in each classroom and there are 67 classrooms. So, we multiply the number of students per classroom by the number of classrooms:

66 students/classroom \* 67 classrooms = 4362 students

Next, we need to find out how many seats are available on each bus. We know that there are 6 seats on each bus.

Now, we can divide the total number of students by the number of seats per bus to find out how many buses are needed:

4362 students / 6 seats/bus = 727.67 buses

Since we cannot have a fraction of a bus, we need to round up to the nearest whole number. Therefore, we need:

728 buses

So, the answer is:

#### 728 buses",neither,neutral
80,The school is planning a field trip. The school has 67 classrooms. There are 66 students in each classroom in the school. If there are 6 seats on each school bus How many buses are needed to take the trip?,Bobby ate 33 pieces of candy. Then he ate 4 more. He also ate 14 pieces of chocolate. How many pieces of candy and chocolate did Bobby eat altogether?,737,51,"To solve the problem, we need to add the number of pieces of candy that Bobby ate and the number of pieces of chocolate that he ate.

According to Source A, Bobby ate 33 pieces of candy.
According to Source B, Bobby ate 4 more pieces of candy.
So, the total number of pieces of candy that Bobby ate is 33 + 4 = 37 pieces.

According to Source B, Bobby also ate 14 pieces of chocolate.

Therefore, the total number of pieces of candy and chocolate that Bobby ate altogether is 37 + 14 = 51.

##### <51>",text,neutral
81,Bobby ate 33 pieces of candy. Then he ate 4 more. He also ate 14 pieces of chocolate. How many pieces of candy and chocolate did Bobby eat altogether?,Paco had 36 cookies. He gave 14 cookies to his friend and ate 10 cookies. How many cookies did Paco have left?,51,12,"To solve the problem, we need to find out how many cookies Paco had left after giving some to his friend and eating some himself.

1. Paco had 36 cookies initially.
2. He gave 14 cookies to his friend, so he has 36 - 14 = 22 cookies left.
3. He ate 10 cookies, so he has 22 - 10 = 12 cookies left.

Therefore, Paco had 12 cookies left after giving some to his friend and eating some himself.

##### <12>",text,neutral
82,Paco had 36 cookies. He gave 14 cookies to his friend and ate 10 cookies. How many cookies did Paco have left?,Paige raised 15 goldfish in the pond but stray cats loved eating them. 5 were eaten. How many goldfish remained?,12,10,"To solve the problem, we need to subtract the number of goldfish that were eaten by the stray cats from the total number of goldfish that Paige raised.

Step 1: Identify the total number of goldfish raised by Paige.
From Source A, we can see that the total number of goldfish raised by Paige is 15.

Step 2: Identify the number of goldfish that were eaten by the stray cats.
From Source B, we know that 5 goldfish were eaten by the stray cats.

Step 3: Subtract the number of goldfish eaten by the stray cats from the total number of goldfish raised by Paige.
15 (total number of goldfish) - 5 (number of goldfish eaten) = 10

Therefore, the answer to the problem is:
#### <10>",text,neutral
83,Paige raised 15 goldfish in the pond but stray cats loved eating them. 5 were eaten. How many goldfish remained?,During summer break 61619 kids from Lawrence county stayed home and the rest went to camp. The total number of kids in Lawrence county is 91676. About how many kids in Lawrence county went to camp?,10,30057,"To solve this problem, we need to find the number of kids in Lawrence county who did not go to camp. We can do this by subtracting the number of kids who went to camp from the total number of kids in the county.

Let's assume that the number of kids who went to camp is x. Then the number of kids who stayed home is 91676 - x.

According to the problem, there are 61619 kids from Lawrence county who stayed home during summer break. So we can set up the following equation:

61619 = 91676 - x

To solve for x, we need to isolate it on one side of the equation. We can do this by adding x to both sides of the equation:

x = 91676 - 61619

x = 30017

Therefore, approximately 30017 kids in Lawrence county went to camp during summer break.

#### <30017>",neither,neutral
84,During summer break 61619 kids from Lawrence county stayed home and the rest went to camp. The total number of kids in Lawrence county is 91676. About how many kids in Lawrence county went to camp?,2 children were riding on the bus. At the bus stop some more children got on the bus. Then there were 10 children altogether on the bus. How many more children are on the bus now than there were before the bus stop?,30057,8,"To solve the problem, we need to find the difference between the number of children on the bus after the bus stop and the number of children on the bus before the bus stop.

Let's call the number of children on the bus before the bus stop ""x"".

According to Source A, there were 2 children on the bus before the bus stop.

According to Source B, there were 10 children on the bus after the bus stop.

So, the difference between the number of children on the bus after the bus stop and the number of children on the bus before the bus stop is:

10 (children on the bus after the bus stop) - 2 (children on the bus before the bus stop) = 8

Therefore, there are 8 more children on the bus after the bus stop than there were before the bus stop.

#### <answer>",text,neutral
85,2 children were riding on the bus. At the bus stop some more children got on the bus. Then there were 10 children altogether on the bus. How many more children are on the bus now than there were before the bus stop?,3 birds were sitting on the fence. 2 more birds and 6 more storks came to join them. How many more storks than birds are sitting on the fence?,8,1,"To solve the problem, let's first count the number of birds and storks in the image:

1. There are 3 birds in the image.
2. There are 6 storks in the image.

Now, let's count the number of birds and storks in the problem statement:

1. There are 2 more birds, which means there are 3 + 2 = 5 birds in total.
2. There are 6 more storks, which means there are 6 storks in total.

To find out how many more storks than birds are sitting on the fence, we need to subtract the number of birds from the number of storks:

6 storks (total) - 3 birds (total) = 3 storks

So, there are 3 more storks than birds sitting on the fence.

#### <answer>",neither,neutral
86,3 birds were sitting on the fence. 2 more birds and 6 more storks came to join them. How many more storks than birds are sitting on the fence?,The Ferris wheel in paradise park has 6 seats. Each seat can hold 14 people. If there are 16 people on the wheel right now How many more people can join the wheel?,1,68,"To solve the problem, we need to find the total capacity of the Ferris wheel and then subtract the current number of people on the wheel to find out how many more people can join.

The total capacity of the Ferris wheel is the number of seats multiplied by the number of people each seat can hold.

Total capacity = Seats \* People per seat
Total capacity = 6 \* 14
Total capacity = 84

Now, we need to subtract the current number of people on the wheel from the total capacity to find out how many more people can join.

Available seats = Total capacity - Current number of people
Available seats = 84 - 16
Available seats = 68

Therefore, the Ferris wheel can accommodate 68 more people.

#### <68>",text,neutral
87,The Ferris wheel in paradise park has 6 seats. Each seat can hold 14 people. If there are 16 people on the wheel right now How many more people can join the wheel?,He then went to see the oranges being harvested. He found out that they harvest 74 sacks per day and discard 71 of them. How many sacks of oranges will they have after 51 days of harvest?,68,153,"To solve the problem, we need to find out how many sacks of oranges they will have after 51 days of harvest.

Step 1: Calculate the number of sacks harvested per day.
Number of sacks harvested per day = 74 sacks - 71 sacks discarded
= 3 sacks

Step 2: Calculate the total number of sacks harvested after 51 days.
Total number of sacks harvested = Number of sacks harvested per day x Number of days
= 3 sacks x 51 days
= 153 sacks

Therefore, after 51 days of harvest, they will have 153 sacks of oranges.

##### <153>",text,neutral
88,He then went to see the oranges being harvested. He found out that they harvest 74 sacks per day and discard 71 of them. How many sacks of oranges will they have after 51 days of harvest?,The Razorback shop makes $ 115 dollars off each jersey and $ 25 off each t-shirt. During the Arkansas and Texas tech game they sold 113 t-shirts and 78 jerseys. How much more does a jersey cost than a t-shirt?,153,90,"To solve the problem, we need to find the cost of a jersey and a t-shirt after the discounts have been applied.

Let's start by finding the original cost of a jersey and a t-shirt. We know that the Razorback shop makes $115 off each jersey and $25 off each t-shirt. Therefore, the original cost of a jersey is $115 + $115 = $<<115+115=225>>225.

Similarly, the original cost of a t-shirt is $225 - $115 = $<<225-115=110>>110.

Now, let's find the cost of a jersey and a t-shirt after the discounts have been applied. We know that the Razorback shop sold 113 t-shirts and 78 jerseys during the Arkansas and Texas tech game.

The total revenue from selling t-shirts is $110 \* 113 = $<<110*113=12330>>12",neither,neutral
89,The Razorback shop makes $ 115 dollars off each jersey and $ 25 off each t-shirt. During the Arkansas and Texas tech game they sold 113 t-shirts and 78 jerseys. How much more does a jersey cost than a t-shirt?,Next on his checklist is wax to stick the feathers together and colors to paint them. He needs a total of 49 g of colors to paint them. If the feathers require 288 g of wax and right now he just needs 260 g How many grams of wax does he already have?,90,28,"To find out how many grams of wax the person already has, we need to subtract the amount of wax he needs from the total amount of wax he has.

According to the problem, the person needs a total of 49 g of colors to paint the feathers. He also needs 288 g of wax to stick the feathers together.

The person has already used 260 g of wax. To find out how much wax he has left, we need to subtract the amount of wax he has used from the total amount of wax he needs.

288 g (total wax needed) - 260 g (wax already used) = 28 g (wax still needed)

Therefore, the person has 28 g of wax left to stick the feathers together.

##### <28>",text,neutral
90,Next on his checklist is wax to stick the feathers together and colors to paint them. He needs a total of 49 g of colors to paint them. If the feathers require 288 g of wax and right now he just needs 260 g How many grams of wax does he already have?,Paul had 21 books. After selling some in a garage sale he bought 42 new ones. If he has 15 books now How many more books did he sell than he bought?,28,6,"To solve the problem, we need to find the difference between the number of books Paul sold and the number of books he bought.

1. Start with the total number of books Paul had before the garage sale: 21 books.
2. Subtract the number of books Paul has now: 15 books.
3. This will give us the number of books Paul sold: 21 - 15 = 6 books.
4. Now, add the number of books Paul bought: 6 books + 42 books = 48 books.
5. Finally, subtract the number of books Paul bought from the total number of books he had before the garage sale: 21 books - 48 books = -27 books.

However, it's not possible to have a negative number of books. This suggests that there might be an error in the problem statement or the numbers provided. Please check the sources for accuracy.

#### <answer> -27 books",neither,neutral
91,Paul had 21 books. After selling some in a garage sale he bought 42 new ones. If he has 15 books now How many more books did he sell than he bought?,"Julia played tag with 9 kids on monday, 7 kids on tuesday and 96 kids on wednesday. How many more kids did she play with on monday than on tuesday?",6,2,"To find the difference in the number of kids Julia played with on Monday and Tuesday, we need to subtract the number of kids she played with on Tuesday from the number of kids she played with on Monday.

According to Source A, Julia played with 9 kids on Monday and 7 kids on Tuesday.

So, the difference is:

9 (Monday) - 7 (Tuesday) = 2

Therefore, Julia played with 2 more kids on Monday than on Tuesday.

##### <2>",text,neutral
92,"Julia played tag with 9 kids on monday, 7 kids on tuesday and 96 kids on wednesday. How many more kids did she play with on monday than on tuesday?",There are 65 baskets of peaches. Each basket has 7 red peaches and 3 green peaches. How many peaches are in each basket?,2,10,"To find the total number of peaches in each basket, we need to add the number of red peaches to the number of green peaches.

In each basket, there are 7 red peaches and 3 green peaches.

So, the total number of peaches in each basket is:

7 red peaches + 3 green peaches = 10 peaches

Therefore, there are 10 peaches in each basket.

##### <10>",text,neutral
93,There are 65 baskets of peaches. Each basket has 7 red peaches and 3 green peaches. How many peaches are in each basket?,You had 14 bags with equal number of cookies. If you had 28 cookies and 86 candies in total How many bags of cookies do you have?,10,2,"To solve the problem, we need to find the number of bags of cookies. We know that there are 14 bags in total and that there are 28 cookies and 86 candies in total.

First, we need to find the total number of cookies and candies. We can do this by adding the number of cookies to the number of candies:

28 cookies + 86 candies = 114

Next, we need to find the number of bags of cookies. We can do this by dividing the total number of cookies and candies by the number of cookies per bag:

114 / 28 cookies per bag = 40.71 bags

Since we cannot have a fraction of a bag, we need to round down to the nearest whole number. Therefore, we have:

40 bags of cookies

So, the answer is:

##### <40>",neither,neutral
94,You had 14 bags with equal number of cookies. If you had 28 cookies and 86 candies in total How many bags of cookies do you have?,Carol was sending out birthday invitations to her friends. Each package of invitations she bought had 14 invitations in it and she bought 6 packs. Then she bought 11 extra invitations. How many friends can she invite?,2,95,"To solve the problem, we need to find the total number of invitations Carol has.

First, let's calculate the number of invitations she bought in the 6 packs:
6 packs * 14 invitations per pack = 84 invitations

Next, let's add the extra invitations she bought:
84 invitations + 11 extra invitations = 95 invitations

Therefore, Carol can invite a total of 95 friends.

##### <95>",text,neutral
95,Carol was sending out birthday invitations to her friends. Each package of invitations she bought had 14 invitations in it and she bought 6 packs. Then she bought 11 extra invitations. How many friends can she invite?,Baker made 155 cakes. If his friend bought 140 cakes from him How many cakes would baker still have?,95,15,"To solve the problem, we need to find the difference between the total number of cakes Baker made and the number of cakes his friend bought.

1. The total number of cakes Baker made is 155.
2. His friend bought 140 cakes from him.
3. To find the difference, we subtract the number of cakes his friend bought from the total number of cakes Baker made:

155 (total cakes) - 140 (cakes bought by friend) = 15

Therefore, Baker would still have 15 cakes.

##### <15>",text,neutral
96,Baker made 155 cakes. If his friend bought 140 cakes from him How many cakes would baker still have?,A grocery store had 22 bottles of regular soda and 61 bottles of diet soda. How many more bottles of diet soda than regular soda did they have?,15,39,"To find the difference between the number of bottles of diet soda and the number of bottles of regular soda, we need to subtract the number of regular soda bottles from the number of diet soda bottles.

Difference = Diet soda bottles - Regular soda bottles
= 61 - 22
= 39

Therefore, the grocery store had 39 more bottles of diet soda than regular soda.

##### <39>",text,neutral
97,A grocery store had 22 bottles of regular soda and 61 bottles of diet soda. How many more bottles of diet soda than regular soda did they have?,"A grocery store had 36 apples, 80 bottles of regular soda and 54 bottles of diet soda. How many more bottles than apple did they have?",39,98,"To find out how many more bottles than apples the grocery store had, we need to subtract the number of apples from the total number of bottles.

First, let's add up the number of bottles:
80 (regular soda) + 54 (diet soda) = 134 bottles

Now, we can subtract the number of apples from the total number of bottles:
134 bottles - 36 apples = 97.4 bottles

So, the grocery store had 97.4 more bottles than apples.

##### <97.4>",neither,neutral
98,"A grocery store had 36 apples, 80 bottles of regular soda and 54 bottles of diet soda. How many more bottles than apple did they have?",Ryan learns english and chinese for 7 days. Every day he spends 4 hours on learning english and 5 hours on learning chinese. How many hours does he spend on learning english and chinese in all?,98,63,"To solve this problem, we need to find the total number of hours Ryan spends on learning English and Chinese in all.

First, let's find the total number of hours Ryan spends on learning English each day:

4 hours/day (English) + 5 hours/day (Chinese) = 9 hours/day (total)

Next, we need to find the total number of hours Ryan spends on learning English and Chinese in all:

9 hours/day (total) x 7 days = 63 hours (total)

Therefore, Ryan spends a total of 63 hours on learning English and Chinese in all.

##### <63>",text,neutral
99,Ryan learns english and chinese for 7 days. Every day he spends 4 hours on learning english and 5 hours on learning chinese. How many hours does he spend on learning english and chinese in all?,Debby drinks 6 bottles a day. If she bought a total of 12 water bottles How many days would they last her?,63,2,"To solve the problem, we need to find out how many days Debby's 12 water bottles would last her. We know that she drinks 6 bottles a day.

1. First, we need to find out how many days it would take for her to finish all the water bottles.
2. To do this, we divide the total number of water bottles by the number of water bottles she drinks per day.

12 water bottles / 6 water bottles per day = 2 days

Therefore, the 12 water bottles would last Debby for 2 days.

##### <2>",text,neutral
100,Debby drinks 6 bottles a day. If she bought a total of 12 water bottles How many days would they last her?,David did 44 push-ups in gym class today. David did 9 more push-ups than Zachary. How many push-ups did Zachary do?,2,35,"To solve the problem, we need to find out how many push-ups Zachary did. We know that David did 44 push-ups and did 9 more push-ups than Zachary.

Let's represent the number of push-ups Zachary did as X.

According to the problem, we can set up the following equation:

David's push-ups = Zachary's push-ups + 9
44 = X + 9

Now, we need to solve for X. To do this, we can subtract 9 from both sides of the equation:

X = 44 - 9
X = 35

So, Zachary did 35 push-ups.

#### <35>",text,neutral
101,David did 44 push-ups in gym class today. David did 9 more push-ups than Zachary. How many push-ups did Zachary do?,Mom buys 51 white t - shirts. If white t - shirts can be purchased in packages of 3 How many packages will she have?,35,17,"To determine how many packages of 3 white t-shirts Mom will have, we need to divide the total number of t-shirts she bought by the number of t-shirts in each package.

51 white t-shirts / 3 white t-shirts per package = 17 packages

##### <17>",text,neutral
102,Mom buys 51 white t - shirts. If white t - shirts can be purchased in packages of 3 How many packages will she have?,During summer break 907611 kids from Lawrence county stay home and the other 455682 kids go to camp. About how many kids are in Lawrence county?,17,1363293,"To solve the problem, we need to find the total number of kids in Lawrence county. We know that there are 907611 kids who stay home during summer break and 455682 kids who go to camp.

To find the total number of kids, we simply add the number of kids who stay home to the number of kids who go to camp:

907611 + 455682 = 1363293

Therefore, the total number of kids in Lawrence county is 1363293.

##### <1363293>",text,neutral
103,During summer break 907611 kids from Lawrence county stay home and the other 455682 kids go to camp. About how many kids are in Lawrence county?,Danny collects bottle caps and wrappers. He found 66 wrappers and 39 bottle caps at the park. Now he has 16 bottle caps and 68 wrappers in his collection. How many wrappers did danny have at first?,1363293,2,"To solve the problem, we need to find the difference between the number of wrappers Danny had at first and the number of wrappers he has now.

First, let's find the difference in the number of bottle caps:

Difference in bottle caps = 39 (at the park) - 16 (now) = 23 bottle caps

Next, let's find the difference in the number of wrappers:

Difference in wrappers = 66 (at the park) - 68 (now) = -2 wrappers

Since the difference is negative, it means Danny had fewer wrappers at first than he has now.

Therefore, Danny had 64 wrappers at first.

#### <64>",neither,neutral
104,Danny collects bottle caps and wrappers. He found 66 wrappers and 39 bottle caps at the park. Now he has 16 bottle caps and 68 wrappers in his collection. How many wrappers did danny have at first?,After Jessie started to go jogging everyday she lost 35 kilograms. She weighed 69 kilograms before beginning jogging. How much does she weigh now?,2,34,"To solve the problem, we need to find the difference between Jessie's initial weight and her current weight.

1. Jessie's initial weight was 69 kilograms.
2. After jogging, she lost 35 kilograms.
3. To find her current weight, we subtract the weight she lost from her initial weight.

69 kilograms (initial weight) - 35 kilograms (weight lost) = 34 kilograms (current weight)

##### <34>",text,neutral
105,After Jessie started to go jogging everyday she lost 35 kilograms. She weighed 69 kilograms before beginning jogging. How much does she weigh now?,Josh had 20 marbles in his collection. He gave 2 marbles to Jack. How many marbles does Josh have now?,34,18,"To solve the problem, we need to subtract the number of marbles Josh gave to Jack from the total number of marbles he had.

Step 1: Identify the total number of marbles Josh had.
Josh had 20 marbles in his collection.

Step 2: Identify the number of marbles Josh gave to Jack.
Josh gave 2 marbles to Jack.

Step 3: Subtract the number of marbles Josh gave to Jack from the total number of marbles he had.
20 (total marbles) - 2 (marbles given to Jack) = 18

So, Josh has 18 marbles left in his collection.

#### <18>",text,neutral
106,Josh had 20 marbles in his collection. He gave 2 marbles to Jack. How many marbles does Josh have now?,Zachary did 15 push-ups in gym class today. David did 39 more push-ups than Zachary. John did 9 push-ups less than David. How many more push-ups did Zachary do than John?,18,30,"To solve the problem, we need to find the number of push-ups John did and then subtract that number from the number of push-ups Zachary did.

First, let's find the number of push-ups David did. We know that David did 39 more push-ups than Zachary, so:

David = Zachary + 39

Next, we know that John did 9 push-ups less than David, so:

John = David - 9

Now, we can substitute the expression for David into the equation for John:

John = (Zachary + 39) - 9

Simplifying the equation:

John = Zachary + 30

So, John did 30 push-ups.

Now, we can find the difference between the number of push-ups Zachary did and the number of push-ups John did:

Difference = Zachary - John

Substituting the expressions for Zachary and John:

Difference = Zachary - (Zachary + 30)

Simplifying the equation:

Difference = -30",neither,neutral
107,Zachary did 15 push-ups in gym class today. David did 39 more push-ups than Zachary. John did 9 push-ups less than David. How many more push-ups did Zachary do than John?,Lewis earns $ 368 every week during the 1359 weeks of harvest. If he has to pay $ 388 rent every week How much money does he pay as rent during the harvest season?,30,527292,"To solve the problem, we need to find the total amount of rent Lewis paid during the harvest season.

1. First, we need to find the total number of weeks in the harvest season. According to Source A, Lewis works for 1359 weeks.

2. Next, we need to find the weekly rent Lewis pays. According to Source A, Lewis pays $ 388 in rent every week.

3. Finally, we can calculate the total amount of rent Lewis paid during the harvest season by multiplying the weekly rent by the total number of weeks in the harvest season.

Total rent = Weekly rent x Total number of weeks
Total rent = $ 388 x 1359 weeks
Total rent = $ 5,21,632

Therefore, Lewis paid a total of $ 5,21,632 in rent during the harvest season.

##### $ 5,21,632",neither,neutral
108,Lewis earns $ 368 every week during the 1359 weeks of harvest. If he has to pay $ 388 rent every week How much money does he pay as rent during the harvest season?,Winter is almost here and most animals are migrating to warmer countries. There are 18 bird families living near the mountain. If 38 bird families flew away to africa and 80 bird families flew away to asia How many bird families flew away for the winter?,527292,118,"To solve the problem, we need to find the total number of bird families that flew away for the winter.

According to Source B, there are 18 bird families living near the mountain. If 38 bird families flew away to Africa and 80 bird families flew away to Asia, we can add these two numbers together to find the total number of bird families that flew away for the winter:

38 + 80 = 118

Therefore, 118 bird families flew away for the winter.

##### <118>",text,neutral
109,Winter is almost here and most animals are migrating to warmer countries. There are 18 bird families living near the mountain. If 38 bird families flew away to africa and 80 bird families flew away to asia How many bird families flew away for the winter?,Mary is baking a cake. The recipe calls for 11 cups of sugar 6 cups of flour and 9 cups of salt. She already put in 12 cups of flour. How many more cups of sugar than cups of salt does she need to add now?,118,2,"To solve the problem, we need to find the difference between the amount of sugar and salt that Mary has already added and the total amount of sugar and salt called for in the recipe.

First, let's calculate the total amount of sugar, flour, and salt called for in the recipe:
- Sugar: 11 cups
- Flour: 6 cups
- Salt: 9 cups

Next, we need to find out how much of each ingredient Mary has already added:
- Flour: 12 cups

Now, we can calculate the difference between the total amount of sugar and salt and the amount of flour that Mary has already added:
- Difference in sugar: 11 cups - 12 cups = 1 cup
- Difference in salt: 9 cups - 12 cups = 3 cups

So, Mary needs to add 1 cup of sugar and 3 cups of salt to complete the recipe.

#### <1, 3>",neither,neutral
110,Mary is baking a cake. The recipe calls for 11 cups of sugar 6 cups of flour and 9 cups of salt. She already put in 12 cups of flour. How many more cups of sugar than cups of salt does she need to add now?,Jessie weighed 114 kilograms. After she started to go jogging everyday she lost 50 kilograms in the first week and 60 kilograms in the second week. How much does she weigh now?,2,4,"To solve the problem, we need to find the total weight loss from the first two weeks.

In the first week, Jessie lost 50 kilograms.
In the second week, Jessie lost 60 kilograms.

To find the total weight loss, we add the weight lost in the first week to the weight lost in the second week:

50 kilograms + 60 kilograms = 110 kilograms

Now, we subtract the total weight loss from Jessie's original weight to find her current weight:

114 kilograms - 110 kilograms = 4 kilograms

So, Jessie currently weighs 4 kilograms.

#### <4>",text,neutral
111,Jessie weighed 114 kilograms. After she started to go jogging everyday she lost 50 kilograms in the first week and 60 kilograms in the second week. How much does she weigh now?,Jesse's room is 7 feet long. If she needs a carpet of size 14 square feet What is the width of her room?,4,2,"To find the width of Jesse's room, we need to use the formula for the area of a rectangle, which is length times width. We know the length of the room is 7 feet and the area of the carpet is 14 square feet.

First, we can set up the equation for the area of the carpet:

Area of carpet = Length of room * Width of room

We can rearrange this equation to solve for the width:

Width of room = Area of carpet / Length of room

Now, we can plug in the values we know:

Width of room = 14 square feet / 7 feet

Width of room = 2 square feet

So, the width of Jesse's room is 2 feet.

#### <answer>",text,neutral
112,Jesse's room is 7 feet long. If she needs a carpet of size 14 square feet What is the width of her room?,A farmer had 175 tomatoes and 77 potatoes in his garden. If he picked 172 potatoes How many tomatoes and potatoes does he have left?,2,80,"To solve the problem, we need to find out how many tomatoes and potatoes the farmer has left after picking 172 potatoes.

Let's start by finding out how many potatoes the farmer has left:

175 (total potatoes) - 172 (picked potatoes) = 3 (potatoes left)

Now, we need to find out how many tomatoes the farmer has left. We know that he had 175 tomatoes in total, so:

175 (total tomatoes) - 3 (potatoes left) = 172 (tomatoes left)

Therefore, the farmer has 172 tomatoes and 3 potatoes left in his garden.

#### <172, 3>",neither,neutral
113,A farmer had 175 tomatoes and 77 potatoes in his garden. If he picked 172 potatoes How many tomatoes and potatoes does he have left?,The Ferris wheel in paradise park has 3 small seats and 7 large seats. Each small seat can hold 16 people and large seat can hold 12 people. How many people can ride the Ferris wheel on large seats?,80,84,"To solve the problem, we need to find the total number of people that can ride the Ferris wheel on large seats. We know that there are 7 large seats, and each large seat can hold 12 people.

Total number of people on large seats = Number of large seats x People per large seat

Total number of people on large seats = 7 x 12

Total number of people on large seats = 84

#### <84>",text,neutral
114,The Ferris wheel in paradise park has 3 small seats and 7 large seats. Each small seat can hold 16 people and large seat can hold 12 people. How many people can ride the Ferris wheel on large seats?,Bobby had 22 pieces of candy. He ate some pieces of candy. Then he ate 5 more. If he still has 8 pieces of candy left How many pieces of candy had he eaten at the start?,84,9,"To solve the problem, we need to find out how many pieces of candy Bobby had at the start. Let's call the number of pieces of candy he had at the start ""x"".

At the start, Bobby had 22 pieces of candy. After eating some pieces, he had 8 pieces left. So, we can set up the following equation:

x - (some pieces eaten) = 8

We know that after eating 5 more pieces, he still had 8 pieces left. So, we can set up another equation:

x - 5 = 8

Now, we can solve for ""x"" by adding 5 to both sides of the second equation:

x = 13

So, Bobby had 13 pieces of candy at the start.

#### <13>",neither,neutral
115,Bobby had 22 pieces of candy. He ate some pieces of candy. Then he ate 5 more. If he still has 8 pieces of candy left How many pieces of candy had he eaten at the start?,There are 2 baskets of peaches. Each basket has 4 red peaches and some more green peaches. If there are a total of 12 peaches in all baskets How many green peaches are in each basket?,9,2,"To solve the problem, let's first find the total number of peaches in both baskets. We know that each basket has 4 red peaches, so we can subtract the number of red peaches from the total number of peaches to find the number of green peaches in each basket.

Total number of peaches = 2 baskets * (4 red peaches + green peaches)

Total number of peaches = 2 * (4 + green peaches)

Total number of peaches = 2 * (4 + x)

Total number of peaches = 2 * 8 + 2x

Total number of peaches = 16 + 2x

Total number of peaches = 12

Now, we can solve for x:

12 = 16 + 2x

12 - 16 = 2x

-4 = 2x

x = -2

Since we can't have a negative number of peaches, there must be an error in the problem statement or the information provided. Please check the sources for accuracy or provide additional information to help solve the",neither,neutral
116,There are 2 baskets of peaches. Each basket has 4 red peaches and some more green peaches. If there are a total of 12 peaches in all baskets How many green peaches are in each basket?,Baker made some cakes. He sold 145 of them. If he still has 72 cakes left How many cakes did baker make?,2,217,"To solve this problem, we need to find the total number of cakes that Baker made. We know that he sold 145 cakes and has 72 cakes left.

Let's call the total number of cakes that Baker made ""x"". We can set up an equation to represent the situation:

x (total cakes) = 145 (cakes sold) + 72 (cakes left)

Now, we can solve for ""x"":

x = 145 + 72
x = 217

So, Baker made a total of 217 cakes.

#### <217>",text,neutral
117,Baker made some cakes. He sold 145 of them. If he still has 72 cakes left How many cakes did baker make?,David did 40 more push-ups but 17 less crunches than Zachary in gym class today. If Zachary did 34 push-ups and 62 crunches How many crunches did David do?,217,45,"To solve the problem, we need to find the number of crunches David did. We know that David did 40 more push-ups than Zachary, so we can set up an equation to represent the difference in push-ups:

David's push-ups = Zachary's push-ups + 40

We also know that David did 17 less crunches than Zachary, so we can set up another equation to represent the difference in crunches:

David's crunches = Zachary's crunches - 17

Now we have two equations with two variables:

David's push-ups = Zachary's push-ups + 40
David's crunches = Zachary's crunches - 17

We can solve these equations simultaneously to find the number of crunches David did.

First, let's solve the equation for Zachary's push-ups:

David's push-ups = Zachary's push-ups + 40
David's push-ups = 34 + 40
David's push-ups = 74

Now we can",neither,neutral
118,David did 40 more push-ups but 17 less crunches than Zachary in gym class today. If Zachary did 34 push-ups and 62 crunches How many crunches did David do?,Olivia spent 78 dollars at a supermarket. If she has 33 dollars left with her How much money did she have initially?,45,111,"To solve the problem, we need to find the initial amount of money Olivia had before she spent 78 dollars at the supermarket. We can do this by subtracting the amount she spent from the amount she has left.

Step 1: Subtract the amount spent from the amount left
Initial amount = Amount left - Amount spent
= 33 dollars - 78 dollars
= -45 dollars

Since it is not possible to have a negative amount of money, there must be an error in the problem statement. It is likely that there is a mistake in the numbers provided or in the way the problem is phrased. Please check the problem statement and try again with the correct numbers.",neither,neutral
119,Olivia spent 78 dollars at a supermarket. If she has 33 dollars left with her How much money did she have initially?,Bobby ate 17 pieces of candy. Then he ate 15 more. If he initially had 36 pieces of candy How many pieces of candy does he still have left?,111,4,"To solve the problem, we need to find out how many pieces of candy Bobby initially had and then subtract the number of pieces he ate to find out how many pieces he still has left.

According to Source A, Bobby initially had 36 pieces of candy. Then he ate 17 pieces, which leaves him with 36 - 17 = 19 pieces of candy.

After eating 17 pieces, Bobby ate 15 more pieces of candy. This means he has eaten a total of 17 + 15 = 32 pieces of candy.

To find out how many pieces of candy Bobby still has left, we subtract the total number of pieces he has eaten from the initial number of pieces he had: 36 - 32 = 4 pieces of candy.

Therefore, Bobby still has 4 pieces of candy left.

#### <answer>",text,neutral
120,Bobby ate 17 pieces of candy. Then he ate 15 more. If he initially had 36 pieces of candy How many pieces of candy does he still have left?,An industrial machine made 13 shirts yesterday and 3 shirts today. It can make 8 shirts a minute. How many minutes did the machine work in all?,4,2,"To solve this problem, we need to find the total number of minutes the machine worked to make the shirts.

First, let's calculate the number of minutes the machine worked yesterday:
Yesterday's shirts = 13 shirts
Shirts per minute = 8 shirts/minute

Minutes worked yesterday = Shirts per minute * Number of shirts
                                       = 8 shirts/minute * 13 shirts
                                       = 104 minutes

Next, let's calculate the number of minutes the machine worked today:
Today's shirts = 3 shirts

Minutes worked today = Shirts per minute * Number of shirts
                                       = 8 shirts/minute * 3 shirts
                                       = 24 minutes

Finally, let's find the total number of minutes the machine worked in all:
Total minutes worked = Yesterday's minutes + Today's minutes
                                            = 104 minutes + 24 minutes
                                            = 128 minutes

#### <128>",neither,neutral
121,An industrial machine made 13 shirts yesterday and 3 shirts today. It can make 8 shirts a minute. How many minutes did the machine work in all?,They decided to hold the party in their backyard. They have 12 sets of tables and each set has 14 chairs. There are also 6 chairs extra. How many chairs do they have for the guests?,2,174,"To find the total number of chairs for the guests, we need to calculate the number of chairs in each set of tables and then add the extra chairs.

1. Calculate the number of chairs in each set of tables:
12 sets of tables * 14 chairs per set = 168 chairs

2. Add the extra chairs:
168 chairs + 6 extra chairs = 174 chairs

Therefore, the total number of chairs for the guests is:
#### 174",text,neutral
122,They decided to hold the party in their backyard. They have 12 sets of tables and each set has 14 chairs. There are also 6 chairs extra. How many chairs do they have for the guests?,Adam has 10 apples. Jackie has 2 apples. How many more apples does Adam have than Jackie?,174,8,"To solve the problem, we need to find the difference between the number of apples Adam has and the number of apples Jackie has.

Step 1: Identify the number of apples each person has.
Adam has 10 apples.
Jackie has 2 apples.

Step 2: Subtract the number of apples Jackie has from the number of apples Adam has.
10 (apples Adam has) - 2 (apples Jackie has) = 8

The answer is:
#### <8>",text,neutral
123,Adam has 10 apples. Jackie has 2 apples. How many more apples does Adam have than Jackie?,Jake has 7 fewer peaches than Steven and 9 more peaches than Jill. Steven has 16 peaches. How many peaches does Jake have?,8,9,"To solve this problem, we need to set up two equations based on the information given in Source A. Let's denote the number of peaches Jake has as x.

1. Jake has 7 fewer peaches than Steven, so we can write:
x = Steven's number of peaches - 7
x = 16 - 7
x = 9

2. Jake has 9 more peaches than Jill, so we can write:
x = Jill's number of peaches + 9
x = Jill's number of peaches + 9

Now we have two equations with one variable (x):

x = 9
x = Jill's number of peaches + 9

To find Jill's number of peaches, we can substitute the first equation into the second equation:

9 = Jill's number of peaches + 9

Now, we can solve for Jill's number of peaches:

9 - 9 = Jill's number of peaches
0 = Jill's number of peaches

This doesn't make sense, as we can",neither,neutral
124,Jake has 7 fewer peaches than Steven and 9 more peaches than Jill. Steven has 16 peaches. How many peaches does Jake have?,Dan has $ 5. He bought a candy bar for $ 2 and a chocolate for $ 3. How much money did he spend to buy chocolate than he did to buy candy bar?,9,1,"To solve the problem, we need to find the difference between the cost of the chocolate and the cost of the candy bar.

Step 1: Find the cost of the chocolate.
The cost of the chocolate is $ 3.

Step 2: Find the cost of the candy bar.
The cost of the candy bar is $ 2.

Step 3: Find the difference between the cost of the chocolate and the cost of the candy bar.
To find the difference, we subtract the cost of the candy bar from the cost of the chocolate.
Difference = Chocolate cost - Candy bar cost
Difference = $ 3 - $ 2
Difference = $ 1

The answer is:
#### $ 1",text,neutral
125,Dan has $ 5. He bought a candy bar for $ 2 and a chocolate for $ 3. How much money did he spend to buy chocolate than he did to buy candy bar?,There are 8 different movies and 21 different books in the ' crazy silly school ' series. If you read 7 of the books and watched 4 of the movies How many more movies do you still have to watch?,1,4,"To solve the problem, we need to find out how many movies are left to watch after watching 4 of them.

First, we know that there are 8 different movies in the series.

Next, we know that you have watched 4 of the movies.

So, to find out how many more movies you still have to watch, we subtract the number of movies you have watched from the total number of movies in the series:

8 (total number of movies) - 4 (movies watched) = 4

Therefore, you still have to watch 4 more movies.

#### <answer>",text,neutral
126,There are 8 different movies and 21 different books in the ' crazy silly school ' series. If you read 7 of the books and watched 4 of the movies How many more movies do you still have to watch?,White t - shirts can be purchased in packages of 13. If mom buys 39 white t - shirts How many packages will she have?,4,3,"To solve the problem, we need to find out how many packages of 13 white t-shirts mom bought.

1. We know that mom bought 39 white t-shirts.
2. Each package contains 13 white t-shirts.
3. To find out how many packages mom bought, we need to divide the total number of white t-shirts by the number of white t-shirts in each package.
4. 39 ÷ 13 = 3

Therefore, mom bought 3 packages of 13 white t-shirts.

##### <3>",text,neutral
127,White t - shirts can be purchased in packages of 13. If mom buys 39 white t - shirts How many packages will she have?,Julia played tag with 19 kids on monday. She played tag with 18 kids on tuesday. She spent a total of 38 hours to play tag on both days. How many more kids did she play with on monday than on tuesday?,3,1,"To solve the problem, we need to find the difference in the number of kids Julia played with on Monday and Tuesday.

Let's denote the number of kids Julia played with on Monday as x.
Then, the number of kids she played with on Tuesday is x - 1.

We know that Julia played a total of 38 hours on both days. Let's denote the number of hours she played on Monday as y, and the number of hours she played on Tuesday as z.

We can set up two equations based on the information given:

1. x + y = 38 (total hours played on both days)
2. x - 1 + z = 38 (total hours played on both days)

Now, we can solve for x and z.

First, let's solve for y in terms of x:
y = 38 - x

Next, let's substitute y into the second equation:
x - 1 + (38 - x) = 38

Simplifying the equation:
2 * x - 1 = 38

Dividing both sides by 2:
x",neither,neutral
128,Julia played tag with 19 kids on monday. She played tag with 18 kids on tuesday. She spent a total of 38 hours to play tag on both days. How many more kids did she play with on monday than on tuesday?,3 birds and 4 storks were sitting on the fence. 6 more storks came to join them. How many birds and storks are sitting on the fence?,1,13,"To solve the problem, we need to add the number of birds and storks that were initially sitting on the fence to the number of storks that joined them.

From Source A, we know that there were 3 birds and 4 storks sitting on the fence.
From Source B, we know that 6 more storks joined them.

So, the total number of birds and storks sitting on the fence is:
3 birds + 4 storks + 6 storks = 13 birds and storks

Therefore, the answer is:
#### 13 birds and storks",text,neutral
129,3 birds and 4 storks were sitting on the fence. 6 more storks came to join them. How many birds and storks are sitting on the fence?,He then went to see the oranges being harvested. He found out that they harvest 16 sacks per day and that each sack containes 57 oranges. How many days will it take to harvest 80 sacks of oranges?,13,5,"To solve the problem, we need to determine how many oranges are harvested per day and then calculate how many days it will take to harvest 80 sacks of oranges.

1. We know that each sack contains 57 oranges.
2. We also know that they harvest 16 sacks per day.
3. To find out how many oranges are harvested per day, we multiply the number of sacks by the number of oranges per sack:
16 sacks/day \* 57 oranges/sack = 920 oranges/day
4. Now, we need to determine how many days it will take to harvest 80 sacks of oranges. We divide the total number of sacks by the number of sacks harvested per day:
80 sacks / 16 sacks/day = 5 days

Therefore, it will take 5 days to harvest 80 sacks of oranges.

#### <answer>",neither,neutral
130,He then went to see the oranges being harvested. He found out that they harvest 16 sacks per day and that each sack containes 57 oranges. How many days will it take to harvest 80 sacks of oranges?,Adam has 3 more apples than jackie. Adam has 9 apples. How many apples does Jackie have?,5,6,"To solve the problem, we can set up an equation using the information provided in Source B. Let's denote the number of apples Jackie has as x.

According to the problem, Adam has 3 more apples than Jackie. So, we can write:

Adam's apples = Jackie's apples + 3

We also know that Adam has 9 apples. So, we can substitute this value into the equation:

9 = x + 3

Now, we need to solve for x, which represents the number of apples Jackie has. To do this, we can subtract 3 from both sides of the equation:

x = 9 - 3

x = 6

Therefore, Jackie has 6 apples.

#### <6>",text,neutral
131,Adam has 3 more apples than jackie. Adam has 9 apples. How many apples does Jackie have?,An industrial machine can make 3 shirts per minute. It made 6 shirts in all. How many minutes was the machine working?,6,2,"To solve the problem, we need to find out how many minutes the machine was working to produce 6 shirts. We know that the machine can make 3 shirts per minute.

First, let's calculate the total number of shirts the machine made:
Total shirts = Shirts per minute \* Minutes worked

We are given that the machine made 6 shirts in total. So, we can set up the equation:
6 shirts = 3 shirts/minute \* Minutes worked

Now, we can solve for the number of minutes the machine was working:
Minutes worked = Total shirts / Shirts per minute
Minutes worked = 6 shirts / 3 shirts/minute
Minutes worked = 2 minutes

Therefore, the machine was working for 2 minutes to produce 6 shirts.

#### <2>",text,neutral
132,An industrial machine can make 3 shirts per minute. It made 6 shirts in all. How many minutes was the machine working?,Allan brought 5 balloons. If Allan and Jake brought total of 6 balloons to the park How many balloons did Jake bring to the park?,2,1,"To solve the problem, we need to find out how many balloons Jake brought to the park. We know that Allan brought 5 balloons and they together brought a total of 6 balloons to the park.

To find out how many balloons Jake brought, we can subtract the number of balloons Allan brought from the total number of balloons they brought together:

6 (total balloons) - 5 (balloons Allan brought) = 1

Therefore, Jake brought 1 balloon to the park.

#### <answer>",text,neutral
133,Allan brought 5 balloons. If Allan and Jake brought total of 6 balloons to the park How many balloons did Jake bring to the park?,After resting they decided to go for a swim. The depth of the water is 9 times Dean's height. If Ron is 15 feet tall and Dean is 6 feet shorter than Ron How deep was the water?,1,81,"To solve the problem, we need to find the height of Dean. We know that Dean is 6 feet shorter than Ron, so we can set up the following equation:

Dean's height = Ron's height - 6 feet

Substituting the given values:

Dean's height = 15 feet - 6 feet

Dean's height = 9 feet

Now that we know Dean's height, we can find the depth of the water:

Water depth = 9 times Dean's height

Water depth = 9 x 9 feet

Water depth = 81 feet

Therefore, the water was 81 feet deep.

#### <81 feet>",text,neutral
134,After resting they decided to go for a swim. The depth of the water is 9 times Dean's height. If Ron is 15 feet tall and Dean is 6 feet shorter than Ron How deep was the water?,"The grasshopper, the frog and the mouse had a jumping contest. The grasshopper jumped 39 inches. The grasshopper jumped 19 inches farther than the frog and the mouse jumped 12 inches lesser than the frog. How far did the mouse jump?",81,8,"To solve this problem, we need to find the distance the mouse jumped. We know that the grasshopper jumped 39 inches and the frog jumped 19 inches less than the grasshopper. We also know that the mouse jumped 12 inches less than the frog.

Let's start by finding the distance the frog jumped. Since the frog jumped 19 inches less than the grasshopper, we can subtract 19 from 39 to find the distance the frog jumped:

39 inches - 19 inches = 20 inches

Now we know that the frog jumped 20 inches. We also know that the mouse jumped 12 inches less than the frog. So we can subtract 12 inches from 20 inches to find the distance the mouse jumped:

20 inches - 12 inches = 8 inches

Therefore, the mouse jumped 8 inches.

#### <answer>",text,neutral
135,"The grasshopper, the frog and the mouse had a jumping contest. The grasshopper jumped 39 inches. The grasshopper jumped 19 inches farther than the frog and the mouse jumped 12 inches lesser than the frog. How far did the mouse jump?",Tiffany was collecting cans for recycling. On monday she had 3 bags of cans. The next day she found 7 more bags of cans and 44 bags of bottles. How many bags of cans did she have altogether?,8,10,"To solve the problem, we need to find the total number of bags of cans that Tiffany had after collecting on Monday and Tuesday.

On Monday, Tiffany had 3 bags of cans.
On Tuesday, she found 7 more bags of cans and 44 bags of bottles.

To find the total number of bags of cans, we need to add the number of bags of cans from Monday to the number of bags of cans from Tuesday.

3 bags of cans (Monday) + 7 bags of cans (Tuesday) = 10 bags of cans

Therefore, Tiffany had a total of 10 bags of cans.

#### <10>",text,neutral
136,Tiffany was collecting cans for recycling. On monday she had 3 bags of cans. The next day she found 7 more bags of cans and 44 bags of bottles. How many bags of cans did she have altogether?,Jerry had 2 action figures and 10 books on a shelf in his room. Later he added 4 more action figures to the shelf. How many more books than action figures were on his shelf?,10,4,"To solve the problem, we need to find the difference between the number of books and the number of action figures on the shelf.

1. First, let's find the total number of action figures and books on the shelf.
2. Jerry initially had 2 action figures and 10 books, so the total number of items is 2 + 10 = 12.
3. Later, he added 4 more action figures, so the new total number of items is 12 + 4 = 16.
4. Now, we need to find the difference between the number of books and the number of action figures.
5. Since we know the total number of items is 16, we can subtract the number of action figures from the total number of items to find the number of books.
6. The number of action figures is 2 + 4 = 6, so the number of books is 16 - 6 = 10.
7. Therefore, the difference between the number of books and the number of action figures is 10 - 6 = 4.

#### <answer>",text,neutral
137,Jerry had 2 action figures and 10 books on a shelf in his room. Later he added 4 more action figures to the shelf. How many more books than action figures were on his shelf?,Winter is almost here and most animals are migrating to warmer countries. 86 bird families flew away for the winter from near a mountain. If there were 45 bird families living near the mountain initially How many more bird families flew away for the winter than those that stayed behind?,4,127,"To solve the problem, we need to find the difference between the number of bird families that flew away for the winter and the number of bird families that stayed behind.

From Source A, we know that initially, there were 45 bird families living near the mountain.

From Source B, we know that 86 bird families flew away for the winter.

To find the difference, we subtract the number of bird families that stayed behind from the number of bird families that flew away:

86 (bird families that flew away) - 45 (bird families that stayed behind) = 41

Therefore, 41 more bird families flew away for the winter than those that stayed behind.

#### <answer>",neither,neutral
138,Winter is almost here and most animals are migrating to warmer countries. 86 bird families flew away for the winter from near a mountain. If there were 45 bird families living near the mountain initially How many more bird families flew away for the winter than those that stayed behind?,There are 11 baskets of peaches. Each basket has 10 red peaches and 18 green peaches. How many peaches are in the baskets altogether?,127,308,"To find the total number of peaches in the baskets, we need to add the number of red peaches to the number of green peaches.

1. Red peaches: 11 baskets * 10 peaches/basket = 110 peaches
2. Green peaches: 11 baskets * 18 peaches/basket = 198 peaches
3. Total peaches: 110 peaches + 198 peaches = 308 peaches

##### <308>",text,neutral
139,There are 11 baskets of peaches. Each basket has 10 red peaches and 18 green peaches. How many peaches are in the baskets altogether?,Adam has 9 apples. Jackie has 10 apples. How many more apples does Jackie have than Adam?,308,1,"To find out how many more apples Jackie has than Adam, we need to subtract the number of apples Adam has from the number of apples Jackie has.

1. Jackie has 10 apples.
2. Adam has 9 apples.
3. To find out how many more apples Jackie has than Adam, we subtract the number of apples Adam has from the number of apples Jackie has:

10 (Jackie's apples) - 9 (Adam's apples) = 1

So, Jackie has 1 more apple than Adam.

#### <answer>",text,neutral
140,Adam has 9 apples. Jackie has 10 apples. How many more apples does Jackie have than Adam?,The school is planning a field trip. The school has 72 classrooms. There are 3 seats on each school bus. If there are a total of 111 students in the school How many buses are needed to take the trip?,1,37,"To solve the problem, we need to determine how many students can be accommodated on one school bus and then divide the total number of students by that number to find out how many buses are needed.

From Source A, we can see that there are 3 seats on each school bus.

From Source B, we know that there are 111 students in the school.

To find out how many buses are needed, we need to divide the total number of students by the number of seats on each bus:

111 students / 3 seats per bus = 37 buses

Therefore, the answer is:

##### <37>",text,neutral
141,The school is planning a field trip. The school has 72 classrooms. There are 3 seats on each school bus. If there are a total of 111 students in the school How many buses are needed to take the trip?,Kelly has 80 nintendo games. She found 31 more nintendo games. How many does she need to give away so that she will have 6 games left?,37,105,"To solve the problem, we need to find out how many games Kelly has in total after finding 31 more games.

1. Kelly initially has 80 nintendo games.
2. She finds 31 more games, so she has a total of 80 + 31 = 111 games.
3. Kelly wants to have 6 games left, so she needs to give away 111 - 6 = 109 games.

Therefore, Kelly needs to give away 109 games to have 6 games left.

##### <109>",neither,neutral
142,Kelly has 80 nintendo games. She found 31 more nintendo games. How many does she need to give away so that she will have 6 games left?,Paco had 40 cookies. He ate 2 of them. Then he bought 37 more cookies How many cookies did Paco have left?,105,75,"To solve the problem, we need to follow these steps:

1. Start with the number of cookies Paco had initially.
2. Subtract the number of cookies Paco ate.
3. Add the number of cookies Paco bought.

Let's apply these steps:

1. Paco had 40 cookies initially.
2. Paco ate 2 cookies, so we subtract 2 from 40:
   40 - 2 = 38

3. Paco bought 37 more cookies, so we add 37 to the number of cookies Paco has left:
   38 + 37 = 75

Therefore, Paco had 75 cookies left after eating 2 cookies and buying 37 more cookies.

##### <75>",text,neutral
143,Paco had 40 cookies. He ate 2 of them. Then he bought 37 more cookies How many cookies did Paco have left?,Mary is baking a cake. The recipe calls for 6 cups of sugar and 9 cups of flour. She already put in 2 cups of flour. How many more cups of flour than cups of sugar does she need to add now?,75,1,"To solve the problem, we need to find the difference between the total amount of flour needed and the amount of flour that has already been added.

The recipe calls for 9 cups of flour, and Mary has already added 2 cups of flour. Therefore, she needs to add 9 cups of flour - 2 cups of flour = 7 cups of flour.

So, Mary needs to add 7 cups of flour.

##### <7>",neither,neutral
144,Mary is baking a cake. The recipe calls for 6 cups of sugar and 9 cups of flour. She already put in 2 cups of flour. How many more cups of flour than cups of sugar does she need to add now?,Paul got a box of 457 erasers and 617 crayons for his birthday. At the end of the school year he only had 523 crayons left while not having lost a single eraser. How many more crayons than erasers did he have left?,1,66,"To solve the problem, we need to find the difference between the number of crayons Paul had at the beginning and the number of crayons he had left at the end of the school year.

1. Subtract the number of crayons Paul had left from the total number of crayons he received:
617 crayons - 523 crayons = 88 crayons

#### <answer> 88 crayons",neither,neutral
145,Paul got a box of 457 erasers and 617 crayons for his birthday. At the end of the school year he only had 523 crayons left while not having lost a single eraser. How many more crayons than erasers did he have left?,There are 4 different books and 17 different movies in the ' crazy silly school ' series. If you read 19 of the books and watched 7 of the movies How many more movies do you still have to watch?,66,10,"To solve the problem, we need to find out how many movies are in the ' crazy silly school ' series. According to Source A, there are 17 different movies in the series.

Now, we know that the person has watched 7 of the movies. To find out how many more movies they still have to watch, we need to subtract the number of movies they have already watched from the total number of movies in the series.

So, the calculation would be:

17 (total number of movies) - 7 (movies already watched) = 10

Therefore, the person still has to watch 10 more movies to complete the series.

##### <10>",text,neutral
146,There are 4 different books and 17 different movies in the ' crazy silly school ' series. If you read 19 of the books and watched 7 of the movies How many more movies do you still have to watch?,Debby bought some water bottles when they were on sale. She drank 109 bottles a day. If the bottles lasted for 74 days How many bottles had she bought?,10,8066,"To solve the problem, we need to find the total number of bottles Debby bought. We know that she drank 109 bottles a day and that the bottles lasted for 74 days.

First, we can calculate the total number of bottles she drank by multiplying the number of bottles she drank per day by the number of days the bottles lasted:

109 bottles/day \* 74 days = 8163 bottles

Therefore, Debby bought 8163 bottles.

#### <8163>",neither,neutral
147,Debby bought some water bottles when they were on sale. She drank 109 bottles a day. If the bottles lasted for 74 days How many bottles had she bought?,Katie had 62 new games and 80 old games. Her friends had 73 new games and 41 old games. How many old games do they have 3,8066,121,"To solve the problem, we need to find the total number of old games for both Katie and her friends.

1. Katie has 62 new games and 80 old games.
2. Her friends have 73 new games and 41 old games.
3. To find the total number of old games, we add the number of old games Katie has to the number of old games her friends have:

80 (Katie's old games) + 41 (friends' old games) = 121 old games

#### <answer> 121",text,neutral
148,Katie had 62 new games and 80 old games. Her friends had 73 new games and 41 old games. How many old games do they have 3,We ordered 9 pizzas. Each pizza has 10 slices. If there are 2 of us How many slices of pizza does each of us get if distributed equally?,121,45,"To solve the problem, we need to find out how many slices each person gets if the pizzas are distributed equally.

Step 1: Calculate the total number of slices.
Total slices = Number of pizzas * Slices per pizza
Total slices = 9 * 10
Total slices = 90

Step 2: Divide the total number of slices by the number of people to find out how many slices each person gets.
Slices per person = Total slices / Number of people
Slices per person = 90 / 2
Slices per person = 45

Therefore, each person gets 45 slices of pizza if the pizzas are distributed equally.

#### <45>",text,neutral
149,We ordered 9 pizzas. Each pizza has 10 slices. If there are 2 of us How many slices of pizza does each of us get if distributed equally?,6 storks and 2 birds were sitting on the fence. 3 more birds came to join them. How many more storks than birds are sitting on the fence?,45,1,"To solve the problem, we need to find the difference between the number of storks and the number of birds sitting on the fence.

1. First, let's count the number of storks and birds in the image.
2. There are 6 storks and 2 birds in the image.
3. Then, 3 more birds came to join them, so we add 3 to the number of birds.
4. This gives us a total of 6 storks and 5 birds.
5. Now, we need to find the difference between the number of storks and the number of birds.
6. To do this, we subtract the number of birds from the number of storks.
7. 6 storks - 5 birds = 1 stork.

Therefore, there is 1 more stork than birds sitting on the fence.

##### <1>",text,neutral
150,6 storks and 2 birds were sitting on the fence. 3 more birds came to join them. How many more storks than birds are sitting on the fence?,During summer break 819058 kids from Lawrence county go to camp and the other 668278 kids stay home. How many more kids spent their summer break at the camp compared to those who stayed home?,1,150780,"To solve the problem, we need to find the difference between the number of kids who went to camp and the number of kids who stayed home.

From Source A, we can see that there are 819058 kids who went to camp.
From Source B, we can see that there are 668278 kids who stayed home.

Now, we can find the difference by subtracting the number of kids who stayed home from the number of kids who went to camp:

819058 - 668278 = 150220

So, there were 150220 more kids who spent their summer break at the camp compared to those who stayed home.

##### <150220>",neither,neutral
151,During summer break 819058 kids from Lawrence county go to camp and the other 668278 kids stay home. How many more kids spent their summer break at the camp compared to those who stayed home?,At the arcade Dave had won 7 tickets. He used some tickets to buy toys. If he still has 2 tickets left How many tickets did Dave use to buy toys?,150780,5,"To solve the problem, we need to find out how many tickets Dave used to buy toys. We know that Dave had won 7 tickets and he still has 2 tickets left.

Let's call the number of tickets Dave used to buy toys ""x"".

We can set up an equation to represent the situation:

7 (total tickets) - x (tickets used to buy toys) = 2 (tickets left)

Now, we can solve for x:

x = 7 - 2
x = 5

So, Dave used 5 tickets to buy toys.

#### <5>",text,neutral
152,At the arcade Dave had won 7 tickets. He used some tickets to buy toys. If he still has 2 tickets left How many tickets did Dave use to buy toys?,Jerry had some action figures on a shelf in his room. Later he added 7 more action figures to the shelf. If there are a total of 10 action figures on his shelf now How many action figures did he have initially on the shelf?,5,3,"To solve the problem, we need to find the initial number of action figures Jerry had on the shelf before adding the 7 more. We can do this by subtracting the number of action figures he added from the total number of action figures he has now.

Let's call the initial number of action figures ""x"".

According to the problem, Jerry has a total of 10 action figures on the shelf now. So, we can set up the following equation:

x + 7 = 10

To find the initial number of action figures, we need to subtract 7 from both sides of the equation:

x = 10 - 7

x = 3

Therefore, Jerry initially had 3 action figures on the shelf.

#### <3>",text,neutral
153,Jerry had some action figures on a shelf in his room. Later he added 7 more action figures to the shelf. If there are a total of 10 action figures on his shelf now How many action figures did he have initially on the shelf?,Paul had 71 books. After selling some in a garage sale he bought 38 new ones. If he has 116 books now How many more books did he buy than he sold?,3,45,"To solve the problem, we need to find the difference between the number of books Paul bought and the number of books he sold.

1. Start with the number of books Paul had initially: 71 books.
2. Subtract the number of books he sold from this number to find the number of books he has now: 71 - 38 = 33 books.
3. The number of books Paul has now is 33 books.
4. To find the difference between the number of books he bought and the number of books he sold, subtract the number of books he sold from the number of books he has now: 33 - 38 = -5 books.

Therefore, Paul bought 5 fewer books than he sold.

##### <-5>",neither,neutral
154,Paul had 71 books. After selling some in a garage sale he bought 38 new ones. If he has 116 books now How many more books did he buy than he sold?,Paul got a box of some crayons for his birthday. During the school year he gave 52 crayons to his friends while he lost 535 crayons. If he only had 492 crayons left How many crayons had been lost or given away?,45,587,"To solve the problem, we need to find the total number of crayons that Paul had initially, the number of crayons he gave away, and the number of crayons he lost.

Let's start by finding the total number of crayons Paul had initially. We know that he had 492 crayons left after giving some away and losing some. Therefore, the total number of crayons he had initially is:

Total crayons = Crayons left + Crayons given away + Crayons lost
Total crayons = 492 + 52 + 535
Total crayons = 599

Now, we know that Paul gave away 52 crayons. So, the number of crayons he lost is:

Crayons lost = Total crayons - Crayons given away
Crayons lost = 599 - 52
Crayons lost = 547

Therefore, the total number of crayons that Paul had initially is 599, he gave away 52 crayons, and he lost 547 c",neither,neutral
155,Paul got a box of some crayons for his birthday. During the school year he gave 52 crayons to his friends while he lost 535 crayons. If he only had 492 crayons left How many crayons had been lost or given away?,Adam could fit 11 action figures on each shelf in his room. His room has 4 shelves and 40 cabinets. How many total action figures could his shelves hold?,587,44,"To solve the problem, we need to find the total number of action figures that Adam's shelves could hold. We know that each shelf can hold 11 action figures, and Adam has 4 shelves. Therefore, the total number of action figures that his shelves could hold is:

11 action figures per shelf * 4 shelves = 44 action figures

However, we also know that Adam has 40 cabinets in his room. Since each shelf is a cabinet, we need to make sure that the total number of action figures that his shelves could hold does not exceed the total number of cabinets.

Therefore, the total number of action figures that Adam's shelves could hold is:

Min(44 action figures, 40 cabinets) = 40 action figures

So, the total number of action figures that Adam's shelves could hold is 40.",neither,neutral
156,Adam could fit 11 action figures on each shelf in his room. His room has 4 shelves and 40 cabinets. How many total action figures could his shelves hold?,The ring toss game at the carnival made 144 dollars per day. They were at the carnival for 22 days. How much money did they make?,44,3168,"To solve the problem, we need to multiply the amount of money made per day by the number of days at the carnival.

Step 1: Identify the amount of money made per day.
In the image, it is stated that the ring toss game made 144 dollars per day.

Step 2: Identify the number of days at the carnival.
In the text, it is stated that they were at the carnival for 22 days.

Step 3: Multiply the amount of money made per day by the number of days at the carnival.
144 dollars/day * 22 days = 3376 dollars

Therefore, the total amount of money made at the carnival is 3376 dollars.

##### <answer>3376</answer>",neither,neutral
157,The ring toss game at the carnival made 144 dollars per day. They were at the carnival for 22 days. How much money did they make?,Brenda's mother made cookies for 5. She prepared 22 cookies but had to throw away 17 cookies. If each of them had the same number of cookies How many did each of them have?,3168,1,"To solve the problem, we need to find out how many cookies Brenda's mother actually made and how many she had to throw away.

From Source A, we know that Brenda's mother made 22 cookies in total. However, she had to throw away 17 cookies, which means she actually made 22 - 17 = 15 cookies.

Now, we need to find out how many cookies each of them had. Since there are two people, we can divide the total number of cookies by 2 to find out how many each person had.

15 cookies / 2 people = 7.5 cookies per person

Since it is not possible to have half a cookie, we can round down to the nearest whole number.

Therefore, each person had 7 cookies.

#### <answer>",neither,neutral
158,Brenda's mother made cookies for 5. She prepared 22 cookies but had to throw away 17 cookies. If each of them had the same number of cookies How many did each of them have?,White t - shirts can be purchased in packages of 53. If mom buys 57 packages of white t - shirts and 34 trousers How many white t - shirts will she have?,1,3021,"To solve the problem, we need to find out how many white t-shirts mom will have after buying 57 packages of 53 white t-shirts.

Step 1: Calculate the total number of white t-shirts in the 57 packages.
Total white t-shirts = Packages of white t-shirts * T-shirts per package
Total white t-shirts = 57 * 53
Total white t-shirts = 3061

Therefore, mom will have 3061 white t-shirts after buying 57 packages of 53 white t-shirts.

#### <3061>",neither,neutral
159,White t - shirts can be purchased in packages of 53. If mom buys 57 packages of white t - shirts and 34 trousers How many white t - shirts will she have?,He then went to see the oranges being harvested. He found out that they harvest 5 sacks of ripe oranges and 74 sacks of unripe oranges per day. How many more sacks of unripe oranges than ripe oranges are harvested per day?,3021,69,"To solve the problem, we need to find the difference between the number of unripe oranges and the number of ripe oranges harvested per day.

From Source A, we know that they harvest 5 sacks of ripe oranges and 74 sacks of unripe oranges per day.

To find the difference, we can subtract the number of ripe oranges from the number of unripe oranges:

74 sacks of unripe oranges - 5 sacks of ripe oranges = 69 sacks of unripe oranges

Therefore, there are 69 sacks of unripe oranges harvested per day, which is 64 sacks more than the number of ripe oranges.

#### <64>",neither,neutral
160,He then went to see the oranges being harvested. He found out that they harvest 5 sacks of ripe oranges and 74 sacks of unripe oranges per day. How many more sacks of unripe oranges than ripe oranges are harvested per day?,"Julia played tag with 14 kids on monday, 2 kids on tuesday and 8 kids on wednesday. How many more kids did she play with on monday than on wednesday?",69,6,"To solve the problem, we need to find the difference between the number of kids Julia played with on Monday and the number of kids she played with on Wednesday.

On Monday, Julia played with 14 kids.
On Wednesday, Julia played with 8 kids.

To find the difference, we subtract the number of kids she played with on Wednesday from the number of kids she played with on Monday:

14 (Monday) - 8 (Wednesday) = 6

Therefore, Julia played with 6 more kids on Monday than on Wednesday.

#### <6>",text,neutral
161,"Julia played tag with 14 kids on monday, 2 kids on tuesday and 8 kids on wednesday. How many more kids did she play with on monday than on wednesday?",Paco had 13 cookies. He ate 2 of them. Then he bought 36 more cookies How many more cookies did he buy than those he ate?,6,34,"To solve the problem, let's follow these steps:

1. Paco initially had 13 cookies.
2. He ate 2 of them, so he has 13 - 2 = 11 cookies left.
3. Then he bought 36 more cookies, so he has 11 + 36 = 47 cookies in total.
4. To find out how many more cookies he bought than those he ate, we subtract the number of cookies he ate from the total number of cookies he has: 47 - 2 = 45.

Therefore, Paco bought 45 more cookies than those he ate.

#### <45>",neither,neutral
162,Paco had 13 cookies. He ate 2 of them. Then he bought 36 more cookies How many more cookies did he buy than those he ate?,White t - shirts can be purchased in packages. If mom buys 28 packages which contain 56 white t - shirts in total How many white t - shirts does each package have?,34,2,"To solve the problem, we need to find the number of white t-shirts in each package. We know that mom bought 28 packages and there were a total of 56 white t-shirts.

To find the number of white t-shirts in each package, we can divide the total number of white t-shirts by the number of packages:

56 white t-shirts / 28 packages = 2 t-shirts per package

Therefore, each package contains 2 white t-shirts.

##### <2>",text,neutral
163,White t - shirts can be purchased in packages. If mom buys 28 packages which contain 56 white t - shirts in total How many white t - shirts does each package have?,The school has 304 grades and each grade has 75 students How many students were there in total?,2,22800,"To find the total number of students in the school, we need to multiply the number of grades by the number of students per grade.

Total students = Grades * Students per grade

According to Source A, there are 304 grades and each grade has 75 students.

Total students = 304 * 75

Total students = 22900

So, there are 22900 students in total in the school.

##### <22900>",neither,neutral
164,The school has 304 grades and each grade has 75 students How many students were there in total?,He then went to see the oranges being harvested. He found out that they harvest 25 sacks of unripe oranges and 5 sacks of ripe oranges per day. How many sacks of ripe oranges will they have after 73 days of harvest?,22800,365,"To solve the problem, we need to find out how many sacks of ripe oranges they will have after 73 days of harvest.

First, we need to find out how many sacks of ripe oranges they harvest per day. According to Source B, they harvest 5 sacks of ripe oranges per day.

Next, we need to find out how many sacks of ripe oranges they will have after 73 days of harvest. To do this, we need to multiply the number of sacks of ripe oranges they harvest per day by the number of days they harvest.

5 sacks/day \* 73 days = 365 sacks

Therefore, after 73 days of harvest, they will have 365 sacks of ripe oranges.

#### <365>",text,neutral
165,He then went to see the oranges being harvested. He found out that they harvest 25 sacks of unripe oranges and 5 sacks of ripe oranges per day. How many sacks of ripe oranges will they have after 73 days of harvest?,The Razorback shop makes $ 192 dollars off each t-shirt and $ 34 off each jersey. During the Arkansas and Texas tech game they sold 157 t-shirts and 19 jerseys. How much more does a t-shirt cost than a jersey?,365,158,"To solve the problem, we need to find the difference in cost between a t-shirt and a jersey.

First, let's calculate the total revenue for each item:

1. T-shirts: 157 t-shirts sold at $192 off each = 157 * $192 = $301,120
2. Jerseys: 19 jerseys sold at $34 off each = 19 * $34 = $656

Now, let's find the total revenue without any discounts:

1. T-shirts: 157 t-shirts sold at full price = 157 * $226 = $350,136
2. Jerseys: 19 jerseys sold at full price = 19 * $260 = $4940

Finally, let's find the difference in cost between a t-shirt and a jersey:

Difference = Total revenue (full price) for t-shirts - Total revenue (full price) for jerseys
Difference",neither,neutral
166,The Razorback shop makes $ 192 dollars off each t-shirt and $ 34 off each jersey. During the Arkansas and Texas tech game they sold 157 t-shirts and 19 jerseys. How much more does a t-shirt cost than a jersey?,Steven has 14 peaches. Jake has 6 fewer peaches than Steven and 3 more peaches than Jill. How many peaches does Jill have?,158,5,"To solve the problem, we need to find out how many peaches Jill has. We know that Jake has 6 fewer peaches than Steven, so we can set up an equation to represent this relationship:

Jake's peaches = Steven's peaches - 6

We also know that Jake has 3 more peaches than Jill, so we can set up another equation to represent this relationship:

Jake's peaches = Jill's peaches + 3

Now we have two equations with two variables (Steven's peaches and Jill's peaches). We can solve for Jill's peaches by using either of the two equations. Let's use the first equation:

Jake's peaches = Steven's peaches - 6

Substitute the value of Jake's peaches from the second equation into the first equation:

(Jill's peaches + 3) = Steven's peaches - 6

Now we have one equation with one variable (Steven's peaches):

Jill's peaches + 3 = Steven's peaches -",neither,neutral
167,Steven has 14 peaches. Jake has 6 fewer peaches than Steven and 3 more peaches than Jill. How many peaches does Jill have?,A waiter had 12 customers. While 15 customers left he got 14 new customers. How many customers does he still have?,5,11,"To solve the problem, we need to find the total number of customers the waiter has after the new customers arrived.

1. Start with the initial number of customers: 12 customers.
2. Subtract the number of customers who left: 12 - 15 = -3 customers.
3. Add the number of new customers: -3 + 14 = 11 customers.

Therefore, the waiter has 11 customers after the new customers arrived.

##### <11>",text,neutral
168,A waiter had 12 customers. While 15 customers left he got 14 new customers. How many customers does he still have?,Allan brought 2 balloons and Jake brought 4 balloons to the park. Allan then bought 3 more balloons at the park. How many more balloons did Allan have than Jake in the park?,11,1,"To solve the problem, we need to find the difference in the number of balloons that Allan and Jake brought to the park.

1. Allan initially brought 2 balloons.
2. Allan then bought 3 more balloons at the park, so he now has 2 + 3 = 5 balloons.
3. Jake initially brought 4 balloons.
4. To find the difference in the number of balloons, we subtract the number of balloons that Jake brought from the number of balloons that Allan has.
5. 5 (balloons Allan has) - 4 (balloons Jake has) = 1 balloon.

Therefore, Allan had 1 more balloon than Jake in the park.

##### <1>",text,neutral
169,Allan brought 2 balloons and Jake brought 4 balloons to the park. Allan then bought 3 more balloons at the park. How many more balloons did Allan have than Jake in the park?,"Being his favorite, he saved checking on the grapevines for his last stop. He was told by 235 of the pickers that they fill 100 drums of raspberries per day and 221 drums of grapes per day. How many drums of grapes would be filled in 77 days?",1,17017,"To solve the problem, we need to find the total number of drums of grapes filled in 77 days. We know that the pickers fill 221 drums of grapes per day.

To find the total number of drums filled in 77 days, we can multiply the number of drums filled per day by the number of days:

221 drums/day \* 77 days = 172,370 drums

Therefore, the answer is:

#### 172,370 drums",neither,neutral
170,"Being his favorite, he saved checking on the grapevines for his last stop. He was told by 235 of the pickers that they fill 100 drums of raspberries per day and 221 drums of grapes per day. How many drums of grapes would be filled in 77 days?",Ed had 6 more marbles than Doug. Doug lost 7 of his marbles at the playground. If Ed had 22 marbles How many marbles does Doug have now?,17017,9,"To solve the problem, we need to find out how many marbles Doug had initially and then subtract the number of marbles he lost to find out how many marbles he has now.

Let's denote the initial number of marbles Doug had as x.
According to the problem, Ed had 6 more marbles than Doug, so Ed had x + 6 marbles.

Since Ed had 22 marbles, we can set up the following equation:
x + 6 = 22

To solve for x, we need to subtract 6 from both sides of the equation:
x = 22 - 6
x = 22 - 6 = 22 - 6 = 16

So, initially, Doug had 16 marbles.

Now, Doug lost 7 of his marbles, so we need to subtract 7 from 16 to find out how many marbles Doug has now:
16 - 7 = 9

Therefore, Doug has 9 marbles now.

#### <9>",text,neutral
171,Ed had 6 more marbles than Doug. Doug lost 7 of his marbles at the playground. If Ed had 22 marbles How many marbles does Doug have now?,At the arcade Dave had won 18 tickets. If he used 5 to buy some toys and 11 more to buy some clothes How many tickets did Dave have left?,9,2,"To solve the problem, we need to subtract the number of tickets Dave used to buy toys and clothes from the total number of tickets he won.

1. Dave won 18 tickets.
2. He used 5 tickets to buy toys.
3. He used 11 tickets to buy clothes.
4. So, the number of tickets Dave has left is 18 (total tickets) - 5 (toys) - 11 (clothes).

##### <12>",neither,neutral
172,At the arcade Dave had won 18 tickets. If he used 5 to buy some toys and 11 more to buy some clothes How many tickets did Dave have left?,Danny has 21 bottle caps in his collection. He found some more bottle caps at the park. If he has 53 bottle caps now How many bottle caps did he find at the park?,2,32,"To solve the problem, we need to find the difference between the number of bottle caps Danny has now and the number of bottle caps he had before he found more at the park.

Let's call the number of bottle caps Danny had before he found more at the park ""x"".

According to Source B, Danny has 21 bottle caps in his collection before he found more at the park.

After finding more at the park, Danny has 53 bottle caps in his collection.

So, the difference between the number of bottle caps Danny has now and the number of bottle caps he had before he found more at the park is:

53 - 21 = 32

Therefore, Danny found 32 bottle caps at the park.

##### <32>",text,neutral
173,Danny has 21 bottle caps in his collection. He found some more bottle caps at the park. If he has 53 bottle caps now How many bottle caps did he find at the park?,Paul got a box of 65 crayons for his birthday. During the school year he gave 213 crayons to his friends while he lost 16 crayons. How many crayons had been lost or given away?,32,229,"To solve the problem, we need to find the total number of crayons Paul had, the number of crayons he gave away, and the number of crayons he lost.

1. Total number of crayons: 65
2. Crayons given away: 213
3. Crayons lost: 16

Now, we can find the total number of crayons that were lost or given away:

Total crayons lost or given away = Crayons given away + Crayons lost
Total crayons lost or given away = 213 + 16
Total crayons lost or given away = 229

Therefore, Paul had a total of 229 crayons lost or given away during the school year.

#### <229>",text,neutral
174,Paul got a box of 65 crayons for his birthday. During the school year he gave 213 crayons to his friends while he lost 16 crayons. How many crayons had been lost or given away?,At the arcade Dave had won 14 tickets and lost 2 tickets. If he used 10 to buy some toys How many tickets did Dave have left?,229,2,"To solve the problem, we need to find out how many tickets Dave had after buying some toys.

1. Dave had won 14 tickets.
2. He lost 2 tickets.
3. He used 10 tickets to buy some toys.

Now, let's calculate how many tickets Dave had left after buying the toys:

14 (tickets won) - 2 (tickets lost) - 10 (tickets used to buy toys) = 2 tickets left

Therefore, Dave had 2 tickets left after buying the toys.

#### <2>",text,neutral
175,At the arcade Dave had won 14 tickets and lost 2 tickets. If he used 10 to buy some toys How many tickets did Dave have left?,"A grocery store had 72 bottles of regular soda, 32 bottles of diet soda and 78 apples. How many more bottles than apple did they have?",2,26,"To find the number of bottles of soda the store had, we need to add the number of regular soda bottles and the number of diet soda bottles.

72 (regular soda) + 32 (diet soda) = 104 bottles of soda

Now, we need to find the difference between the number of bottles of soda and the number of apples.

104 (bottles of soda) - 78 (apples) = 26 bottles of soda

Therefore, the store had 26 more bottles of soda than apples.

##### <26>",text,neutral
176,"A grocery store had 72 bottles of regular soda, 32 bottles of diet soda and 78 apples. How many more bottles than apple did they have?",Because of the decision Sofia asked the students to suggest specific types of food. If 269 students suggested adding bacon 330 suggested adding mashed potatoes to the menu and 76 suggested adding tomatoes How many more students suggested mashed potatoes than those that suggested bacon?,26,61,"To solve the problem, we need to find the difference between the number of students who suggested adding mashed potatoes and the number of students who suggested adding bacon.

First, let's find the number of students who suggested adding mashed potatoes:
330 students suggested adding mashed potatoes.

Next, let's find the number of students who suggested adding bacon:
269 students suggested adding bacon.

Now, we can find the difference between the two:
330 students suggested adding mashed potatoes - 269 students suggested adding bacon = 63 students

Therefore, the answer is:
#### <63>",neither,neutral
177,Because of the decision Sofia asked the students to suggest specific types of food. If 269 students suggested adding bacon 330 suggested adding mashed potatoes to the menu and 76 suggested adding tomatoes How many more students suggested mashed potatoes than those that suggested bacon?,Because of the decision Sofia asked 310 students to suggest specific types of food. 185 students suggested adding mashed potatoes while others suggested adding bacon to the menu. How many students suggested bacon?,61,125,"To solve the problem, we need to find the number of students who suggested adding bacon to the menu.

From the image, we can see that there are two types of food mentioned: mashed potatoes and bacon. The number of students who suggested adding mashed potatoes is 185.

To find the number of students who suggested adding bacon, we need to subtract the number of students who suggested adding mashed potatoes from the total number of students who were asked to suggest food.

Total number of students = 310
Number of students who suggested adding mashed potatoes = 185

So, the number of students who suggested adding bacon is:

310 - 185 = 125

Therefore, 125 students suggested adding bacon to the menu.

#### <125>",text,neutral
178,Because of the decision Sofia asked 310 students to suggest specific types of food. 185 students suggested adding mashed potatoes while others suggested adding bacon to the menu. How many students suggested bacon?,Lewis earns $ 403 every week during the 233 weeks of harvest. If he has to pay $ 49 rent every week How much money does he earn during harvest season?,125,93899,"To solve the problem, we need to find the total amount of money Lewis earns during the harvest season.

Step 1: Calculate the total amount of money Lewis earns from his weekly earnings.
Total earnings = Weekly earnings × Number of weeks
Total earnings = $403/week × 233 weeks
Total earnings = $969,996

Step 2: Calculate the total amount of money Lewis pays in rent.
Total rent = Weekly rent × Number of weeks
Total rent = $49/week × 233 weeks
Total rent = $11,584

Step 3: Subtract the total rent from the total earnings to find the total amount of money Lewis earns during the harvest season.
Total earnings during harvest season = Total earnings - Total rent
Total earnings during harvest season = $969,996 - $11,584
Total earnings during harvest season = $958,412

#### <$958,412>",neither,neutral
179,Lewis earns $ 403 every week during the 233 weeks of harvest. If he has to pay $ 49 rent every week How much money does he earn during harvest season?,"They decided to hold the party in their backyard. They have some sets of tables, each having the 3 chairs. If there are a total of 9 chairs in the backyard How many sets of tables do they have?",93899,3,"To solve the problem, we need to find the number of sets of tables in the backyard. We know that each set of tables has 3 chairs, and there are a total of 9 chairs in the backyard.

To find the number of sets of tables, we can divide the total number of chairs by the number of chairs in each set:

9 chairs / 3 chairs per set = 3 sets of tables

Therefore, the answer is:

##### <3>",text,neutral
180,"They decided to hold the party in their backyard. They have some sets of tables, each having the 3 chairs. If there are a total of 9 chairs in the backyard How many sets of tables do they have?","After eating a hearty meal they went to see the Buckingham palace. There, Rachel learned that 705 visitors came to the Buckingham palace that day. If there were 191 visitors the previous day and 457 visitors the day before that How many more visitors visited the Buckingham palace on that day than on the previous 245 days?",3,57,"To solve the problem, we need to find the difference between the number of visitors on the day in question and the average number of visitors over the previous 245 days.

First, let's find the average number of visitors over the previous 245 days:

Average visitors = (191 + 457) / 245
Average visitors = 648 / 245
Average visitors ≈ 2.63

Now, let's find the difference between the number of visitors on the day in question and the average number of visitors over the previous 245 days:

Difference = 705 - 2.63
Difference = 692.37

Therefore, the answer is:

#### <692.37>",neither,neutral
181,"After eating a hearty meal they went to see the Buckingham palace. There, Rachel learned that 705 visitors came to the Buckingham palace that day. If there were 191 visitors the previous day and 457 visitors the day before that How many more visitors visited the Buckingham palace on that day than on the previous 245 days?",There are 11 different books and 17 different movies in the ' crazy silly school ' series. If you read 7 of the books and watched 21 of the movies How many more movies than books have you read?,57,14,"To solve the problem, we need to find the difference between the number of movies watched and the number of books read.

1. First, let's find the total number of books and movies in the series.
   Total books = 11
   Total movies = 17

2. Next, we need to find the number of books and movies that have been read and watched.
   Books read = 7
   Movies watched = 21

3. Finally, we can find the difference by subtracting the number of books read from the number of movies watched.
   Difference = Movies watched - Books read
   Difference = 21 - 7
   Difference = 14

So, the answer to the problem is:
#### <14>",text,neutral
182,There are 11 different books and 17 different movies in the ' crazy silly school ' series. If you read 7 of the books and watched 21 of the movies How many more movies than books have you read?,For the walls of the house he would use 12 large planks of wood and 10 small planks. If large planks together need 15 pieces of nails to be secured and small planks together need 5 nails. How many nails does John need for the house wall?,14,20,"To solve the problem, we need to determine the total number of nails needed for the house wall.

First, let's calculate the number of nails needed for the large planks:
12 large planks * 15 nails per large plank = 180 nails

Next, let's calculate the number of nails needed for the small planks:
10 small planks * 5 nails per small plank = 50 nails

Finally, let's add the number of nails needed for both the large and small planks:
180 nails (large planks) + 50 nails (small planks) = 230 nails

Therefore, John needs 230 nails for the house wall.

##### <230>",neither,neutral
183,For the walls of the house he would use 12 large planks of wood and 10 small planks. If large planks together need 15 pieces of nails to be secured and small planks together need 5 nails. How many nails does John need for the house wall?,Matthew gave equal numbers of crackers and cakes to his 28 friends. If he had 13 crackers and 15 cakes initially How many crackers and cakes did each person eat?,20,1,"To solve this problem, we need to find out how many crackers and cakes each person received and then ate.

First, let's find out how many crackers and cakes Matthew initially had:
- Crackers: 13
- Cakes: 15

Since Matthew gave equal numbers of crackers and cakes to his 28 friends, we can set up the following equation:

13 (crackers) + 15 (cakes) = 28 (total items)

Now, let's solve for the number of crackers and cakes each person received:

13 + 15 = 28
28 = 28

Since the equation is already balanced, each person received 13 crackers and 15 cakes.

Now, let's find out how many crackers and cakes each person ate:

13 (crackers) + 15 (cakes) = 28 (total items)
13 + 15 = 28

To find out how many each person ate, we need to subtract the number of crackers and",neither,neutral
184,Matthew gave equal numbers of crackers and cakes to his 28 friends. If he had 13 crackers and 15 cakes initially How many crackers and cakes did each person eat?,Winter is almost here and most animals are migrating to warmer countries. 27 bird families flew away for the winter from near a mountain. If there were 41 bird families living near the mountain initially How many bird families were left near the mountain?,1,14,"To solve the problem, we need to find the number of bird families that did not migrate. We are given that there were initially 41 bird families living near the mountain, and 27 bird families flew away for the winter.

To find the number of bird families that did not migrate, we can subtract the number of bird families that flew away from the initial number of bird families:

41 (initial number of bird families) - 27 (bird families that flew away) = 14

Therefore, there were 14 bird families left near the mountain after the migration.

#### <answer>",text,neutral
185,Winter is almost here and most animals are migrating to warmer countries. 27 bird families flew away for the winter from near a mountain. If there were 41 bird families living near the mountain initially How many bird families were left near the mountain?,Rebecca wants to split a collection of eggs into groups of 20. Rebecca has 5 marbles and 12 eggs. How many more eggs does Rebecca have than marbles?,14,7,"To solve the problem, we need to find the difference between the number of eggs and the number of marbles.

1. First, let's find the total number of eggs Rebecca has.
2. Rebecca has 5 marbles and 12 eggs, so the total number of eggs is 12 + 5 = 17.
3. Next, we need to find the total number of marbles.
4. Rebecca has 5 marbles, so the total number of marbles is 5.
5. Finally, we can find the difference between the total number of eggs and the total number of marbles.
6. The difference is 17 (total number of eggs) - 5 (total number of marbles) = 12.

Therefore, Rebecca has 12 more eggs than marbles.

##### <12>",neither,neutral
186,Rebecca wants to split a collection of eggs into groups of 20. Rebecca has 5 marbles and 12 eggs. How many more eggs does Rebecca have than marbles?,A mailman has to give 32 pieces of junk mail to each of the 55 blocks. If he gives 8 mails to each house in a block How many houses are there in a block?,7,4,"To solve the problem, we need to find the number of houses in a block. We know that the mailman has to give 32 pieces of junk mail to each of the 55 blocks. If he gives 8 mails to each house in a block, we can set up a proportion to find the number of houses in a block.

Let x be the number of houses in a block.

32 pieces of junk mail / 1 block = 8 mails / x houses

Now, we can solve for x:

32 / 1 = 8 / x

32x = 8

x = 8 / 32

x = 1/4

x = 0.25

Since we cannot have a fraction of a house, we need to multiply x by 4 to get the number of houses in a block:

0.25 * 4 = 1

Therefore, there are 1 house in a block.

#### <answer>",neither,neutral
187,A mailman has to give 32 pieces of junk mail to each of the 55 blocks. If he gives 8 mails to each house in a block How many houses are there in a block?,"After eating a hearty meal they went to see the Buckingham palace. There, Rachel learned that 92 visitors came to the Buckingham palace that day. If there were 419 visitors the previous day and 103 visitors the day before that How many visited the Buckingham palace before that day?",4,522,"To solve the problem, we need to find the total number of visitors to the Buckingham palace before the day Rachel visited. We can do this by adding the number of visitors on the day Rachel visited to the number of visitors on the previous day.

From Source A, we know that there were 92 visitors on the day Rachel visited. We also know that there were 419 visitors on the previous day. Therefore, the total number of visitors before the day Rachel visited is:

92 (day Rachel visited) + 419 (previous day) = 4211

So, the answer to the problem is:

#### <4211>",neither,neutral
188,"After eating a hearty meal they went to see the Buckingham palace. There, Rachel learned that 92 visitors came to the Buckingham palace that day. If there were 419 visitors the previous day and 103 visitors the day before that How many visited the Buckingham palace before that day?",Danny collects bottle caps and wrappers. He found 65 wrappers and 5 bottle caps at the park. Now he has 31 bottle caps and 9 wrappers in his collection. How many more wrappers than bottle caps did danny find at the park?,522,60,"To solve the problem, we need to find the difference between the number of wrappers Danny found at the park and the number of bottle caps he found.

1. Subtract the number of bottle caps Danny has now from the number of bottle caps he found at the park:
5 (bottle caps found at the park) - 31 (bottle caps now) = -26

2. Subtract the number of wrappers Danny has now from the number of wrappers he found at the park:
65 (wrappers found at the park) - 9 (wrappers now) = 56

3. Find the difference between the number of wrappers and bottle caps:
56 (wrappers) - (-26) (bottle caps) = 82

Therefore, Danny found 82 more wrappers than bottle caps at the park.
#### <82>",neither,neutral
189,Danny collects bottle caps and wrappers. He found 65 wrappers and 5 bottle caps at the park. Now he has 31 bottle caps and 9 wrappers in his collection. How many more wrappers than bottle caps did danny find at the park?,The Razorback t-shirt shop makes $ 87 dollars off each t-shirt sold. During the Arkansas game and the Texas tech game they sold a total of 95 t-shirts. If they sold 47 t-shirts during the Arkansas game How much money did they make from selling the t-shirts?,60,8265,"To solve the problem, we need to find the total revenue generated from selling the t-shirts during both games.

1. We know that the Razorback t-shirt shop made $87 off each t-shirt sold.
2. During the Arkansas game, they sold 47 t-shirts.
3. During the Texas tech game, they sold 95 - 47 = 48 t-shirts.
4. The total revenue generated from selling the t-shirts during both games is the sum of the revenue from each game.

Total revenue = Revenue from Arkansas game + Revenue from Texas tech game
Total revenue = $87/t-shirt * 47 t-shirts + $87/t-shirt * 48 t-shirts
Total revenue = $4164 + $4164
Total revenue = $8328

#### <$8328>",neither,neutral
190,The Razorback t-shirt shop makes $ 87 dollars off each t-shirt sold. During the Arkansas game and the Texas tech game they sold a total of 95 t-shirts. If they sold 47 t-shirts during the Arkansas game How much money did they make from selling the t-shirts?,Paco had 41 cookies. He gave 9 cookies to his friend and ate 18 cookies. How many more cookies did he eat than those he gave to his friend?,8265,9,"To solve the problem, we need to find the difference between the number of cookies Paco ate and the number of cookies he gave to his friend.

1. Paco had 41 cookies.
2. He gave 9 cookies to his friend.
3. He ate 18 cookies.

Now, let's find the difference:

1. Subtract the number of cookies Paco gave to his friend from the total number of cookies Paco had:
41 (total cookies) - 9 (cookies given) = 32

So, Paco ate 32 more cookies than those he gave to his friend.

#### <answer> 32 </answer>",neither,neutral
191,Paco had 41 cookies. He gave 9 cookies to his friend and ate 18 cookies. How many more cookies did he eat than those he gave to his friend?,In a school there are 402 more girls than boys. If there are 739 girls How many boys are there in that school?,9,337,"To solve the problem, we need to find the number of boys in the school. We are given that there are 402 more girls than boys, and there are 739 girls in the school.

Let's denote the number of boys as x.

According to the problem, we can write the following equation:

x + 402 = 739

To find the number of boys, we need to isolate x on one side of the equation. We can do this by subtracting 402 from both sides of the equation:

x = 739 - 402

Simplifying the right side of the equation:

x = 337

Therefore, there are 337 boys in the school.

#### <answer> 337",text,neutral
192,In a school there are 402 more girls than boys. If there are 739 girls How many boys are there in that school?,Because of the decision Sofia asked the students to suggest specific types of food. 182 students suggested adding mashed potatoes while others suggested adding bacon to the menu. If 166 more students suggested adding bacon than those that suggested mashed potatoes How many students suggested bacon?,337,348,"To solve the problem, we need to find the difference between the number of students who suggested adding bacon and the number of students who suggested adding mashed potatoes.

Let's assume that x is the number of students who suggested adding mashed potatoes.

According to the problem, 182 students suggested adding mashed potatoes.

We are told that 166 more students suggested adding bacon than those who suggested adding mashed potatoes.

So, the number of students who suggested adding bacon is x + 166.

We need to find the difference between the number of students who suggested adding bacon and the number of students who suggested adding mashed potatoes.

Difference = x + 166 - x

Simplifying the equation, we get:

Difference = 166

Therefore, 166 students suggested adding bacon.

#### <166>",neither,neutral
193,Because of the decision Sofia asked the students to suggest specific types of food. 182 students suggested adding mashed potatoes while others suggested adding bacon to the menu. If 166 more students suggested adding bacon than those that suggested mashed potatoes How many students suggested bacon?,"The grasshopper, the frog and the mouse had a jumping contest. The grasshopper jumped 9 inches. The mouse jumped 3 inches lesser than the frog who jumped 33 inches farther than the grasshopper. How far did the mouse jump?",348,39,"To solve this problem, we need to find the distance the mouse jumped. Let's call the distance the frog jumped ""x"" inches.

According to the problem, the frog jumped 33 inches farther than the grasshopper, so the frog jumped x + 9 inches.

The mouse jumped 3 inches lesser than the frog, so the mouse jumped x - 3 inches.

The problem states that the mouse jumped 3 inches lesser than the frog, so we can set up the following equation:

x - 3 = x + 9

Solving for x, we get:

2x = 12
x = 6

So, the frog jumped 6 + 9 = 15 inches.

Since the mouse jumped 3 inches lesser than the frog, the mouse jumped 15 - 3 = 12 inches.

Therefore, the mouse jumped 12 inches.

#### <answer> 12 inches",neither,neutral
194,"The grasshopper, the frog and the mouse had a jumping contest. The grasshopper jumped 9 inches. The mouse jumped 3 inches lesser than the frog who jumped 33 inches farther than the grasshopper. How far did the mouse jump?",Ed had 30 more marbles than Doug. Ed lost 21 of his marbles at the playground. If Ed had 91 marbles How many more marbles did Ed have than Doug then?,39,9,"To solve the problem, we need to find the difference between the number of marbles Ed had and the number of marbles Doug had.

Let's start by setting up an equation. Let x be the number of marbles Doug had. Then, the number of marbles Ed had was x + 30.

After Ed lost 21 marbles, he had x - 21 marbles left.

We know that Ed had 91 marbles after losing 21. So, we can set up the following equation:

x + 30 = 91
x - 21 = 91 - 30
x - 21 = 61

Now, we can solve for x by adding 21 to both sides of the equation:

x = 61 + 21
x = 82

So, Doug had 82 marbles.

To find the difference between the number of marbles Ed had and the number of marbles Doug had, we can subtract the number of marbles Doug had from the number of marbles Ed had:

Difference = Ed's marbles -",neither,neutral
195,Ed had 30 more marbles than Doug. Ed lost 21 of his marbles at the playground. If Ed had 91 marbles How many more marbles did Ed have than Doug then?,Danny collects bottle caps. He found 30 bottle caps at the park while he threw away 63 old ones. Now he has 42 bottle caps in his collection. How many more bottle caps did danny throw away than those he found at the park?,9,33,"To solve the problem, we need to find the difference between the number of bottle caps Danny threw away and the number of bottle caps he found at the park.

First, let's find the total number of bottle caps Danny has after collecting the ones he found at the park and throwing away the old ones.

Total bottle caps = Bottle caps found at the park + Bottle caps thrown away
Total bottle caps = 30 + 63
Total bottle caps = 93

Now, we can find the difference between the total number of bottle caps and the number of bottle caps Danny found at the park:

Difference = Total bottle caps - Bottle caps found at the park
Difference = 93 - 30
Difference = 63

So, Danny threw away 63 more bottle caps than those he found at the park.

#### <63>",neither,neutral
196,Danny collects bottle caps. He found 30 bottle caps at the park while he threw away 63 old ones. Now he has 42 bottle caps in his collection. How many more bottle caps did danny throw away than those he found at the park?,There are 384 oranges and 192 bananas in Philip's collection. If the bananas are organized into 345 groups and oranges are organized into 16 groups How big is each group of oranges?,33,24,"To find the size of each group of oranges, we need to divide the total number of oranges by the number of groups.

Total number of oranges = 384
Number of groups of oranges = 16

Size of each group of oranges = Total number of oranges / Number of groups of oranges
= 384 / 16
= 24

#### <24>",text,neutral
197,There are 384 oranges and 192 bananas in Philip's collection. If the bananas are organized into 345 groups and oranges are organized into 16 groups How big is each group of oranges?,Paul got a box of 253 crayons for his birthday. By the end of the school year he had either lost or given away 70 of them. How many crayons did he have left by the end of the school year?,24,183,"To solve the problem, we need to subtract the number of crayons Paul lost or gave away from the total number of crayons he received.

Step 1: Identify the total number of crayons Paul received.
Total number of crayons = 253

Step 2: Identify the number of crayons Paul lost or gave away.
Number of crayons lost or given away = 70

Step 3: Subtract the number of crayons lost or given away from the total number of crayons.
Remaining crayons = Total number of crayons - Number of crayons lost or given away
Remaining crayons = 253 - 70

Step 4: Calculate the remaining crayons.
Remaining crayons = 183

Therefore, Paul had 183 crayons left by the end of the school year.

##### <183>",text,neutral
198,Paul got a box of 253 crayons for his birthday. By the end of the school year he had either lost or given away 70 of them. How many crayons did he have left by the end of the school year?,Josh had 15 marbles in his collection. He found 9 marbles while he lost 23 marbles. How many more marbles did he lose than those he found?,183,14,"To solve the problem, we need to find the difference between the number of marbles Josh lost and the number of marbles he found.

1. Start by finding the total number of marbles Josh had before he lost any.
2. Subtract the number of marbles Josh lost from the total number of marbles he had to find the number of marbles he lost.
3. Subtract the number of marbles Josh found from the total number of marbles he had to find the number of marbles he lost.

Let's apply these steps:

1. Total number of marbles Josh had before he lost any: 15
2. Number of marbles Josh lost: 23
3. Number of marbles Josh found: 9

Now, let's calculate the difference:

Difference = Total marbles - Marbles found - Marbles lost
Difference = 15 - 9 - 23
Difference = -15

So, Josh lost 15 more marbles than those he found.

#### <-15>",neither,neutral
199,Josh had 15 marbles in his collection. He found 9 marbles while he lost 23 marbles. How many more marbles did he lose than those he found?,An industrial machine can make 6 shirts a minute. It worked for 12 minutes yesterday and for 14 shirts today. How many shirts did machine make altogether?,14,156,"To solve the problem, we need to find the total number of shirts made by the machine.

First, let's calculate the number of shirts made during each time period:

1. For 12 minutes yesterday:
   Shirts made = Shirts per minute * Minutes worked
   = 6 shirts/minute * 12 minutes
   = 72 shirts

2. For 14 minutes today:
   Shirts made = Shirts per minute * Minutes worked
   = 6 shirts/minute * 14 minutes
   = 84 shirts

Now, we can add the number of shirts made during both time periods to find the total number of shirts made:

Total shirts made = Shirts made yesterday + Shirts made today
= 72 shirts + 84 shirts
= 156 shirts

Therefore, the machine made a total of 156 shirts altogether.

#### <156>",text,neutral
200,An industrial machine can make 6 shirts a minute. It worked for 12 minutes yesterday and for 14 shirts today. How many shirts did machine make altogether?,A grocery store had 67 bottles of regular soda and 9 bottles of diet soda. How many more bottles of regular soda than diet soda did they have?,156,58,"To find the difference between the number of regular soda bottles and the number of diet soda bottles, we need to subtract the number of diet soda bottles from the number of regular soda bottles.

Regular soda bottles = 67
Diet soda bottles = 9

Difference = Regular soda bottles - Diet soda bottles
Difference = 67 - 9
Difference = 58

##### <58>",text,neutral
201,A grocery store had 67 bottles of regular soda and 9 bottles of diet soda. How many more bottles of regular soda than diet soda did they have?,Lewis earns $ 21 every week during the 216 weeks of harvest. If he has to pay $ 702 tax How much money will have at the end of the harvest season?,58,3834,"To solve the problem, we need to calculate Lewis's total earnings during the harvest season and then subtract the tax amount from it.

Step 1: Calculate Lewis's total earnings
Lewis earns $ 21 every week, and he works for 216 weeks. Therefore, his total earnings are:

Total earnings = Earnings per week * Number of weeks
Total earnings = $ 21 * 216 weeks
Total earnings = $ 46,164

Step 2: Calculate the tax amount
The tax amount is $ 702.

Step 3: Calculate Lewis's net earnings
To find Lewis's net earnings, we subtract the tax amount from his total earnings:

Net earnings = Total earnings - Tax amount
Net earnings = $ 46,164 - $ 702
Net earnings = $ 45,462

Therefore, Lewis will have $ 45,462 at the end of the harvest season.

#### <$ 45,462>",neither,neutral
202,Lewis earns $ 21 every week during the 216 weeks of harvest. If he has to pay $ 702 tax How much money will have at the end of the harvest season?,Jessie weighed 92 kilograms. After she started to go jogging everyday she lost 56 kilograms in the first week and 99 kilograms in the second week. How much did she weigh after the first week of jogging?,3834,36,"To solve the problem, we need to find the weight of Jessie after the first week of jogging.

First, we need to find the total weight loss in the first week. We know that Jessie lost 56 kilograms in the first week and 99 kilograms in the second week. So, the total weight loss in the first two weeks is:

56 kilograms + 99 kilograms = 155 kilograms

Now, we need to find the weight of Jessie after the first week of jogging. We know that she lost 56 kilograms in the first week, so we can subtract that amount from her initial weight of 92 kilograms to find her weight after the first week:

92 kilograms - 56 kilograms = 36 kilograms

Therefore, Jessie weighed 36 kilograms after the first week of jogging.

#### <36>",text,neutral
203,Jessie weighed 92 kilograms. After she started to go jogging everyday she lost 56 kilograms in the first week and 99 kilograms in the second week. How much did she weigh after the first week of jogging?,There were 21 roses in the vase. Jessica threw away 34 roses from the vase and cut some more new roses from her flower garden to put in the vase. There are now 15 roses in the vase. How many more roses did she throw away than those she cut from her garden?,36,6,"To solve the problem, we need to find the difference between the number of roses Jessica threw away and the number of new roses she cut from her garden.

First, let's find the number of roses Jessica threw away:
21 (original number of roses) - 15 (current number of roses) = 6

So, Jessica threw away 6 roses.

Next, let's find the number of new roses she cut from her garden:
34 (roses Jessica threw away) - 6 (roses she threw away) = 28

Therefore, Jessica cut 28 new roses from her garden.

Now, let's find the difference between the number of roses she threw away and the number of new roses she cut:
28 (new roses) - 6 (roses she threw away) = 22

So, Jessica cut 22 more roses from her garden than those she threw away.

#### <22>",neither,neutral
204,There were 21 roses in the vase. Jessica threw away 34 roses from the vase and cut some more new roses from her flower garden to put in the vase. There are now 15 roses in the vase. How many more roses did she throw away than those she cut from her garden?,Paco had 25 cookies. He ate 5 of them. Then he bought 3 more cookies How many more cookies did he eat than those he bought?,6,2,"To solve the problem, let's follow these steps:

1. Paco initially had 25 cookies.
2. He ate 5 of them, so he has 25 - 5 = 20 cookies left.
3. Then he bought 3 more cookies, so he has 20 + 3 = 23 cookies in total.
4. To find out how many more cookies he ate than those he bought, we subtract the number of cookies he bought from the number of cookies he ate: 25 - 23 = 2.

Therefore, Paco ate 2 more cookies than those he bought.

#### <answer>",text,neutral
205,Paco had 25 cookies. He ate 5 of them. Then he bought 3 more cookies How many more cookies did he eat than those he bought?,Melissa scored a total of 21 points playing some games. Is she scored 7 points in each game. How many games did she play?,2,3,"To solve the problem, we need to find the number of games Melissa played. We know that she scored a total of 21 points and that she scored 7 points in each game.

To find the number of games, we can divide the total number of points by the number of points scored in each game:

21 points / 7 points per game = 3 games

Therefore, Melissa played 3 games.

##### <3>",text,neutral
206,Melissa scored a total of 21 points playing some games. Is she scored 7 points in each game. How many games did she play?,Paige was helping her mom plant flowers and together they planted 45 seeds in 9 flowerbeds. If they put same number of seeds in each flower bed How many seeds did they plant in each flowerbed?,3,5,"To solve the problem, we need to find the number of seeds planted in each flowerbed. We know that Paige and her mom planted a total of 45 seeds in 9 flowerbeds.

First, we can find the number of seeds planted in each flowerbed by dividing the total number of seeds by the number of flowerbeds:

45 seeds / 9 flowerbeds = 5 seeds per flowerbed

Therefore, Paige and her mom planted 5 seeds in each flowerbed.

##### <5>",text,neutral
207,Paige was helping her mom plant flowers and together they planted 45 seeds in 9 flowerbeds. If they put same number of seeds in each flower bed How many seeds did they plant in each flowerbed?,Jake has 11 fewer peaches than Steven. If Jake has 17 peaches. How many peaches does Steven have?,5,28,"To solve the problem, we need to find out how many peaches Steven has. We know that Jake has 17 peaches and that he has 11 fewer peaches than Steven.

Let's set up an equation to represent the relationship between the number of peaches Jake has and the number of peaches Steven has:

Jake's peaches = Steven's peaches - 11

We can substitute the value of Jake's peaches into the equation:

17 = Steven's peaches - 11

Now, we need to solve for Steven's peaches. To do this, we can add 11 to both sides of the equation:

Steven's peaches = 17 + 11

Steven's peaches = 28

Therefore, Steven has 28 peaches.

#### <28>",text,neutral
208,Jake has 11 fewer peaches than Steven. If Jake has 17 peaches. How many peaches does Steven have?,Frank was reading through his favorite book. The book had 193 pages equally distributed over 15 chapters. It took Frank 660 days to finish the book. How many chapters did he read per day?,28,44,"To solve the problem, we need to find out how many chapters Frank read per day.

First, let's find out how many pages Frank read per day. Since there are 193 pages in total and the book is equally distributed over 15 chapters, we can calculate the number of pages per chapter by dividing the total number of pages by the number of chapters:

Pages per chapter = Total pages / Number of chapters
Pages per chapter = 193 pages / 15 chapters
Pages per chapter = 13.5 pages

Since it is not possible to read a fraction of a page, we can assume that Frank read 14 pages per chapter on average.

Next, we need to find out how many chapters Frank read per day. We know that it took Frank 660 days to finish the book. Therefore, we can calculate the number of chapters he read per day by dividing the total number of chapters by the number of days it took him to finish the book:

Chapters per day = Total chapters / Number of days
Chapters per day = 15 chapters / 660 days
Chapters per day = 0.",neither,neutral
209,Frank was reading through his favorite book. The book had 193 pages equally distributed over 15 chapters. It took Frank 660 days to finish the book. How many chapters did he read per day?,Rachel had to complete 5 pages of math homework and 2 pages of reading homework. How many more pages of math homework than reading homework did she have?,44,3,"To find out how many more pages of math homework Rachel had to complete than reading homework, we need to subtract the number of pages of reading homework from the number of pages of math homework.

According to Source A, Rachel had to complete 5 pages of math homework and 2 pages of reading homework.

So, the number of pages of math homework is 5, and the number of pages of reading homework is 2.

To find the difference between the two, we subtract the number of pages of reading homework from the number of pages of math homework:

5 (math homework) - 2 (reading homework) = 3

Therefore, Rachel had to complete 3 more pages of math homework than reading homework.

#### <3>",text,neutral
210,Rachel had to complete 5 pages of math homework and 2 pages of reading homework. How many more pages of math homework than reading homework did she have?,Frank put some pieces of candy equally into 2 bags. If he had 16 pieces of candy How many pieces of candy are in each bag?,3,8,"To solve the problem, we need to divide the total number of pieces of candy by the number of bags.

Step 1: Divide the total number of pieces of candy by the number of bags.
16 pieces of candy / 2 bags = 8 pieces of candy per bag

Therefore, each bag contains 8 pieces of candy.

##### <8>",text,neutral
211,Frank put some pieces of candy equally into 2 bags. If he had 16 pieces of candy How many pieces of candy are in each bag?,Jerry had 8 action figures on a shelf in his room. Later he added 4 more action figures to the shelf and removed 5 old ones. How many action figures were on his shelf in all?,8,7,"To solve the problem, we need to find the total number of action figures on the shelf at different times.

1. Jerry initially had 8 action figures on the shelf.
2. He added 4 more action figures, so the total number of action figures on the shelf became 8 + 4 = 12.
3. He removed 5 old ones, so the total number of action figures on the shelf became 12 - 5 = 7.

Therefore, the total number of action figures on the shelf in all was 7.

##### <7>",text,neutral
212,Jerry had 8 action figures on a shelf in his room. Later he added 4 more action figures to the shelf and removed 5 old ones. How many action figures were on his shelf in all?,Baker made 110 cakes. He sold 75 of them. Then he made 76 more cakes. How many cakes would baker still have?,7,111,"To solve the problem, we need to find out how many cakes Baker made in total and then subtract the number of cakes he sold to find out how many cakes he still has.

1. First, we need to find out how many cakes Baker made in total. He made 110 cakes initially and then made 76 more cakes, so he made a total of 110 + 76 = 110 + 76 = 186 cakes.
2. Next, we need to find out how many cakes Baker sold. He sold 75 of them.
3. Finally, we need to find out how many cakes Baker still has. To do this, we subtract the number of cakes he sold from the total number of cakes he made: 186 - 75 = 111 cakes.

Therefore, Baker would still have 111 cakes.

##### <111>",text,neutral
213,Baker made 110 cakes. He sold 75 of them. Then he made 76 more cakes. How many cakes would baker still have?,Paco ate 19 cookies and had 35 cookies left. How many cookies did he have in the beginning?,111,54,"To solve the problem, we need to find out how many cookies Paco had in the beginning. We know that he ate 19 cookies and had 35 cookies left.

Let's call the number of cookies Paco had in the beginning ""x"".

According to the problem, Paco ate 19 cookies, so we can set up the equation:

x - 19 = 35

Now, we need to solve for x. To do this, we can add 19 to both sides of the equation:

x = 35 + 19

x = 54

So, Paco had 54 cookies in the beginning.

#### <54>",text,neutral
214,Paco ate 19 cookies and had 35 cookies left. How many cookies did he have in the beginning?,Dan has $ 4. He had $ 3 left with him after he bought a candy bar. How much did the candy bar cost?,54,1,"To solve the problem, we need to find the cost of the candy bar. Let's call the cost of the candy bar ""x"".

According to the problem, Dan had $ 4 and then he had $ 3 left after buying the candy bar. This means that the cost of the candy bar is the difference between the amount of money Dan had before buying the candy bar and the amount of money he had after buying the candy bar.

So, the cost of the candy bar is:

x = 4 - 3
x = 1

Therefore, the cost of the candy bar is $ 1.

#### <$1>",text,neutral
215,Dan has $ 4. He had $ 3 left with him after he bought a candy bar. How much did the candy bar cost?,For the walls of the house he would use 11 nails in all to secure large planks of wood. If each plank needs 3 pieces of nails to be secured and an additional 8 nails were used. How many planks does John need for the house wall?,1,1,"To solve the problem, we need to find out how many planks John used for the house wall. We know that he used 11 nails in total, and each plank requires 3 nails to be secured. We also know that he used an additional 8 nails.

Let's call the number of planks x. Then, the total number of nails used can be represented as:

Total nails = 3x + 8

We can set up an equation to solve for x:

11 = 3x + 8

Subtract 8 from both sides:

11 - 8 = 3x

3 = 3x

Divide both sides by 3:

x = 1

Therefore, John needs 1 plank for the house wall.

#### <answer>",ambiguous,neutral
216,For the walls of the house he would use 11 nails in all to secure large planks of wood. If each plank needs 3 pieces of nails to be secured and an additional 8 nails were used. How many planks does John need for the house wall?,Paige raised 16 goldfish and 71 catfish in the pond but stray cats loved eating them. Now she has 2 left. How many goldfish disappeared?,1,14,"To solve the problem, we need to find out how many goldfish disappeared.

1. We know that Paige initially raised 16 goldfish.
2. After the stray cats ate them, she has 2 goldfish left.
3. To find out how many goldfish disappeared, we need to subtract the number of goldfish she has left from the initial number of goldfish she raised.

##### <answer>
14",text,neutral
217,Paige raised 16 goldfish and 71 catfish in the pond but stray cats loved eating them. Now she has 2 left. How many goldfish disappeared?,Baker sold 44 cakes. If he had made 48 cakes initially How many cakes would baker still have?,14,4,"To solve the problem, we need to find out how many cakes Baker would have made if he had initially made 48 cakes instead of 44 cakes.

1. Let's assume that Baker made 48 cakes initially.
2. We know that he sold 44 cakes.
3. So, the number of cakes he would have made if he had initially made 48 cakes is:

48 cakes (initial) - 44 cakes (sold) = 4 cakes

Therefore, Baker would have made 4 cakes if he had initially made 48 cakes.

#### <answer>",neither,neutral
218,Baker sold 44 cakes. If he had made 48 cakes initially How many cakes would baker still have?,The ring toss game at the carnival made 325 dollars in the first 154 days and 114 dollars in the remaining 57 days. How much did they make per day in the remaining 57 days at the carnival?,4,2,"To solve the problem, we need to find the average amount of money made per day in the remaining 57 days.

First, let's find the total amount of money made in the 211 days (154 + 57).
Total amount of money made = 325 + 114 = 439 dollars

Next, we'll divide the total amount of money made by the number of days in the remaining 57 days to find the average amount of money made per day.
Average amount of money made per day = Total amount of money made / Number of days in the remaining 57 days
Average amount of money made per day = 439 dollars / 57 days
Average amount of money made per day = 7.67 dollars

Therefore, the ring toss game made an average of 7.67 dollars per day in the remaining 57 days at the carnival.

#### 7.67 <answer>",neither,neutral
219,The ring toss game at the carnival made 325 dollars in the first 154 days and 114 dollars in the remaining 57 days. How much did they make per day in the remaining 57 days at the carnival?,Rachel had to complete 10 pages of math homework. If she had to complete 3 more pages of reading homework than math homework How many pages did she have to complete in all?,2,23,"To solve the problem, we need to find out how many pages of reading homework Rachel had to complete. We know that she had to complete 10 pages of math homework. If she had to complete 3 more pages of reading homework than math homework, then she had to complete 10 + 3 = <<10+3=13>>13 pages of reading homework.

In total, Rachel had to complete 10 pages of math homework + 13 pages of reading homework = <<10+13=23>>23 pages of homework.

Therefore, the answer is:

##### <23>",text,neutral
220,Rachel had to complete 10 pages of math homework. If she had to complete 3 more pages of reading homework than math homework How many pages did she have to complete in all?,"Being his favorite, he saved checking on the grapevines for his last stop. He was told by 36 of the pickers that they fill 8 drums of grapes per day. How many days will it take to fill 240 drums of grapes?",23,30,"To solve the problem, we need to determine the number of days it takes to fill 240 drums of grapes. We know that the pickers can fill 8 drums per day.

Let's call the number of days it takes to fill 240 drums of grapes ""x"". We can set up the following equation:

8 drums/day \* x days = 240 drums

Now, we can solve for x:

x = 240 drums / 8 drums/day

x = 30 days

Therefore, it will take 30 days for the pickers to fill 240 drums of grapes.

##### <30>",text,neutral
221,"Being his favorite, he saved checking on the grapevines for his last stop. He was told by 36 of the pickers that they fill 8 drums of grapes per day. How many days will it take to fill 240 drums of grapes?",Nell collects cards. She had 438 baseball cards and 18 Ace cards. She gave some of her cards to Jeff and now has 55 Ace cards and 178 baseball cards left. How many more baseball cards than Ace cards does Nell have?,30,123,"To solve the problem, we need to find the difference between the number of baseball cards and the number of Ace cards Nell has.

1. Subtract the number of Ace cards Nell has now from the number of Ace cards she had initially:
438 - 55 = 383

2. The difference is 383, which means Nell has 383 more baseball cards than Ace cards.

#### <383>",neither,neutral
222,Nell collects cards. She had 438 baseball cards and 18 Ace cards. She gave some of her cards to Jeff and now has 55 Ace cards and 178 baseball cards left. How many more baseball cards than Ace cards does Nell have?,There were 15 roses in the vase. Jessica threw away 33 roses from the vase and cut some more new roses from her flower garden to put in the vase. There are now 17 roses in the vase. How many more roses did she cut than those she threw away?,123,2,"To solve the problem, we need to find the difference between the number of roses Jessica cut and the number of roses she threw away.

1. First, let's find the number of roses Jessica cut.
2. We know that there were originally 15 roses in the vase.
3. After throwing away 33 roses, there were 15 - 33 = 18 roses left in the vase.
4. Then, Jessica cut some more roses from her flower garden and put them in the vase.
5. The total number of roses in the vase is now 18 + 33 = 51 roses.
6. To find the difference between the number of roses Jessica cut and the number of roses she threw away, we subtract the number of roses she threw away from the total number of roses in the vase.
7. The difference is 51 - 33 = 18 roses.

#### <answer> 18",neither,neutral
223,There were 15 roses in the vase. Jessica threw away 33 roses from the vase and cut some more new roses from her flower garden to put in the vase. There are now 17 roses in the vase. How many more roses did she cut than those she threw away?,Dan has $ 4. For a total of $ 3 he bought 10 candy bar each one costing the same amount of money. How much money is left?,2,1,"To solve the problem, we need to find out how much money Dan spent on the candy bars and then subtract that amount from the total amount of money he had.

First, let's calculate how much money Dan spent on the candy bars. Since each candy bar cost the same amount of money and he bought 10 candy bars, we can multiply the cost of one candy bar by the number of candy bars he bought:

Cost of one candy bar x Number of candy bars = Total cost of candy bars

We know that Dan had $ 4 and he spent $ 3 on the candy bars, so we can set up the following equation:

$ 4 (total amount of money) - $ 3 (cost of candy bars) = $ 1 (money left)

Now, we can solve for the cost of one candy bar by dividing both sides of the equation by the number of candy bars:

$ 4 / 10 candy bars = Cost of one candy bar

Simplifying the equation, we get:

$ 0.40 = Cost of one candy bar

So, the cost of one candy bar is $ 0.40",neither,neutral
224,Dan has $ 4. For a total of $ 3 he bought 10 candy bar each one costing the same amount of money. How much money is left?,If they are already at 659 feet and the cave is 762 feet deep How much farther until they reach the end of the cave?,1,103,"To solve the problem, we need to find the difference between the current depth and the depth of the cave.

1. Identify the current depth: 659 feet
2. Identify the depth of the cave: 762 feet
3. Subtract the current depth from the cave depth: 762 - 659 = 103 feet

#### <answer>",text,neutral
225,If they are already at 659 feet and the cave is 762 feet deep How much farther until they reach the end of the cave?,Faye was placing her pencils into 14 rows with 11 pencils in each row. How many pencils does she have?,103,154,"To solve the problem, we need to find the total number of pencils Faye has. We know that she has 14 rows, each containing 11 pencils.

First, let's calculate the total number of pencils in one row:
11 pencils/row

Next, we multiply the number of pencils in one row by the number of rows to find the total number of pencils:
11 pencils/row * 14 rows

Now, we can calculate the total number of pencils:
11 pencils/row * 14 rows = 144 pencils

So, Faye has 144 pencils.
#### <144>",neither,neutral
226,Faye was placing her pencils into 14 rows with 11 pencils in each row. How many pencils does she have?,There were 6 roses and 20 orchids in the vase. Jessica cut some more roses and orchids from her flower garden. There are now 21 orchids and 22 roses in the vase. How many more roses than orchids are there in the vase now?,154,1,"To solve the problem, we need to find the difference between the number of roses and the number of orchids in the vase now.

Step 1: Identify the number of roses and orchids in the vase now.
From Source B, we know that there are 22 roses and 21 orchids in the vase now.

Step 2: Find the difference between the number of roses and orchids.
To find the difference, we can subtract the number of orchids from the number of roses.
22 roses - 21 orchids = 1 rose

So, there is 1 more rose than orchids in the vase now.

Therefore, the answer is:
#### 1",text,neutral
227,There were 6 roses and 20 orchids in the vase. Jessica cut some more roses and orchids from her flower garden. There are now 21 orchids and 22 roses in the vase. How many more roses than orchids are there in the vase now?,If Lewis earns $ 1357 every week during the 223 weeks of a harvest season. How much money will he earn if he works for 73 harvest seasons?,1,22090603,"To solve the problem, we need to multiply the weekly earnings by the number of harvest seasons.

Step 1: Weekly earnings
Lewis earns $ 1357 every week.

Step 2: Number of harvest seasons
He works for 73 harvest seasons.

Step 3: Calculate total earnings
Total earnings = Weekly earnings × Number of harvest seasons
Total earnings = $ 1357 × 73
Total earnings = $ 98,191

##### <$98,191>",neither,neutral
228,If Lewis earns $ 1357 every week during the 223 weeks of a harvest season. How much money will he earn if he works for 73 harvest seasons?,A farmer had 171 tomatoes in his garden. If he picked 134 of them yesterday and 30 today. How many will he have left after today?,22090603,7,"To solve the problem, we need to find the number of tomatoes the farmer has left after picking 134 yesterday and 30 today.

1. Start with the total number of tomatoes the farmer had: 171.
2. Subtract the number of tomatoes he picked yesterday: 134.
3. Subtract the number of tomatoes he picked today: 30.

##### <171 - 134 - 30>",neither,neutral
229,A farmer had 171 tomatoes in his garden. If he picked 134 of them yesterday and 30 today. How many will he have left after today?,Mary is baking a cake. The recipe calls for 11 cups of sugar and 9 cups of flour. She already put in 12 cups of flour and 10 cups of sugar. How many more cups of sugar does she need to add?,7,1,"To solve the problem, we need to find out how many cups of sugar Mary still needs to add.

Step 1: Determine the total amount of sugar required by the recipe.
The recipe calls for 11 cups of sugar.

Step 2: Determine how much sugar Mary has already added.
Mary has already added 10 cups of sugar.

Step 3: Subtract the amount of sugar Mary has already added from the total amount of sugar required by the recipe.
11 cups of sugar (total) - 10 cups of sugar (already added) = 1 cup of sugar (still needed)

Therefore, Mary still needs to add 1 cup of sugar to complete the recipe.
#### <1>",text,neutral
230,Mary is baking a cake. The recipe calls for 11 cups of sugar and 9 cups of flour. She already put in 12 cups of flour and 10 cups of sugar. How many more cups of sugar does she need to add?,Winter is almost here and most animals are migrating to warmer countries. There were 89 bird families living near the mountain. If 60 bird families flew away for winter How many more bird families flew away for the winter than those that stayed behind?,1,31,"To solve the problem, we need to find the difference between the number of bird families that flew away for winter and the number that stayed behind.

According to Source B, there were 89 bird families living near the mountain. If 60 bird families flew away for winter, then the number of bird families that stayed behind is:

89 (total bird families) - 60 (bird families that flew away) = 29

Therefore, the number of bird families that flew away for the winter is 60, and the number that stayed behind is 29. The difference between the two is:

60 (bird families that flew away) - 29 (bird families that stayed behind) = 31

So, 31 more bird families flew away for the winter than those that stayed behind.

#### <31>",text,neutral
231,Winter is almost here and most animals are migrating to warmer countries. There were 89 bird families living near the mountain. If 60 bird families flew away for winter How many more bird families flew away for the winter than those that stayed behind?,Dan has $ 4. He bought 99 candy bar for $ 3 each one costing the same amount of money. How much money is left?,31,1,"To solve the problem, we need to find out how much money Dan spent on the candy bars and then subtract that amount from the total amount of money he had.

1. Dan bought 99 candy bars.
2. Each candy bar cost $ 3.
3. So, the total amount Dan spent on the candy bars is:
   Total spent = Number of candy bars * Cost per candy bar
   Total spent = 99 * $ 3
   Total spent = $ 297

4. Dan initially had $ 4.
5. To find out how much money is left, we subtract the total spent from the initial amount:
   Money left = Initial amount - Total spent
   Money left = $ 4 - $ 297
   Money left = -$ 293

Since the money left is negative, it means that Dan does not have enough money to buy all the candy bars. He is $ 293 in debt.

#### <-293>",neither,neutral
232,Dan has $ 4. He bought 99 candy bar for $ 3 each one costing the same amount of money. How much money is left?,Last week Fred had 47 dollars and Jason had 99 dollars. Over the weekend Fred delivered newspapers earning 111 dollars and washed cars earning 34 dollars. How much money does Fred have now?,1,192,"To solve the problem, we need to add up the money Fred had initially, the money he earned from delivering newspapers, and the money he earned from washing cars.

1. Fred initially had 47 dollars.
2. He earned 111 dollars from delivering newspapers.
3. He earned 34 dollars from washing cars.

Now, we add up all the money Fred has:

47 + 111 + 34 = 1527

So, Fred has a total of 1527 dollars now.

#### <answer>1527</answer>",neither,neutral
233,Last week Fred had 47 dollars and Jason had 99 dollars. Over the weekend Fred delivered newspapers earning 111 dollars and washed cars earning 34 dollars. How much money does Fred have now?,4 birds and 6 storks were sitting on the fence. 2 more storks came to join them. How many storks are sitting on the fence?,192,8,"To solve the problem, let's break it down:

1. We start with 4 birds and 6 storks on the fence, which makes a total of 4 + 6 = 10 birds and storks.
2. Then, 2 more storks join them, so we add 2 to the total.
3. This gives us a new total of 10 + 2 = 12 birds and storks.

Therefore, the answer to the problem is:

##### <12>",neither,neutral
234,4 birds and 6 storks were sitting on the fence. 2 more storks came to join them. How many storks are sitting on the fence?,The school is planning a field trip. The school has 87 classrooms. There are 58 students in the school with each classroom having the same number of students. If there are 2 seats on each school bus. How many buses are needed to take the trip?,8,29,"To solve the problem, we need to find the number of students in each classroom and then determine how many buses are needed to accommodate all the students.

Step 1: Find the number of students in each classroom.
There are 87 classrooms, and each classroom has the same number of students. Therefore, we can find the number of students in each classroom by dividing the total number of students by the number of classrooms:

Number of students in each classroom = Total number of students / Number of classrooms
= 87 students / 87 classrooms
= 1 student per classroom

Step 2: Determine the number of buses needed.
Since there are 2 seats on each school bus, we can find the number of buses needed by dividing the total number of students by the number of seats per bus:

Number of buses needed = Total number of students / Seats per bus
= 87 students / 2 seats per bus
= 43.5 buses

Since we cannot have half a bus, we need to round up to the nearest whole number. Therefore, we need:

#### 44 buses",neither,neutral
235,The school is planning a field trip. The school has 87 classrooms. There are 58 students in the school with each classroom having the same number of students. If there are 2 seats on each school bus. How many buses are needed to take the trip?,Paul had 95 pens and 153 books. After selling some books and pens in a garage sale he had 13 books and 23 pens left. How many books did he sell in the garage sale?,29,140,"To solve this problem, we need to find the difference between the number of books Paul initially had and the number of books he had left after the garage sale.

1. Subtract the number of books Paul had left from the number of books he initially had:
153 (initial books) - 13 (books left) = 140

So, Paul sold 140 books in the garage sale.

#### <140>",text,neutral
236,Paul had 95 pens and 153 books. After selling some books and pens in a garage sale he had 13 books and 23 pens left. How many books did he sell in the garage sale?,"After making some pies, chef had 2 apples left. Initially he had 43 apples How many apples did he use?",140,41,"To solve this problem, we need to find out how many apples chef used to make the pies. We know that initially, chef had 43 apples and after making some pies, he had 2 apples left.

To find out how many apples he used, we can subtract the number of apples he had left from the number of apples he initially had:

43 apples (initial) - 2 apples (left) = 41 apples (used)

Therefore, chef used 41 apples to make the pies.

#### <41>",text,neutral
237,"After making some pies, chef had 2 apples left. Initially he had 43 apples How many apples did he use?",Josh had 19 marbles in his collection. He lost 11 marbles and found 5 new ones. How many marbles does he have now?,41,13,"To solve the problem, we need to find out how many marbles Josh has now after losing some and finding new ones.

Step 1: Determine the number of marbles Josh initially had.
Josh initially had 19 marbles.

Step 2: Determine the number of marbles Josh lost.
Josh lost 11 marbles.

Step 3: Determine the number of marbles Josh found.
Josh found 5 new marbles.

Step 4: Calculate the number of marbles Josh has now.
To find out how many marbles Josh has now, we need to subtract the number of marbles he lost from the number of marbles he initially had, and then add the number of marbles he found.

Josh has now:
19 (initial marbles) - 11 (marbles lost) + 5 (new marbles) = 13

Therefore, Josh has 13 marbles now.
#### <13>",text,neutral
238,Josh had 19 marbles in his collection. He lost 11 marbles and found 5 new ones. How many marbles does he have now?,Ed had 24 more marbles than Doug. Doug lost 27 of his marbles at the playground while Ed found 9 more marbles. How many more marbles did Ed have than Doug then?,13,60,"To solve the problem, we need to find the difference between the number of marbles Ed had and the number of marbles Doug had.

Let's start by representing the number of marbles Doug had as D.
Since Ed had 24 more marbles than Doug, we can represent the number of marbles Ed had as D + 24.

Now, let's consider the changes in the number of marbles each person had. Doug lost 27 marbles, so we can subtract 27 from D to find the new number of marbles Doug has. Ed found 9 more marbles, so we can add 9 to D + 24 to find the new number of marbles Ed has.

So, the new number of marbles Doug has is D - 27, and the new number of marbles Ed has is (D + 24) + 9.

Now, we can find the difference between the number of marbles Ed has and the number of marbles Doug has by subtracting the new number of marbles Doug has from the new number of marbles Ed has.

Difference = (D + 24) +",neither,neutral
239,Ed had 24 more marbles than Doug. Doug lost 27 of his marbles at the playground while Ed found 9 more marbles. How many more marbles did Ed have than Doug then?,If the cave is 919 feet deep and they need to travel 1307 feet How far is the end of the cave?,60,2226,"To solve the problem, we need to find the total distance that needs to be traveled.

1. The cave is 919 feet deep.
2. They need to travel an additional 1307 feet.

Total distance = 919 feet (cave depth) + 1307 feet (additional distance)

Total distance = 919 + 1307

Total distance = 2226 feet

#### <2226>",text,neutral
240,If the cave is 919 feet deep and they need to travel 1307 feet How far is the end of the cave?,Robin cut off 20 inches of his hair. If his hair is now 10 inches long How long was his hair before he cut?,2226,30,"To solve the problem, we need to find the original length of Robin's hair before he cut it. We know that he cut off 20 inches of his hair, and his hair is now 10 inches long.

Let's denote the original length of Robin's hair as x. After cutting, the length of his hair became x - 20 inches. We can set up an equation to represent the relationship between the original length and the current length:

x - 20 = 10

Now, we can solve for x:

x = 10 + 20
x = 30

Therefore, the original length of Robin's hair before he cut it was 30 inches.

#### <answer> 30 inches",text,neutral
241,Robin cut off 20 inches of his hair. If his hair is now 10 inches long How long was his hair before he cut?,He then went to see the oranges being harvested. He found out that they harvest 44 sacks of ripe oranges and 25 sacks of unripe oranges per day. How many more sacks of ripe oranges than unripe oranges are harvested per day?,30,19,"To find out how many more sacks of ripe oranges than unripe oranges are harvested per day, we need to subtract the number of unripe oranges from the number of ripe oranges.

According to Source A, they harvest 44 sacks of ripe oranges and 25 sacks of unripe oranges per day.

So, the number of ripe oranges harvested per day is 44 sacks, and the number of unripe oranges harvested per day is 25 sacks.

To find the difference between the two, we can subtract the number of unripe oranges from the number of ripe oranges:

44 sacks (ripe oranges) - 25 sacks (unripe oranges) = 19 sacks

Therefore, there are 19 more sacks of ripe oranges than unripe oranges harvested per day.

#### <19>",text,neutral
242,He then went to see the oranges being harvested. He found out that they harvest 44 sacks of ripe oranges and 25 sacks of unripe oranges per day. How many more sacks of ripe oranges than unripe oranges are harvested per day?,There are 4502 skittles in Steven's skittles collection. Steven also has 4276 erasers. If the skittles and erasers are organized into 154 groups How big is each group?,19,57,"To find the size of each group, we need to divide the total number of skittles and erasers by the number of groups.

First, let's find the total number of skittles and erasers:
4502 skittles + 4276 erasers = 8778

Now, let's divide the total number of skittles and erasers by the number of groups:
8778 ÷ 154 = 569.5

Since we cannot have a fraction of a group, we need to round down to the nearest whole number. Therefore, each group will contain 569 skittles and erasers.

##### <569>",neither,neutral
243,There are 4502 skittles in Steven's skittles collection. Steven also has 4276 erasers. If the skittles and erasers are organized into 154 groups How big is each group?,Jake has 6 fewer peaches than Steven. Steven has 18 more peaches than Jill. If jill has 5 peaches How many peaches does Jake have?,57,17,"To solve this problem, we can use the information given in the sources to create a system of equations. Let's denote the number of peaches Jake has as x, the number of peaches Steven has as y, and the number of peaches Jill has as z.

From Source A, we know that:

1. Jake has 6 fewer peaches than Steven, so x = y - 6.
2. Steven has 18 more peaches than Jill, so y = z + 18.
3. Jill has 5 peaches, so z = 5.

Now we can substitute the values of z and y into the equation for x:

x = y - 6
x = (z + 18) - 6
x = z + 12

So Jake has x = z + 12 peaches. Since we know that z = 5, we can substitute that value into the equation for x:

x = 5 + 12
x = 17

Therefore, Jake has 17 peaches.

#### <answer>17</answer>",text,neutral
244,Jake has 6 fewer peaches than Steven. Steven has 18 more peaches than Jill. If jill has 5 peaches How many peaches does Jake have?,36 children were riding on the bus. At the bus stop 68 children got off the bus while some more got on the bus. Then there were 12 children altogether on the bus. How many more children got off the bus than those that got on?,17,24,"To solve the problem, we need to find the difference between the number of children who got off the bus and the number of children who got on the bus.

First, let's find the number of children who got off the bus. We know that there were 36 children on the bus initially, and then 68 children got off the bus. So, the number of children who got off the bus is:

68 - 36 = 32

Therefore, 32 children got off the bus.

Next, let's find the number of children who got on the bus. We know that there were 12 children on the bus after some more got on. So, the number of children who got on the bus is:

12 - 36 = -24

However, since we cannot have a negative number of children, we need to adjust our thinking. We can assume that the number of children who got on the bus is actually 24, which means that the number of children who got off the bus is actually -24.

Finally, to find the difference between the number of children who got off the bus and the number of",neither,neutral
245,36 children were riding on the bus. At the bus stop 68 children got off the bus while some more got on the bus. Then there were 12 children altogether on the bus. How many more children got off the bus than those that got on?,Because of the decision Sofia asked the students to suggest specific types of food. If 228 students suggested adding mashed potatoes 337 suggested adding bacon to the menu and 23 suggested adding tomatoes How many more students suggested bacon than those that suggested tomatoes?,24,314,"To find the difference between the number of students who suggested adding bacon and the number of students who suggested adding tomatoes, we need to subtract the number of students who suggested adding tomatoes from the number of students who suggested adding bacon.

337 (students who suggested adding bacon) - 23 (students who suggested adding tomatoes) = 314

Therefore, the difference between the number of students who suggested adding bacon and the number of students who suggested adding tomatoes is 314 students.

##### <314>",text,neutral
246,Because of the decision Sofia asked the students to suggest specific types of food. If 228 students suggested adding mashed potatoes 337 suggested adding bacon to the menu and 23 suggested adding tomatoes How many more students suggested bacon than those that suggested tomatoes?,He then went to see the oranges being harvested. He found out that they harvested 56 sacks of oranges. How many sacks did they harvest per day if they harvested for a total of 14 days?,314,4,"To solve the problem, we need to find the number of sacks harvested per day. We are given that they harvested 56 sacks of oranges in total and that they harvested for a total of 14 days.

To find the number of sacks harvested per day, we can divide the total number of sacks by the total number of days:

56 sacks ÷ 14 days = 4.14 sacks per day

Since we cannot have a fraction of a sack, we can round down to the nearest whole number:

4.14 sacks per day ≈ 4 sacks per day

Therefore, the answer is:

#### <4>",text,neutral
247,He then went to see the oranges being harvested. He found out that they harvested 56 sacks of oranges. How many sacks did they harvest per day if they harvested for a total of 14 days?,Debby bought 88 water bottles and 13 soda bottles when they were on sale. If she drank 4 water bottles and 87 soda bottles a day How many days would the water bottles last?,4,22,"To find out how many days the water bottles would last, we need to divide the total number of water bottles by the number of water bottles Debby drinks per day.

Total water bottles = 88
Water bottles consumed per day = 4

Days for water bottles = Total water bottles / Water bottles consumed per day
Days for water bottles = 88 / 4
Days for water bottles = 22

##### <22>",text,neutral
248,Debby bought 88 water bottles and 13 soda bottles when they were on sale. If she drank 4 water bottles and 87 soda bottles a day How many days would the water bottles last?,Jerry had some action figures on a shelf in his room. Later he added 2 more action figures to the shelf and removed 7 of the old ones. If there are 10 action figures on his shelf now How many action figures did he have initially on the shelf?,22,15,"To solve the problem, we need to find the initial number of action figures Jerry had on the shelf before he added 2 and removed 7. Let's call the initial number of action figures ""x"".

After adding 2 and removing 7, Jerry has 10 action figures on the shelf. We can set up an equation to represent this situation:

x + 2 = 10 - 7

Solving for x, we get:

x + 2 = 3
x = 3 - 2
x = 1

So, Jerry initially had 1 action figure on the shelf.

#### <answer>",neither,neutral
249,Jerry had some action figures on a shelf in his room. Later he added 2 more action figures to the shelf and removed 7 of the old ones. If there are 10 action figures on his shelf now How many action figures did he have initially on the shelf?,Mary is baking a cake. The recipe calls for 12 cups of flour 5 cups of sugar and 49 cups of salt. She already put in 11 cups of flour. How many more cups of flour does she need to add?,15,1,"To solve the problem, we need to find out how many cups of flour Mary still needs to add. We know that she has already added 11 cups of flour, and the recipe calls for 12 cups of flour.

To find out how many cups of flour she still needs to add, we can subtract the number of cups of flour she has already added from the total amount of flour called for in the recipe:

12 cups of flour (total amount) - 11 cups of flour (already added) = 1 cup of flour (still needed)

Therefore, Mary still needs to add 1 cup of flour to complete the recipe.

#### <answer>",text,neutral
250,Mary is baking a cake. The recipe calls for 12 cups of flour 5 cups of sugar and 49 cups of salt. She already put in 11 cups of flour. How many more cups of flour does she need to add?,Jake has 8 fewer peaches and 10 more apples than Steven. Steven has 11 apples and 18 peaches. How many more peaches than apples does Steven have?,1,7,"To solve the problem, we need to find the difference between the number of peaches and apples that Steven has.

1. Steven has 11 apples and 18 peaches.
2. Jake has 8 fewer peaches than Steven, so Jake has 11 - 8 = 3 fewer peaches than Steven.
3. Jake has 10 more apples than Steven, so Jake has 11 + 10 = 21 apples.
4. To find the difference between the number of peaches and apples that Steven has, we subtract the number of apples from the number of peaches.
5. The difference is 18 peaches - 21 apples = -3 peaches.

Therefore, Steven has 3 fewer peaches than apples.

##### <-3>",neither,neutral
251,Jake has 8 fewer peaches and 10 more apples than Steven. Steven has 11 apples and 18 peaches. How many more peaches than apples does Steven have?,Mary is baking a cake. The recipe calls for 3 cups of sugar and 10 cups of flour. She already put in some cups of flour. If she still needs 5 more cups of flour than sugar How many cups of flour did she put in?,7,2,"To solve the problem, we need to find out how many cups of flour Mary has already put in. Let's call the number of cups of flour she has already put in ""x"".

According to the recipe, Mary needs 3 cups of sugar and 10 cups of flour. If she still needs 5 more cups of flour than sugar, then we can set up the following equation:

x + 5 = 10

Subtract 5 from both sides of the equation to isolate ""x"":

x = 10 - 5
x = 5

So, Mary has already put in 5 cups of flour.

#### <answer>",neither,neutral
252,Mary is baking a cake. The recipe calls for 3 cups of sugar and 10 cups of flour. She already put in some cups of flour. If she still needs 5 more cups of flour than sugar How many cups of flour did she put in?,If each pack costs 81 dollars How much will it cost to buy 33 packs of dvds?,2,2673,"To solve the problem, we need to multiply the cost of each pack by the number of packs to be purchased.

Step 1: Identify the cost of each pack and the number of packs to be purchased.
Cost of each pack = 81 dollars
Number of packs to be purchased = 33

Step 2: Multiply the cost of each pack by the number of packs to be purchased.
Total cost = Cost of each pack × Number of packs to be purchased
Total cost = 81 dollars × 33 packs

Step 3: Calculate the total cost.
Total cost = 81 × 33
Total cost = 2693 dollars

The total cost to buy 33 packs of dvds is 2693 dollars.
#### <2693>",neither,neutral
253,If each pack costs 81 dollars How much will it cost to buy 33 packs of dvds?,A mailman has to give 4 pieces of junk mail to each house in each of the 16 blocks. If there are 17 houses in each block How many pieces of junk mail should he give in total?,2673,1088,"To solve this problem, we need to find the total number of pieces of junk mail the mailman has to give.

First, we know that there are 17 houses in each block. Since there are 16 blocks, we can calculate the total number of houses by multiplying the number of houses in each block by the number of blocks:

17 houses/block * 16 blocks = 272 houses

Next, we know that the mailman has to give 4 pieces of junk mail to each house. So, to find the total number of pieces of junk mail, we multiply the number of houses by the number of pieces of junk mail per house:

272 houses * 4 pieces/house = 1088 pieces of junk mail

Therefore, the mailman has to give a total of 1088 pieces of junk mail.

##### <1088>",text,neutral
254,A mailman has to give 4 pieces of junk mail to each house in each of the 16 blocks. If there are 17 houses in each block How many pieces of junk mail should he give in total?,David did 56 more push-ups than Zachary in gym class today. If David did 38 push-ups How many push-ups did Zachary and David do altogether?,1088,20,"To solve the problem, we need to find out how many push-ups Zachary did. We know that David did 38 push-ups and did 56 more than Zachary. Therefore, Zachary did 38 - 56 = -18 push-ups. However, it is not possible for someone to do a negative number of push-ups. This suggests that there is an error in the problem statement, and the numbers provided do not make sense.

Therefore, the answer to the problem is that there is an error in the problem statement, and the numbers provided do not make sense.

##### <answer>",neither,neutral
255,David did 56 more push-ups than Zachary in gym class today. If David did 38 push-ups How many push-ups did Zachary and David do altogether?,Brenda's mother made 14 cookies for 2 guests. If each of them had the same number of cookies How many did each of them have?,20,7,"To solve this problem, we need to find out how many cookies each guest had if they had the same number of cookies.

First, let's find out the total number of cookies made by Brenda's mother.
Total cookies = 14

Next, we need to find out how many cookies each guest had if they had the same number of cookies.

Since there are 2 guests, we can divide the total number of cookies by the number of guests to find out how many cookies each guest had.

Cookies per guest = Total cookies / Number of guests
Cookies per guest = 14 / 2
Cookies per guest = 7

Therefore, each guest had 7 cookies.

#### <answer>",text,neutral
256,Brenda's mother made 14 cookies for 2 guests. If each of them had the same number of cookies How many did each of them have?,Mary is baking a cake. The recipe calls for 6 cups of flour 8 cups of sugar and 7 cups of salt. She already put in 5 cups of flour. How many more cups of sugar than cups of salt does she need to add now?,7,1,"To solve the problem, we need to find the difference between the amount of sugar and salt that Mary has already added and the total amount of sugar and salt called for in the recipe.

First, let's find the total amount of sugar and salt called for in the recipe:

Total sugar = 8 cups
Total salt = 7 cups

Next, let's find the amount of flour, sugar, and salt that Mary has already added:

Flour already added = 5 cups
Sugar already added = 0 cups (not specified in the image)
Salt already added = 0 cups (not specified in the image)

Now, we can find the difference between the total amount of sugar and salt called for and the amount of flour, sugar, and salt that Mary has already added:

Difference in sugar = 8 cups - 0 cups = 8 cups
Difference in salt = 7 cups - 0 cups = 7 cups

Therefore, Mary needs to add 8 cups of sugar and 7 cups of salt to complete the recipe.

#### <8, 7>",image,neutral
257,Mary is baking a cake. The recipe calls for 6 cups of flour 8 cups of sugar and 7 cups of salt. She already put in 5 cups of flour. How many more cups of sugar than cups of salt does she need to add now?,Jake has 12 fewer peaches and 79 more apples than Steven. Steven has 19 peaches and 14 apples. How many peaches does Jake have?,1,7,"To solve this problem, we need to find the difference between the number of peaches Jake has and the number of peaches Steven has, and then add the difference to the number of peaches Steven has. We also need to find the difference between the number of apples Jake has and the number of apples Steven has, and then add the difference to the number of apples Steven has.

First, let's find the difference in the number of peaches:

19 (Steven's peaches) - 12 (fewer peaches Jake has) = 7

So, Jake has 7 more peaches than Steven.

Next, let's find the difference in the number of apples:

14 (Steven's apples) + 79 (more apples Jake has) = 93

So, Jake has 93 more apples than Steven.

Now, let's add the differences we found to the number of peaches and apples Steven has to find the total number of peaches and apples Jake has:

7 (peaches) + 19 (peaches) = 26",neither,neutral
258,Jake has 12 fewer peaches and 79 more apples than Steven. Steven has 19 peaches and 14 apples. How many peaches does Jake have?,Julia played tag with 12 kids on monday. She played tag with 14 kids on tuesday. She spent a total of 34 hours to play tag on both days. How many kids did she play with altogether?,7,26,"To solve the problem, we need to find the total number of kids Julia played with on both days.

Let's denote the number of kids Julia played with on Monday as x.
Then, the number of kids she played with on Tuesday is x + 2 (since she played with 2 more kids on Tuesday).

We know that Julia spent a total of 34 hours playing tag on both days. Let's denote the number of hours she spent on Monday as y.
Then, the number of hours she spent on Tuesday is y + 2 (since she spent 2 more hours on Tuesday).

We can set up two equations based on the information given:

1. x + (x + 2) = 12 (the total number of kids she played with on Monday and Tuesday)
2. y + (y + 2) = 34 (the total number of hours she spent on both days)

Now, we can solve these equations simultaneously:

1. 2x + 2 = 12
2. 2y + 2 = 34

To find x and y, we can subtract 2 from both sides",neither,neutral
259,Julia played tag with 12 kids on monday. She played tag with 14 kids on tuesday. She spent a total of 34 hours to play tag on both days. How many kids did she play with altogether?,Edward had $ 13. He spent some money. Now he has $ 3. How much money did Edward spend?,26,10,"To solve this problem, we need to find the amount of money Edward spent. We can do this by subtracting the amount of money he has now from the amount of money he had initially.

Step 1: Subtract the current amount of money from the initial amount of money.
$ 13 (initial amount) - $ 3 (current amount) = $ 10

Therefore, Edward spent $ 10.

#### <$ 10>",text,neutral
260,Edward had $ 13. He spent some money. Now he has $ 3. How much money did Edward spend?,Dan has $ 2. He bought some candy bar for $ 6 each one costing $ 3. How many candy bar did he buy?,10,2,"To solve the problem, we need to find out how many candy bars Dan bought. We know that each candy bar costs $3 and Dan has $2.

First, let's subtract the cost of the candy bars from the total amount of money Dan has.

$2 (total amount of money) - $3 (cost of each candy bar) = $0

Since we can't have a negative amount of money, this means that Dan didn't buy any candy bars.

Therefore, Dan bought 0 candy bars.

#### <0>",neither,neutral
261,Dan has $ 2. He bought some candy bar for $ 6 each one costing $ 3. How many candy bar did he buy?,Danny has 12 bottle caps in his collection. He found 53 bottle caps at the park. How many bottle caps does he have now?,2,65,"To solve the problem, we need to add the number of bottle caps Danny had initially to the number of bottle caps he found at the park.

1. Danny had 12 bottle caps initially.
2. He found 53 bottle caps at the park.
3. To find the total number of bottle caps Danny has now, we add the initial number of bottle caps to the number found at the park:

12 + 53 = 65

#### <answer>",text,neutral
262,Danny has 12 bottle caps in his collection. He found 53 bottle caps at the park. How many bottle caps does he have now?,Paul sold some books in a garage sale leaving him with 27 books. If he had 136 books initially How many books did he sell?,65,109,"To solve the problem, we need to find the difference between the initial number of books and the number of books left after the garage sale.

1. Subtract the number of books left after the garage sale from the initial number of books.
2. The result is the number of books sold.

Using the information from Source B, we can set up the equation:

Initial number of books = 136
Number of books left after the garage sale = 27

Now, we can find the number of books sold:

Number of books sold = Initial number of books - Number of books left after the garage sale
= 136 - 27
= 109

#### <109>",text,neutral
263,Paul sold some books in a garage sale leaving him with 27 books. If he had 136 books initially How many books did he sell?,Jack received 4 emails in the morning and some more in the afternoon. If he received a total of 5 emails in the day How many emails did Jack receive in the afternoon?,109,1,"To solve the problem, we need to find the number of emails Jack received in the afternoon. We know that he received 4 emails in the morning and a total of 5 emails in the day.

Let's assume that Jack received x emails in the afternoon.

According to the problem, we can set up the following equation:

4 (morning) + x (afternoon) = 5 (total)

Now, we can solve for x:

x = 5 - 4
x = 1

Therefore, Jack received 1 email in the afternoon.

#### <answer> 1",text,neutral
264,Jack received 4 emails in the morning and some more in the afternoon. If he received a total of 5 emails in the day How many emails did Jack receive in the afternoon?,Lewis earns a total of $ 1216 during the harvest. If he earns $ 16 each week How many weeks did the harvest last?,1,76,"To solve the problem, we need to divide the total earnings by the weekly earnings to find out how many weeks the harvest lasted.

Step 1: Divide the total earnings by the weekly earnings.
1216 / 16 = 759.375

Step 2: Round the result to the nearest whole number.
759.375 ≈ 759

Therefore, the harvest lasted approximately 759 weeks.

##### <759>",neither,neutral
265,Lewis earns a total of $ 1216 during the harvest. If he earns $ 16 each week How many weeks did the harvest last?,Frank was reading through some books. Each book had 249 pages and it took Frank 3 days to finish each book. How many pages did he read per day?,76,83,"To find the number of pages Frank reads per day, we need to divide the total number of pages in one book by the number of days it takes him to finish one book.

Pages per day = Total pages in one book / Days to finish one book
= 249 pages / 3 days
= 83 pages per day

##### <83>",text,neutral
266,Frank was reading through some books. Each book had 249 pages and it took Frank 3 days to finish each book. How many pages did he read per day?,They decided to hold the party in their backyard. If they have 11 sets of tables and each set has 13 chairs How many chairs do they have in the backyard?,83,143,"To solve the problem, we need to multiply the number of table sets by the number of chairs per set.

1. The number of table sets is 11.
2. Each table set has 13 chairs.
3. Multiply the number of table sets by the number of chairs per set: 11 * 13 = 143

##### <143>",text,neutral
267,They decided to hold the party in their backyard. If they have 11 sets of tables and each set has 13 chairs How many chairs do they have in the backyard?,Brenda's mother made cookies for 10 guests but 9 guests did not come. If she prepared 18 cookies and each guest had the same number of cookies How many did each of them have?,143,18,"To solve this problem, we need to find out how many cookies each guest would have if there were 10 guests.

1. We know that Brenda's mother prepared 18 cookies.
2. Since 9 guests did not come, there were actually 1 guest.
3. To find out how many cookies each guest would have if there were 10 guests, we need to divide the total number of cookies by the number of guests that actually came.
4. So, 18 cookies divided by 1 guest equals 18 cookies per guest.

Therefore, each guest would have 18 cookies if there were 10 guests.

##### <18>",text,neutral
268,Brenda's mother made cookies for 10 guests but 9 guests did not come. If she prepared 18 cookies and each guest had the same number of cookies How many did each of them have?,Rebecca wants to split a collection of eggs into groups of 3. Rebecca has 99 bananas 9 eggs and 27 marbles. How many groups will be created?,18,3,"To solve the problem, we need to determine how many groups of 3 Rebecca can create with the given items.

1. First, let's count the total number of items:
   - Bananas: 99
   - Eggs: 9
   - Marbles: 27

2. Next, we need to find the greatest common divisor (GCD) of the total number of items and the desired group size (3). The GCD is the largest number that can divide both numbers without leaving a remainder.

3. Using the Euclidean algorithm, we can find the GCD of 99, 9, and 27:
   - Divide the larger number by the smaller number: 99 ÷ 27 = 3 with a remainder of 18.
   - Divide the quotient by the divisor: 3 ÷ 27 = 0 with a remainder of 3.
   - The GCD is the last non-zero remainder, which is 3.

4. Now, we can calculate the number of groups by dividing the total number of items by the group size:",neither,neutral
269,Rebecca wants to split a collection of eggs into groups of 3. Rebecca has 99 bananas 9 eggs and 27 marbles. How many groups will be created?,Ed had 29 more marbles than Doug. Ed lost 17 of his marbles at the playground. How many more marbles did Ed have than Doug then?,3,12,"To solve the problem, we need to find the difference between the number of marbles Ed had initially and the number of marbles Doug had.

1. Ed had 29 more marbles than Doug.
2. Ed lost 17 of his marbles at the playground.

Let's represent the number of marbles Doug had as D.
Since Ed had 29 more marbles than Doug, we can write:
Ed's marbles = Doug's marbles + 29

After Ed lost 17 marbles, he had:
Ed's marbles after losing 17 = Doug's marbles + 29 - 17

Now we need to find the difference between Ed's marbles after losing 17 and Doug's marbles:
Difference = Ed's marbles after losing 17 - Doug's marbles

Substituting the expressions for Ed's marbles and Doug's marbles, we get:
Difference = (Doug's marbles + 29 - 17) - D

Simplifying the expression, we get:
D",neither,neutral
270,Ed had 29 more marbles than Doug. Ed lost 17 of his marbles at the playground. How many more marbles did Ed have than Doug then?,There are 6 houses on a block. If a mailman has to give 24 pieces of junk mail to each block How many pieces of junk mail should he give in each house?,12,4,"To solve the problem, we need to find the number of pieces of junk mail that the mailman should give to each house.

First, we know that there are 6 houses on the block.

Next, we know that the mailman has to give 24 pieces of junk mail to each block.

To find the number of pieces of junk mail that the mailman should give to each house, we can divide the total number of pieces of junk mail by the number of houses on the block.

24 pieces of junk mail / 6 houses = 4 pieces of junk mail per house

Therefore, the mailman should give 4 pieces of junk mail to each house.

##### <4>",text,neutral
271,There are 6 houses on a block. If a mailman has to give 24 pieces of junk mail to each block How many pieces of junk mail should he give in each house?,Zachary did 59 push-ups and 44 crunches in gym class today. David did 19 more push-ups but 27 less crunches than zachary. How many push-ups did David do?,4,78,"To solve the problem, we can set up two equations based on the information given in Source A. Let's denote the number of push-ups David did as P.

1. Zachary did 59 push-ups, so P + 19 = 59 (since David did 19 more push-ups than Zachary).
2. David did 27 less crunches than Zachary, so 44 - 27 = X (since we don't know the exact number of crunches David did, but we know the difference).

Now, we can use the second equation to solve for X, and then substitute X back into the first equation to solve for P.

Step 1: Solve for X
X = 44 - 27
X = 17

Step 2: Substitute X back into the first equation
P + 19 = 59
P + 19 = 59 - 17
P + 19 = 42

Step 3: Solve for P
P = 42 - 19
P = 23

So, David",neither,neutral
272,Zachary did 59 push-ups and 44 crunches in gym class today. David did 19 more push-ups but 27 less crunches than zachary. How many push-ups did David do?,Emily is making bead necklaces for her friends. Each necklace takes 8 beads and she has 16 beads. How many necklaces can Emily make?,78,2,"To solve the problem, we need to divide the total number of beads Emily has by the number of beads in each necklace.

Step 1: Divide the total number of beads by the number of beads in each necklace.
16 beads / 8 beads per necklace = 2 necklaces

Therefore, Emily can make 2 necklaces with the beads she has.

##### <2>",text,neutral
273,Emily is making bead necklaces for her friends. Each necklace takes 8 beads and she has 16 beads. How many necklaces can Emily make?,Jesse's rooms are 19 feet long and 18 feet wide. If she has 20 rooms in all How much carpet does she need to cover the floors of all rooms?,2,6840,"To solve the problem, we need to find the total area of all the rooms.

First, let's calculate the area of one room:
Area of one room = Length * Width
Area of one room = 19 feet * 18 feet
Area of one room = 322 square feet

Next, we need to multiply the area of one room by the number of rooms to find the total area:
Total area = Area of one room * Number of rooms
Total area = 322 square feet * 20 rooms
Total area = 6440 square feet

Therefore, Jesse needs a total of 6440 square feet of carpet to cover the floors of all her rooms.

#### <6440>",neither,neutral
274,Jesse's rooms are 19 feet long and 18 feet wide. If she has 20 rooms in all How much carpet does she need to cover the floors of all rooms?,Next on his checklist is wax to stick the feathers together. If the feathers require 166 g of wax and right now he has 20 g How many more grams of wax does he need?,6840,146,"To solve the problem, we need to find the difference between the amount of wax needed and the amount of wax currently available.

1. Determine the amount of wax needed:
166 g

2. Determine the amount of wax currently available:
20 g

3. Find the difference between the two:
166 g - 20 g = 146 g

Therefore, the person needs 146 g more of wax to complete their task.
#### 146 g",text,neutral
275,Next on his checklist is wax to stick the feathers together. If the feathers require 166 g of wax and right now he has 20 g How many more grams of wax does he need?,15 campers went rowing in the morning. Some more campers went rowing in the afternoon. If a total of 32 campers went rowing that day How many campers went rowing in the afternoon?,146,17,"To solve the problem, we need to find the number of campers who went rowing in the afternoon. We know that a total of 32 campers went rowing that day, and 15 campers went rowing in the morning.

To find the number of campers who went rowing in the afternoon, we need to subtract the number of campers who went rowing in the morning from the total number of campers who went rowing that day.

32 (total campers) - 15 (campers in the morning) = 17

Therefore, 17 campers went rowing in the afternoon.

##### <17>",text,neutral
276,15 campers went rowing in the morning. Some more campers went rowing in the afternoon. If a total of 32 campers went rowing that day How many campers went rowing in the afternoon?,We ordered some pizzas. Each pizza has 2 slices. If there were a total of 28 slices How many pizzas did we order?,17,14,"To solve the problem, we need to find the number of pizzas ordered. We know that each pizza has 2 slices, and there were a total of 28 slices.

1. Divide the total number of slices by the number of slices per pizza:
28 slices / 2 slices per pizza = 14 pizzas

Therefore, the answer is:
##### 14 pizzas",text,neutral
277,We ordered some pizzas. Each pizza has 2 slices. If there were a total of 28 slices How many pizzas did we order?,Paul got a box of 521 crayons and 66 erasers for his birthday. At the end of the school year he only had 154 left while not having lost a single erasers. How many crayons had been lost or given away?,14,367,"To solve this problem, we need to find the number of crayons that were lost or given away. We know that Paul started with 521 crayons and 66 erasers, and at the end of the school year, he had 154 crayons left.

First, let's find the total number of crayons and erasers that Paul had at the end of the school year:

Total crayons and erasers = 154 crayons + 66 erasers
Total crayons and erasers = 220

Next, we need to find the total number of crayons and erasers that Paul had at the beginning of the school year:

Total crayons and erasers = 521 crayons + 66 erasers
Total crayons and erasers = 587

Now, we can find the number of crayons that were lost or given away by subtracting the number of crayons and erasers at the end of the school year from the number at the beginning:

Crayons lost or given",neither,neutral
278,Paul got a box of 521 crayons and 66 erasers for his birthday. At the end of the school year he only had 154 left while not having lost a single erasers. How many crayons had been lost or given away?,41 children were riding on the bus. At the bus stop some children got off the bus. Then there were 18 children left on the bus. How many more children were on the bus before the bus stop than there are now?,367,23,"To solve the problem, we need to find the difference between the number of children on the bus before the bus stop and the number of children left on the bus after the bus stop.

Let's call the number of children on the bus before the bus stop ""x"".

According to the problem, we know that:

x - 41 = 18

To solve for x, we can add 41 to both sides of the equation:

x = 41 + 18

x = 59

So, there were 59 children on the bus before the bus stop.

Now, we can find the difference between the number of children on the bus before the bus stop and the number of children left on the bus after the bus stop:

59 - 18 = 41

Therefore, there were 41 more children on the bus before the bus stop than there are now.

#### <41>",neither,neutral
279,41 children were riding on the bus. At the bus stop some children got off the bus. Then there were 18 children left on the bus. How many more children were on the bus before the bus stop than there are now?,Tiffany was collecting cans for recycling. On monday she had 7 bags of cans. The next day she found 12 more bags worth of cans. How many more bags did she find on the next day than she had on monday?,23,5,"To solve the problem, we need to find the difference between the number of bags Tiffany had on the next day and the number of bags she had on Monday.

On Monday, Tiffany had 7 bags of cans.
The next day, she found 12 more bags worth of cans.

So, the total number of bags Tiffany had on the next day is:
Total bags = Bags on Monday + Bags found on the next day
Total bags = 7 + 12
Total bags = 19

Now, we can find the difference between the total number of bags on the next day and the number of bags she had on Monday:
Difference = Total bags - Bags on Monday
Difference = 19 - 7
Difference = 12

Therefore, Tiffany found 12 more bags on the next day than she had on Monday.
#### <12>",neither,neutral
280,Tiffany was collecting cans for recycling. On monday she had 7 bags of cans. The next day she found 12 more bags worth of cans. How many more bags did she find on the next day than she had on monday?,Edward had $ 18. He spent $ 16. How much money does Edward have now?,5,2,"To solve the problem, we need to subtract the amount spent from the initial amount of money.

Step 1: Identify the initial amount of money.
Initial amount = $18

Step 2: Identify the amount spent.
Amount spent = $16

Step 3: Subtract the amount spent from the initial amount.
Difference = Initial amount - Amount spent
Difference = $18 - $16
Difference = $2

Step 4: Determine the final amount of money.
Final amount = Initial amount - Difference
Final amount = $18 - $2
Final amount = $16

The answer is:
#### <$16>",neither,neutral
281,Edward had $ 18. He spent $ 16. How much money does Edward have now?,Lawrence county has 898051 kids. During summer break 629424 kids go to camp and the rest stay home. How many kids stay home?,2,268627,"To find the number of kids who stay home during summer break, we need to subtract the number of kids who go to camp from the total number of kids in Lawrence county.

Step 1: Identify the total number of kids in Lawrence county.
Total number of kids = 898051

Step 2: Identify the number of kids who go to camp.
Number of kids who go to camp = 629424

Step 3: Subtract the number of kids who go to camp from the total number of kids to find the number of kids who stay home.
Number of kids who stay home = Total number of kids - Number of kids who go to camp
Number of kids who stay home = 898051 - 629424
Number of kids who stay home = 268627

Therefore, the answer is:
#### <268627>",text,neutral
282,Lawrence county has 898051 kids. During summer break 629424 kids go to camp and the rest stay home. How many kids stay home?,There were 16 roses and 3 orchids in the vase. Jessica cut some more roses and orchids from her flower garden. There are now 7 orchids and 13 roses in the vase. How many orchids did she cut?,268627,4,"To solve this problem, we can set up an equation using the information provided in Source B. Let's denote the number of orchids Jessica cut as x.

The initial number of orchids was 3, and after cutting, there are 7 orchids left in the vase. Therefore, the number of orchids Jessica cut is:

x = 3 - 7 = -4

However, it is not possible to cut a negative number of orchids. This indicates that there is an error in the problem statement, and the number of orchids Jessica cut is actually 4.

So, the answer is:

#### <4>",text,neutral
283,There were 16 roses and 3 orchids in the vase. Jessica cut some more roses and orchids from her flower garden. There are now 7 orchids and 13 roses in the vase. How many orchids did she cut?,In a school there are 635 girls and the rest are boys. If there are 510 more boys than girls How many boys are there in that school?,4,1145,"To solve the problem, we need to find the number of boys in the school. We know that there are 635 girls and that there are 510 more boys than girls.

Let's call the number of boys ""x"". We can set up an equation to represent the relationship between the number of boys and girls:

x = 635 + 510

Simplifying the equation, we get:

x = 1145

Therefore, there are 1145 boys in the school.

#### <answer> 1145",text,neutral
284,In a school there are 635 girls and the rest are boys. If there are 510 more boys than girls How many boys are there in that school?,Danny collects bottle caps and wrappers. He found 30 bottle caps and 14 wrappers at the park. Now he has 7 bottle caps and 86 wrappers in his collection. How many more bottle caps than wrappers did danny find at the park?,1145,16,"To solve the problem, we need to find the difference between the number of bottle caps Danny found at the park and the number of wrappers he found.

First, let's find the total number of bottle caps and wrappers Danny found at the park.

Total bottle caps = 30
Total wrappers = 14

Next, let's find the total number of bottle caps and wrappers Danny has in his collection now.

Total bottle caps in collection = 7
Total wrappers in collection = 86

Now, we can find the difference between the total number of bottle caps Danny found at the park and the total number of wrappers he found at the park.

Difference = Total bottle caps - Total wrappers
Difference = 30 - 14
Difference = 16

Therefore, Danny found 16 more bottle caps than wrappers at the park.

#### <16>",text,neutral
285,Danny collects bottle caps and wrappers. He found 30 bottle caps and 14 wrappers at the park. Now he has 7 bottle caps and 86 wrappers in his collection. How many more bottle caps than wrappers did danny find at the park?,There were 174 parents in the program and 521 pupils too. How many more pupils were present compared to parents in the program?,16,347,"To find the difference between the number of pupils and the number of parents in the program, we need to subtract the number of parents from the number of pupils.

521 pupils - 174 parents = 347 pupils

Therefore, there were 347 more pupils present compared to parents in the program.

##### <347>",text,neutral
286,There were 174 parents in the program and 521 pupils too. How many more pupils were present compared to parents in the program?,Matthew gave 6 crackers to each his friends. If he had 36 crackers How many friends did he give crackers to?,347,6,"To solve the problem, we need to find out how many friends Matthew gave crackers to. We know that he gave 6 crackers to each friend.

First, we need to find out how many crackers he gave in total. We can do this by multiplying the number of friends by the number of crackers each friend received:

Total crackers given = Number of friends * Crackers per friend

We are given that Matthew had 36 crackers. We can set up the equation as follows:

36 = Number of friends * 6

Now, we need to solve for the number of friends. To do this, we can divide both sides of the equation by 6:

Number of friends = 36 / 6

Number of friends = 6

Therefore, Matthew gave crackers to 6 friends.

#### <answer>",text,neutral
287,Matthew gave 6 crackers to each his friends. If he had 36 crackers How many friends did he give crackers to?,There are 20 different books in the ' crazy silly school ' series. If you are yet to read 5 of the books How many books have you already read?,6,15,"To solve the problem, we need to find out how many books the person has already read. We know that there are 20 different books in the series, and the person has not read 5 of them. Therefore, the number of books the person has already read is:

20 (total number of books) - 5 (books not read) = 15

So, the person has already read 15 books from the ' crazy silly school ' series.

##### <15>",text,neutral
288,There are 20 different books in the ' crazy silly school ' series. If you are yet to read 5 of the books How many books have you already read?,"The grasshopper, the frog and the mouse had a jumping contest. The grasshopper jumped 24 inches. The frog jumped 33 inches farther than the grasshopper and the mouse jumped 5 inches lesser than the frog. How much farther did the mouse jump than the grasshopper?",15,28,"To solve this problem, we need to find the difference in distance between the mouse and the grasshopper.

First, let's find the distance the frog jumped. The frog jumped 33 inches farther than the grasshopper, so the frog jumped a total of 24 + 33 = 57 inches.

Next, we need to find the distance the mouse jumped. The mouse jumped 5 inches lesser than the frog, so the mouse jumped a total of 57 - 5 = 52 inches.

Finally, we need to find the difference in distance between the mouse and the grasshopper. The difference is 52 - 24 = 28 inches.

Therefore, the mouse jumped 28 inches farther than the grasshopper.

#### <answer> 28 inches",text,neutral
289,"The grasshopper, the frog and the mouse had a jumping contest. The grasshopper jumped 24 inches. The frog jumped 33 inches farther than the grasshopper and the mouse jumped 5 inches lesser than the frog. How much farther did the mouse jump than the grasshopper?",Haley grew 13 trees in her backyard. After a typhoon 6 died. How many more trees survived the typhoon than those that died?,28,1,"To solve the problem, we need to find the difference between the number of trees that survived the typhoon and the number of trees that died.

1. The total number of trees Haley grew is 13.
2. After the typhoon, 6 trees died.
3. To find the number of trees that survived the typhoon, we subtract the number of dead trees from the total number of trees:

13 (total trees) - 6 (dead trees) = 7 (surviving trees)

Therefore, 7 more trees survived the typhoon than those that died.

#### <answer>",neither,neutral
290,Haley grew 13 trees in her backyard. After a typhoon 6 died. How many more trees survived the typhoon than those that died?,There are 8 different books and 10 different movies in the ' crazy silly school ' series. If you read 19 of the books and watched 61 of the movies How many more movies than books are there in the ' crazy silly school ' series?,1,2,"To solve the problem, we need to find the difference between the number of movies and the number of books in the ' crazy silly school ' series.

Step 1: Count the number of books and movies in the ' crazy silly school ' series.
From Source A, we can see that there are 8 different books and 10 different movies.

Step 2: Find the total number of books and movies.
The total number of books and movies is the sum of the number of books and the number of movies.
Total number of books and movies = 8 (books) + 10 (movies) = 18

Step 3: Find the number of books and movies that have been read and watched.
From Source B, we know that 19 books and 61 movies have been read and watched.

Step 4: Find the difference between the total number of books and movies and the number of books and movies that have been read and watched.
Difference = Total number of books and movies - Number of books and movies read and watched
Difference = 18 (total) - 19 (read and watched) = -1

Since the difference",neither,neutral
291,There are 8 different books and 10 different movies in the ' crazy silly school ' series. If you read 19 of the books and watched 61 of the movies How many more movies than books are there in the ' crazy silly school ' series?,Faye was placing her pencils into rows with 22 pencils in each row. She had 6 packs of pencils each one having 14 pencils. How many pencils does she have?,2,84,"To solve the problem, we need to find the total number of pencils Faye has. We know that she has 6 packs of pencils, and each pack contains 14 pencils.

First, let's calculate the total number of pencils in one pack:
14 pencils/pack

Next, let's multiply this by the number of packs Faye has:
14 pencils/pack * 6 packs = 84 pencils

So, Faye has a total of 84 pencils.

#### <84>",text,neutral
292,Faye was placing her pencils into rows with 22 pencils in each row. She had 6 packs of pencils each one having 14 pencils. How many pencils does she have?,White t - shirts can be purchased in packages. If mom buys 66 white t - shirts where each package has 3 white t - shirts. How many packages will she have?,84,22,"To solve the problem, we need to find out how many packages of white t-shirts mom will buy.

According to the information given in Source B, each package contains 3 white t-shirts. Therefore, to find out how many packages mom will buy, we need to divide the total number of white t-shirts she wants to buy by the number of white t-shirts in each package.

Total number of white t-shirts = 66
Number of white t-shirts in each package = 3

Packages = Total number of white t-shirts / Number of white t-shirts in each package
Packages = 66 / 3
Packages = 22

Therefore, mom will have to buy 22 packages of white t-shirts.

##### <22>",text,neutral
293,White t - shirts can be purchased in packages. If mom buys 66 white t - shirts where each package has 3 white t - shirts. How many packages will she have?,Mary is baking a cake. The recipe calls for 5 cups of sugar and 13 cups of flour. She already put in some cups of flour. If she still needs 12 more cups of flour How many cups of flour did she put in?,22,1,"To solve the problem, we need to find out how many cups of flour Mary has already put in. We know that she still needs 12 more cups of flour.

Let's call the number of cups of flour Mary has already put in ""x"".

According to the recipe, Mary needs a total of 5 cups of sugar and 13 cups of flour. So, the total amount of flour she needs is:

13 cups of flour + 5 cups of sugar = 18 cups of flour

Since Mary has already put in some cups of flour, we can set up the following equation:

x + 12 = 18

To solve for x, we need to isolate it on one side of the equation. We can do this by subtracting 12 from both sides of the equation:

x = 18 - 12

x = 6

Therefore, Mary has already put in 6 cups of flour.

#### <answer>",neither,neutral
294,Mary is baking a cake. The recipe calls for 5 cups of sugar and 13 cups of flour. She already put in some cups of flour. If she still needs 12 more cups of flour How many cups of flour did she put in?,"7 red peaches, 15 yellow peaches and 8 green peaches are in the basket. How many peaches are in the basket?",1,30,"To solve the problem, we need to add the number of peaches from each type:

7 red peaches + 15 yellow peaches + 8 green peaches = 20 + 15 + 8 = 43

Therefore, there are 43 peaches in the basket.

##### <43>",neither,neutral
295,"7 red peaches, 15 yellow peaches and 8 green peaches are in the basket. How many peaches are in the basket?",Jack received 3 emails and 64 letters in the morning. He then received 5 emails and 54 letters in the afternoon. How many emails did jack receive in the day?,30,8,"To solve the problem, we need to add the number of emails and letters Jack received in the morning and afternoon.

In the morning, Jack received 3 emails and 64 letters, so he received a total of 3 + 64 = 67 emails and letters.

In the afternoon, Jack received 5 emails and 54 letters, so he received a total of 5 + 54 = 59 emails and letters.

To find the total number of emails and letters Jack received in the day, we add the number of emails and letters he received in the morning and afternoon:

67 (morning) + 59 (afternoon) = 126

Therefore, Jack received a total of 126 emails and letters in the day.

##### <126>",neither,neutral
296,Jack received 3 emails and 64 letters in the morning. He then received 5 emails and 54 letters in the afternoon. How many emails did jack receive in the day?,Ed had 2 more marbles than Doug. Doug lost some of his marbles at the playground. Now Ed has 19 more marbles than doug. How many marbles did Doug lose?,8,17,"To solve this problem, we can set up an equation using the information provided in Source B. Let's denote the number of marbles Doug initially had as x.

According to the problem, Ed had 2 more marbles than Doug, so Ed initially had x + 2 marbles. After Doug lost some marbles at the playground, Ed had 19 more marbles than Doug, so we can write:

(x + 2) - (x - marbles lost) = x + 19

Simplifying the equation, we get:

2 + marbles lost = 19

Subtracting 2 from both sides, we have:

marbles lost = 17

So, Doug lost 17 marbles.

#### <17>",text,neutral
297,Ed had 2 more marbles than Doug. Doug lost some of his marbles at the playground. Now Ed has 19 more marbles than doug. How many marbles did Doug lose?,Dan has $ 3 left with him after he bought a candy bar for $ 2. How much money did he have initially?,17,5,"To solve the problem, we need to find out how much money Dan initially had before he bought the candy bar. We know that he had $ 3 left after buying the candy bar for $ 2.

Let's denote the initial amount of money Dan had as x.

According to the problem, after buying the candy bar for $ 2, Dan had $ 3 left. This means that:

x - $ 2 = $ 3

Now, we can solve for x by adding $ 2 to both sides of the equation:

x = $ 3 + $ 2
x = $ 5

So, Dan initially had $ 5 with him before he bought the candy bar.

#### <$ 5>",text,neutral
298,Dan has $ 3 left with him after he bought a candy bar for $ 2. How much money did he have initially?,Jake has 13 fewer peaches and 3 more apples than Steven. Steven has 9 peaches and 8 apples. How many apples does Jake have?,5,11,"To solve this problem, we need to find the number of apples Jake has. We know that Jake has 13 fewer peaches than Steven and 3 more apples than Steven.

Let's start by finding the number of peaches Jake has. Since Steven has 9 peaches, we can subtract 13 from that number to find the number of peaches Jake has:

9 (peaches Steven has) - 13 (fewer peaches Jake has) = 4

So, Jake has 4 peaches.

Now, we need to find the number of apples Jake has. We know that Steven has 8 apples, and we know that Jake has 3 more apples than Steven. So, we can add 3 to the number of apples Steven has to find the number of apples Jake has:

8 (apples Steven has) + 3 (more apples Jake has) = 11

Therefore, Jake has 11 apples.

#### <answer>",text,neutral
299,Jake has 13 fewer peaches and 3 more apples than Steven. Steven has 9 peaches and 8 apples. How many apples does Jake have?,Winter is almost here and most animals are migrating to warmer countries. There are 41 bird families living near the mountain. If 35 bird families flew away to asia and 62 bird families flew away to africa How many more bird families flew away to africa than those that flew away to asia?,11,27,"To solve the problem, we need to find the difference between the number of bird families that flew away to Africa and the number that flew away to Asia.

From Source A, we know that there are 41 bird families living near the mountain. If 35 bird families flew away to Asia and 62 bird families flew away to Africa, then the number of bird families that flew away to Africa is 62.

To find the difference between the number of bird families that flew away to Africa and the number that flew away to Asia, we subtract the number of bird families that flew away to Asia from the number of bird families that flew away to Africa:

62 (bird families that flew away to Africa) - 35 (bird families that flew away to Asia) = 27

Therefore, 27 more bird families flew away to Africa than those that flew away to Asia.

#### <27>",text,neutral
