problem_id,image_question,text_question,image_reference,text_reference,prediction,follows,prompt_role
0,Winter is almost here and most animals are migrating to warmer countries. There are 41 bird families living near the mountain. If 35 bird families flew away to asia and 62 bird families flew away to africa How many more bird families flew away to africa than those that flew away to asia?,Paige raised 7 goldfish and 12 catfish in the pond but stray cats loved eating them. Now she has 15 left. How many fishes disappeared?,27,4,"Paige initially had 7 goldfish and 12 catfish, which totals 19 fish. After some fish disappeared, she was left with 15 fish. To find out how many fish disappeared, we subtract the number of fish she has left from the initial number of fish.

So, the number of fish that disappeared is 19 (initial number of fish) - 15 (number of fish left) = 4 fish.

Therefore, 4 fish disappeared.",text,neutral
1,Paige raised 7 goldfish and 12 catfish in the pond but stray cats loved eating them. Now she has 15 left. How many fishes disappeared?,Marco and his dad went strawberry picking. Together they collected strawberries that weighed 22 pounds. On the way back Marco ' dad found 30 more pounds of strawberries. Marco's strawberries now weighed 36 pounds. How much did his dad's strawberries weigh now?,4,16,"Marco and his dad collected strawberries that weighed 22 pounds. On the way back, Marco's dad found 30 more pounds of strawberries. So, the total weight of strawberries they collected is 22 + 30 = 52 pounds. Marco's strawberries now weigh 36 pounds. To find out how much his dad's strawberries weigh now, we need to subtract the weight of Marco's strawberries from the total weight of strawberries they collected. Therefore, his dad's strawberries weigh 52 - 36 = 16 pounds now. So, the answer is 16 pounds.",text,neutral
2,Marco and his dad went strawberry picking. Together they collected strawberries that weighed 22 pounds. On the way back Marco ' dad found 30 more pounds of strawberries. Marco's strawberries now weighed 36 pounds. How much did his dad's strawberries weigh now?,Debby bought 200 water bottles and 256 soda bottles when they were on sale. If she drank 312 water bottles and 4 soda bottles a day How many days would the soda bottles last?,16,64,"Debby bought 256 soda bottles. She drinks 4 soda bottles a day. To find out how many days the soda bottles would last, we need to divide the total number of soda bottles by the number of soda bottles she drinks per day.

256 ÷ 4 = 64

So, the soda bottles would last 64 days. 

Therefore, the answer is 64 days.",text,neutral
3,Debby bought 200 water bottles and 256 soda bottles when they were on sale. If she drank 312 water bottles and 4 soda bottles a day How many days would the soda bottles last?,There were 106 dollars in Olivia's wallet. After she visited a supermarket and a showroom there were 26 dollars left. If she spent 49 dollars at the showroom How much did she spend at the supermarket?,64,31,"Step 1: Find how much money Olivia spent at the supermarket.
Step 2: Subtract the amount spent at the supermarket from the initial amount of money.
Step 3: Divide the remaining amount of money by the amount spent at the showroom.
Step 4: Multiply the result from Step 3 by the amount spent at the supermarket.
Step 5: Subtract the result from Step 4 from the amount spent at the supermarket.
Step 6: Add the result from Step 5 to the amount spent at the showroom.
Step 7: Subtract the result from Step 7 from the amount spent at the supermarket.
Step 8: Divide the result from Step 8 by the amount spent at the supermarket.
Step 9: Multiply the result from Step 9 by the amount spent at the supermarket.
Step 10: Subtract the result from Step 10 from the amount spent at the supermarket.
Step 11: Add the result from Step 11 to the amount spent at the supermarket.
Step 12: Subtract the result from Step 12 from the amount spent at the supermarket.
Step 13: Divide the result from Step 13 by the amount spent at the supermarket.
Step 14: Multiply the result",neither,neutral
4,There were 106 dollars in Olivia's wallet. After she visited a supermarket and a showroom there were 26 dollars left. If she spent 49 dollars at the showroom How much did she spend at the supermarket?,Faye was placing her pencils and crayons into 30 rows with 71 crayons and 24 pencils in each row. How many pencils does she have?,31,720,"To find the total number of pencils, we need to multiply the number of rows by the number of pencils in each row.

Number of rows = 30
Number of pencils in each row = 24

Total number of pencils = Number of rows × Number of pencils in each row
= 30 × 24
= 720

Therefore, Faye has 720 pencils. 

#### 720",text,neutral
5,Faye was placing her pencils and crayons into 30 rows with 71 crayons and 24 pencils in each row. How many pencils does she have?,Ed had 10 more marbles than Doug. Doug lost 11 of his marbles at the playground. If Ed had 45 marbles How many more marbles did Ed have than Doug then?,720,21,"Step 1: Find how many marbles Doug had.
If Doug lost 11 marbles and Ed had 10 more marbles than Doug, then Doug had 10 + 11 = 21 marbles.
Step 2: Find how many marbles Ed had.
If Ed had 45 marbles, then Ed had 45 - 10 = 35 marbles.
Step 3: Find how many more marbles Ed had than Doug.
If Ed had 35 marbles and Doug had 21 marbles, then Ed had 35 - 21 = 14 more marbles than Doug.
So, the answer is 14.",neither,neutral
6,Ed had 10 more marbles than Doug. Doug lost 11 of his marbles at the playground. If Ed had 45 marbles How many more marbles did Ed have than Doug then?,26 children were riding on the bus. At the bus stop 38 more children got on the bus. How many children are on the bus now?,21,64,"26 + 38 = 64
64 children are on the bus now.
#### 64",text,neutral
7,26 children were riding on the bus. At the bus stop 38 more children got on the bus. How many children are on the bus now?,Helen the hippo and her friends are preparing for thanksgiving at Helen's house. Helen baked 31 cookies yesterday 270 cookies this morning and 419 cookies the day before yesterday. How many cookies did Helen bake till last night?,64,450,"31 + 270 + 419 = 720 cookies
Helen baked 720 cookies till last night.
#### 720",neither,neutral
8,Helen the hippo and her friends are preparing for thanksgiving at Helen's house. Helen baked 31 cookies yesterday 270 cookies this morning and 419 cookies the day before yesterday. How many cookies did Helen bake till last night?,He then went to see the oranges being harvested. He found out that they harvest 66 sacks per day and that each sack containes 25 oranges. How many oranges will they have after 87 days of harvest?,450,143550,"To find out how many oranges will be harvested after 87 days, we need to calculate the total number of sacks harvested and then multiply that by the number of oranges per sack.

1. Calculate the total number of sacks harvested:
   \[
   \text{Total sacks} = \text{Sacks per day} \times \text{Number of days}
   \]
   \[
   \text{Total sacks} = 66 \times 87
   \]
   \[
   \text{Total sacks} = 5802
   \]

2. Calculate the total number of oranges:
   \[
   \text{Total oranges} = \text{Total sacks} \times \text{Oranges per sack}
   \]
   \[
   \text{Total oranges} = 5802 \times 25
   \]
   \[
   \text{Total oranges} = 145050
   \]

Therefore, after 87 days of harvest, they will have 145,050 oranges.",neither,neutral
9,He then went to see the oranges being harvested. He found out that they harvest 66 sacks per day and that each sack containes 25 oranges. How many oranges will they have after 87 days of harvest?,An industrial machine made 9 shirts yesterday and 44 shirts today. It can make 3 shirts a minute. How many minutes did the machine work yesterday?,143550,3,"The machine made 9 shirts yesterday. It can make 3 shirts a minute. To find out how many minutes the machine worked yesterday, we need to divide the total number of shirts made yesterday by the number of shirts it can make per minute.

9 shirts ÷ 3 shirts/minute = 3 minutes

So, the machine worked for 3 minutes yesterday. Therefore, the answer is 3 minutes.",text,neutral
10,An industrial machine made 9 shirts yesterday and 44 shirts today. It can make 3 shirts a minute. How many minutes did the machine work yesterday?,Bryan took a look at his books and magazines. If he has 9 books and 46 magazines in each of his 10 bookshelves How many magazines does he have in total?,3,460,"Bryan has 9 books and 46 magazines in each of his 10 bookshelves. To find the total number of magazines, we need to multiply the number of magazines in each bookshelf by the number of bookshelves. So, 46 magazines/bookshelf × 10 bookshelves = 460 magazines. Therefore, Bryan has 460 magazines in total. The answer is: 460",text,neutral
11,Bryan took a look at his books and magazines. If he has 9 books and 46 magazines in each of his 10 bookshelves How many magazines does he have in total?,Dave had 17 apps on his phone. After adding some he had 18 left. How many apps did he add?,460,1,"Find the number of apps Dave added. Subtract 17 from 18.
18 - 17 = 1
Dave added 1 app.",text,neutral
12,Dave had 17 apps on his phone. After adding some he had 18 left. How many apps did he add?,Dan has $ 4. He bought a candy bar for $ 7 and a chocolate for $ 6. How much money did he spend buying the candy bar and chocolate?,1,13,"Add the price of a candy bar and the price of a chocolate
$ 7 + $ 6 = $ 13
Dan spent $ 13.",text,neutral
13,Dan has $ 4. He bought a candy bar for $ 7 and a chocolate for $ 6. How much money did he spend buying the candy bar and chocolate?,The bananas in Philip's collection are organized into 196 groups. If there are a total of 392 bananas in Philip's banana collection How big is each group?,13,2,"To find the size of each group in Philip's banana collection, we need to divide the total number of bananas by the number of groups. This can be represented by the equation:

\[ \text{Size of each group} = \frac{\text{Total number of bananas}}{\text{Number of groups}} \]

Substituting the given values:

\[ \text{Size of each group} = \frac{392}{196} \]

To simplify the fraction, we can divide both the numerator and the denominator by their greatest common divisor, which is 4:

\[ \text{Size of each group} = \frac{392 \div 4}{196 \div 4} = \frac{98}{49} \]

This fraction can be further simplified by dividing both the numerator and the denominator by their greatest common divisor, which is 7:

\[ \text{Size of each group} = \frac{98 \div 7}{49 \div 7} = \frac{14}{7} \]

\[ \text{Size of each group} = 2 \]

Therefore, each group in Philip's banana collection contains 2 bananas.",text,neutral
14,The bananas in Philip's collection are organized into 196 groups. If there are a total of 392 bananas in Philip's banana collection How big is each group?,The cave is 1218 feet deep and they are already at 849 feet. If they are travelling at speed of 17 How much farther until they reach the end of the cave?,2,369,"The cave is 1218 feet deep and they are already at 849 feet. To find out how much farther they have to travel, we need to subtract the current depth from the total depth.

1218 feet (total depth) - 849 feet (current depth) = 369 feet

So, they have 369 feet more to travel until they reach the end of the cave.

#### 369",text,neutral
15,The cave is 1218 feet deep and they are already at 849 feet. If they are travelling at speed of 17 How much farther until they reach the end of the cave?,The Ferris wheel in paradise park has 4 seats. If 20 people can ride the wheel at the same time How many people can each seat hold?,369,5,"20 / 4 = 5
Each seat holds 5 people.
#### 5",text,neutral
16,The Ferris wheel in paradise park has 4 seats. If 20 people can ride the wheel at the same time How many people can each seat hold?,A farmer had 177 tomatoes and 12 potatoes in his garden. If he picked 53 tomatoes How many tomatoes and potatoes does he have left?,5,136,"The farmer had 177 tomatoes and 12 potatoes.
He picked 53 tomatoes, so he has 177 - 53 = 124 tomatoes left.
He also has 12 potatoes.
So, he has 124 + 12 = 136 tomatoes and potatoes left.
#### 136",text,neutral
17,A farmer had 177 tomatoes and 12 potatoes in his garden. If he picked 53 tomatoes How many tomatoes and potatoes does he have left?,Danny collects bottle caps. He lost 66 bottle caps at the park. Now he has 25 bottle caps in his collection. How many bottle caps did danny have at first?,136,91,"Now he has 25 bottle caps in his collection. He lost 66 bottle caps at the park. So he had 25 + 66 = 91 bottle caps at first. Danny had 91 bottle caps at first. 91 + 66 = 157
#### 157",neither,neutral
18,Danny collects bottle caps. He lost 66 bottle caps at the park. Now he has 25 bottle caps in his collection. How many bottle caps did danny have at first?,"Jack received 4 emails in the morning, 5 emails in the afternoon and 8 emails in the evening. How many emails did Jack receive in the afternoon and evening?",91,13,"Jack received 4 emails in the morning, 5 emails in the afternoon, and 8 emails in the evening. To find out how many emails he received in the afternoon and evening, we need to add the number of emails he received in the afternoon and the number of emails he received in the evening.

Number of emails in the afternoon = 5
Number of emails in the evening = 8

Total number of emails in the afternoon and evening = 5 + 8 = 13

Therefore, Jack received 13 emails in the afternoon and evening.",text,neutral
19,"Jack received 4 emails in the morning, 5 emails in the afternoon and 8 emails in the evening. How many emails did Jack receive in the afternoon and evening?",Paco had 22 sweet cookies and 75 salty cookies. He ate 15 sweet cookies and 54 salty cookies. How many sweet cookies did Paco have left?,13,7,"Paco had 22 sweet cookies and ate 15, so he has 22 - 15 = 7 sweet cookies left.
Paco had 75 salty cookies and ate 54, so he has 75 - 54 = 21 salty cookies left.
In total, Paco has 7 sweet cookies + 21 salty cookies = 28 cookies left.
#### 28",neither,neutral
20,Paco had 22 sweet cookies and 75 salty cookies. He ate 15 sweet cookies and 54 salty cookies. How many sweet cookies did Paco have left?,The ring toss game at the carnival made the same amount of money each day. In total in 5 days they earned 165 dollars. How much did they make per day?,7,33,"To find out how much money the ring toss game made per day, we need to divide the total amount of money earned by the number of days.

1. Total amount of money earned: $165
2. Number of days: 5

Now, we divide the total amount by the number of days:

$165 ÷ 5 = $33

So, the ring toss game made $33 per day.

#### $33",text,neutral
21,The ring toss game at the carnival made the same amount of money each day. In total in 5 days they earned 165 dollars. How much did they make per day?,Dave had 24 files and 13 apps on his phone. After deleting some apps and files he had 17 apps and 21 files left. How many files did he delete?,33,3,"Dave had 24 files and 13 apps on his phone. After deleting some apps and files he had 17 apps and 21 files left. How many files did he delete?
24 - 21 = 3
Dave deleted 3 files.
#### 3",text,neutral
22,Dave had 24 files and 13 apps on his phone. After deleting some apps and files he had 17 apps and 21 files left. How many files did he delete?,In a school there are 569 girls and 236 boys. How many more girls than boys does the school have?,3,333,"569 - 236 = 333
The school has 333 more girls than boys.",text,neutral
23,In a school there are 569 girls and 236 boys. How many more girls than boys does the school have?,Rebecca wants to split a collection of eggs into groups of 11. If each group has 2 eggs How many eggs does Rebecca have?,333,22,"Rebecca wants to split a collection of eggs into groups of 11. If each group has 2 eggs, we can find the total number of eggs by multiplying the number of groups by the number of eggs in each group. Let's denote the total number of eggs as E. We have the equation E = 11 * 2. Solving this, E = 22. Therefore, Rebecca has 22 eggs.  Therefore, the answer is 22.",text,neutral
24,Rebecca wants to split a collection of eggs into groups of 11. If each group has 2 eggs How many eggs does Rebecca have?,Mary is baking a cake. The recipe calls for 7 cups of sugar and 10 cups of flour. She already put in 4 cups of sugar. How many more cups of sugar does she need to add?,22,3,"7 - 4 = 3
She needs 3 more cups of sugar.",text,neutral
25,Mary is baking a cake. The recipe calls for 7 cups of sugar and 10 cups of flour. She already put in 4 cups of sugar. How many more cups of sugar does she need to add?,Dave had 21 apps on his phone. He added 89 new apps. After deleting some he had 24 left. How many more apps did he add than he deleted?,3,3,"Dave had 21 apps on his phone. He added 89 new apps. So, he had 21 + 89 = 110 apps in total. After deleting some, he had 24 left. So, he deleted 110 - 24 = 86 apps. To find out how many more apps he added than he deleted, we subtract the number of deleted apps from the number of added apps: 89 - 86 = 3. Therefore, Dave added 3 more apps than he deleted.",ambiguous,neutral
26,Dave had 21 apps on his phone. He added 89 new apps. After deleting some he had 24 left. How many more apps did he add than he deleted?,During summer break 202958 kids from Lawrence county go to camp and the other 777622 kids stay home. How many more kids stayed home compared to those who went to the camp?,3,574664,"To find out how many more kids stayed home compared to those who went to the camp, we need to subtract the number of kids who went to camp from the number of kids who stayed home.

Number of kids who stayed home = 777,622
Number of kids who went to camp = 202,958

Now, subtract the number of kids who went to camp from the number of kids who stayed home:

777,622 - 202,958 = 574,664

So, 574,664 more kids stayed home compared to those who went to the camp.

#### 574664",text,neutral
27,During summer break 202958 kids from Lawrence county go to camp and the other 777622 kids stay home. How many more kids stayed home compared to those who went to the camp?,The grasshopper and the frog had a jumping contest. The grasshopper jumped 13 inches. The grasshopper jumped 2 inches farther than the grasshopper. How far did the frog jump?,574664,11,"The grasshopper jumped 13 inches. The grasshopper jumped 2 inches farther than the frog. So, the frog jumped 13 - 2 = 11 inches. Therefore, the frog jumped 11 inches. <ANSWER>",text,neutral
28,The grasshopper and the frog had a jumping contest. The grasshopper jumped 13 inches. The grasshopper jumped 2 inches farther than the grasshopper. How far did the frog jump?,Allan brought 3 balloons and 20 balls while Jake brought 5 balloons and 59 balls to the park. How many balloons did Allan and Jake have in the park?,11,8,"Add the balloons. 3 + 5 = 8
Add the balls. 20 + 59 = 79
Allan and Jake had 8 balloons and 79 balls in the park.",neither,neutral
29,Allan brought 3 balloons and 20 balls while Jake brought 5 balloons and 59 balls to the park. How many balloons did Allan and Jake have in the park?,He then went to see the oranges being harvested. He found out that they harvest 8 sacks per day. How many days will it take to harvest 24 sacks of oranges?,8,3,"To find out how many days it will take to harvest 24 sacks of oranges, we need to divide the total number of sacks by the number of sacks harvested per day.

24 sacks ÷ 8 sacks/day = 3 days

So, it will take 3 days to harvest 24 sacks of oranges.

#### 3",text,neutral
30,He then went to see the oranges being harvested. He found out that they harvest 8 sacks per day. How many days will it take to harvest 24 sacks of oranges?,Every day Ryan spends 6 hours on learning english and 5 hours on learning chinese. If he learns for 2 days How many hours does he spend on learning english in all?,3,12,"6 × 2 = 12
Ryan spends 12 hours on learning english in all.
#### 12",text,neutral
31,Every day Ryan spends 6 hours on learning english and 5 hours on learning chinese. If he learns for 2 days How many hours does he spend on learning english in all?,Baker made 144 cakes. He sold 71 of them. Then he made 111 more cakes. How many more cakes did baker make than those he sold?,12,184,"Baker made 144 cakes. He sold 71 of them. So, he has 144 - 71 = 73 cakes left. Then he made 111 more cakes. So, he has 73 + 111 = 184 cakes in total. Therefore, baker made 184 - 71 = 113 more cakes than those he sold. Therefore, the answer is 113.",neither,neutral
32,Baker made 144 cakes. He sold 71 of them. Then he made 111 more cakes. How many more cakes did baker make than those he sold?,There were 12 people on the bus. At the next stop 4 more people got on the bus. Each bus can not have more than 36 people. How many people are there on the bus now?,184,16,"12 + 4 = 16 16 is less than 36, so the bus is not overloaded. There are 16 people on the bus now.",text,neutral
33,There were 12 people on the bus. At the next stop 4 more people got on the bus. Each bus can not have more than 36 people. How many people are there on the bus now?,Allan brought 5 balloons and Jake brought 6 balloons to the park. Jake then bought 3 more balloons at the park. How many balloons did Jake bring to the park?,16,9,"Add the balloons Jake brought to the balloons he bought at the park.
6 + 3 = 9
Jake brought 9 balloons to the park.",text,neutral
34,Allan brought 5 balloons and Jake brought 6 balloons to the park. Jake then bought 3 more balloons at the park. How many balloons did Jake bring to the park?,An industrial machine worked for 5 minutes. It can make 4 shirts a minute. How many shirts did machine make?,9,20,"4 × 5 = 20
The machine made 20 shirts.
#### 20",text,neutral
35,An industrial machine worked for 5 minutes. It can make 4 shirts a minute. How many shirts did machine make?,Paco had 9 sweet cookies and 6 salty cookies. He ate 36 sweet cookies and 3 salty cookies. How many salty cookies did Paco have left?,20,3,Paco had 6 salty cookies. He ate 3 salty cookies. Paco had 6 - 3 = 3 salty cookies left.,text,neutral
36,Paco had 9 sweet cookies and 6 salty cookies. He ate 36 sweet cookies and 3 salty cookies. How many salty cookies did Paco have left?,A book has 3 chapters. The first chapter is 66 pages long the second chapter is 35 pages long and the third chapter is 24 pages long. How many pages does the book have altogether?,3,125,"66 + 35 + 24 = 125
The book has 125 pages.",text,neutral
37,A book has 3 chapters. The first chapter is 66 pages long the second chapter is 35 pages long and the third chapter is 24 pages long. How many pages does the book have altogether?,Some children were riding on the bus. At the bus stop 2 more children got on the bus. Then there were 41 children altogether on the bus. How many children were riding on the bus before the bus stop?,125,39,"Let x be the number of children on the bus before the bus stop. Then 2 + x = 41. x = 41 - 2 = 39. Therefore, there were 39 children on the bus before the bus stop. 39 children were on the bus before the bus stop.",text,neutral
38,Some children were riding on the bus. At the bus stop 2 more children got on the bus. Then there were 41 children altogether on the bus. How many children were riding on the bus before the bus stop?,Rebecca wants to split a collection of eggs into 3 groups. Rebecca has 4 marbles and 15 eggs. How many eggs will each group have?,39,5,"Rebecca wants to split a collection of eggs into 3 groups. Rebecca has 4 marbles and 15 eggs. How many eggs will each group have?
First, we need to find out how many eggs each group will have if there were no marbles. We can do this by dividing the total number of eggs by the number of groups.
15 eggs ÷ 3 groups = 5 eggs per group
However, Rebecca has 4 marbles, which means she can use them to help distribute the eggs more evenly. We can do this by dividing the number of marbles by the number of groups.
4 marbles ÷ 3 groups = 1.333... marbles per group
Since we can't have a fraction of a marble, we need to round down to the nearest whole number. This means each group will have 1 marble.
Now we need to subtract the number of marbles from the total number of eggs to find out how many eggs are left to distribute.
15 eggs - 4 marbles = 11 eggs
Finally, we can divide the remaining number of eggs by the number of groups to find out how many eggs each group will have.
11 eggs ÷ 3 groups =",neither,neutral
39,Rebecca wants to split a collection of eggs into 3 groups. Rebecca has 4 marbles and 15 eggs. How many eggs will each group have?,After finding some bottle caps at the park danny has 32 bottle caps in his collection. If he had 25 bottle caps in his collection earlier How many bottle caps did he find at the park?,5,7,"Danny has 32 bottle caps in his collection now. If he had 25 bottle caps earlier, we need to find out how many bottle caps he found at the park. We can do this by subtracting the number of bottle caps he had earlier from the number of bottle caps he has now. So, 32 - 25 = 7. Danny found 7 bottle caps at the park. Therefore, the answer is 7.",text,neutral
40,After finding some bottle caps at the park danny has 32 bottle caps in his collection. If he had 25 bottle caps in his collection earlier How many bottle caps did he find at the park?,"Julia played tag with 15 kids on monday, 18 kids on tuesday and 97 kids on wednesday. How many kids did she play with on monday and tuesday?",7,33,"15 + 18 = 33
33 kids played with on monday and tuesday.
#### 33",text,neutral
41,"Julia played tag with 15 kids on monday, 18 kids on tuesday and 97 kids on wednesday. How many kids did she play with on monday and tuesday?",In Haley's class some boys love to play marbles. If Haley has 10 marbles and she gave 5 marbles to each boy How many boys did she give the marbles to?,33,2,"10 ÷ 5 = 2
Haley gave the marbles to 2 boys.
#### 2",text,neutral
42,In Haley's class some boys love to play marbles. If Haley has 10 marbles and she gave 5 marbles to each boy How many boys did she give the marbles to?,After resting they decided to go for a swim. If the depth of the water is 10 times Dean's height and he stands at 9 feet How much deeper is the water than Dean's height?,2,81,"10 * 9 = 90 feet
90 - 9 = 81 feet
The answer is 81 feet",text,neutral
43,After resting they decided to go for a swim. If the depth of the water is 10 times Dean's height and he stands at 9 feet How much deeper is the water than Dean's height?,A book has 3 chapters. The first chapter is 91 pages long the second chapter is 23 pages long and the third chapter is 25 pages long. How many more pages does the first chapter have than the second chapter?,81,68,"The first chapter has 91 pages, the second chapter has 23 pages, and the third chapter has 25 pages. To find out how many more pages the first chapter has than the second chapter, we need to subtract the number of pages in the second chapter from the number of pages in the first chapter. So, 91 - 23 = 68. The first chapter has 68 more pages than the second chapter. Therefore, the answer is 68.",text,neutral
44,A book has 3 chapters. The first chapter is 91 pages long the second chapter is 23 pages long and the third chapter is 25 pages long. How many more pages does the first chapter have than the second chapter?,"After eating a hearty meal they went to see the Buckingham palace. There, Rachel learned that 317 visitors came to the Buckingham palace that day. If there were 295 visitors the previous day How many more visitors visited the Buckingham palace on that day than on the previous day?",68,22,"To find out how many more visitors visited the Buckingham palace on that day than on the previous day, we need to subtract the number of visitors from the previous day from the number of visitors on that day.

Number of visitors on that day = 317
Number of visitors the previous day = 295

Now, we subtract the number of visitors from the previous day from the number of visitors on that day:

317 - 295 = 22

So, 22 more visitors visited the Buckingham palace on that day than on the previous day.

Therefore, the answer is 22.",text,neutral
45,"After eating a hearty meal they went to see the Buckingham palace. There, Rachel learned that 317 visitors came to the Buckingham palace that day. If there were 295 visitors the previous day How many more visitors visited the Buckingham palace on that day than on the previous day?",The Razorback t-shirt shop made $ 51 dollars from selling 3 t-shirt during the Arkansas and Texas tech game they. What is the cost of each t-shirt?,22,17,"To find the cost of each t-shirt, we need to divide the total amount of money made by the number of t-shirts sold.

Total money made = $51
Number of t-shirts sold = 3

Cost of each t-shirt = Total money made ÷ Number of t-shirts sold
= $51 ÷ 3
= $17

Therefore, the cost of each t-shirt is $17.

#### $17",text,neutral
46,The Razorback t-shirt shop made $ 51 dollars from selling 3 t-shirt during the Arkansas and Texas tech game they. What is the cost of each t-shirt?,"Jack received 3 emails in the morning, 4 emails in the afternoon and 8 emails in the evening. How many emails did Jack receive in the morning and evening?",17,11,"Add the number of emails received in the morning and evening.
3 + 8 = 11
Jack received 11 emails in the morning and evening.",text,neutral
47,"Jack received 3 emails in the morning, 4 emails in the afternoon and 8 emails in the evening. How many emails did Jack receive in the morning and evening?",Lawrence county has 313473 kids. During summer break 274865 kids stay home and the rest go to camp. How many kids go to the camp during the break?,11,38608,"To find out how many kids go to the camp during the summer break, we need to subtract the number of kids who stay home from the total number of kids in Lawrence county.

Total number of kids in Lawrence county = 313,473
Number of kids who stay home during summer break = 274,865

Number of kids who go to the camp = Total number of kids - Number of kids who stay home
= 313,473 - 274,865
= 38,608

So, 38,608 kids go to the camp during the summer break.",text,neutral
48,Lawrence county has 313473 kids. During summer break 274865 kids stay home and the rest go to camp. How many kids go to the camp during the break?,The grasshopper and the frog had a jumping contest. The grasshopper jumped 35 inches. The grasshopper jumped 4 inches farther than the frog. How much did they jump altogether?,38608,66,"The grasshopper jumped 35 inches. The grasshopper jumped 4 inches farther than the frog. So, the frog jumped 35 - 4 = 31 inches. The grasshopper and the frog jumped 35 + 31 = 66 inches altogether. Therefore, the answer is 66 inches.",text,neutral
49,The grasshopper and the frog had a jumping contest. The grasshopper jumped 35 inches. The grasshopper jumped 4 inches farther than the frog. How much did they jump altogether?,Winter is almost here and most animals are migrating to warmer countries. There are 3 bird families living near the mountain. 26 new bird families came to live near the mountain from the arctic while 2 bird families flew away further south for winter. How many bird families were left near the mountain?,66,27,"There were 3 bird families living near the mountain. 26 new bird families came to live near the mountain from the arctic while 2 bird families flew away further south for winter. So, the total number of bird families left near the mountain is 3 + 26 - 2 = 27 bird families. Therefore, there were 27 bird families left near the mountain.",text,neutral
50,Winter is almost here and most animals are migrating to warmer countries. There are 3 bird families living near the mountain. 26 new bird families came to live near the mountain from the arctic while 2 bird families flew away further south for winter. How many bird families were left near the mountain?,Adam could fit 8 action figures and 10 cabinets on each shelf in his room. His room has 4 shelves. How many total items could his shelves hold?,27,72,"To find the total number of items Adam's shelves can hold, we need to calculate the total number of action figures and cabinets he can fit on all the shelves.

First, let's find out how many action figures Adam can fit on all the shelves:
- He can fit 8 action figures on each shelf.
- He has 4 shelves.
So, the total number of action figures is \(8 \times 4 = 32\).

Next, let's find out how many cabinets Adam can fit on all the shelves:
- He can fit 10 cabinets on each shelf.
- He has 4 shelves.
So, the total number of cabinets is \(10 \times 4 = 40\).

Now, to find the total number of items Adam's shelves can hold, we add the total number of action figures and cabinets:
- Total action figures = 32
- Total cabinets = 40
So, the total number of items is \(32 + 40 = 72\).

Therefore, Adam's shelves can hold a total of 72 items.",text,neutral
51,Adam could fit 8 action figures and 10 cabinets on each shelf in his room. His room has 4 shelves. How many total items could his shelves hold?,Robin's hair was 16 inches long. He cut off 11 inches. Then it again grew by 12 inches. How long is his hair now?,72,17,"16 - 11 = 5
5 + 12 = 17
His hair is 17 inches long now.
#### 17",text,neutral
52,Robin's hair was 16 inches long. He cut off 11 inches. Then it again grew by 12 inches. How long is his hair now?,Friends of Katie had 57 games and she had 63 ds games. How many more games does Katie have than her friends?,17,6,Add the numbers of games. 57 + 63 = 120. Katie has 120 games. Subtract the number of games her friends have from the number of games Katie has. 120 - 57 = 63. Katie has 63 more games than her friends.,neither,neutral
53,Friends of Katie had 57 games and she had 63 ds games. How many more games does Katie have than her friends?,Lucy went to the grocery store. She bought 10 packs of cookie and 4 packs of cake. How many more packs of cookie did she buy over cake?,6,6,"10 - 4 = 6
Lucy bought 6 more packs of cookie over cake.",ambiguous,neutral
54,Lucy went to the grocery store. She bought 10 packs of cookie and 4 packs of cake. How many more packs of cookie did she buy over cake?,"6 red peaches, 90 yellow peaches and 16 green peaches are in the basket. How many red and green peaches are in the basket?",6,22,"Add the number of red and green peaches in the basket.
6 + 16 = 22
There are 22 red and green peaches in the basket.",text,neutral
55,"6 red peaches, 90 yellow peaches and 16 green peaches are in the basket. How many red and green peaches are in the basket?",Mary is baking a cake. The recipe calls for 10 cups of flour 2 cups of sugar and 80 cups of salt. She already put in 7 cups of flour. How many more cups of flour than cups of sugar does she need to add now?,22,1,10 cups of flour - 7 cups of flour = 3 cups of flour 80 cups of salt - 2 cups of sugar = 78 cups of salt 3 cups of flour - 2 cups of sugar = 1 cup of flour - 1 cup of sugar = 1 cup of flour - 1 cup of sugar = 1 cup of flour - 1 cup of sugar = 1 cup of flour - 1 cup of sugar = 1 cup of flour - 1 cup of sugar = 1 cup of flour - 1 cup of sugar = 1 cup of flour - 1 cup of sugar = 1 cup of flour - 1 cup of sugar = 1 cup of flour - 1 cup of sugar = 1 cup of flour - 1 cup of sugar = 1 cup of flour - 1 cup of sugar = 1 cup of flour - 1 cup of sugar = 1 cup of flour - 1 cup of sugar = 1 cup of flour - 1 cup of sugar = 1 cup of flour - 1 cup of sugar = 1 cup of flour - 1 cup of sugar = 1 cup of flour - 1 cup of sugar = 1 cup of,text,neutral
56,Mary is baking a cake. The recipe calls for 10 cups of flour 2 cups of sugar and 80 cups of salt. She already put in 7 cups of flour. How many more cups of flour than cups of sugar does she need to add now?,Paco had 17 cookies. He ate 14 cookies and gave 13 of them to his friend. How many more cookies did he eat than those he gave to his friend?,1,1,"Paco ate 14 cookies and gave 13 cookies to his friend. To find out how many more cookies he ate than those he gave to his friend, we subtract the number of cookies given from the number of cookies eaten.

14 cookies (eaten) - 13 cookies (given) = 1 cookie

So, Paco ate 1 more cookie than those he gave to his friend.

#### 1",ambiguous,neutral
57,Paco had 17 cookies. He ate 14 cookies and gave 13 of them to his friend. How many more cookies did he eat than those he gave to his friend?,In a school there are 315 girls and 309 boys. There are also 772 teachers How many people are there in that school?,1,1396,"315 + 309 + 772 = 1396
There are 1396 people in that school.
#### 1396",text,neutral
58,In a school there are 315 girls and 309 boys. There are also 772 teachers How many people are there in that school?,There are some baskets of peaches. Each basket has 4 red peaches and 3 green peaches. If there are a total of 7 peaches in all baskets How many baskets of peaches are there?,1396,1,Let x be the number of baskets of peaches. Then 4 x + 3 x = 7 7 x = 7 x = 1 There is 1 basket of peaches. 1 basket of peaches has 4 red peaches and 3 green peaches. 4 + 3 = 7 peaches in 1 basket of peaches. 1 basket of peaches has 7 peaches. 1 basket of peaches has 7 peaches. 1 basket of peaches has 7 peaches. 1 basket of peaches has 7 peaches. 1 basket of peaches has 7 peaches. 1 basket of peaches has 7 peaches. 1 basket of peaches has 7 peaches. 1 basket of peaches has 7 peaches. 1 basket of peaches has 7 peaches. 1 basket of peaches has 7 peaches. 1 basket of peaches has 7 peaches. 1 basket of peaches has 7 peaches. 1 basket of peaches has 7 peaches. 1 basket of peaches has 7 peaches. 1 basket of peaches has 7 pe,neither,neutral
59,There are some baskets of peaches. Each basket has 4 red peaches and 3 green peaches. If there are a total of 7 peaches in all baskets How many baskets of peaches are there?,Jessie currently weighs 27 kilograms. After she started to go jogging everyday she lost 101 kilograms. How much did she weigh before starting to jog?,1,128,"Jessie currently weighs 27 kilograms. After she started to go jogging everyday she lost 101 kilograms. So, she lost 101 kilograms from her current weight of 27 kilograms. To find out how much she weighed before starting to jog, we need to add the 101 kilograms she lost to her current weight of 27 kilograms. Therefore, she weighed 27 + 101 = 128 kilograms before starting to jog.  Therefore, the answer is option D.
#### D",text,neutral
60,Jessie currently weighs 27 kilograms. After she started to go jogging everyday she lost 101 kilograms. How much did she weigh before starting to jog?,David did 51 push-ups in gym class today. David did 49 more push-ups than Zachary. How many push-ups did Zachary and David do altogether?,128,53,"Zachary did 51 - 49 = 2 push-ups.
Zachary and David did 51 + 2 = 53 push-ups.
#### 53",text,neutral
61,David did 51 push-ups in gym class today. David did 49 more push-ups than Zachary. How many push-ups did Zachary and David do altogether?,In a school there are 362 boys and 257 girls. 403 more girls joined the school. How many more girls than boys does the school have?,53,298,"362 + 403 = 765
765 - 257 = 508
508 more girls than boys does the school have.
#### 508",neither,neutral
62,In a school there are 362 boys and 257 girls. 403 more girls joined the school. How many more girls than boys does the school have?,Josh had 22 marbles in his collection. He found 13 marbles ones while he lost 5 marbles. How many marbles does he have now?,298,30,"Josh had 22 marbles in his collection. He found 13 marbles, so he added 13 to his collection. Josh now has 22 + 13 = 35 marbles. Then, he lost 5 marbles, so he subtracted 5 from his collection. Josh now has 35 - 5 = 30 marbles. Therefore, Josh has 30 marbles now.",text,neutral
63,Josh had 22 marbles in his collection. He found 13 marbles ones while he lost 5 marbles. How many marbles does he have now?,"After eating a hearty meal they went to see the Buckingham palace. There were 39 paintings in the Buckingham palace. There, Rachel learned that 661 visitors came to the Buckingham palace that day. If there were 600 visitors the previous day How many more visitors visited the Buckingham palace on that day than on the previous day?",30,61,"661 - 600 = 61
61 more visitors visited the Buckingham palace on that day than on the previous day.
#### 61",text,neutral
64,"After eating a hearty meal they went to see the Buckingham palace. There were 39 paintings in the Buckingham palace. There, Rachel learned that 661 visitors came to the Buckingham palace that day. If there were 600 visitors the previous day How many more visitors visited the Buckingham palace on that day than on the previous day?",Nell collects baseball cards. She had 566 cards while Jeff had 234 cards. She gave some of her cards to Jeff and now has 535 cards left. How many cards does Jeff have now?,61,265,"Nell had 566 cards and gave some to Jeff, leaving her with 535 cards. This means she gave Jeff 566 - 535 = 31 cards. Jeff initially had 234 cards and received 31 more from Nell, so now he has 234 + 31 = 265 cards. Therefore, Jeff has 265 cards now.",text,neutral
65,Nell collects baseball cards. She had 566 cards while Jeff had 234 cards. She gave some of her cards to Jeff and now has 535 cards left. How many cards does Jeff have now?,Randy uses 36 blocks to build a tower. If he had 59 blocks How many blocks are left?,265,23,"59 - 36 = 23
#### 23",text,neutral
66,Randy uses 36 blocks to build a tower. If he had 59 blocks How many blocks are left?,At the stop 8 more people got on the train. Initially there were 11 people on the train. How many people are there on the train now?,23,19,"11 + 8 = 19
There are 19 people on the train now.
#### 19",text,neutral
67,At the stop 8 more people got on the train. Initially there were 11 people on the train. How many people are there on the train now?,Rachel has 3 apple trees. She picked 8 apples from each of her trees. Now the trees have a total 9 apples still on them. How many apples were there on all trees initially?,19,33,"Let's start by finding out how many apples were picked in total. Rachel picked 8 apples from each of her 3 apple trees, so she picked 8 + 8 + 8 = 24 apples in total. Now, we know that she has 9 apples left on the trees. To find out how many apples were there on all trees initially, we need to add the number of apples she picked to the number of apples left on the trees. So, the initial number of apples was 24 + 9 = 33 apples. Therefore, there were 33 apples on all trees initially.",text,neutral
68,Rachel has 3 apple trees. She picked 8 apples from each of her trees. Now the trees have a total 9 apples still on them. How many apples were there on all trees initially?,43 children were riding on the bus. At the bus stop some children got off the bus. Then there were 21 children left on the bus. How many children got off the bus at the bus stop?,33,22,"43 children were riding on the bus. At the bus stop some children got off the bus. Then there were 21 children left on the bus. How many children got off the bus at the bus stop?
43 - 21 = 22
22 children got off the bus at the bus stop.
#### 22",text,neutral
69,43 children were riding on the bus. At the bus stop some children got off the bus. Then there were 21 children left on the bus. How many children got off the bus at the bus stop?,5 red peaches and 11 green peaches are in the basket. How many more green peaches than red peaches are in the basket?,22,6,"11 - 5 = 6
There are 6 more green peaches than red peaches in the basket.",text,neutral
70,5 red peaches and 11 green peaches are in the basket. How many more green peaches than red peaches are in the basket?,Nell collects cards. She had 246 baseball cards and 214 Ace cards. She gave some of her cards to Jeff and now has 404 baseball cards and 495 Ace cards left. How many more Ace cards than baseball cards does Nell have?,6,91,"Nell had 246 baseball cards and 214 Ace cards. She gave some of her cards to Jeff and now has 404 baseball cards and 495 Ace cards left. To find out how many more Ace cards than baseball cards Nell has, we need to subtract the number of baseball cards from the number of Ace cards.
495 - 404 = 91
Nell has 91 more Ace cards than baseball cards. Therefore, the answer is 91.
#### 91",text,neutral
71,Nell collects cards. She had 246 baseball cards and 214 Ace cards. She gave some of her cards to Jeff and now has 404 baseball cards and 495 Ace cards left. How many more Ace cards than baseball cards does Nell have?,Each pack of dvds costs 76 dollars. If there is a discount of 25 dollars on each pack How much do you have to pay to buy each pack?,91,51,"To find the price of each pack after the discount, we need to subtract the discount from the original price of the pack.

Original price of each pack = 76 dollars
Discount on each pack = 25 dollars

Price after discount = Original price - Discount
= 76 dollars - 25 dollars
= 51 dollars

So, you have to pay 51 dollars to buy each pack after the discount.

#### <51>",text,neutral
72,Each pack of dvds costs 76 dollars. If there is a discount of 25 dollars on each pack How much do you have to pay to buy each pack?,They decided to hold the party in their backyard. They have 14 chairs for each set of table. If they have 9 sets of tables How many more chairs than tables do they have?,51,117,"14 chairs
9 sets of tables
14 × 9 = 126
126 - 9 = 117
117 more chairs than tables
#### 117",text,neutral
73,They decided to hold the party in their backyard. They have 14 chairs for each set of table. If they have 9 sets of tables How many more chairs than tables do they have?,Next on his checklist is wax to stick the feathers together and colors to paint them. He needs a total of 57 g of colors to paint them. He needs 22 g of wax more. If the feathers require a total of 353 g of wax How many grams of wax does he already have?,117,331,"Let's denote the amount of wax he already has as \( w \). According to the problem, he needs a total of 353 grams of wax, and he needs 22 grams more than what he already has. This can be represented as:

\[ w + 22 = 353 \]

To find out how much wax he already has, we need to isolate \( w \) on one side of the equation. We can do this by subtracting 22 from both sides of the equation:

\[ w + 22 - 22 = 353 - 22 \]

This simplifies to:

\[ w = 331 \]

So, he already has 331 grams of wax. However, the problem also states that he needs a total of 57 grams of colors to paint the feathers. This information is not necessary to solve the problem of how much wax he already has, but it's good to know for completeness.

Therefore, the answer is that he already has 331 grams of wax.",text,neutral
74,Next on his checklist is wax to stick the feathers together and colors to paint them. He needs a total of 57 g of colors to paint them. He needs 22 g of wax more. If the feathers require a total of 353 g of wax How many grams of wax does he already have?,Frank was reading through his favorite book. The book had 2 chapters each with 405 pages. It took frank 664 days to finish the book. How many chapters did he read per day?,331,332,"First, find the total number of pages in the book. Multiply the number of chapters by the number of pages per chapter.
2 × 405 = 810
Then, find the number of pages Frank read per day. Divide the total number of pages by the number of days.
810 ÷ 664 = 1.21
Frank read 1.21 chapters per day.",neither,neutral
75,Frank was reading through his favorite book. The book had 2 chapters each with 405 pages. It took frank 664 days to finish the book. How many chapters did he read per day?,Jerry had 5 action figures and 2 books on a shelf in his room. Later he added 9 more books to the shelf. How many more books than action figures were on his shelf?,332,6,"Jerry had 5 action figures and 2 books on a shelf in his room. Later he added 9 more books to the shelf. How many more books than action figures were on his shelf?
First, find the total number of books on the shelf. Jerry had 2 books and added 9 more books. 2 + 9 = 11
Then find how many more books than action figures were on the shelf. Jerry had 5 action figures and 11 books. 11 - 5 = 6
There were 6 more books than action figures on the shelf.
#### 6",text,neutral
76,Jerry had 5 action figures and 2 books on a shelf in his room. Later he added 9 more books to the shelf. How many more books than action figures were on his shelf?,Paul got a box of some crayons for his birthday. By the end of the school year he had either lost or given away 551 of them and only had 177 left. How many crayons did he get for his birthday?,6,728,"Let x be the number of crayons Paul got for his birthday. Then, x - 551 = 177. Solving for x, we get x = 728. Therefore, Paul got 728 crayons for his birthday. 728 crayons.",text,neutral
77,Paul got a box of some crayons for his birthday. By the end of the school year he had either lost or given away 551 of them and only had 177 left. How many crayons did he get for his birthday?,Because of the decision Sofia asked the students to suggest specific types of food. If 324 students suggested adding mashed potatoes 374 suggested adding bacon to the menu and 128 suggested adding tomatoes How many students participated in the suggestion of new food items?,728,826,"Add the numbers of students who suggested adding mashed potatoes, bacon, and tomatoes.
324 + 374 + 128 = 826
826 students participated in the suggestion of new food items.",text,neutral
78,Because of the decision Sofia asked the students to suggest specific types of food. If 324 students suggested adding mashed potatoes 374 suggested adding bacon to the menu and 128 suggested adding tomatoes How many students participated in the suggestion of new food items?,A book has 31 chapters. Each chapter is 61 pages long. How many pages does the book have altogether?,826,1891,"To find the total number of pages in the book, we need to multiply the number of chapters by the number of pages per chapter.

Number of chapters = 31
Number of pages per chapter = 61

Total number of pages = Number of chapters × Number of pages per chapter
= 31 × 61
= 1891

Therefore, the book has 1891 pages altogether.",text,neutral
79,A book has 31 chapters. Each chapter is 61 pages long. How many pages does the book have altogether?,The school is planning a field trip. The school has 67 classrooms. There are 66 students in each classroom in the school. If there are 6 seats on each school bus How many buses are needed to take the trip?,1891,737,67 × 66 = 4462 4462 ÷ 6 = 744.5 75 buses are needed to take the trip.,neither,neutral
80,The school is planning a field trip. The school has 67 classrooms. There are 66 students in each classroom in the school. If there are 6 seats on each school bus How many buses are needed to take the trip?,Bobby ate 33 pieces of candy. Then he ate 4 more. He also ate 14 pieces of chocolate. How many pieces of candy and chocolate did Bobby eat altogether?,737,51,Add the pieces of candy and chocolate. 33 + 4 = 37. 37 pieces of candy and chocolate were eaten.,neither,neutral
81,Bobby ate 33 pieces of candy. Then he ate 4 more. He also ate 14 pieces of chocolate. How many pieces of candy and chocolate did Bobby eat altogether?,Paco had 36 cookies. He gave 14 cookies to his friend and ate 10 cookies. How many cookies did Paco have left?,51,12,"Paco had 36 cookies. He gave 14 cookies to his friend, so he had 36 - 14 = 22 cookies left. Then he ate 10 cookies, so he had 22 - 10 = 12 cookies left. Therefore, Paco had 12 cookies left.",text,neutral
82,Paco had 36 cookies. He gave 14 cookies to his friend and ate 10 cookies. How many cookies did Paco have left?,Paige raised 15 goldfish in the pond but stray cats loved eating them. 5 were eaten. How many goldfish remained?,12,10,"Paige had 15 goldfish. 5 of them were eaten. To find out how many goldfish remained, subtract the number of goldfish eaten from the total number of goldfish.

15 - 5 = 10

So, 10 goldfish remained.",text,neutral
83,Paige raised 15 goldfish in the pond but stray cats loved eating them. 5 were eaten. How many goldfish remained?,During summer break 61619 kids from Lawrence county stayed home and the rest went to camp. The total number of kids in Lawrence county is 91676. About how many kids in Lawrence county went to camp?,10,30057,"To find out how many kids went to camp, we need to subtract the number of kids who stayed home from the total number of kids in Lawrence county. So, we have 91676 - 61619 = 30057 kids who went to camp. Therefore, about 30057 kids in Lawrence county went to camp.",text,neutral
84,During summer break 61619 kids from Lawrence county stayed home and the rest went to camp. The total number of kids in Lawrence county is 91676. About how many kids in Lawrence county went to camp?,2 children were riding on the bus. At the bus stop some more children got on the bus. Then there were 10 children altogether on the bus. How many more children are on the bus now than there were before the bus stop?,30057,8,10 children are on the bus now. 2 children were on the bus before the bus stop. 10 children are on the bus now than there were before the bus stop. 10 - 2 = 8 children. 8 more children are on the bus now than there were before the bus stop.,text,neutral
85,2 children were riding on the bus. At the bus stop some more children got on the bus. Then there were 10 children altogether on the bus. How many more children are on the bus now than there were before the bus stop?,3 birds were sitting on the fence. 2 more birds and 6 more storks came to join them. How many more storks than birds are sitting on the fence?,8,1,3 + 2 + 6 = 11 6 - 2 = 4 storks more than birds are sitting on the fence.,neither,neutral
86,3 birds were sitting on the fence. 2 more birds and 6 more storks came to join them. How many more storks than birds are sitting on the fence?,The Ferris wheel in paradise park has 6 seats. Each seat can hold 14 people. If there are 16 people on the wheel right now How many more people can join the wheel?,1,68,"14 - 16 = -2
#### -2",neither,neutral
87,The Ferris wheel in paradise park has 6 seats. Each seat can hold 14 people. If there are 16 people on the wheel right now How many more people can join the wheel?,He then went to see the oranges being harvested. He found out that they harvest 74 sacks per day and discard 71 of them. How many sacks of oranges will they have after 51 days of harvest?,68,153,"To find out how many sacks of oranges they will have after 51 days of harvest, we need to follow these steps:

1. Calculate the number of sacks harvested in 51 days.
2. Calculate the number of sacks discarded in 51 days.
3. Subtract the number of discarded sacks from the number of harvested sacks to find the total number of sacks remaining.

Step 1: Calculate the number of sacks harvested in 51 days.
They harvest 74 sacks per day, so in 51 days, they will harvest:
74 sacks/day * 51 days = 3754 sacks

Step 2: Calculate the number of sacks discarded in 51 days.
They discard 71 sacks per day, so in 51 days, they will discard:
71 sacks/day * 51 days = 3621 sacks

Step 3: Subtract the number of discarded sacks from the number of harvested sacks.
3754 sacks (harvested) - 3621 sacks (discarded) = 133 sacks remaining

Therefore, after 51 days of harvest, they will have 133 sacks of oranges.",neither,neutral
88,He then went to see the oranges being harvested. He found out that they harvest 74 sacks per day and discard 71 of them. How many sacks of oranges will they have after 51 days of harvest?,The Razorback shop makes $ 115 dollars off each jersey and $ 25 off each t-shirt. During the Arkansas and Texas tech game they sold 113 t-shirts and 78 jerseys. How much more does a jersey cost than a t-shirt?,153,90,"To find out how much more a jersey costs than a t-shirt, we need to calculate the total revenue from each type of item and then find the difference.

First, let's calculate the total revenue from the t-shirts:
- Each t-shirt sells for $25.
- They sold 113 t-shirts.
So, the total revenue from t-shirts is $25 * 113 = $2825.

Next, let's calculate the total revenue from the jerseys:
- Each jersey sells for $115.
- They sold 78 jerseys.
So, the total revenue from jerseys is $115 * 78 = $9030.

Now, we need to find out how much more a jersey costs than a t-shirt. To do this, we subtract the total revenue from t-shirts from the total revenue from jerseys:
$9030 (total from jerseys) - $2825 (total from t-shirts) = $6205.

Therefore, a jersey costs $6205 more than a t-shirt.

#### <answer>",neither,neutral
89,The Razorback shop makes $ 115 dollars off each jersey and $ 25 off each t-shirt. During the Arkansas and Texas tech game they sold 113 t-shirts and 78 jerseys. How much more does a jersey cost than a t-shirt?,Next on his checklist is wax to stick the feathers together and colors to paint them. He needs a total of 49 g of colors to paint them. If the feathers require 288 g of wax and right now he just needs 260 g How many grams of wax does he already have?,90,28,"To find out how many grams of wax the man already has, we need to subtract the amount of wax he needs from the amount he currently has. The man needs a total of 49 grams of colors to paint the feathers, and he currently has 260 grams of wax. So, we subtract 49 grams from 260 grams to find out how much wax he already has.

260 grams (current wax) - 49 grams (required colors) = 211 grams

Therefore, the man already has 211 grams of wax. 

#### 211",neither,neutral
90,Next on his checklist is wax to stick the feathers together and colors to paint them. He needs a total of 49 g of colors to paint them. If the feathers require 288 g of wax and right now he just needs 260 g How many grams of wax does he already have?,Paul had 21 books. After selling some in a garage sale he bought 42 new ones. If he has 15 books now How many more books did he sell than he bought?,28,6,"Paul had 21 books. After selling some in a garage sale he bought 42 new ones. If he has 15 books now, how many more books did he sell than he bought? Let's break it down step by step.
First, let's find out how many books Paul had after selling some in the garage sale. We know he had 21 books initially and bought 42 new ones, so we add those together: 21 + 42 = 63 books.
Now, we know Paul has 15 books now. To find out how many books he sold, we subtract the number of books he has now from the total number of books he had after the garage sale: 63 - 15 = 48 books.
So, Paul sold 48 books. To find out how many more books he sold than he bought, we subtract the number of books he bought from the number of books he sold: 48 - 42 = 6 books.
Therefore, Paul sold 6 more books than he bought. The answer is 6.",text,neutral
91,Paul had 21 books. After selling some in a garage sale he bought 42 new ones. If he has 15 books now How many more books did he sell than he bought?,"Julia played tag with 9 kids on monday, 7 kids on tuesday and 96 kids on wednesday. How many more kids did she play with on monday than on tuesday?",6,2,"9 - 7 = 2
Julia played with 2 more kids on monday than on tuesday.
#### 2",text,neutral
92,"Julia played tag with 9 kids on monday, 7 kids on tuesday and 96 kids on wednesday. How many more kids did she play with on monday than on tuesday?",There are 65 baskets of peaches. Each basket has 7 red peaches and 3 green peaches. How many peaches are in each basket?,2,10,"There are 65 baskets of peaches. Each basket has 7 red peaches and 3 green peaches. How many peaches are in each basket?
Step 1: Find the total number of peaches in each basket.
7 red peaches + 3 green peaches = 10 peaches
Step 2: Find the total number of peaches.
65 baskets × 10 peaches = 650 peaches
There are 650 peaches in total.
#### 10",text,neutral
93,There are 65 baskets of peaches. Each basket has 7 red peaches and 3 green peaches. How many peaches are in each basket?,You had 14 bags with equal number of cookies. If you had 28 cookies and 86 candies in total How many bags of cookies do you have?,10,2,"Let's denote the number of cookies in each bag as \( c \) and the number of candies in each bag as \( d \). We are given that there are 14 bags in total, and the total number of cookies is 28. Therefore, we can write the equation:

\[ 14c = 28 \]

Solving for \( c \), we get:

\[ c = \frac{28}{14} = 2 \]

So, each bag contains 2 cookies.

We are also given that the total number of candies is 86. Since there are 14 bags, the total number of candies in all the bags is:

\[ 14d = 86 \]

Solving for \( d \), we get:

\[ d = \frac{86}{14} = 6.14285714286 \]

However, since the number of candies in each bag must be a whole number, we can round this to 6 candies per bag.

Therefore, the number of bags of cookies is the same as the number of bags in total, which is 14.

#### 14",neither,neutral
94,You had 14 bags with equal number of cookies. If you had 28 cookies and 86 candies in total How many bags of cookies do you have?,Carol was sending out birthday invitations to her friends. Each package of invitations she bought had 14 invitations in it and she bought 6 packs. Then she bought 11 extra invitations. How many friends can she invite?,2,95,"First, find the total number of invitations Carol bought. She bought 14 invitations in each package and bought 6 packages, so she bought 14 × 6 = 84 invitations. Then she bought 11 extra invitations, so she bought 84 + 11 = 95 invitations in total. Carol can invite 95 friends.",text,neutral
95,Carol was sending out birthday invitations to her friends. Each package of invitations she bought had 14 invitations in it and she bought 6 packs. Then she bought 11 extra invitations. How many friends can she invite?,Baker made 155 cakes. If his friend bought 140 cakes from him How many cakes would baker still have?,95,15,"155 - 140 = 15
Baker would still have 15 cakes.",text,neutral
96,Baker made 155 cakes. If his friend bought 140 cakes from him How many cakes would baker still have?,A grocery store had 22 bottles of regular soda and 61 bottles of diet soda. How many more bottles of diet soda than regular soda did they have?,15,39,"Find the number of diet soda bottles. 61
Find the number of regular soda bottles. 22
Now subtract: 61 − 22 = 39.
They had 39 more bottles of diet soda than regular soda.",text,neutral
97,A grocery store had 22 bottles of regular soda and 61 bottles of diet soda. How many more bottles of diet soda than regular soda did they have?,"A grocery store had 36 apples, 80 bottles of regular soda and 54 bottles of diet soda. How many more bottles than apple did they have?",39,98,"First, find the total number of bottles by adding 80 + 54 = 134 bottles.
Next, find the difference between the number of bottles and apples by subtracting 36 from 134, which equals 98.
Therefore, the grocery store had 98 more bottles than apples. 
#### 98",text,neutral
98,"A grocery store had 36 apples, 80 bottles of regular soda and 54 bottles of diet soda. How many more bottles than apple did they have?",Ryan learns english and chinese for 7 days. Every day he spends 4 hours on learning english and 5 hours on learning chinese. How many hours does he spend on learning english and chinese in all?,98,63,"Ryan spends 4 hours on learning english every day for 7 days, so he spends 4 × 7 = 28 hours on learning english.
Ryan spends 5 hours on learning chinese every day for 7 days, so he spends 5 × 7 = 35 hours on learning chinese.
In total, Ryan spends 28 + 35 = 63 hours on learning english and chinese.
Therefore, the answer is 63 hours.",text,neutral
99,Ryan learns english and chinese for 7 days. Every day he spends 4 hours on learning english and 5 hours on learning chinese. How many hours does he spend on learning english and chinese in all?,Debby drinks 6 bottles a day. If she bought a total of 12 water bottles How many days would they last her?,63,2,"Divide 12 by 6.
12 ÷ 6 = 2
The answer is 2.",text,neutral
100,Debby drinks 6 bottles a day. If she bought a total of 12 water bottles How many days would they last her?,David did 44 push-ups in gym class today. David did 9 more push-ups than Zachary. How many push-ups did Zachary do?,2,35,Zachary did 35 push-ups.,text,neutral
101,David did 44 push-ups in gym class today. David did 9 more push-ups than Zachary. How many push-ups did Zachary do?,Mom buys 51 white t - shirts. If white t - shirts can be purchased in packages of 3 How many packages will she have?,35,17,"51 ÷ 3 = 17 R 0
17 packages of 3 white t - shirts will be purchased.",neither,neutral
102,Mom buys 51 white t - shirts. If white t - shirts can be purchased in packages of 3 How many packages will she have?,During summer break 907611 kids from Lawrence county stay home and the other 455682 kids go to camp. About how many kids are in Lawrence county?,17,1363293,"Add the numbers of kids who stay home and the numbers of kids who go to camp.
907611 + 455682 = 1,363,293
There are about 1,363,293 kids in Lawrence county.",text,neutral
103,During summer break 907611 kids from Lawrence county stay home and the other 455682 kids go to camp. About how many kids are in Lawrence county?,Danny collects bottle caps and wrappers. He found 66 wrappers and 39 bottle caps at the park. Now he has 16 bottle caps and 68 wrappers in his collection. How many wrappers did danny have at first?,1363293,2,"Danny found 39 bottle caps and now has 16 bottle caps. So, he lost 39 - 16 = 23 bottle caps.
Danny found 66 wrappers and now has 68 wrappers. So, he found 68 - 66 = 2 more wrappers.
Therefore, Danny had 23 + 2 = 25 wrappers at first.
So, the answer is 25.",neither,neutral
104,Danny collects bottle caps and wrappers. He found 66 wrappers and 39 bottle caps at the park. Now he has 16 bottle caps and 68 wrappers in his collection. How many wrappers did danny have at first?,After Jessie started to go jogging everyday she lost 35 kilograms. She weighed 69 kilograms before beginning jogging. How much does she weigh now?,2,34,"69 - 35 = 34
She weighs 34 kilograms now.
#### 34",text,neutral
105,After Jessie started to go jogging everyday she lost 35 kilograms. She weighed 69 kilograms before beginning jogging. How much does she weigh now?,Josh had 20 marbles in his collection. He gave 2 marbles to Jack. How many marbles does Josh have now?,34,18,Josh had 20 marbles. He gave 2 marbles to Jack. Subtract 2 from 20. 20 - 2 = 18 Josh has 18 marbles now.,text,neutral
106,Josh had 20 marbles in his collection. He gave 2 marbles to Jack. How many marbles does Josh have now?,Zachary did 15 push-ups in gym class today. David did 39 more push-ups than Zachary. John did 9 push-ups less than David. How many more push-ups did Zachary do than John?,18,30,"Find how many push-ups David did.
15 + 39 = 54
Find how many push-ups John did.
54 - 9 = 45
Find how many more push-ups Zachary did than John.
15 - 45 = -30
Zachary did -30 fewer push-ups than John.",neither,neutral
107,Zachary did 15 push-ups in gym class today. David did 39 more push-ups than Zachary. John did 9 push-ups less than David. How many more push-ups did Zachary do than John?,Lewis earns $ 368 every week during the 1359 weeks of harvest. If he has to pay $ 388 rent every week How much money does he pay as rent during the harvest season?,30,527292,"To find out how much money Lewis pays as rent during the harvest season, we need to multiply the weekly rent by the number of weeks in the harvest season.

Weekly rent = $ 388
Number of weeks in the harvest season = 1359

Total rent paid during the harvest season = Weekly rent * Number of weeks
= $ 388 * 1359
= $ 52,300.2

Therefore, Lewis pays $ 52,300.2 as rent during the harvest season. 

#### $ 52,300.2",neither,neutral
108,Lewis earns $ 368 every week during the 1359 weeks of harvest. If he has to pay $ 388 rent every week How much money does he pay as rent during the harvest season?,Winter is almost here and most animals are migrating to warmer countries. There are 18 bird families living near the mountain. If 38 bird families flew away to africa and 80 bird families flew away to asia How many bird families flew away for the winter?,527292,118,"38 + 80 = 118
18 - 118 = -100
100 bird families flew away for the winter.",neither,neutral
109,Winter is almost here and most animals are migrating to warmer countries. There are 18 bird families living near the mountain. If 38 bird families flew away to africa and 80 bird families flew away to asia How many bird families flew away for the winter?,Mary is baking a cake. The recipe calls for 11 cups of sugar 6 cups of flour and 9 cups of salt. She already put in 12 cups of flour. How many more cups of sugar than cups of salt does she need to add now?,118,2,"The recipe calls for 11 cups of sugar, 6 cups of flour, and 9 cups of salt. She already put in 12 cups of flour. To find out how many more cups of sugar than cups of salt she needs to add now, we need to subtract the amount of salt from the amount of sugar.

First, let's find out how many cups of sugar she needs in total. The recipe calls for 11 cups of sugar, and she already put in 12 cups of flour. However, the amount of sugar needed is not affected by the amount of flour, so we can just use the 11 cups of sugar as the total amount needed.

Next, we need to subtract the amount of salt from the amount of sugar. The recipe calls for 9 cups of salt, so we subtract 9 from 11:

11 (cups of sugar) - 9 (cups of salt) = 2 (cups of sugar)

Therefore, Mary needs to add 2 more cups of sugar than cups of salt to the cake. The answer is 2.",text,neutral
110,Mary is baking a cake. The recipe calls for 11 cups of sugar 6 cups of flour and 9 cups of salt. She already put in 12 cups of flour. How many more cups of sugar than cups of salt does she need to add now?,Jessie weighed 114 kilograms. After she started to go jogging everyday she lost 50 kilograms in the first week and 60 kilograms in the second week. How much does she weigh now?,2,4,"114 - 50 = 64
64 - 60 = 4
She now weighs 4 kilograms.",text,neutral
111,Jessie weighed 114 kilograms. After she started to go jogging everyday she lost 50 kilograms in the first week and 60 kilograms in the second week. How much does she weigh now?,Jesse's room is 7 feet long. If she needs a carpet of size 14 square feet What is the width of her room?,4,2,"To find the width of Jesse's room, we can use the formula for the area of a rectangle, which is length times width. We know the area of the carpet she needs is 14 square feet and the length of the room is 7 feet. So, we can set up the equation:

\[ \text{Area} = \text{length} \times \text{width} \]

\[ 14 = 7 \times \text{width} \]

To find the width, we divide both sides of the equation by 7:

\[ \text{width} = \frac{14}{7} \]

\[ \text{width} = 2 \]

So, the width of Jesse's room is 2 feet. Therefore, the answer is:

#### 2",text,neutral
112,Jesse's room is 7 feet long. If she needs a carpet of size 14 square feet What is the width of her room?,A farmer had 175 tomatoes and 77 potatoes in his garden. If he picked 172 potatoes How many tomatoes and potatoes does he have left?,2,80,"The farmer had 175 tomatoes and 77 potatoes. He picked 172 potatoes. To find out how many potatoes he has left, we subtract the number of potatoes he picked from the total number of potatoes he had:

77 potatoes - 172 potatoes = -95 potatoes

This result doesn't make sense in the context of the problem because you can't have a negative number of potatoes. It seems there might be a mistake in the problem statement or in the numbers provided. However, if we were to ignore the negative result and just look at the numbers, it would imply that the farmer didn't have enough potatoes to pick 172 of them. 

Since the problem doesn't specify what to do when the number of potatoes picked exceeds the total number of potatoes, we can't accurately solve the problem as stated. If we were to assume that the problem meant to ask how many potatoes he has left after picking 172, we would need to know the total number of potatoes he had initially. 

Assuming the problem meant to ask how many potatoes he has left after picking 172, and if we were to ignore the negative result, we would say that he has 0 potatoes left because he picked",neither,neutral
113,A farmer had 175 tomatoes and 77 potatoes in his garden. If he picked 172 potatoes How many tomatoes and potatoes does he have left?,The Ferris wheel in paradise park has 3 small seats and 7 large seats. Each small seat can hold 16 people and large seat can hold 12 people. How many people can ride the Ferris wheel on large seats?,80,84,"To find out how many people can ride the Ferris wheel on large seats, we need to multiply the number of large seats by the number of people each large seat can hold.

There are 7 large seats, and each large seat can hold 12 people.

So, the total number of people that can ride the Ferris wheel on large seats is:

7 large seats × 12 people per large seat = 84 people

Therefore, 84 people can ride the Ferris wheel on large seats.",text,neutral
114,The Ferris wheel in paradise park has 3 small seats and 7 large seats. Each small seat can hold 16 people and large seat can hold 12 people. How many people can ride the Ferris wheel on large seats?,Bobby had 22 pieces of candy. He ate some pieces of candy. Then he ate 5 more. If he still has 8 pieces of candy left How many pieces of candy had he eaten at the start?,84,9,"Bobby had 22 pieces of candy. He ate some pieces of candy. Then he ate 5 more. If he still has 8 pieces of candy left How many pieces of candy had he eaten at the start?
22 - 5 = 17
17 - 8 = 9
He ate 9 pieces of candy at the start.
#### 9",text,neutral
115,Bobby had 22 pieces of candy. He ate some pieces of candy. Then he ate 5 more. If he still has 8 pieces of candy left How many pieces of candy had he eaten at the start?,There are 2 baskets of peaches. Each basket has 4 red peaches and some more green peaches. If there are a total of 12 peaches in all baskets How many green peaches are in each basket?,9,2,"There are 2 baskets of peaches. Each basket has 4 red peaches and some more green peaches. If there are a total of 12 peaches in all baskets How many green peaches are in each basket?
4 + x = 12
x = 8
8 / 2 = 4
There are 4 green peaches in each basket.
#### 4",neither,neutral
116,There are 2 baskets of peaches. Each basket has 4 red peaches and some more green peaches. If there are a total of 12 peaches in all baskets How many green peaches are in each basket?,Baker made some cakes. He sold 145 of them. If he still has 72 cakes left How many cakes did baker make?,2,217,"Let the number of cakes baker made be x.
x - 145 = 72
x = 72 + 145
x = 217
Therefore, baker made 217 cakes.",text,neutral
117,Baker made some cakes. He sold 145 of them. If he still has 72 cakes left How many cakes did baker make?,David did 40 more push-ups but 17 less crunches than Zachary in gym class today. If Zachary did 34 push-ups and 62 crunches How many crunches did David do?,217,45,"Zachary did 34 push-ups and 62 crunches.
David did 40 more push-ups than Zachary, so David did 34 + 40 = 74 push-ups.
David did 17 less crunches than Zachary, so David did 62 - 17 = 45 crunches.
Therefore, David did 45 crunches. 
#### 45",text,neutral
118,David did 40 more push-ups but 17 less crunches than Zachary in gym class today. If Zachary did 34 push-ups and 62 crunches How many crunches did David do?,Olivia spent 78 dollars at a supermarket. If she has 33 dollars left with her How much money did she have initially?,45,111,"Let x be the initial amount of money Olivia had. We know that she spent 78 dollars and has 33 dollars left. So, we can write the equation x - 78 = 33. Solving for x, we get x = 33 + 78 = 111. Therefore, Olivia initially had 111 dollars. Therefore, the answer is 111.",text,neutral
119,Olivia spent 78 dollars at a supermarket. If she has 33 dollars left with her How much money did she have initially?,Bobby ate 17 pieces of candy. Then he ate 15 more. If he initially had 36 pieces of candy How many pieces of candy does he still have left?,111,4,"Bobby initially had 36 pieces of candy. He ate 17 pieces, so he had 36 - 17 = 19 pieces left. Then he ate 15 more, so he had 19 - 15 = 4 pieces left. Therefore, Bobby has 4 pieces of candy left.",text,neutral
120,Bobby ate 17 pieces of candy. Then he ate 15 more. If he initially had 36 pieces of candy How many pieces of candy does he still have left?,An industrial machine made 13 shirts yesterday and 3 shirts today. It can make 8 shirts a minute. How many minutes did the machine work in all?,4,2,"The machine made 13 + 3 = 16 shirts in all.
The machine worked for 16 / 8 = 2 minutes.",text,neutral
121,An industrial machine made 13 shirts yesterday and 3 shirts today. It can make 8 shirts a minute. How many minutes did the machine work in all?,They decided to hold the party in their backyard. They have 12 sets of tables and each set has 14 chairs. There are also 6 chairs extra. How many chairs do they have for the guests?,2,174,"12 × 14 + 6 = 174
They have 174 chairs for the guests.",text,neutral
122,They decided to hold the party in their backyard. They have 12 sets of tables and each set has 14 chairs. There are also 6 chairs extra. How many chairs do they have for the guests?,Adam has 10 apples. Jackie has 2 apples. How many more apples does Adam have than Jackie?,174,8,"10 - 2 = 8
Adam has 8 more apples than Jackie.",text,neutral
123,Adam has 10 apples. Jackie has 2 apples. How many more apples does Adam have than Jackie?,Jake has 7 fewer peaches than Steven and 9 more peaches than Jill. Steven has 16 peaches. How many peaches does Jake have?,8,9,"Steven has 16 peaches. Jake has 9 more peaches than Jill, so Jake has 16 - 9 = 7 peaches. Jake also has 7 fewer peaches than Steven, so Jake has 16 - 7 = 9 peaches. Therefore, Jake has 9 peaches.  Therefore, the answer is 9.",text,neutral
124,Jake has 7 fewer peaches than Steven and 9 more peaches than Jill. Steven has 16 peaches. How many peaches does Jake have?,Dan has $ 5. He bought a candy bar for $ 2 and a chocolate for $ 3. How much money did he spend to buy chocolate than he did to buy candy bar?,9,1,Subtract the price of the candy bar from the price of the chocolate . 3 - 2 = 1 Dan spent $ 1 more on the chocolate than he did on the candy bar .,text,neutral
125,Dan has $ 5. He bought a candy bar for $ 2 and a chocolate for $ 3. How much money did he spend to buy chocolate than he did to buy candy bar?,There are 8 different movies and 21 different books in the ' crazy silly school ' series. If you read 7 of the books and watched 4 of the movies How many more movies do you still have to watch?,1,4,"8 - 4 = 4
21 - 7 = 14
14 - 4 = 10
#### 10",neither,neutral
126,There are 8 different movies and 21 different books in the ' crazy silly school ' series. If you read 7 of the books and watched 4 of the movies How many more movies do you still have to watch?,White t - shirts can be purchased in packages of 13. If mom buys 39 white t - shirts How many packages will she have?,4,3,"To find out how many packages of 13 white t-shirts mom will have if she buys 39, we need to divide the total number of t-shirts by the number of t-shirts in each package.

39 ÷ 13 = 3

So, mom will have 3 packages of white t-shirts. 

Therefore, the answer is 3 packages.",text,neutral
127,White t - shirts can be purchased in packages of 13. If mom buys 39 white t - shirts How many packages will she have?,Julia played tag with 19 kids on monday. She played tag with 18 kids on tuesday. She spent a total of 38 hours to play tag on both days. How many more kids did she play with on monday than on tuesday?,3,1,"Julia played with 19 kids on monday and 18 kids on tuesday. To find out how many more kids she played with on monday, we subtract the number of kids she played with on tuesday from the number of kids she played with on monday. So, 19 - 18 = 1. Julia played with 1 more kid on monday than on tuesday. Therefore, the answer is 1.",text,neutral
128,Julia played tag with 19 kids on monday. She played tag with 18 kids on tuesday. She spent a total of 38 hours to play tag on both days. How many more kids did she play with on monday than on tuesday?,3 birds and 4 storks were sitting on the fence. 6 more storks came to join them. How many birds and storks are sitting on the fence?,1,13,"3 + 4 + 6 = 13
13 birds and storks are sitting on the fence.
#### 13",text,neutral
129,3 birds and 4 storks were sitting on the fence. 6 more storks came to join them. How many birds and storks are sitting on the fence?,He then went to see the oranges being harvested. He found out that they harvest 16 sacks per day and that each sack containes 57 oranges. How many days will it take to harvest 80 sacks of oranges?,13,5,"To find out how many days it will take to harvest 80 sacks of oranges, we need to follow these steps:

1. Calculate the total number of oranges in 80 sacks.
2. Divide the total number of oranges by the number of oranges harvested per day.
3. Round up to the nearest whole number since the number of days cannot be a fraction.

Let's do the calculations:

1. Total number of oranges in 80 sacks:
   \[
   80 \text{ sacks} \times 57 \text{ oranges/sack} = 4560 \text{ oranges}
   \]

2. Number of days to harvest 4560 oranges:
   \[
   \frac{4560 \text{ oranges}}{16 \text{ oranges/day}} = 285 \text{ days}
   \]

3. Since we can't have a fraction of a day, we round up to the nearest whole number:
   \[
   285 \text{ days} + 1 \text{ day} = 286 \text{ days}
   \]

Therefore, it will take 286 days to harvest 80 sacks of",neither,neutral
130,He then went to see the oranges being harvested. He found out that they harvest 16 sacks per day and that each sack containes 57 oranges. How many days will it take to harvest 80 sacks of oranges?,Adam has 3 more apples than jackie. Adam has 9 apples. How many apples does Jackie have?,5,6,"Let x be the number of apples that Jackie has. Then Adam has x + 3 apples. We know that Adam has 9 apples. So x + 3 = 9. Subtracting 3 from both sides gives x = 6. Therefore, Jackie has 6 apples.  Therefore, the answer is 6.",text,neutral
131,Adam has 3 more apples than jackie. Adam has 9 apples. How many apples does Jackie have?,An industrial machine can make 3 shirts per minute. It made 6 shirts in all. How many minutes was the machine working?,6,2,"To find out how many minutes the machine was working, we need to divide the total number of shirts made by the number of shirts made per minute.

6 shirts ÷ 3 shirts per minute = 2 minutes

So, the machine was working for 2 minutes. 

Therefore, the answer is 2 minutes.",text,neutral
132,An industrial machine can make 3 shirts per minute. It made 6 shirts in all. How many minutes was the machine working?,Allan brought 5 balloons. If Allan and Jake brought total of 6 balloons to the park How many balloons did Jake bring to the park?,2,1,"Allan brought 5 balloons. If Allan and Jake brought a total of 6 balloons to the park, we can find out how many balloons Jake brought by subtracting the number of balloons Allan brought from the total number of balloons.

Total balloons = 6
Balloons brought by Allan = 5

Balloons brought by Jake = Total balloons - Balloons brought by Allan
Balloons brought by Jake = 6 - 5
Balloons brought by Jake = 1

So, Jake brought 1 balloon to the park.

#### 1",text,neutral
133,Allan brought 5 balloons. If Allan and Jake brought total of 6 balloons to the park How many balloons did Jake bring to the park?,After resting they decided to go for a swim. The depth of the water is 9 times Dean's height. If Ron is 15 feet tall and Dean is 6 feet shorter than Ron How deep was the water?,1,81,"Let's denote Dean's height as D and Ron's height as R. According to the problem, Ron is 15 feet tall, so R = 15 feet. Dean is 6 feet shorter than Ron, so D = R - 6 = 15 - 6 = 9 feet. The depth of the water is 9 times Dean's height, so the depth is 9 * D = 9 * 9 = 81 feet. Therefore, the water was 81 feet deep.",text,neutral
134,After resting they decided to go for a swim. The depth of the water is 9 times Dean's height. If Ron is 15 feet tall and Dean is 6 feet shorter than Ron How deep was the water?,"The grasshopper, the frog and the mouse had a jumping contest. The grasshopper jumped 39 inches. The grasshopper jumped 19 inches farther than the frog and the mouse jumped 12 inches lesser than the frog. How far did the mouse jump?",81,8,"The grasshopper jumped 39 inches.
The grasshopper jumped 19 inches farther than the frog, so the frog jumped 39 - 19 = 20 inches.
The mouse jumped 12 inches lesser than the frog, so the mouse jumped 20 - 12 = 8 inches.
Therefore, the mouse jumped 8 inches.
#### 8",text,neutral
135,"The grasshopper, the frog and the mouse had a jumping contest. The grasshopper jumped 39 inches. The grasshopper jumped 19 inches farther than the frog and the mouse jumped 12 inches lesser than the frog. How far did the mouse jump?",Tiffany was collecting cans for recycling. On monday she had 3 bags of cans. The next day she found 7 more bags of cans and 44 bags of bottles. How many bags of cans did she have altogether?,8,10,"On Monday, Tiffany had 3 bags of cans. The next day, she found 7 more bags of cans. So, the total number of bags of cans she had is 3 + 7 = 10 bags.

Therefore, Tiffany had 10 bags of cans altogether.",text,neutral
136,Tiffany was collecting cans for recycling. On monday she had 3 bags of cans. The next day she found 7 more bags of cans and 44 bags of bottles. How many bags of cans did she have altogether?,Jerry had 2 action figures and 10 books on a shelf in his room. Later he added 4 more action figures to the shelf. How many more books than action figures were on his shelf?,10,4,"Jerry had 2 action figures and 10 books on a shelf in his room. Later he added 4 more action figures to the shelf. How many more books than action figures were on his shelf?
2 + 4 = 6
10 - 6 = 4
4 more books than action figures were on his shelf.
#### 4",text,neutral
137,Jerry had 2 action figures and 10 books on a shelf in his room. Later he added 4 more action figures to the shelf. How many more books than action figures were on his shelf?,Winter is almost here and most animals are migrating to warmer countries. 86 bird families flew away for the winter from near a mountain. If there were 45 bird families living near the mountain initially How many more bird families flew away for the winter than those that stayed behind?,4,127,"45 + 86 = 131
131 – 45 = 86
86 more bird families flew away for the winter than those that stayed behind.
#### 86",neither,neutral
138,Winter is almost here and most animals are migrating to warmer countries. 86 bird families flew away for the winter from near a mountain. If there were 45 bird families living near the mountain initially How many more bird families flew away for the winter than those that stayed behind?,There are 11 baskets of peaches. Each basket has 10 red peaches and 18 green peaches. How many peaches are in the baskets altogether?,127,308,"There are 11 baskets of peaches. Each basket has 10 red peaches and 18 green peaches. To find the total number of peaches, we need to multiply the number of baskets by the total number of peaches in each basket.

First, let's find the total number of peaches in each basket:
10 red peaches + 18 green peaches = 28 peaches in each basket

Now, let's find the total number of peaches in all the baskets:
11 baskets × 28 peaches per basket = 308 peaches

So, there are 308 peaches in the baskets altogether.

#### 308",text,neutral
139,There are 11 baskets of peaches. Each basket has 10 red peaches and 18 green peaches. How many peaches are in the baskets altogether?,Adam has 9 apples. Jackie has 10 apples. How many more apples does Jackie have than Adam?,308,1,Find the difference between 10 and 9. 10 - 9 = 1. Jackie has 1 more apple than Adam.,text,neutral
140,Adam has 9 apples. Jackie has 10 apples. How many more apples does Jackie have than Adam?,The school is planning a field trip. The school has 72 classrooms. There are 3 seats on each school bus. If there are a total of 111 students in the school How many buses are needed to take the trip?,1,37,"To find out how many buses are needed, we first need to determine how many students can be transported in one bus. Since each bus has 3 seats, and we have 111 students, we divide the total number of students by the number of seats per bus:

111 ÷ 3 = 37

This means that 37 students can be transported in one bus. However, since we have 72 classrooms, and each classroom has an equal number of students, we need to find out how many students are in each classroom. We can do this by dividing the total number of students by the number of classrooms:

111 ÷ 72 = 1.555555556

Since we can't have a fraction of a student, we round up to the nearest whole number, which is 2 students per classroom. Now, we need to find out how many buses are needed to transport all 72 classrooms:

72 ÷ 2 = 36

So, we need 36 buses to transport all 72 classrooms. However, since we can't have a fraction of a bus, we need to round up to the nearest whole number, which is",neither,neutral
141,The school is planning a field trip. The school has 72 classrooms. There are 3 seats on each school bus. If there are a total of 111 students in the school How many buses are needed to take the trip?,Kelly has 80 nintendo games. She found 31 more nintendo games. How many does she need to give away so that she will have 6 games left?,37,105,"Add 80 and 31
80 + 31 = 111
111 - 6 = 105
105 is the number of games she needs to give away
#### 105",text,neutral
142,Kelly has 80 nintendo games. She found 31 more nintendo games. How many does she need to give away so that she will have 6 games left?,Paco had 40 cookies. He ate 2 of them. Then he bought 37 more cookies How many cookies did Paco have left?,105,75,"Paco started with 40 cookies. He ate 2 cookies, so he had 40 - 2 = 38 cookies left. Then he bought 37 more cookies, so he had 38 + 37 = 75 cookies in total. Therefore, Paco had 75 cookies left. The answer is 75.",text,neutral
143,Paco had 40 cookies. He ate 2 of them. Then he bought 37 more cookies How many cookies did Paco have left?,Mary is baking a cake. The recipe calls for 6 cups of sugar and 9 cups of flour. She already put in 2 cups of flour. How many more cups of flour than cups of sugar does she need to add now?,75,1,She needs 9 - 2 = 7 more cups of flour. She needs 6 - 7 = -1 less cups of sugar. -1 is the same as 0 less cups of sugar. She needs 7 - 0 = 7 more cups of flour than cups of sugar.,neither,neutral
144,Mary is baking a cake. The recipe calls for 6 cups of sugar and 9 cups of flour. She already put in 2 cups of flour. How many more cups of flour than cups of sugar does she need to add now?,Paul got a box of 457 erasers and 617 crayons for his birthday. At the end of the school year he only had 523 crayons left while not having lost a single eraser. How many more crayons than erasers did he have left?,1,66,"457 + 617 = 1074
1074 - 523 = 551
551 - 457 = 94
94",neither,neutral
145,Paul got a box of 457 erasers and 617 crayons for his birthday. At the end of the school year he only had 523 crayons left while not having lost a single eraser. How many more crayons than erasers did he have left?,There are 4 different books and 17 different movies in the ' crazy silly school ' series. If you read 19 of the books and watched 7 of the movies How many more movies do you still have to watch?,66,10,"There are 4 different books and 17 different movies in the 'crazy silly school' series. If you read 19 of the books and watched 7 of the movies, you have read 19 books and watched 7 movies. To find out how many more movies you still have to watch, you need to subtract the number of movies you have already watched from the total number of movies. So, 17 movies - 7 movies = 10 movies. Therefore, you still have to watch 10 more movies. The answer is 10.",text,neutral
146,There are 4 different books and 17 different movies in the ' crazy silly school ' series. If you read 19 of the books and watched 7 of the movies How many more movies do you still have to watch?,Debby bought some water bottles when they were on sale. She drank 109 bottles a day. If the bottles lasted for 74 days How many bottles had she bought?,10,8066,"Debby drank 109 bottles a day for 74 days, so she drank a total of 109 x 74 = 7966 bottles.
If she had bought x bottles, then x / 74 = 109, so x = 109 x 74 = 7966.
Therefore, Debby had bought 7966 bottles. 
#### 7966",neither,neutral
147,Debby bought some water bottles when they were on sale. She drank 109 bottles a day. If the bottles lasted for 74 days How many bottles had she bought?,Katie had 62 new games and 80 old games. Her friends had 73 new games and 41 old games. How many old games do they have 3,8066,121,Add the numbers of old games. 80 + 41 = 121. They have 121 old games.,text,neutral
148,Katie had 62 new games and 80 old games. Her friends had 73 new games and 41 old games. How many old games do they have 3,We ordered 9 pizzas. Each pizza has 10 slices. If there are 2 of us How many slices of pizza does each of us get if distributed equally?,121,45,"9 pizzas * 10 slices = 90 slices
90 slices / 2 people = 45 slices
#### 45",text,neutral
149,We ordered 9 pizzas. Each pizza has 10 slices. If there are 2 of us How many slices of pizza does each of us get if distributed equally?,6 storks and 2 birds were sitting on the fence. 3 more birds came to join them. How many more storks than birds are sitting on the fence?,45,1,"6 + 2 = 8
8 + 3 = 11
11 - 2 = 9
9 - 2 = 7
#### 7",neither,neutral
150,6 storks and 2 birds were sitting on the fence. 3 more birds came to join them. How many more storks than birds are sitting on the fence?,During summer break 819058 kids from Lawrence county go to camp and the other 668278 kids stay home. How many more kids spent their summer break at the camp compared to those who stayed home?,1,150780,"819058 - 668278 = 150780
150780 kids spent their summer break at the camp compared to those who stayed home.
#### 150780",text,neutral
151,During summer break 819058 kids from Lawrence county go to camp and the other 668278 kids stay home. How many more kids spent their summer break at the camp compared to those who stayed home?,At the arcade Dave had won 7 tickets. He used some tickets to buy toys. If he still has 2 tickets left How many tickets did Dave use to buy toys?,150780,5,"Dave started with 7 tickets. He has 2 tickets left. To find out how many tickets he used, we subtract the number of tickets he has left from the total number of tickets he started with.

7 tickets (initial tickets) - 2 tickets (tickets left) = 5 tickets (tickets used)

So, Dave used 5 tickets to buy toys.

#### 5",text,neutral
152,At the arcade Dave had won 7 tickets. He used some tickets to buy toys. If he still has 2 tickets left How many tickets did Dave use to buy toys?,Jerry had some action figures on a shelf in his room. Later he added 7 more action figures to the shelf. If there are a total of 10 action figures on his shelf now How many action figures did he have initially on the shelf?,5,3,"Let x be the number of action figures Jerry had initially on the shelf. Then, x + 7 = 10. Subtracting 7 from both sides gives x = 3. Therefore, Jerry had 3 action figures initially on the shelf.  Therefore, the answer is 3 .",text,neutral
153,Jerry had some action figures on a shelf in his room. Later he added 7 more action figures to the shelf. If there are a total of 10 action figures on his shelf now How many action figures did he have initially on the shelf?,Paul had 71 books. After selling some in a garage sale he bought 38 new ones. If he has 116 books now How many more books did he buy than he sold?,3,45,"Let x be the number of books Paul sold.
x + 38 = 116
x = 116 - 38
x = 78
Paul sold 78 books.
Paul bought 38 books.
38 - 78 = -40
Paul bought 40 fewer books than he sold.
#### -40",neither,neutral
154,Paul had 71 books. After selling some in a garage sale he bought 38 new ones. If he has 116 books now How many more books did he buy than he sold?,Paul got a box of some crayons for his birthday. During the school year he gave 52 crayons to his friends while he lost 535 crayons. If he only had 492 crayons left How many crayons had been lost or given away?,45,587,"Paul had 492 crayons left after giving away 52 crayons and losing 535 crayons. This means that before giving away 52 crayons, Paul had 492 + 52 = 544 crayons. If he lost 535 crayons, then the number of crayons he had before losing any was 544 + 535 = 1079 crayons. Therefore, the number of crayons that were lost or given away is 1079 - 492 = 587 crayons. So, the answer is 587 crayons.",text,neutral
155,Paul got a box of some crayons for his birthday. During the school year he gave 52 crayons to his friends while he lost 535 crayons. If he only had 492 crayons left How many crayons had been lost or given away?,Adam could fit 11 action figures on each shelf in his room. His room has 4 shelves and 40 cabinets. How many total action figures could his shelves hold?,587,44,"11 × 4 = 44 44 × 40 = 1,760
Adam could fit 1,760 action figures on his shelves.
#### 1,760",neither,neutral
156,Adam could fit 11 action figures on each shelf in his room. His room has 4 shelves and 40 cabinets. How many total action figures could his shelves hold?,The ring toss game at the carnival made 144 dollars per day. They were at the carnival for 22 days. How much money did they make?,44,3168,"144 × 22 = 3168
They made 3168 dollars.
#### 3168",text,neutral
157,The ring toss game at the carnival made 144 dollars per day. They were at the carnival for 22 days. How much money did they make?,Brenda's mother made cookies for 5. She prepared 22 cookies but had to throw away 17 cookies. If each of them had the same number of cookies How many did each of them have?,3168,1,"Brenda's mother made 5 cookies. She prepared 22 cookies but had to throw away 17 cookies. So, she had 22 - 17 = 5 cookies left. If each of them had the same number of cookies, then each of them had 5 cookies. Therefore, the answer is 5.",neither,neutral
158,Brenda's mother made cookies for 5. She prepared 22 cookies but had to throw away 17 cookies. If each of them had the same number of cookies How many did each of them have?,White t - shirts can be purchased in packages of 53. If mom buys 57 packages of white t - shirts and 34 trousers How many white t - shirts will she have?,1,3021,"Step 1: Find the total number of white t - shirts.
53 × 57 = 3021
Step 2: Find the total number of white t - shirts and trousers.
3021 + 34 = 3055
She will have 3055 white t - shirts and trousers.",neither,neutral
159,White t - shirts can be purchased in packages of 53. If mom buys 57 packages of white t - shirts and 34 trousers How many white t - shirts will she have?,He then went to see the oranges being harvested. He found out that they harvest 5 sacks of ripe oranges and 74 sacks of unripe oranges per day. How many more sacks of unripe oranges than ripe oranges are harvested per day?,3021,69,"To find out how many more sacks of unripe oranges than ripe oranges are harvested per day, we need to subtract the number of sacks of ripe oranges from the number of sacks of unripe oranges.

Given:
- Number of sacks of ripe oranges per day = 5
- Number of sacks of unripe oranges per day = 74

Step 1: Subtract the number of sacks of ripe oranges from the number of sacks of unripe oranges.
74 (sacks of unripe oranges) - 5 (sacks of ripe oranges) = 69

So, 69 more sacks of unripe oranges than ripe oranges are harvested per day.

#### 69",text,neutral
160,He then went to see the oranges being harvested. He found out that they harvest 5 sacks of ripe oranges and 74 sacks of unripe oranges per day. How many more sacks of unripe oranges than ripe oranges are harvested per day?,"Julia played tag with 14 kids on monday, 2 kids on tuesday and 8 kids on wednesday. How many more kids did she play with on monday than on wednesday?",69,6,"14 - 8 = 6
Julia played with 6 more kids on monday than on wednesday.
#### 6",text,neutral
161,"Julia played tag with 14 kids on monday, 2 kids on tuesday and 8 kids on wednesday. How many more kids did she play with on monday than on wednesday?",Paco had 13 cookies. He ate 2 of them. Then he bought 36 more cookies How many more cookies did he buy than those he ate?,6,34,"13 - 2 = 11
11 + 36 = 47
47 - 11 = 36
He bought 36 more cookies than those he ate.
#### 36",neither,neutral
162,Paco had 13 cookies. He ate 2 of them. Then he bought 36 more cookies How many more cookies did he buy than those he ate?,White t - shirts can be purchased in packages. If mom buys 28 packages which contain 56 white t - shirts in total How many white t - shirts does each package have?,34,2,"28 ÷ 56 = 0.5
#### 0.5",neither,neutral
163,White t - shirts can be purchased in packages. If mom buys 28 packages which contain 56 white t - shirts in total How many white t - shirts does each package have?,The school has 304 grades and each grade has 75 students How many students were there in total?,2,22800,"304 × 75 = 22,800
There were 22,800 students in total.
#### 22800",text,neutral
164,The school has 304 grades and each grade has 75 students How many students were there in total?,He then went to see the oranges being harvested. He found out that they harvest 25 sacks of unripe oranges and 5 sacks of ripe oranges per day. How many sacks of ripe oranges will they have after 73 days of harvest?,22800,365,"To find out how many sacks of ripe oranges will be harvested after 73 days, we need to multiply the number of sacks of ripe oranges harvested per day by the number of days they harvest.

Given:
- 5 sacks of ripe oranges per day
- 73 days of harvest

Step 1: Calculate the total number of sacks of ripe oranges harvested.
\[ \text{Total sacks of ripe oranges} = 5 \, \text{sacks/day} \times 73 \, \text{days} \]

\[ \text{Total sacks of ripe oranges} = 365 \]

So, after 73 days of harvest, they will have 365 sacks of ripe oranges.

#### 365",text,neutral
165,He then went to see the oranges being harvested. He found out that they harvest 25 sacks of unripe oranges and 5 sacks of ripe oranges per day. How many sacks of ripe oranges will they have after 73 days of harvest?,The Razorback shop makes $ 192 dollars off each t-shirt and $ 34 off each jersey. During the Arkansas and Texas tech game they sold 157 t-shirts and 19 jerseys. How much more does a t-shirt cost than a jersey?,365,158,"The Razorback shop makes $ 192 dollars off each t-shirt and $ 34 off each jersey. During the Arkansas and Texas tech game they sold 157 t-shirts and 19 jerseys. How much more does a t-shirt cost than a jersey?
$ 192 - $ 34 = $ 158
$ 158 / 157 = $ 1
$ 158 / 19 = $ 8.3
$ 1 - $ 8.3 = $ -7.3
$ 7.3 / 157 = $ 0.046
$ 7.3 / 19 = $ 0.384
$ 0.046 - $ 0.384 = $ -0.338
$ 0.338 / 157 = $ 0.002
$ 0.338 / 19 = $ 0.018
$ 0.002 - $ 0.018 = $ -0.016
$ 0.016 /",neither,neutral
166,The Razorback shop makes $ 192 dollars off each t-shirt and $ 34 off each jersey. During the Arkansas and Texas tech game they sold 157 t-shirts and 19 jerseys. How much more does a t-shirt cost than a jersey?,Steven has 14 peaches. Jake has 6 fewer peaches than Steven and 3 more peaches than Jill. How many peaches does Jill have?,158,5,"Let's denote the number of peaches Jill has as J. According to the problem, Jake has 6 fewer peaches than Steven, so Jake has J + 6 peaches. Also, Jake has 3 more peaches than Jill, so J + 6 = J + 3. Solving this equation, we get J = 3. Therefore, Jill has 3 peaches. Therefore, the answer is 3.",neither,neutral
167,Steven has 14 peaches. Jake has 6 fewer peaches than Steven and 3 more peaches than Jill. How many peaches does Jill have?,A waiter had 12 customers. While 15 customers left he got 14 new customers. How many customers does he still have?,5,11,"The waiter started with 12 customers. 15 customers left, so he lost 15 customers. Then he got 14 new customers. To find out how many customers he still has, we need to subtract the number of customers he lost from the number of customers he started with, and then add the number of new customers he got. So, 12 - 15 = -3, which means he lost 3 customers. Then, -3 + 14 = 11. Therefore, the waiter still has 11 customers. The answer is 11.",text,neutral
168,A waiter had 12 customers. While 15 customers left he got 14 new customers. How many customers does he still have?,Allan brought 2 balloons and Jake brought 4 balloons to the park. Allan then bought 3 more balloons at the park. How many more balloons did Allan have than Jake in the park?,11,1,Allan had 2 balloons. Jake had 4 balloons. Allan bought 3 more balloons. Allan had 2 + 3 = 5 balloons. Jake had 4 balloons. Allan had 5 - 4 = 1 more balloon than Jake.,text,neutral
169,Allan brought 2 balloons and Jake brought 4 balloons to the park. Allan then bought 3 more balloons at the park. How many more balloons did Allan have than Jake in the park?,"Being his favorite, he saved checking on the grapevines for his last stop. He was told by 235 of the pickers that they fill 100 drums of raspberries per day and 221 drums of grapes per day. How many drums of grapes would be filled in 77 days?",1,17017,"To find out how many drums of grapes would be filled in 77 days, we need to follow these steps:

1. Calculate the total number of drums of grapes filled per day.
2. Multiply the daily amount by the number of days.

Step 1: Calculate the total number of drums of grapes filled per day.
Given that 235 pickers fill 221 drums of grapes per day, we can calculate the total number of drums of grapes filled per day by multiplying the number of pickers by the number of drums filled per day.

\[ \text{Total drums of grapes per day} = 235 \text{ pickers} \times 221 \text{ drums per day} \]

\[ \text{Total drums of grapes per day} = 51,785 \text{ drums} \]

Step 2: Multiply the daily amount by the number of days.
Now, we multiply the total number of drums of grapes filled per day by the number of days to find out how many drums of grapes would be filled in 77 days.

\[ \text{Total drums of grapes in 77 days} = 51,785 \text{ drums per day}",neither,neutral
170,"Being his favorite, he saved checking on the grapevines for his last stop. He was told by 235 of the pickers that they fill 100 drums of raspberries per day and 221 drums of grapes per day. How many drums of grapes would be filled in 77 days?",Ed had 6 more marbles than Doug. Doug lost 7 of his marbles at the playground. If Ed had 22 marbles How many marbles does Doug have now?,17017,9,"Step 1: Find how many marbles Ed had before losing any.
Ed had 22 marbles and had 6 more than Doug, so Doug had 22 - 6 = 16 marbles.

Step 2: Find how many marbles Doug has now after losing some.
Doug lost 7 marbles, so he has 16 - 7 = 9 marbles now.

The answer is Doug has 9 marbles now.",text,neutral
171,Ed had 6 more marbles than Doug. Doug lost 7 of his marbles at the playground. If Ed had 22 marbles How many marbles does Doug have now?,At the arcade Dave had won 18 tickets. If he used 5 to buy some toys and 11 more to buy some clothes How many tickets did Dave have left?,9,2,"Dave had 18 tickets. He used 5 tickets to buy toys, so he had 18 - 5 = 13 tickets left. Then he used 11 tickets to buy clothes, so he had 13 - 11 = 2 tickets left. Therefore, Dave had 2 tickets left. The answer is 2.",text,neutral
172,At the arcade Dave had won 18 tickets. If he used 5 to buy some toys and 11 more to buy some clothes How many tickets did Dave have left?,Danny has 21 bottle caps in his collection. He found some more bottle caps at the park. If he has 53 bottle caps now How many bottle caps did he find at the park?,2,32,"Danny has 53 bottle caps now and he had 21 bottle caps in his collection. To find out how many bottle caps he found at the park, we need to subtract the number of bottle caps he had in his collection from the total number of bottle caps he has now.

53 (total bottle caps now) - 21 (bottle caps in collection) = 32 bottle caps

So, Danny found 32 bottle caps at the park. 

Therefore, the answer is 32 bottle caps.",text,neutral
173,Danny has 21 bottle caps in his collection. He found some more bottle caps at the park. If he has 53 bottle caps now How many bottle caps did he find at the park?,Paul got a box of 65 crayons for his birthday. During the school year he gave 213 crayons to his friends while he lost 16 crayons. How many crayons had been lost or given away?,32,229,"65 - 213 = -148
-148 - 16 = -164
-164 + 0 = -164
-164 + 0 = -164
-164 + 0 = -164
-164 + 0 = -164
-164 + 0 = -164
-164 + 0 = -164
-164 + 0 = -164
-164 + 0 = -164
-164 + 0 = -164
-164 + 0 = -164
-164 + 0 = -164
-164 + 0 = -164
-164 + 0 = -164
-164 + 0 = -164
-164 + 0 = -164
-164 + 0 = -164
-164 + 0 = -164
-164 + 0 =",neither,neutral
174,Paul got a box of 65 crayons for his birthday. During the school year he gave 213 crayons to his friends while he lost 16 crayons. How many crayons had been lost or given away?,At the arcade Dave had won 14 tickets and lost 2 tickets. If he used 10 to buy some toys How many tickets did Dave have left?,229,2,"Dave had 14 tickets and lost 2 tickets, so he had 14 - 2 = 12 tickets left. If he used 10 tickets to buy some toys, then he had 12 - 10 = 2 tickets left. Therefore, Dave had 2 tickets left.  Therefore, the answer is 2.",text,neutral
175,At the arcade Dave had won 14 tickets and lost 2 tickets. If he used 10 to buy some toys How many tickets did Dave have left?,"A grocery store had 72 bottles of regular soda, 32 bottles of diet soda and 78 apples. How many more bottles than apple did they have?",2,26,"Find the number of bottles . 72 + 32 = 104
Find the difference between the number of bottles and apples . 104 - 78 = 26
They had 26 more bottles than apples .",text,neutral
176,"A grocery store had 72 bottles of regular soda, 32 bottles of diet soda and 78 apples. How many more bottles than apple did they have?",Because of the decision Sofia asked the students to suggest specific types of food. If 269 students suggested adding bacon 330 suggested adding mashed potatoes to the menu and 76 suggested adding tomatoes How many more students suggested mashed potatoes than those that suggested bacon?,26,61,"Find the number of students who suggested bacon. 269
Find the number of students who suggested mashed potatoes. 330
Subtract to find the difference. 330 − 269 = 61
61 more students suggested mashed potatoes than those that suggested bacon.",text,neutral
177,Because of the decision Sofia asked the students to suggest specific types of food. If 269 students suggested adding bacon 330 suggested adding mashed potatoes to the menu and 76 suggested adding tomatoes How many more students suggested mashed potatoes than those that suggested bacon?,Because of the decision Sofia asked 310 students to suggest specific types of food. 185 students suggested adding mashed potatoes while others suggested adding bacon to the menu. How many students suggested bacon?,61,125,"To find out how many students suggested bacon, we can subtract the number of students who suggested mashed potatoes from the total number of students who participated in the survey.

Total students = 310
Students who suggested mashed potatoes = 185

Students who suggested bacon = Total students - Students who suggested mashed potatoes
= 310 - 185
= 125

Therefore, 125 students suggested bacon. 

#### 125",text,neutral
178,Because of the decision Sofia asked 310 students to suggest specific types of food. 185 students suggested adding mashed potatoes while others suggested adding bacon to the menu. How many students suggested bacon?,Lewis earns $ 403 every week during the 233 weeks of harvest. If he has to pay $ 49 rent every week How much money does he earn during harvest season?,125,93899,"To find out how much money Lewis earns during the harvest season, we need to calculate his total earnings and then subtract the rent he pays each week.

1. Calculate the total earnings during the harvest season:
   Lewis earns $403 every week for 233 weeks.
   Total earnings = $403 * 233 = $94,299

2. Calculate the total rent paid during the harvest season:
   Lewis pays $49 rent every week for 233 weeks.
   Total rent = $49 * 233 = $11,417

3. Calculate the total money earned during the harvest season after paying rent:
   Total money earned = Total earnings - Total rent
   Total money earned = $94,299 - $11,417 = $82,882

Therefore, Lewis earns $82,882 during the harvest season.

#### $82,882",neither,neutral
179,Lewis earns $ 403 every week during the 233 weeks of harvest. If he has to pay $ 49 rent every week How much money does he earn during harvest season?,"They decided to hold the party in their backyard. They have some sets of tables, each having the 3 chairs. If there are a total of 9 chairs in the backyard How many sets of tables do they have?",93899,3,"There are 9 chairs in total. Each set of tables has 3 chairs. To find the number of sets of tables, we divide the total number of chairs by the number of chairs per set: 9 ÷ 3 = 3. Therefore, they have 3 sets of tables. 3
#### 3",text,neutral
180,"They decided to hold the party in their backyard. They have some sets of tables, each having the 3 chairs. If there are a total of 9 chairs in the backyard How many sets of tables do they have?","After eating a hearty meal they went to see the Buckingham palace. There, Rachel learned that 705 visitors came to the Buckingham palace that day. If there were 191 visitors the previous day and 457 visitors the day before that How many more visitors visited the Buckingham palace on that day than on the previous 245 days?",3,57,"To find out how many more visitors visited the Buckingham palace on that day than on the previous 245 days, we need to follow these steps:

1. Calculate the total number of visitors over the previous 245 days.
2. Subtract the number of visitors from the previous day from the total number of visitors over the previous 245 days.
3. Subtract the number of visitors from the day before the previous day from the result of step 2.

Let's do the calculations:

1. Total number of visitors over the previous 245 days:
   \[
   191 + 457 = 648
   \]

2. Subtract the number of visitors from the previous day from the total number of visitors over the previous 245 days:
   \[
   648 - 191 = 457
   \]

3. Subtract the number of visitors from the day before the previous day from the result of step 2:
   \[
   457 - 457 = 0
   \]

Therefore, the number of more visitors visited the Buckingham palace on that day than on the previous 245 days is 0.",neither,neutral
181,"After eating a hearty meal they went to see the Buckingham palace. There, Rachel learned that 705 visitors came to the Buckingham palace that day. If there were 191 visitors the previous day and 457 visitors the day before that How many more visitors visited the Buckingham palace on that day than on the previous 245 days?",There are 11 different books and 17 different movies in the ' crazy silly school ' series. If you read 7 of the books and watched 21 of the movies How many more movies than books have you read?,57,14,"To find out how many more movies than books you have read, you need to subtract the number of books from the number of movies.

You read 7 books and watched 21 movies.

So, the difference is 21 - 7 = 14.

Therefore, you have read 14 more movies than books.

#### 14",text,neutral
182,There are 11 different books and 17 different movies in the ' crazy silly school ' series. If you read 7 of the books and watched 21 of the movies How many more movies than books have you read?,For the walls of the house he would use 12 large planks of wood and 10 small planks. If large planks together need 15 pieces of nails to be secured and small planks together need 5 nails. How many nails does John need for the house wall?,14,20,"To find out how many nails John needs for the house wall, we need to calculate the nails required for the large planks and the small planks separately, and then add them together.

1. Calculate the nails needed for the large planks:
   - There are 12 large planks.
   - Each large plank needs 15 nails.
   - So, the total nails needed for the large planks = 12 * 15 = 180 nails.

2. Calculate the nails needed for the small planks:
   - There are 10 small planks.
   - Each small plank needs 5 nails.
   - So, the total nails needed for the small planks = 10 * 5 = 50 nails.

3. Add the nails needed for the large planks and the small planks:
   - Total nails = nails for large planks + nails for small planks
   - Total nails = 180 + 50 = 230 nails.

Therefore, John needs 230 nails for the house wall.",neither,neutral
183,For the walls of the house he would use 12 large planks of wood and 10 small planks. If large planks together need 15 pieces of nails to be secured and small planks together need 5 nails. How many nails does John need for the house wall?,Matthew gave equal numbers of crackers and cakes to his 28 friends. If he had 13 crackers and 15 cakes initially How many crackers and cakes did each person eat?,20,1,"Matthew gave equal numbers of crackers and cakes to his 28 friends. If he had 13 crackers and 15 cakes initially, we need to find out how many crackers and cakes each person ate.

First, let's find out how many crackers and cakes Matthew had in total. He had 13 crackers and 15 cakes, so the total number of items he had was 13 + 15 = 28.

Since he gave equal numbers of crackers and cakes to his 28 friends, we need to divide the total number of items by the number of friends to find out how many items each friend received.

28 items / 28 friends = 1 item per friend

So, each friend received 1 cracker and 1 cake.

Therefore, the answer is that each person ate 1 cracker and 1 cake.

#### <answer>",text,neutral
184,Matthew gave equal numbers of crackers and cakes to his 28 friends. If he had 13 crackers and 15 cakes initially How many crackers and cakes did each person eat?,Winter is almost here and most animals are migrating to warmer countries. 27 bird families flew away for the winter from near a mountain. If there were 41 bird families living near the mountain initially How many bird families were left near the mountain?,1,14,"41 - 27 = 14
14 bird families were left near the mountain.
#### 14",text,neutral
185,Winter is almost here and most animals are migrating to warmer countries. 27 bird families flew away for the winter from near a mountain. If there were 41 bird families living near the mountain initially How many bird families were left near the mountain?,Rebecca wants to split a collection of eggs into groups of 20. Rebecca has 5 marbles and 12 eggs. How many more eggs does Rebecca have than marbles?,14,7,"Rebecca has 12 eggs and 5 marbles. To find out how many more eggs she has than marbles, we subtract the number of marbles from the number of eggs: 12 - 5 = 7. Therefore, Rebecca has 7 more eggs than marbles. The answer is 7.",text,neutral
186,Rebecca wants to split a collection of eggs into groups of 20. Rebecca has 5 marbles and 12 eggs. How many more eggs does Rebecca have than marbles?,A mailman has to give 32 pieces of junk mail to each of the 55 blocks. If he gives 8 mails to each house in a block How many houses are there in a block?,7,4,"32 * 55 = 1760
1760 / 8 = 220
220 / 55 = 4
4 * 55 = 220
220 / 8 = 27.5
27.5 * 55 = 1507.5
1507.5 / 8 = 188.4375
188.4375 * 55 = 10362.03125
10362.03125 / 8 = 1295.25390625
1295.25390625 * 55 = 71238.866875
71238.866875 / 8 = 8904.35836
8904.35836 * 55 = 489739.2603
489739.2603 / 8",neither,neutral
187,A mailman has to give 32 pieces of junk mail to each of the 55 blocks. If he gives 8 mails to each house in a block How many houses are there in a block?,"After eating a hearty meal they went to see the Buckingham palace. There, Rachel learned that 92 visitors came to the Buckingham palace that day. If there were 419 visitors the previous day and 103 visitors the day before that How many visited the Buckingham palace before that day?",4,522,"To find out how many visitors visited the Buckingham palace before that day, we need to add the number of visitors from the previous two days and subtract the number of visitors from the current day.

Visitors the day before the current day: 103
Visitors the day before that: 419
Visitors on the current day: 92

Total visitors before the current day = Visitors the day before the current day + Visitors the day before that - Visitors on the current day

Total visitors before the current day = 103 + 419 - 92

Total visitors before the current day = 520 - 92

Total visitors before the current day = 428

Therefore, 428 visitors visited the Buckingham palace before that day. 

#### 428",neither,neutral
188,"After eating a hearty meal they went to see the Buckingham palace. There, Rachel learned that 92 visitors came to the Buckingham palace that day. If there were 419 visitors the previous day and 103 visitors the day before that How many visited the Buckingham palace before that day?",Danny collects bottle caps and wrappers. He found 65 wrappers and 5 bottle caps at the park. Now he has 31 bottle caps and 9 wrappers in his collection. How many more wrappers than bottle caps did danny find at the park?,522,60,"Danny found 65 wrappers and 5 bottle caps at the park. Now he has 31 bottle caps and 9 wrappers in his collection. To find out how many more wrappers than bottle caps Danny found at the park, we need to subtract the number of bottle caps from the number of wrappers.

First, let's find out how many wrappers Danny had before he found the 65 wrappers at the park. We know he has 9 wrappers now, so we need to add the 65 wrappers he found to the 9 wrappers he already had.

65 wrappers + 9 wrappers = 74 wrappers

Now we know Danny had 74 wrappers before he found the 65 wrappers at the park. We also know he has 31 bottle caps in his collection now. To find out how many more wrappers than bottle caps Danny found at the park, we need to subtract the number of bottle caps from the number of wrappers.

74 wrappers - 31 bottle caps = 43 wrappers

So, Danny found 43 more wrappers than bottle caps at the park. The answer is 43.",neither,neutral
189,Danny collects bottle caps and wrappers. He found 65 wrappers and 5 bottle caps at the park. Now he has 31 bottle caps and 9 wrappers in his collection. How many more wrappers than bottle caps did danny find at the park?,The Razorback t-shirt shop makes $ 87 dollars off each t-shirt sold. During the Arkansas game and the Texas tech game they sold a total of 95 t-shirts. If they sold 47 t-shirts during the Arkansas game How much money did they make from selling the t-shirts?,60,8265,"The Razorback t-shirt shop makes $ 87 dollars off each t-shirt sold. During the Arkansas game and the Texas tech game they sold a total of 95 t-shirts. If they sold 47 t-shirts during the Arkansas game How much money did they make from selling the t-shirts?
Step 1: Find how many t-shirts were sold during the Texas tech game.
95 - 47 = 48
Step 2: Find how much money was made from selling the t-shirts during the Arkansas game.
47 × $ 87 = $ 4,079
Step 3: Find how much money was made from selling the t-shirts during the Texas tech game.
48 × $ 87 = $ 4,116
Step 4: Find how much money was made from selling the t-shirts during both games.
$ 4,079 + $ 4,116 = $ 8,195
The Razorback t-shirt shop made $ 8,195 from selling the t-shirts.
#### $ 8,195",neither,neutral
190,The Razorback t-shirt shop makes $ 87 dollars off each t-shirt sold. During the Arkansas game and the Texas tech game they sold a total of 95 t-shirts. If they sold 47 t-shirts during the Arkansas game How much money did they make from selling the t-shirts?,Paco had 41 cookies. He gave 9 cookies to his friend and ate 18 cookies. How many more cookies did he eat than those he gave to his friend?,8265,9,"Paco had 41 cookies. He gave 9 cookies to his friend, so he had 41 - 9 = 32 cookies left. He ate 18 cookies, so he had 32 - 18 = 14 cookies left. Paco ate 18 cookies and gave 9 cookies to his friend, so he ate 18 - 9 = 9 more cookies than those he gave to his friend. Therefore, the answer is 9.",text,neutral
191,Paco had 41 cookies. He gave 9 cookies to his friend and ate 18 cookies. How many more cookies did he eat than those he gave to his friend?,In a school there are 402 more girls than boys. If there are 739 girls How many boys are there in that school?,9,337,Let the number of boys be x. Then the number of girls is x + 402. x + 402 = 739 x = 337 There are 337 boys in that school.,text,neutral
192,In a school there are 402 more girls than boys. If there are 739 girls How many boys are there in that school?,Because of the decision Sofia asked the students to suggest specific types of food. 182 students suggested adding mashed potatoes while others suggested adding bacon to the menu. If 166 more students suggested adding bacon than those that suggested mashed potatoes How many students suggested bacon?,337,348,"Let the number of students who suggested mashed potatoes be x. Then the number of students who suggested bacon is x + 166. The total number of students is 182 + x + (x + 166) = 2x + 348. Since the total number of students is 402, we have 2x + 348 = 402. Solving this equation, we get x = 27. Therefore, the number of students who suggested bacon is x + 166 = 27 + 166 = 193. So the answer is 193.",neither,neutral
193,Because of the decision Sofia asked the students to suggest specific types of food. 182 students suggested adding mashed potatoes while others suggested adding bacon to the menu. If 166 more students suggested adding bacon than those that suggested mashed potatoes How many students suggested bacon?,"The grasshopper, the frog and the mouse had a jumping contest. The grasshopper jumped 9 inches. The mouse jumped 3 inches lesser than the frog who jumped 33 inches farther than the grasshopper. How far did the mouse jump?",348,39,"The grasshopper jumped 9 inches.
The frog jumped 33 inches farther than the grasshopper, so the frog jumped 9 + 33 = 42 inches.
The mouse jumped 3 inches lesser than the frog, so the mouse jumped 42 - 3 = 39 inches.
Therefore, the mouse jumped 39 inches.
#### 39",text,neutral
194,"The grasshopper, the frog and the mouse had a jumping contest. The grasshopper jumped 9 inches. The mouse jumped 3 inches lesser than the frog who jumped 33 inches farther than the grasshopper. How far did the mouse jump?",Ed had 30 more marbles than Doug. Ed lost 21 of his marbles at the playground. If Ed had 91 marbles How many more marbles did Ed have than Doug then?,39,9,"Step 1: Find out how many marbles Doug had.
If Ed had 30 more marbles than Doug and Ed had 91 marbles, then Doug had 91 - 30 = 61 marbles.

Step 2: Find out how many marbles Ed had after losing some at the playground.
If Ed lost 21 marbles, then he had 91 - 21 = 70 marbles left.

Step 3: Find out how many more marbles Ed had than Doug.
If Doug had 61 marbles and Ed had 70 marbles, then Ed had 70 - 61 = 9 more marbles than Doug.

Therefore, the answer is 9.",text,neutral
195,Ed had 30 more marbles than Doug. Ed lost 21 of his marbles at the playground. If Ed had 91 marbles How many more marbles did Ed have than Doug then?,Danny collects bottle caps. He found 30 bottle caps at the park while he threw away 63 old ones. Now he has 42 bottle caps in his collection. How many more bottle caps did danny throw away than those he found at the park?,9,33,"Danny found 30 bottle caps and now he has 42 bottle caps in his collection. This means he found 12 more bottle caps than those he threw away. He threw away 63 old ones. So, he threw away 63 - 12 = 51 more bottle caps than those he found at the park. Therefore, the answer is 51.",neither,neutral
196,Danny collects bottle caps. He found 30 bottle caps at the park while he threw away 63 old ones. Now he has 42 bottle caps in his collection. How many more bottle caps did danny throw away than those he found at the park?,There are 384 oranges and 192 bananas in Philip's collection. If the bananas are organized into 345 groups and oranges are organized into 16 groups How big is each group of oranges?,33,24,"To find out how many oranges are in each group, we need to divide the total number of oranges by the number of groups they are organized into.

Given:
- Total number of oranges = 384
- Number of groups of oranges = 16

To find the number of oranges in each group, we perform the division:

\[ \text{Number of oranges in each group} = \frac{\text{Total number of oranges}}{\text{Number of groups of oranges}} \]

\[ \text{Number of oranges in each group} = \frac{384}{16} \]

\[ \text{Number of oranges in each group} = 24 \]

Therefore, there are 24 oranges in each group. 

#### 24",text,neutral
197,There are 384 oranges and 192 bananas in Philip's collection. If the bananas are organized into 345 groups and oranges are organized into 16 groups How big is each group of oranges?,Paul got a box of 253 crayons for his birthday. By the end of the school year he had either lost or given away 70 of them. How many crayons did he have left by the end of the school year?,24,183,"253 - 70 = 183
183 crayons left
#### 183",text,neutral
198,Paul got a box of 253 crayons for his birthday. By the end of the school year he had either lost or given away 70 of them. How many crayons did he have left by the end of the school year?,Josh had 15 marbles in his collection. He found 9 marbles while he lost 23 marbles. How many more marbles did he lose than those he found?,183,14,"Find the number of marbles Josh lost.
23
Find the number of marbles Josh found.
9
Subtract to find the difference.
23 - 9 = 14
Josh lost 14 more marbles than those he found.",text,neutral
199,Josh had 15 marbles in his collection. He found 9 marbles while he lost 23 marbles. How many more marbles did he lose than those he found?,An industrial machine can make 6 shirts a minute. It worked for 12 minutes yesterday and for 14 shirts today. How many shirts did machine make altogether?,14,156,"First, find how many shirts the machine made yesterday. 6 × 12 = 72
Next, find how many shirts the machine made today. 6 × 14 = 84
Now find how many shirts the machine made in all. 72 + 84 = 156
The machine made 156 shirts in all.",text,neutral
200,An industrial machine can make 6 shirts a minute. It worked for 12 minutes yesterday and for 14 shirts today. How many shirts did machine make altogether?,A grocery store had 67 bottles of regular soda and 9 bottles of diet soda. How many more bottles of regular soda than diet soda did they have?,156,58,"67 - 9 = 58
They had 58 more bottles of regular soda than diet soda.",text,neutral
201,A grocery store had 67 bottles of regular soda and 9 bottles of diet soda. How many more bottles of regular soda than diet soda did they have?,Lewis earns $ 21 every week during the 216 weeks of harvest. If he has to pay $ 702 tax How much money will have at the end of the harvest season?,58,3834,"Step 1: Find how much money Lewis has after paying the tax.
Step 2: Find how much money Lewis has after the harvest season.
Step 3: Find how much money Lewis has after paying the tax.
Step 4: Find how much money Lewis has after the harvest season.
Step 5: Find how much money Lewis has after paying the tax.
Step 6: Find how much money Lewis has after the harvest season.
Step 7: Find how much money Lewis has after paying the tax.
Step 8: Find how much money Lewis has after the harvest season.
Step 9: Find how much money Lewis has after paying the tax.
Step 10: Find how much money Lewis has after the harvest season.
Step 11: Find how much money Lewis has after paying the tax.
Step 12: Find how much money Lewis has after the harvest season.
Step 13: Find how much money Lewis has after paying the tax.
Step 14: Find how much money Lewis has after the harvest season.
Step 15: Find how much money Lewis has after paying the tax.
Step 16: Find how much money Lewis has after the harvest season.
Step 17: Find how much money",neither,neutral
202,Lewis earns $ 21 every week during the 216 weeks of harvest. If he has to pay $ 702 tax How much money will have at the end of the harvest season?,Jessie weighed 92 kilograms. After she started to go jogging everyday she lost 56 kilograms in the first week and 99 kilograms in the second week. How much did she weigh after the first week of jogging?,3834,36,"92 - 56 = 36
36 - 99 = -63
She weighed -63 kilograms after the first week of jogging.",neither,neutral
203,Jessie weighed 92 kilograms. After she started to go jogging everyday she lost 56 kilograms in the first week and 99 kilograms in the second week. How much did she weigh after the first week of jogging?,There were 21 roses in the vase. Jessica threw away 34 roses from the vase and cut some more new roses from her flower garden to put in the vase. There are now 15 roses in the vase. How many more roses did she throw away than those she cut from her garden?,36,6,"Jessica threw away 34 roses and now there are 15 roses in the vase. So, she cut 34 - 15 = 19 roses from her garden. The difference between the number of roses she threw away and the number of roses she cut from her garden is 34 - 19 = 15. Therefore, Jessica threw away 15 more roses than those she cut from her garden.",neither,neutral
204,There were 21 roses in the vase. Jessica threw away 34 roses from the vase and cut some more new roses from her flower garden to put in the vase. There are now 15 roses in the vase. How many more roses did she throw away than those she cut from her garden?,Paco had 25 cookies. He ate 5 of them. Then he bought 3 more cookies How many more cookies did he eat than those he bought?,6,2,"Paco started with 25 cookies.
He ate 5 cookies, so he had 25 - 5 = 20 cookies left.
Then he bought 3 more cookies.
To find out how many more cookies he ate than those he bought, we need to subtract the number of cookies he bought from the number of cookies he ate.
He ate 5 cookies and bought 3 cookies, so he ate 5 - 3 = 2 more cookies.
Therefore, Paco ate 2 more cookies than those he bought.
The answer is 2.",text,neutral
205,Paco had 25 cookies. He ate 5 of them. Then he bought 3 more cookies How many more cookies did he eat than those he bought?,Melissa scored a total of 21 points playing some games. Is she scored 7 points in each game. How many games did she play?,2,3,Let x be the number of games Melissa played. Then 7 x = 21 . Divide both sides by 7 . x = 3 Melissa played 3 games. 3 × 7 = 21 Melissa scored 7 points in each game. 21 ÷ 7 = 3 Melissa played 3 games. 3 × 7 = 21 Melissa scored 7 points in each game. 21 ÷ 7 = 3 Melissa played 3 games. 3 × 7 = 21 Melissa scored 7 points in each game. 21 ÷ 7 = 3 Melissa played 3 games. 3 × 7 = 21 Melissa scored 7 points in each game. 21 ÷ 7 = 3 Melissa played 3 games. 3 × 7 = 21 Melissa scored 7 points in each game. 21 ÷ 7 = 3 Melissa played 3 games. 3 × 7 = 21 Melissa scored 7 points in each game. 21 ÷ 7 = 3 Melissa played 3 games. 3 × 7 = 21 Melissa scored 7 points in each,neither,neutral
206,Melissa scored a total of 21 points playing some games. Is she scored 7 points in each game. How many games did she play?,Paige was helping her mom plant flowers and together they planted 45 seeds in 9 flowerbeds. If they put same number of seeds in each flower bed How many seeds did they plant in each flowerbed?,3,5,"To find out how many seeds they planted in each flowerbed, we need to divide the total number of seeds by the number of flowerbeds. So, we have 45 seeds and 9 flowerbeds. 

45 ÷ 9 = 5

Therefore, they planted 5 seeds in each flowerbed. 

#### 5",text,neutral
207,Paige was helping her mom plant flowers and together they planted 45 seeds in 9 flowerbeds. If they put same number of seeds in each flower bed How many seeds did they plant in each flowerbed?,Jake has 11 fewer peaches than Steven. If Jake has 17 peaches. How many peaches does Steven have?,5,28,"If Jake has 17 peaches and he has 11 fewer peaches than Steven, then Steven has 17 + 11 = 28 peaches. Therefore, the answer is 28 peaches.",text,neutral
208,Jake has 11 fewer peaches than Steven. If Jake has 17 peaches. How many peaches does Steven have?,Frank was reading through his favorite book. The book had 193 pages equally distributed over 15 chapters. It took Frank 660 days to finish the book. How many chapters did he read per day?,28,44,"To find out how many chapters Frank read per day, we first need to determine the number of chapters in the book. The book has 193 pages and is equally distributed over 15 chapters. So, the number of pages per chapter is 193 pages / 15 chapters = 12.8667 pages/chapter. Since we can't have a fraction of a page, we'll round this to 12.87 pages/chapter (assuming the book is evenly distributed, we'll use the average of the first and last page for each chapter).

Next, we need to find out how many chapters Frank read in total. Since he read the entire book, he read 15 chapters.

Now, we need to find out how many days it took him to read each chapter. We know it took him 660 days to finish the book. So, the number of days per chapter is 660 days / 15 chapters = 44 days/chapter.

Therefore, Frank read 44 chapters per day. However, this result seems unrealistic given the context of the problem, as it's unlikely that a book would have 193 pages per chapter. It's possible that",neither,neutral
209,Frank was reading through his favorite book. The book had 193 pages equally distributed over 15 chapters. It took Frank 660 days to finish the book. How many chapters did he read per day?,Rachel had to complete 5 pages of math homework and 2 pages of reading homework. How many more pages of math homework than reading homework did she have?,44,3,"5 - 2 = 3
She had 3 more pages of math homework than reading homework.
#### 3",text,neutral
210,Rachel had to complete 5 pages of math homework and 2 pages of reading homework. How many more pages of math homework than reading homework did she have?,Frank put some pieces of candy equally into 2 bags. If he had 16 pieces of candy How many pieces of candy are in each bag?,3,8,"16 ÷ 2 = 8
There are 8 pieces of candy in each bag.
#### 8",text,neutral
211,Frank put some pieces of candy equally into 2 bags. If he had 16 pieces of candy How many pieces of candy are in each bag?,Jerry had 8 action figures on a shelf in his room. Later he added 4 more action figures to the shelf and removed 5 old ones. How many action figures were on his shelf in all?,8,7,Start with 8 action figures. Add 4 more action figures. 8 + 4 = 12. Remove 5 action figures. 12 - 5 = 7. There are 7 action figures on the shelf.,text,neutral
212,Jerry had 8 action figures on a shelf in his room. Later he added 4 more action figures to the shelf and removed 5 old ones. How many action figures were on his shelf in all?,Baker made 110 cakes. He sold 75 of them. Then he made 76 more cakes. How many cakes would baker still have?,7,111,"Baker started with 110 cakes.
He sold 75 cakes, so he had 110 - 75 = 35 cakes left.
Then he made 76 more cakes, so he had 35 + 76 = 111 cakes in total.
Therefore, baker would still have 111 cakes.",text,neutral
213,Baker made 110 cakes. He sold 75 of them. Then he made 76 more cakes. How many cakes would baker still have?,Paco ate 19 cookies and had 35 cookies left. How many cookies did he have in the beginning?,111,54,"Paco had 19 cookies and had 35 cookies left. To find out how many cookies he had in the beginning, we need to add the number of cookies he ate and the number of cookies he had left. 19 + 35 = 54. Therefore, Paco had 54 cookies in the beginning.  Therefore, the answer is 54.",text,neutral
214,Paco ate 19 cookies and had 35 cookies left. How many cookies did he have in the beginning?,Dan has $ 4. He had $ 3 left with him after he bought a candy bar. How much did the candy bar cost?,54,1,"Subtract 3 from 4 to find the cost of the candy bar. 4 - 3 = 1
The candy bar cost $ 1.",text,neutral
215,Dan has $ 4. He had $ 3 left with him after he bought a candy bar. How much did the candy bar cost?,For the walls of the house he would use 11 nails in all to secure large planks of wood. If each plank needs 3 pieces of nails to be secured and an additional 8 nails were used. How many planks does John need for the house wall?,1,1,"To find out how many planks John needs for the house wall, we can follow these steps:

1. First, we need to determine how many nails are needed for the planks. Since each plank needs 3 nails and an additional 8 nails were used, we can calculate the total number of nails needed as follows:
   \[
   \text{Total nails needed} = 3 \times 11 + 8 = 33 + 8 = 41
   \]

2. Next, we need to find out how many planks are needed. Since each plank requires 3 nails, we can calculate the number of planks as follows:
   \[
   \text{Number of planks} = \frac{\text{Total nails needed}}{\text{Nails per plank}} = \frac{41}{3}
   \]

3. Since we can't have a fraction of a plank, we need to round up to the nearest whole number. Therefore, John needs 14 planks for the house wall.

#### 14",ambiguous,neutral
216,For the walls of the house he would use 11 nails in all to secure large planks of wood. If each plank needs 3 pieces of nails to be secured and an additional 8 nails were used. How many planks does John need for the house wall?,Paige raised 16 goldfish and 71 catfish in the pond but stray cats loved eating them. Now she has 2 left. How many goldfish disappeared?,1,14,"Paige initially had 16 goldfish. After the cats ate some, she has 2 left. To find out how many goldfish disappeared, we subtract the number of goldfish she has left from the initial number of goldfish.

16 (initial goldfish) - 2 (goldfish left) = 14 (goldfish disappeared)

So, 14 goldfish disappeared.",text,neutral
217,Paige raised 16 goldfish and 71 catfish in the pond but stray cats loved eating them. Now she has 2 left. How many goldfish disappeared?,Baker sold 44 cakes. If he had made 48 cakes initially How many cakes would baker still have?,14,4,"48 - 44 = 4
4 cakes
#### 4",text,neutral
218,Baker sold 44 cakes. If he had made 48 cakes initially How many cakes would baker still have?,The ring toss game at the carnival made 325 dollars in the first 154 days and 114 dollars in the remaining 57 days. How much did they make per day in the remaining 57 days at the carnival?,4,2,"To find out how much the ring toss game made per day in the remaining 57 days, we need to divide the total amount made in those days by the number of days.

The total amount made in the remaining 57 days is 114 dollars.

So, the amount made per day in the remaining 57 days is 114 dollars divided by 57 days.

Let's calculate that.

114 ÷ 57 = 2

Therefore, the ring toss game made 2 dollars per day in the remaining 57 days at the carnival.

#### 2",text,neutral
219,The ring toss game at the carnival made 325 dollars in the first 154 days and 114 dollars in the remaining 57 days. How much did they make per day in the remaining 57 days at the carnival?,Rachel had to complete 10 pages of math homework. If she had to complete 3 more pages of reading homework than math homework How many pages did she have to complete in all?,2,23,"To find the total number of pages Rachel had to complete, we need to first determine how many pages of reading homework she had to complete. Since she had to complete 3 more pages of reading homework than math homework, and she had to complete 10 pages of math homework, she had to complete 10 + 3 = 13 pages of reading homework. To find the total number of pages she had to complete, we add the number of pages of math homework and the number of pages of reading homework: 10 + 13 = 23 pages. Therefore, Rachel had to complete 23 pages in all.",text,neutral
220,Rachel had to complete 10 pages of math homework. If she had to complete 3 more pages of reading homework than math homework How many pages did she have to complete in all?,"Being his favorite, he saved checking on the grapevines for his last stop. He was told by 36 of the pickers that they fill 8 drums of grapes per day. How many days will it take to fill 240 drums of grapes?",23,30,"To find out how many days it will take to fill 240 drums of grapes, we can follow these steps:

1. **Determine the number of drums filled per day by the pickers.**
   - According to the information, 36 pickers fill 8 drums of grapes per day.

2. **Calculate the total number of drums filled per day by all pickers.**
   - Since 36 pickers fill 8 drums per day, the total number of drums filled per day by all pickers is \(36 \times 8 = 288\) drums.

3. **Determine how many days it will take to fill 240 drums of grapes.**
   - To find out how many days it will take to fill 240 drums, we divide the total number of drums by the number of drums filled per day.
   - \(240 \div 288 = 0.8333...\)

Since we can't have a fraction of a day in this context, we round up to the nearest whole number. Therefore, it will take 1 day to fill 240 drums of grapes.

#### 1",neither,neutral
221,"Being his favorite, he saved checking on the grapevines for his last stop. He was told by 36 of the pickers that they fill 8 drums of grapes per day. How many days will it take to fill 240 drums of grapes?",Nell collects cards. She had 438 baseball cards and 18 Ace cards. She gave some of her cards to Jeff and now has 55 Ace cards and 178 baseball cards left. How many more baseball cards than Ace cards does Nell have?,30,123,"Nell had 438 baseball cards and 18 Ace cards. She gave some of her cards to Jeff and now has 55 Ace cards and 178 baseball cards left. To find out how many more baseball cards than Ace cards Nell has, we need to subtract the number of Ace cards from the number of baseball cards. 438 - 55 = 383. Nell has 383 more baseball cards than Ace cards. Therefore, the answer is 383.",neither,neutral
222,Nell collects cards. She had 438 baseball cards and 18 Ace cards. She gave some of her cards to Jeff and now has 55 Ace cards and 178 baseball cards left. How many more baseball cards than Ace cards does Nell have?,There were 15 roses in the vase. Jessica threw away 33 roses from the vase and cut some more new roses from her flower garden to put in the vase. There are now 17 roses in the vase. How many more roses did she cut than those she threw away?,123,2,"Jessica threw away 33 roses and now there are 17 roses in the vase. This means she added 17 - 33 = -16 roses from her flower garden. However, since we can't have a negative number of roses, we need to interpret this as she added 16 roses to the vase. Therefore, she cut 16 more roses than those she threw away. The answer is 16.",neither,neutral
223,There were 15 roses in the vase. Jessica threw away 33 roses from the vase and cut some more new roses from her flower garden to put in the vase. There are now 17 roses in the vase. How many more roses did she cut than those she threw away?,Dan has $ 4. For a total of $ 3 he bought 10 candy bar each one costing the same amount of money. How much money is left?,2,1,"Dan has $4. He bought 10 candy bars for $3. To find out how much each candy bar costs, we divide the total cost by the number of candy bars: $3 ÷ 10 = $0.30. So, each candy bar costs $0.30. To find out how much money is left, we subtract the total cost of the candy bars from the amount Dan had initially: $4 - $3 = $1. Therefore, Dan has $1 left.",text,neutral
224,Dan has $ 4. For a total of $ 3 he bought 10 candy bar each one costing the same amount of money. How much money is left?,If they are already at 659 feet and the cave is 762 feet deep How much farther until they reach the end of the cave?,1,103,"659 - 762 = -103
#### -103",neither,neutral
225,If they are already at 659 feet and the cave is 762 feet deep How much farther until they reach the end of the cave?,Faye was placing her pencils into 14 rows with 11 pencils in each row. How many pencils does she have?,103,154,"14 × 11 = 154
Faye has 154 pencils.",text,neutral
226,Faye was placing her pencils into 14 rows with 11 pencils in each row. How many pencils does she have?,There were 6 roses and 20 orchids in the vase. Jessica cut some more roses and orchids from her flower garden. There are now 21 orchids and 22 roses in the vase. How many more roses than orchids are there in the vase now?,154,1,There were 20 orchids in the vase. Now there are 21 orchids in the vase. So 21 - 20 = 1 more orchid is in the vase now. There are 22 roses in the vase. So 22 - 1 = 21 more roses than orchids are in the vase now.,neither,neutral
227,There were 6 roses and 20 orchids in the vase. Jessica cut some more roses and orchids from her flower garden. There are now 21 orchids and 22 roses in the vase. How many more roses than orchids are there in the vase now?,If Lewis earns $ 1357 every week during the 223 weeks of a harvest season. How much money will he earn if he works for 73 harvest seasons?,1,22090603,"To find out how much money Lewis will earn if he works for 73 harvest seasons, we need to follow these steps:

1. Calculate the total number of weeks in 73 harvest seasons.
2. Multiply the total number of weeks by the amount he earns per week.

Let's start with step 1:

1. Total number of weeks in 73 harvest seasons:
   \[
   73 \text{ weeks} \times 223 \text{ weeks per harvest season} = 16,329 \text{ weeks}
   \]

Now, let's move on to step 2:

2. Total earnings for 73 harvest seasons:
   \[
   16,329 \text{ weeks} \times \$1357 = \$21,943,583
   \]

Therefore, if Lewis works for 73 harvest seasons, he will earn a total of $21,943,583.

#### $21,943,583",neither,neutral
228,If Lewis earns $ 1357 every week during the 223 weeks of a harvest season. How much money will he earn if he works for 73 harvest seasons?,A farmer had 171 tomatoes in his garden. If he picked 134 of them yesterday and 30 today. How many will he have left after today?,22090603,7,"171 - 134 = 37
37 - 30 = 7
He will have 7 left.",text,neutral
229,A farmer had 171 tomatoes in his garden. If he picked 134 of them yesterday and 30 today. How many will he have left after today?,Mary is baking a cake. The recipe calls for 11 cups of sugar and 9 cups of flour. She already put in 12 cups of flour and 10 cups of sugar. How many more cups of sugar does she need to add?,7,1,"11 - 10 = 1
She needs to add 1 more cup of sugar.
#### 1",text,neutral
230,Mary is baking a cake. The recipe calls for 11 cups of sugar and 9 cups of flour. She already put in 12 cups of flour and 10 cups of sugar. How many more cups of sugar does she need to add?,Winter is almost here and most animals are migrating to warmer countries. There were 89 bird families living near the mountain. If 60 bird families flew away for winter How many more bird families flew away for the winter than those that stayed behind?,1,31,"60 - 29 = 31
#### 31",text,neutral
231,Winter is almost here and most animals are migrating to warmer countries. There were 89 bird families living near the mountain. If 60 bird families flew away for winter How many more bird families flew away for the winter than those that stayed behind?,Dan has $ 4. He bought 99 candy bar for $ 3 each one costing the same amount of money. How much money is left?,31,1,"Step 1: Find the total cost of the candy bars.
99 × $ 3 = $ 297
Step 2: Find the amount of money left.
$ 4 - $ 297 = $ -293
Since the result is negative, it means that Dan does not have enough money to buy 99 candy bars for $ 3 each.
#### $ -293",neither,neutral
232,Dan has $ 4. He bought 99 candy bar for $ 3 each one costing the same amount of money. How much money is left?,Last week Fred had 47 dollars and Jason had 99 dollars. Over the weekend Fred delivered newspapers earning 111 dollars and washed cars earning 34 dollars. How much money does Fred have now?,1,192,"Fred had 47 dollars before the weekend. He earned 111 dollars from delivering newspapers and 34 dollars from washing cars. To find out how much money Fred has now, we need to add the money he had before the weekend to the money he earned over the weekend.

47 dollars (initial amount) + 111 dollars (from delivering newspapers) + 34 dollars (from washing cars) = 192 dollars

So, Fred has 192 dollars now.",text,neutral
233,Last week Fred had 47 dollars and Jason had 99 dollars. Over the weekend Fred delivered newspapers earning 111 dollars and washed cars earning 34 dollars. How much money does Fred have now?,4 birds and 6 storks were sitting on the fence. 2 more storks came to join them. How many storks are sitting on the fence?,192,8,"6 + 2 = 8
4 + 8 = 12
There are 12 storks sitting on the fence.",neither,neutral
234,4 birds and 6 storks were sitting on the fence. 2 more storks came to join them. How many storks are sitting on the fence?,The school is planning a field trip. The school has 87 classrooms. There are 58 students in the school with each classroom having the same number of students. If there are 2 seats on each school bus. How many buses are needed to take the trip?,8,29,"The school has 87 classrooms and each classroom has 58 students. So, the total number of students in the school is 87 x 58 = 5066 students. Each school bus can seat 2 students. To find out how many buses are needed, we divide the total number of students by the number of students each bus can seat. So, 5066 ÷ 2 = 2533 buses are needed. Therefore, the answer is 2533 buses.",neither,neutral
235,The school is planning a field trip. The school has 87 classrooms. There are 58 students in the school with each classroom having the same number of students. If there are 2 seats on each school bus. How many buses are needed to take the trip?,Paul had 95 pens and 153 books. After selling some books and pens in a garage sale he had 13 books and 23 pens left. How many books did he sell in the garage sale?,29,140,"To find out how many books Paul sold, we can use subtraction. First, we need to find out how many books Paul had before the garage sale. We can do this by subtracting the number of books he had after the garage sale from the number of books he had before the garage sale.

So, the number of books Paul had before the garage sale is:
153 (books he had before) - 13 (books he had after) = 140 books

Now, we need to find out how many books Paul sold. We can do this by subtracting the number of books he had after the garage sale from the number of books he had before the garage sale.

So, the number of books Paul sold is:
140 (books he had before) - 13 (books he had after) = 127 books

Therefore, Paul sold 127 books in the garage sale.",neither,neutral
236,Paul had 95 pens and 153 books. After selling some books and pens in a garage sale he had 13 books and 23 pens left. How many books did he sell in the garage sale?,"After making some pies, chef had 2 apples left. Initially he had 43 apples How many apples did he use?",140,41,"Initially, the chef had 43 apples. After making some pies, he had 2 apples left. To find out how many apples he used, we subtract the number of apples left from the initial number of apples.

43 apples - 2 apples = 41 apples

So, the chef used 41 apples.",text,neutral
237,"After making some pies, chef had 2 apples left. Initially he had 43 apples How many apples did he use?",Josh had 19 marbles in his collection. He lost 11 marbles and found 5 new ones. How many marbles does he have now?,41,13,"Josh had 19 marbles in his collection. He lost 11 marbles and found 5 new ones. To find out how many marbles he has now, we need to subtract the number of marbles he lost from the number of marbles he had initially, and then add the number of marbles he found.
19 - 11 = 8
8 + 5 = 13
Josh now has 13 marbles.",text,neutral
238,Josh had 19 marbles in his collection. He lost 11 marbles and found 5 new ones. How many marbles does he have now?,Ed had 24 more marbles than Doug. Doug lost 27 of his marbles at the playground while Ed found 9 more marbles. How many more marbles did Ed have than Doug then?,13,60,"Let's denote the number of marbles Doug had initially as D. According to the problem, Ed had 24 more marbles than Doug, so Ed had D + 24 marbles.

Doug lost 27 marbles, so the number of marbles he had left is D - 27.

Ed found 9 more marbles, so the number of marbles he had after finding them is D + 24 + 9 = D + 33.

To find out how many more marbles Ed had than Doug, we subtract the number of marbles Doug had left from the number of marbles Ed had after finding more:

(D + 33) - (D - 27) = D + 33 - D + 27 = 33 + 27 = 60.

So, Ed had 60 more marbles than Doug after all the events. Therefore, the answer is 60.",text,neutral
239,Ed had 24 more marbles than Doug. Doug lost 27 of his marbles at the playground while Ed found 9 more marbles. How many more marbles did Ed have than Doug then?,If the cave is 919 feet deep and they need to travel 1307 feet How far is the end of the cave?,60,2226,"To find the end of the cave, we need to add the depth of the cave and the distance they need to travel. So, 919 feet + 1307 feet = 2226 feet. Therefore, the end of the cave is 2226 feet away. 
#### 2226",text,neutral
240,If the cave is 919 feet deep and they need to travel 1307 feet How far is the end of the cave?,Robin cut off 20 inches of his hair. If his hair is now 10 inches long How long was his hair before he cut?,2226,30,"Add 20 inches to 10 inches.
10 + 20 = 30 inches
His hair was 30 inches long before he cut it.
#### 30",text,neutral
241,Robin cut off 20 inches of his hair. If his hair is now 10 inches long How long was his hair before he cut?,He then went to see the oranges being harvested. He found out that they harvest 44 sacks of ripe oranges and 25 sacks of unripe oranges per day. How many more sacks of ripe oranges than unripe oranges are harvested per day?,30,19,"44 - 25 = 19
19 more sacks of ripe oranges than unripe oranges are harvested per day.",text,neutral
242,He then went to see the oranges being harvested. He found out that they harvest 44 sacks of ripe oranges and 25 sacks of unripe oranges per day. How many more sacks of ripe oranges than unripe oranges are harvested per day?,There are 4502 skittles in Steven's skittles collection. Steven also has 4276 erasers. If the skittles and erasers are organized into 154 groups How big is each group?,19,57,"To find out how many items are in each group, we need to add the number of skittles and the number of erasers together, and then divide that total by the number of groups.

1. Add the number of skittles and erasers:
   4502 (skittles) + 4276 (erasers) = 8778

2. Divide the total number of items by the number of groups:
   8778 ÷ 154 = 57

So, each group has 57 items. The answer is 57.",text,neutral
243,There are 4502 skittles in Steven's skittles collection. Steven also has 4276 erasers. If the skittles and erasers are organized into 154 groups How big is each group?,Jake has 6 fewer peaches than Steven. Steven has 18 more peaches than Jill. If jill has 5 peaches How many peaches does Jake have?,57,17,"Jill has 5 peaches.
Steven has 18 more peaches than Jill, so Steven has 5 + 18 = 23 peaches.
Jake has 6 fewer peaches than Steven, so Jake has 23 - 6 = 17 peaches.
Therefore, Jake has 17 peaches.",text,neutral
244,Jake has 6 fewer peaches than Steven. Steven has 18 more peaches than Jill. If jill has 5 peaches How many peaches does Jake have?,36 children were riding on the bus. At the bus stop 68 children got off the bus while some more got on the bus. Then there were 12 children altogether on the bus. How many more children got off the bus than those that got on?,17,24,36 children were on the bus. 68 children got off the bus. Then there were 12 children on the bus. 68 - 12 = 56 children got off the bus. 56 - 36 = 20 children got on the bus. 20 more children got off the bus than those that got on. 20,neither,neutral
245,36 children were riding on the bus. At the bus stop 68 children got off the bus while some more got on the bus. Then there were 12 children altogether on the bus. How many more children got off the bus than those that got on?,Because of the decision Sofia asked the students to suggest specific types of food. If 228 students suggested adding mashed potatoes 337 suggested adding bacon to the menu and 23 suggested adding tomatoes How many more students suggested bacon than those that suggested tomatoes?,24,314,"Find the numbers in the table.
mashed potatoes: 228
bacon: 337
tomatoes: 23
Now subtract: 337 - 23 = 314.
314 more students suggested bacon than those that suggested tomatoes.",text,neutral
246,Because of the decision Sofia asked the students to suggest specific types of food. If 228 students suggested adding mashed potatoes 337 suggested adding bacon to the menu and 23 suggested adding tomatoes How many more students suggested bacon than those that suggested tomatoes?,He then went to see the oranges being harvested. He found out that they harvested 56 sacks of oranges. How many sacks did they harvest per day if they harvested for a total of 14 days?,314,4,"To find out how many sacks of oranges were harvested per day, we need to divide the total number of sacks by the number of days they harvested.

Total sacks of oranges = 56
Number of days = 14

Sacks of oranges per day = Total sacks of oranges / Number of days
= 56 / 14
= 4

So, they harvested 4 sacks of oranges per day. 

#### 4",text,neutral
247,He then went to see the oranges being harvested. He found out that they harvested 56 sacks of oranges. How many sacks did they harvest per day if they harvested for a total of 14 days?,Debby bought 88 water bottles and 13 soda bottles when they were on sale. If she drank 4 water bottles and 87 soda bottles a day How many days would the water bottles last?,4,22,"Debby bought 88 water bottles. She drank 4 water bottles a day. To find out how many days the water bottles would last, we need to divide the total number of water bottles by the number of water bottles she drinks per day.

88 ÷ 4 = 22

So, the water bottles would last for 22 days. 

Therefore, the answer is 22 days.",text,neutral
248,Debby bought 88 water bottles and 13 soda bottles when they were on sale. If she drank 4 water bottles and 87 soda bottles a day How many days would the water bottles last?,Jerry had some action figures on a shelf in his room. Later he added 2 more action figures to the shelf and removed 7 of the old ones. If there are 10 action figures on his shelf now How many action figures did he have initially on the shelf?,22,15,"Let x be the initial number of action figures on the shelf. Then, x + 2 - 7 = 10. Simplifying the equation, we get x - 5 = 10. Adding 5 to both sides, we have x = 15. Therefore, Jerry initially had 15 action figures on the shelf.  Therefore, the answer is 15 .",text,neutral
249,Jerry had some action figures on a shelf in his room. Later he added 2 more action figures to the shelf and removed 7 of the old ones. If there are 10 action figures on his shelf now How many action figures did he have initially on the shelf?,Mary is baking a cake. The recipe calls for 12 cups of flour 5 cups of sugar and 49 cups of salt. She already put in 11 cups of flour. How many more cups of flour does she need to add?,15,1,"12 - 11 = 1
She needs 1 more cup of flour.",text,neutral
250,Mary is baking a cake. The recipe calls for 12 cups of flour 5 cups of sugar and 49 cups of salt. She already put in 11 cups of flour. How many more cups of flour does she need to add?,Jake has 8 fewer peaches and 10 more apples than Steven. Steven has 11 apples and 18 peaches. How many more peaches than apples does Steven have?,1,7,"Steven has 11 apples and 18 peaches.
Jake has 11 + 10 = 21 apples and 18 - 8 = 10 peaches.
Steven has 18 - 21 = -3 fewer peaches than apples.
#### -3",neither,neutral
251,Jake has 8 fewer peaches and 10 more apples than Steven. Steven has 11 apples and 18 peaches. How many more peaches than apples does Steven have?,Mary is baking a cake. The recipe calls for 3 cups of sugar and 10 cups of flour. She already put in some cups of flour. If she still needs 5 more cups of flour than sugar How many cups of flour did she put in?,7,2,"Let x be the number of cups of flour Mary has already put in.
x + 5 = 3 + 10
x + 5 = 13
x = 13 - 5
x = 8
Mary has put in 8 cups of flour. 8 + 5 = 13
#### 13",neither,neutral
252,Mary is baking a cake. The recipe calls for 3 cups of sugar and 10 cups of flour. She already put in some cups of flour. If she still needs 5 more cups of flour than sugar How many cups of flour did she put in?,If each pack costs 81 dollars How much will it cost to buy 33 packs of dvds?,2,2673,"To find the total cost of 33 packs of DVDs, we need to multiply the cost of one pack by the number of packs.

1. Cost of one pack: 81 dollars
2. Number of packs: 33

Total cost = Cost of one pack × Number of packs
Total cost = 81 × 33

Now, let's calculate the total cost.

81 × 33 = 2673

So, the total cost to buy 33 packs of DVDs is 2673 dollars.

#### 2673",text,neutral
253,If each pack costs 81 dollars How much will it cost to buy 33 packs of dvds?,A mailman has to give 4 pieces of junk mail to each house in each of the 16 blocks. If there are 17 houses in each block How many pieces of junk mail should he give in total?,2673,1088,"First, find the number of pieces of junk mail the mailman has to give in one block. Multiply 4 times 17.
4 × 17 = 68
Then, find the number of pieces of junk mail the mailman has to give in 16 blocks. Multiply 68 times 16.
68 × 16 = 1,088
The mailman has to give 1,088 pieces of junk mail in total.
#### 1088",text,neutral
254,A mailman has to give 4 pieces of junk mail to each house in each of the 16 blocks. If there are 17 houses in each block How many pieces of junk mail should he give in total?,David did 56 more push-ups than Zachary in gym class today. If David did 38 push-ups How many push-ups did Zachary and David do altogether?,1088,20,"If David did 38 push-ups and he did 56 more than Zachary, then Zachary did 38 - 56 = -18 push-ups. However, it's not possible to do a negative number of push-ups, so there seems to be a mistake in the problem statement. Assuming the problem meant to say that David did 56 more push-ups than Zachary, and David did 38 push-ups, then Zachary did 38 - 56 = -18 push-ups, which is not possible. Therefore, we need to correct the problem statement to say that David did 38 push-ups and he did 56 more push-ups than Zachary. In this case, Zachary did 38 - 56 = -18 push-ups, which is still not possible. Therefore, the problem statement is incorrect and cannot be solved as given. If we assume that the problem meant to say that David did 38 push-ups and he did 56 more push-ups than Zachary, then Zachary did 38 - 56 = -18 push-ups, which is still not possible. Therefore, the problem statement is incorrect and cannot be solved as given.",neither,neutral
255,David did 56 more push-ups than Zachary in gym class today. If David did 38 push-ups How many push-ups did Zachary and David do altogether?,Brenda's mother made 14 cookies for 2 guests. If each of them had the same number of cookies How many did each of them have?,20,7,"14 ÷ 2 = 7
Each of them had 7 cookies.
#### 7",text,neutral
256,Brenda's mother made 14 cookies for 2 guests. If each of them had the same number of cookies How many did each of them have?,Mary is baking a cake. The recipe calls for 6 cups of flour 8 cups of sugar and 7 cups of salt. She already put in 5 cups of flour. How many more cups of sugar than cups of salt does she need to add now?,7,1,"First, let's find out how many more cups of flour Mary needs to add. She needs 6 cups of flour and she has already put in 5 cups. So, she needs 6 - 5 = 1 more cup of flour.

Next, let's find out how many cups of sugar and salt she needs in total. The recipe calls for 8 cups of sugar and 7 cups of salt. So, she needs 8 + 7 = 15 cups in total.

Now, let's find out how many more cups of sugar than cups of salt she needs to add. She needs 15 cups in total and she has already put in 8 cups of sugar and 7 cups of salt. So, she needs 15 - 8 - 7 = -6 cups. But since we can't have a negative number of cups, this means she has already added enough sugar and salt and doesn't need to add any more. So, the answer is 0 cups.",neither,neutral
257,Mary is baking a cake. The recipe calls for 6 cups of flour 8 cups of sugar and 7 cups of salt. She already put in 5 cups of flour. How many more cups of sugar than cups of salt does she need to add now?,Jake has 12 fewer peaches and 79 more apples than Steven. Steven has 19 peaches and 14 apples. How many peaches does Jake have?,1,7,"Steven has 19 peaches. Jake has 12 fewer peaches than Steven, so Jake has 19 - 12 = 7 peaches. Jake also has 79 more apples than Steven, so Jake has 14 + 79 = 93 apples. In total, Jake has 7 peaches + 93 apples = 100 fruits. Therefore, the answer is option D.
#### D",neither,neutral
258,Jake has 12 fewer peaches and 79 more apples than Steven. Steven has 19 peaches and 14 apples. How many peaches does Jake have?,Julia played tag with 12 kids on monday. She played tag with 14 kids on tuesday. She spent a total of 34 hours to play tag on both days. How many kids did she play with altogether?,7,26,"Julia played with 12 kids on Monday and 14 kids on Tuesday. To find the total number of kids she played with, we add the number of kids from both days: 12 + 14 = 26 kids.
To find the total number of hours she spent playing tag, we add the hours from both days: 34 hours.
So, Julia played with 26 kids and spent 34 hours playing tag in total.",neither,neutral
259,Julia played tag with 12 kids on monday. She played tag with 14 kids on tuesday. She spent a total of 34 hours to play tag on both days. How many kids did she play with altogether?,Edward had $ 13. He spent some money. Now he has $ 3. How much money did Edward spend?,26,10,"Edward had $13. Now he has $3. To find out how much money he spent, we need to subtract the amount he has now from the amount he had before. So, $13 - $3 = $10. Therefore, Edward spent $10.",text,neutral
260,Edward had $ 13. He spent some money. Now he has $ 3. How much money did Edward spend?,Dan has $ 2. He bought some candy bar for $ 6 each one costing $ 3. How many candy bar did he buy?,10,2,"$ 6 - $ 3 = $ 3
$ 3 ÷ $ 3 = 1
He bought 1 candy bar.
#### 1",neither,neutral
261,Dan has $ 2. He bought some candy bar for $ 6 each one costing $ 3. How many candy bar did he buy?,Danny has 12 bottle caps in his collection. He found 53 bottle caps at the park. How many bottle caps does he have now?,2,65,Add the number of bottle caps. 12 + 53 = 65. Danny has 65 bottle caps now.,text,neutral
262,Danny has 12 bottle caps in his collection. He found 53 bottle caps at the park. How many bottle caps does he have now?,Paul sold some books in a garage sale leaving him with 27 books. If he had 136 books initially How many books did he sell?,65,109,"To find out how many books Paul sold, we need to subtract the number of books he has left from the initial number of books he had. 

Paul initially had 136 books.
After the garage sale, he has 27 books left.

So, the number of books sold is calculated as follows:

136 (initial books) - 27 (books left) = 109 books sold.

Therefore, Paul sold 109 books. 

#### 109",text,neutral
263,Paul sold some books in a garage sale leaving him with 27 books. If he had 136 books initially How many books did he sell?,Jack received 4 emails in the morning and some more in the afternoon. If he received a total of 5 emails in the day How many emails did Jack receive in the afternoon?,109,1,"4 + x = 5
x = 5 - 4
x = 1
Jack received 1 email in the afternoon.",text,neutral
264,Jack received 4 emails in the morning and some more in the afternoon. If he received a total of 5 emails in the day How many emails did Jack receive in the afternoon?,Lewis earns a total of $ 1216 during the harvest. If he earns $ 16 each week How many weeks did the harvest last?,1,76,"To find out how many weeks the harvest lasted, we need to divide the total amount Lewis earned by the amount he earned each week. This can be represented by the equation:

\[ \text{Number of weeks} = \frac{\text{Total earnings}}{\text{Earnings per week}} \]

Substituting the given values:

\[ \text{Number of weeks} = \frac{1216}{16} \]

\[ \text{Number of weeks} = 76 \]

Therefore, the harvest lasted for 76 weeks. The answer is 76 weeks.",text,neutral
265,Lewis earns a total of $ 1216 during the harvest. If he earns $ 16 each week How many weeks did the harvest last?,Frank was reading through some books. Each book had 249 pages and it took Frank 3 days to finish each book. How many pages did he read per day?,76,83,"To find out how many pages Frank read per day, we need to first find out how many pages he read in total. We can do this by multiplying the number of books by the number of pages per book.

Number of books = 12
Number of pages per book = 249

Total number of pages = Number of books × Number of pages per book
Total number of pages = 12 × 249
Total number of pages = 3028

Now that we know Frank read a total of 3028 pages, we can find out how many pages he read per day by dividing the total number of pages by the number of days it took him to read all the books.

Number of days = 3

Pages read per day = Total number of pages ÷ Number of days
Pages read per day = 3028 ÷ 3
Pages read per day = 1009.3333

Since Frank can't read a fraction of a page, we can round this number to the nearest whole number if necessary. However, in this case, the problem doesn't specify that we need to round, so we can leave it as is.

Therefore, Frank read",neither,neutral
266,Frank was reading through some books. Each book had 249 pages and it took Frank 3 days to finish each book. How many pages did he read per day?,They decided to hold the party in their backyard. If they have 11 sets of tables and each set has 13 chairs How many chairs do they have in the backyard?,83,143,"11 × 13 = 143
They have 143 chairs in the backyard.",text,neutral
267,They decided to hold the party in their backyard. If they have 11 sets of tables and each set has 13 chairs How many chairs do they have in the backyard?,Brenda's mother made cookies for 10 guests but 9 guests did not come. If she prepared 18 cookies and each guest had the same number of cookies How many did each of them have?,143,18,"18 cookies were prepared for 10 guests, but 9 guests did not come. So, the number of guests who actually came is 10 - 9 = 1 guest. If each guest had the same number of cookies, then the number of cookies each guest had is 18 cookies / 1 guest = 18 cookies per guest. Therefore, each of them had 18 cookies.",text,neutral
268,Brenda's mother made cookies for 10 guests but 9 guests did not come. If she prepared 18 cookies and each guest had the same number of cookies How many did each of them have?,Rebecca wants to split a collection of eggs into groups of 3. Rebecca has 99 bananas 9 eggs and 27 marbles. How many groups will be created?,18,3,"Rebecca wants to split a collection of eggs into groups of 3. Rebecca has 99 bananas 9 eggs and 27 marbles. How many groups will be created?
Step 1: Find the total number of eggs.
9 + 27 = 36
Step 2: Find how many groups of 3 eggs can be made.
36 ÷ 3 = 12
Rebecca can make 12 groups of 3 eggs.",text,neutral
269,Rebecca wants to split a collection of eggs into groups of 3. Rebecca has 99 bananas 9 eggs and 27 marbles. How many groups will be created?,Ed had 29 more marbles than Doug. Ed lost 17 of his marbles at the playground. How many more marbles did Ed have than Doug then?,3,12,"Let's denote the number of marbles Doug has as D. Since Ed had 29 more marbles than Doug, we can express the number of marbles Ed has as E = D + 29. Ed lost 17 marbles at the playground, so the number of marbles Ed has after losing some is E - 17. Therefore, the number of marbles Ed has after losing some is (D + 29) - 17 = D + 12. To find out how many more marbles Ed has than Doug then, we subtract the number of marbles Doug has from the number of marbles Ed has after losing some: (D + 12) - D = 12. Therefore, Ed has 12 more marbles than Doug then.",text,neutral
270,Ed had 29 more marbles than Doug. Ed lost 17 of his marbles at the playground. How many more marbles did Ed have than Doug then?,There are 6 houses on a block. If a mailman has to give 24 pieces of junk mail to each block How many pieces of junk mail should he give in each house?,12,4,"There are 6 houses on a block. If a mailman has to give 24 pieces of junk mail to each block, then he should give 24 x 6 = 144 pieces of junk mail in total. Therefore, he should give 144 / 6 = 24 pieces of junk mail in each house. Therefore, the answer is 24.",neither,neutral
271,There are 6 houses on a block. If a mailman has to give 24 pieces of junk mail to each block How many pieces of junk mail should he give in each house?,Zachary did 59 push-ups and 44 crunches in gym class today. David did 19 more push-ups but 27 less crunches than zachary. How many push-ups did David do?,4,78,"Zachary did 59 push-ups and 44 crunches in gym class today. David did 19 more push-ups but 27 less crunches than Zachary. How many push-ups did David do?
Zachary did 59 push-ups and David did 19 more push-ups than Zachary. So, David did 59 + 19 = 78 push-ups.
Therefore, David did 78 push-ups. 
#### 78",text,neutral
272,Zachary did 59 push-ups and 44 crunches in gym class today. David did 19 more push-ups but 27 less crunches than zachary. How many push-ups did David do?,Emily is making bead necklaces for her friends. Each necklace takes 8 beads and she has 16 beads. How many necklaces can Emily make?,78,2,"16 ÷ 8 = 2
Emily can make 2 necklaces.",text,neutral
273,Emily is making bead necklaces for her friends. Each necklace takes 8 beads and she has 16 beads. How many necklaces can Emily make?,Jesse's rooms are 19 feet long and 18 feet wide. If she has 20 rooms in all How much carpet does she need to cover the floors of all rooms?,2,6840,"First, find the area of one room by multiplying the length by the width. 19 feet × 18 feet = 342 square feet
Next, find the total area of all rooms by multiplying the area of one room by the number of rooms. 342 square feet × 20 rooms = 6,840 square feet
Finally, find the total amount of carpet needed by dividing the total area of all rooms by the width of the carpet. 6,840 square feet ÷ 12 feet = 570 feet
Jesse needs 570 feet of carpet to cover the floors of all rooms.",neither,neutral
274,Jesse's rooms are 19 feet long and 18 feet wide. If she has 20 rooms in all How much carpet does she need to cover the floors of all rooms?,Next on his checklist is wax to stick the feathers together. If the feathers require 166 g of wax and right now he has 20 g How many more grams of wax does he need?,6840,146,"166 - 20 = 146
He needs 146 more grams of wax.",text,neutral
275,Next on his checklist is wax to stick the feathers together. If the feathers require 166 g of wax and right now he has 20 g How many more grams of wax does he need?,15 campers went rowing in the morning. Some more campers went rowing in the afternoon. If a total of 32 campers went rowing that day How many campers went rowing in the afternoon?,146,17,15 campers went rowing in the morning. 32 campers went rowing that day. 32 - 15 = 17 campers went rowing in the afternoon.,text,neutral
276,15 campers went rowing in the morning. Some more campers went rowing in the afternoon. If a total of 32 campers went rowing that day How many campers went rowing in the afternoon?,We ordered some pizzas. Each pizza has 2 slices. If there were a total of 28 slices How many pizzas did we order?,17,14,"28 ÷ 2 = 14
We ordered 14 pizzas.",text,neutral
277,We ordered some pizzas. Each pizza has 2 slices. If there were a total of 28 slices How many pizzas did we order?,Paul got a box of 521 crayons and 66 erasers for his birthday. At the end of the school year he only had 154 left while not having lost a single erasers. How many crayons had been lost or given away?,14,367,"521 - 154 = 367
367 - 66 = 301
301 / 2 = 150.5
#### 151",neither,neutral
278,Paul got a box of 521 crayons and 66 erasers for his birthday. At the end of the school year he only had 154 left while not having lost a single erasers. How many crayons had been lost or given away?,41 children were riding on the bus. At the bus stop some children got off the bus. Then there were 18 children left on the bus. How many more children were on the bus before the bus stop than there are now?,367,23,"41 children were riding on the bus. At the bus stop some children got off the bus. Then there were 18 children left on the bus. How many more children were on the bus before the bus stop than there are now?
41 children - 18 children = 23 children
23 children were on the bus before the bus stop than there are now.
#### 23",text,neutral
279,41 children were riding on the bus. At the bus stop some children got off the bus. Then there were 18 children left on the bus. How many more children were on the bus before the bus stop than there are now?,Tiffany was collecting cans for recycling. On monday she had 7 bags of cans. The next day she found 12 more bags worth of cans. How many more bags did she find on the next day than she had on monday?,23,5,"12 - 7 = 5
She found 5 more bags on the next day.",text,neutral
280,Tiffany was collecting cans for recycling. On monday she had 7 bags of cans. The next day she found 12 more bags worth of cans. How many more bags did she find on the next day than she had on monday?,Edward had $ 18. He spent $ 16. How much money does Edward have now?,5,2,"18 - 16 = 2
Edward has $ 2 now.",text,neutral
281,Edward had $ 18. He spent $ 16. How much money does Edward have now?,Lawrence county has 898051 kids. During summer break 629424 kids go to camp and the rest stay home. How many kids stay home?,2,268627,"To find out how many kids stay home, we need to subtract the number of kids that go to camp from the total number of kids.

Total number of kids = 898051
Number of kids that go to camp = 629424

Number of kids that stay home = Total number of kids - Number of kids that go to camp
= 898051 - 629424
= 268627

So, 268627 kids stay home during summer break.

#### 268627",text,neutral
282,Lawrence county has 898051 kids. During summer break 629424 kids go to camp and the rest stay home. How many kids stay home?,There were 16 roses and 3 orchids in the vase. Jessica cut some more roses and orchids from her flower garden. There are now 7 orchids and 13 roses in the vase. How many orchids did she cut?,268627,4,"There were 16 roses and 3 orchids in the vase. Jessica cut some more roses and orchids from her flower garden. There are now 7 orchids and 13 roses in the vase. How many orchids did she cut?
16 + 3 = 19
19 - 7 = 12
12 are the number of orchids that were cut. 12 are the number of orchids that were cut.
#### 12",neither,neutral
283,There were 16 roses and 3 orchids in the vase. Jessica cut some more roses and orchids from her flower garden. There are now 7 orchids and 13 roses in the vase. How many orchids did she cut?,In a school there are 635 girls and the rest are boys. If there are 510 more boys than girls How many boys are there in that school?,4,1145,"Let the number of boys be x. Then, the number of girls is 635. x - 635 = 510 x = 510 + 635 = 1145 answer: 1145",text,neutral
284,In a school there are 635 girls and the rest are boys. If there are 510 more boys than girls How many boys are there in that school?,Danny collects bottle caps and wrappers. He found 30 bottle caps and 14 wrappers at the park. Now he has 7 bottle caps and 86 wrappers in his collection. How many more bottle caps than wrappers did danny find at the park?,1145,16,"Danny found 30 bottle caps and 14 wrappers at the park. Now he has 7 bottle caps and 86 wrappers in his collection. To find out how many more bottle caps than wrappers he found at the park, we need to subtract the number of wrappers from the number of bottle caps. So, 30 - 14 = 16. Danny found 16 more bottle caps than wrappers at the park. Therefore, the answer is 16.",text,neutral
285,Danny collects bottle caps and wrappers. He found 30 bottle caps and 14 wrappers at the park. Now he has 7 bottle caps and 86 wrappers in his collection. How many more bottle caps than wrappers did danny find at the park?,There were 174 parents in the program and 521 pupils too. How many more pupils were present compared to parents in the program?,16,347,"To find out how many more pupils were present compared to parents in the program, we need to subtract the number of parents from the number of pupils.

Number of pupils = 521
Number of parents = 174

Difference = Number of pupils - Number of parents
Difference = 521 - 174
Difference = 347

So, there were 347 more pupils present compared to parents in the program.",text,neutral
286,There were 174 parents in the program and 521 pupils too. How many more pupils were present compared to parents in the program?,Matthew gave 6 crackers to each his friends. If he had 36 crackers How many friends did he give crackers to?,347,6,"6 × friends = 36
friends = 36 ÷ 6
friends = 6
Matthew gave crackers to 6 friends.",text,neutral
287,Matthew gave 6 crackers to each his friends. If he had 36 crackers How many friends did he give crackers to?,There are 20 different books in the ' crazy silly school ' series. If you are yet to read 5 of the books How many books have you already read?,6,15,"20 - 5 = 15
You have read 15 books.
#### 15",text,neutral
288,There are 20 different books in the ' crazy silly school ' series. If you are yet to read 5 of the books How many books have you already read?,"The grasshopper, the frog and the mouse had a jumping contest. The grasshopper jumped 24 inches. The frog jumped 33 inches farther than the grasshopper and the mouse jumped 5 inches lesser than the frog. How much farther did the mouse jump than the grasshopper?",15,28,"The frog jumped 33 inches farther than the grasshopper, so the frog jumped 24 + 33 = 57 inches.
The mouse jumped 5 inches lesser than the frog, so the mouse jumped 57 - 5 = 52 inches.
To find out how much farther the mouse jumped than the grasshopper, we subtract the distance the grasshopper jumped from the distance the mouse jumped: 52 - 24 = 28 inches.
So the mouse jumped 28 inches farther than the grasshopper.
#### 28",text,neutral
289,"The grasshopper, the frog and the mouse had a jumping contest. The grasshopper jumped 24 inches. The frog jumped 33 inches farther than the grasshopper and the mouse jumped 5 inches lesser than the frog. How much farther did the mouse jump than the grasshopper?",Haley grew 13 trees in her backyard. After a typhoon 6 died. How many more trees survived the typhoon than those that died?,28,1,"13 - 6 = 7
7 - 0 = 7
7 > 0
7 > 0
7 > 0
7 > 0
7 > 0
7 > 0
7 > 0
7 > 0
7 > 0
7 > 0
7 > 0
7 > 0
7 > 0
7 > 0
7 > 0
7 > 0
7 > 0
7 > 0
7 > 0
7 > 0
7 > 0
7 > 0
7 > 0
7 > 0
7 > 0
7 > 0
7 > 0
7 > 0
7 > 0
7 > 0
7 > 0
7 > 0
7 > 0
7 > 0
7 > 0
7 > 0
7 > 0
7 > 0
7 > 0
7 > 0
7 > 0
7 > 0
7 > 0
7 > 0
7 > 0
7 > 0
7 > 0
7 > 0",neither,neutral
290,Haley grew 13 trees in her backyard. After a typhoon 6 died. How many more trees survived the typhoon than those that died?,There are 8 different books and 10 different movies in the ' crazy silly school ' series. If you read 19 of the books and watched 61 of the movies How many more movies than books are there in the ' crazy silly school ' series?,1,2,"10 + 61 = 71
19 + 8 = 27
71 - 27 = 44
There are 44 more movies than books in the 'crazy silly school' series.
#### 44",neither,neutral
291,There are 8 different books and 10 different movies in the ' crazy silly school ' series. If you read 19 of the books and watched 61 of the movies How many more movies than books are there in the ' crazy silly school ' series?,Faye was placing her pencils into rows with 22 pencils in each row. She had 6 packs of pencils each one having 14 pencils. How many pencils does she have?,2,84,"Faye has 6 packs of pencils, each with 14 pencils. So, the total number of pencils she has is 6 * 14 = 84 pencils.
Faye is placing her pencils into rows with 22 pencils in each row. To find out how many rows she can make, we divide the total number of pencils by the number of pencils in each row: 84 / 22 = 3.8181818181818182.
Since she can't have a fraction of a row, she can make 3 full rows with 22 pencils each, and she will have 84 - (3 * 22) = 84 - 66 = 18 pencils left over.
So, Faye can make 3 full rows with 22 pencils each and will have 18 pencils left over.
#### 3",neither,neutral
292,Faye was placing her pencils into rows with 22 pencils in each row. She had 6 packs of pencils each one having 14 pencils. How many pencils does she have?,White t - shirts can be purchased in packages. If mom buys 66 white t - shirts where each package has 3 white t - shirts. How many packages will she have?,84,22,"To find out how many packages of white t-shirts mom will have, we need to divide the total number of white t-shirts by the number of white t-shirts in each package.

1. First, we need to find out how many white t-shirts are in total. According to the problem, mom buys 66 white t-shirts.

2. Next, we need to know how many white t-shirts are in each package. The problem states that each package has 3 white t-shirts.

3. Now, we can divide the total number of white t-shirts by the number of white t-shirts in each package to find out how many packages she will have.

\[ \text{Number of packages} = \frac{\text{Total number of white t-shirts}}{\text{Number of white t-shirts in each package}} \]

\[ \text{Number of packages} = \frac{66}{3} \]

\[ \text{Number of packages} = 22 \]

So, mom will have 22 packages of white t-shirts. The answer is 22 packages.",text,neutral
293,White t - shirts can be purchased in packages. If mom buys 66 white t - shirts where each package has 3 white t - shirts. How many packages will she have?,Mary is baking a cake. The recipe calls for 5 cups of sugar and 13 cups of flour. She already put in some cups of flour. If she still needs 12 more cups of flour How many cups of flour did she put in?,22,1,She needs 13 cups of flour and still needs 12 more cups of flour. So she has already put in 1 cup of flour. 1 cup of flour + 12 cups of flour = 13 cups of flour. She has already put in 1 cup of flour.,text,neutral
294,Mary is baking a cake. The recipe calls for 5 cups of sugar and 13 cups of flour. She already put in some cups of flour. If she still needs 12 more cups of flour How many cups of flour did she put in?,"7 red peaches, 15 yellow peaches and 8 green peaches are in the basket. How many peaches are in the basket?",1,30,"Add the numbers of peaches.
7 + 15 + 8 = 30
There are 30 peaches in the basket.",text,neutral
295,"7 red peaches, 15 yellow peaches and 8 green peaches are in the basket. How many peaches are in the basket?",Jack received 3 emails and 64 letters in the morning. He then received 5 emails and 54 letters in the afternoon. How many emails did jack receive in the day?,30,8,"Jack received 3 emails and 64 letters in the morning. He then received 5 emails and 54 letters in the afternoon. To find out how many emails Jack received in the day, we need to add the number of emails he received in the morning and the number of emails he received in the afternoon.
3 emails + 5 emails = 8 emails
Therefore, Jack received 8 emails in the day. The answer is 8.",text,neutral
296,Jack received 3 emails and 64 letters in the morning. He then received 5 emails and 54 letters in the afternoon. How many emails did jack receive in the day?,Ed had 2 more marbles than Doug. Doug lost some of his marbles at the playground. Now Ed has 19 more marbles than doug. How many marbles did Doug lose?,8,17,"Let's denote the number of marbles Doug had initially as D. According to the problem, Ed had 2 more marbles than Doug, so Ed had D + 2 marbles.

After Doug lost some marbles at the playground, the number of marbles he had left is D - X, where X represents the number of marbles Doug lost.

The problem also states that after losing some marbles, Ed now has 19 more marbles than Doug. This can be represented as:

D + 2 - X = D - X + 19

Simplifying the equation, we get:

2X = 17

Dividing both sides by 2, we find that X = 8.5. However, since the number of marbles must be a whole number, we can conclude that Doug lost 9 marbles (rounding up to the nearest whole number).

Therefore, the answer is that Doug lost 9 marbles.",neither,neutral
297,Ed had 2 more marbles than Doug. Doug lost some of his marbles at the playground. Now Ed has 19 more marbles than doug. How many marbles did Doug lose?,Dan has $ 3 left with him after he bought a candy bar for $ 2. How much money did he have initially?,17,5,Let x be the initial amount of money Dan had. The equation is x - 2 = 3. Add 2 to both sides: x - 2 + 2 = 3 + 2. Simplify both sides: x = 5. Dan had $ 5 initially.  Dan had $ 5 initially.  Dan had $ 5 initially.  Dan had $ 5 initially.  Dan had $ 5 initially.  Dan had $ 5 initially.  Dan had $ 5 initially.  Dan had $ 5 initially.  Dan had $ 5 initially.  Dan had $ 5 initially.  Dan had $ 5 initially.  Dan had $ 5 initially.  Dan had $ 5 initially.  Dan had $ 5 initially.  Dan had $ 5 initially.  Dan had $ 5 initially.  Dan had $ 5 initially.  Dan had $ 5 initially.  Dan had $ 5 initially.  Dan had $ 5 initially.  Dan had $ 5 initially.  Dan had $ 5 initially.  Dan had $ 5 initially.  Dan had $ 5 initially.  Dan had $ 5 initially.  Dan had $,text,neutral
298,Dan has $ 3 left with him after he bought a candy bar for $ 2. How much money did he have initially?,Jake has 13 fewer peaches and 3 more apples than Steven. Steven has 9 peaches and 8 apples. How many apples does Jake have?,5,11,"Steven has 9 peaches and 8 apples.
Jake has 13 fewer peaches than Steven, so Jake has 9 - 13 = -4 peaches.
Jake also has 3 more apples than Steven, so Jake has 8 + 3 = 11 apples.
Therefore, Jake has 11 apples.",text,neutral
299,Jake has 13 fewer peaches and 3 more apples than Steven. Steven has 9 peaches and 8 apples. How many apples does Jake have?,Winter is almost here and most animals are migrating to warmer countries. There are 41 bird families living near the mountain. If 35 bird families flew away to asia and 62 bird families flew away to africa How many more bird families flew away to africa than those that flew away to asia?,11,27,"35 - 62 = -27
-27 is the difference between the number of bird families that flew away to asia and the number of bird families that flew away to africa. The answer is -27.",neither,neutral
