problem_id,image_question,text_question,image_reference,text_reference,prediction,follows,prompt_role
0,Winter is almost here and most animals are migrating to warmer countries. There are 41 bird families living near the mountain. If 35 bird families flew away to asia and 62 bird families flew away to africa How many more bird families flew away to africa than those that flew away to asia?,Paige raised 7 goldfish and 12 catfish in the pond but stray cats loved eating them. Now she has 15 left. How many fishes disappeared?,27,4,"The problem in Source A is about a bird family and their migration patterns. The problem in Source B is about a mathematical expression involving a sequence of numbers.

To solve the problem in Source A, we would need to understand the context of the bird family and their migration patterns. However, the image does not provide enough information to solve the problem.

To solve the problem in Source B, we can follow these steps:

1. Identify the sequence of numbers: The sequence of numbers is 5, 1, 2, 3, 4, 5, 6, 7, 8, 9, 10, 11, 12.

2. Determine the pattern: The pattern in the sequence is that each number is the result of multiplying the previous number by 1.25.

3. Find the next number in the sequence: To find the next number in the sequence, we multiply the last number (12) by 1.25.

4. Check if the next number is in the sequence: The next number in the sequence is 15 (12 * 1.25). Since 15 is",neither,neutral
1,Paige raised 7 goldfish and 12 catfish in the pond but stray cats loved eating them. Now she has 15 left. How many fishes disappeared?,Marco and his dad went strawberry picking. Together they collected strawberries that weighed 22 pounds. On the way back Marco ' dad found 30 more pounds of strawberries. Marco's strawberries now weighed 36 pounds. How much did his dad's strawberries weigh now?,4,16,"To solve the problem, we need to find the total weight of strawberries and raspberries collected by the father and son.

1. The father and son collected 12 pounds of strawberries.
2. The father collected 3 kilograms of raspberries.
3. The son collected 0.4 pounds of raspberries.

First, let's convert the weight of raspberries from kilograms to pounds:
3 kilograms = 3 * 2.20462 pounds/kilogram = 6.6 pounds

Now, let's add the weight of strawberries and the weight of raspberries (both in pounds):
12 pounds + 6.6 pounds = 18.6 pounds

So, the total weight of strawberries and raspberries is 18.6 pounds.

#### <18.6>",neither,neutral
2,Marco and his dad went strawberry picking. Together they collected strawberries that weighed 22 pounds. On the way back Marco ' dad found 30 more pounds of strawberries. Marco's strawberries now weighed 36 pounds. How much did his dad's strawberries weigh now?,Debby bought 200 water bottles and 256 soda bottles when they were on sale. If she drank 312 water bottles and 4 soda bottles a day How many days would the soda bottles last?,16,64,"To solve the problem, we need to find the total weight of the items in the image.

1. The weight of the strawberries is 22 pounds.
2. The weight of the water is 312 pounds.
3. The weight of the soda is 256 pounds.
4. The weight of the soda bottle is 4 pounds.

Now, let's add up all the weights:
22 pounds (strawberries) + 312 pounds (water) + 256 pounds (soda) + 4 pounds (soda bottle) = 270 pounds

So, the total weight of the items is 270 pounds.

#### <270>",neither,neutral
3,Debby bought 200 water bottles and 256 soda bottles when they were on sale. If she drank 312 water bottles and 4 soda bottles a day How many days would the soda bottles last?,There were 106 dollars in Olivia's wallet. After she visited a supermarket and a showroom there were 26 dollars left. If she spent 49 dollars at the showroom How much did she spend at the supermarket?,64,31,"To solve the problem, we need to find the total amount of money spent by the person in OlTvia's w0lret.

First, let's calculate the cost of the s9ermrMec and the shVFo1:

1. The s9ermrMec costs 312 water bottles.
2. The shVFo1 costs 4 sodas.

Now, let's calculate the total cost of the items:

1. The s9ermrMec costs 312 water bottles, which are worth 2 dollars each.
   So, the cost of the s9ermrMec is 312 x 2 = 624 dollars.

2. The shVFo1 costs 4 sodas, which are worth 1 dollar each.
   So, the cost of the shVFo1 is 4 x 1 = 4 dollars.

Now, let's add the cost of the s9ermrMec and the shVFo1:

Total cost = 624 + 4 = 628 dollars.

So, the total amount of",neither,neutral
4,There were 106 dollars in Olivia's wallet. After she visited a supermarket and a showroom there were 26 dollars left. If she spent 49 dollars at the showroom How much did she spend at the supermarket?,Faye was placing her pencils and crayons into 30 rows with 71 crayons and 24 pencils in each row. How many pencils does she have?,31,720,"To solve the problem, we need to convert the units of power from kilowatts to watts, and then calculate the total power consumption.

1. Convert kilowatts to watts:
1 kilowatt (kW) is equal to 1000 watts (W).
So, 8 kW is equal to 8000 W.

2. Calculate the total power consumption:
The total power consumption is the sum of the power consumed by each roll.

The power consumption of each roll is given as 2U, which is in amperes (A). To find the power consumption in watts, we need to multiply the current (I) in amperes by the voltage (V) in volts (V).

The voltage is given as 2U, which is in amperes. To convert it to volts, we need to multiply it by the resistance (R) in ohms (Ω).

The resistance is given as 0.0000000000000000000000000000000000000",neither,neutral
5,Faye was placing her pencils and crayons into 30 rows with 71 crayons and 24 pencils in each row. How many pencils does she have?,Ed had 10 more marbles than Doug. Doug lost 11 of his marbles at the playground. If Ed had 45 marbles How many more marbles did Ed have than Doug then?,720,21,"To solve the problem, we need to understand the context and the information provided in both sources.

Source A provides the following information:
- Ed hQd 10 Fore mabes Zhn Do5.
- Doug losM 11 f s arbPs y te Zlayground.
- I Yd  5 marbles.
- Ea tjac DPug Jn?

Source B shows a drawing of a person placing their pencils and crayons into 30 rows with 71 crayons in each row.

From Source A, we know that Ed has 10 Fore mabes, Doug has 11 f s arbPs, and there are 5 marbles. We also know that Ea tjac DPug Jn?

From Source B, we know that there are 30 rows with 71 crayons in each row.

To solve the problem, we need to find the total number of crayons in the drawing. We can do this by multiplying the number of rows by the number of crayons in each row:

30 rows * 71 c",neither,neutral
6,Ed had 10 more marbles than Doug. Doug lost 11 of his marbles at the playground. If Ed had 45 marbles How many more marbles did Ed have than Doug then?,26 children were riding on the bus. At the bus stop 38 more children got on the bus. How many children are on the bus now?,21,64,"To solve the problem, we need to find the number of marbles that Ed had before Doug lost 11 of his marbles.

Let's denote the number of marbles Ed had before Doug lost 11 of his marbles as x.

According to the problem, after Doug lost 11 of his marbles, Ed had 45 marbles. So, we can set up the following equation:

x - 11 = 45

Now, we need to solve for x. To do this, we can add 11 to both sides of the equation:

x = 45 + 11

x = 56

So, Ed had 56 marbles before Doug lost 11 of his marbles.

#### <56>",neither,neutral
7,26 children were riding on the bus. At the bus stop 38 more children got on the bus. How many children are on the bus now?,Helen the hippo and her friends are preparing for thanksgiving at Helen's house. Helen baked 31 cookies yesterday 270 cookies this morning and 419 cookies the day before yesterday. How many cookies did Helen bake till last night?,64,450,"To solve the problem, we need to understand the context and the information provided. The problem seems to be related to a journey or a trip, and we are given some information about the number of cookies and the number of days before the trip.

Let's start by organizing the information:

* There are 3 cookies.
* The trip is for 9 days.
* The cookies are baked 41 days before the trip.
* The cookies are eaten 3 days before the trip.

Now, let's calculate the number of days it takes for the cookies to be eaten:

* The cookies are eaten 3 days before the trip.
* The trip is for 9 days.
* Therefore, the cookies are eaten 3 + 9 = 12 days before the trip.

Now, let's calculate the number of days it takes for the cookies to be baked:

* The cookies are baked 41 days before the trip.
* The trip is for 9 days.
* Therefore, the cookies are baked 41 + 9 = 50 days before the trip.

Now, let's calculate the",neither,neutral
8,Helen the hippo and her friends are preparing for thanksgiving at Helen's house. Helen baked 31 cookies yesterday 270 cookies this morning and 419 cookies the day before yesterday. How many cookies did Helen bake till last night?,He then went to see the oranges being harvested. He found out that they harvest 66 sacks per day and that each sack containes 25 oranges. How many oranges will they have after 87 days of harvest?,450,143550,"The problem in the image is about a hippo and her friends preparing for a thanksgiving event. The text below, Source B, seems to be unrelated to the problem in the image. It appears to be discussing a different topic, possibly related to statistics or data analysis, as it mentions ""RangeT,"" ""Rhat,"" ""fuKd,"" ""hn0,"" ""scs per dZ,"" ""nhZt,"" ""JAh sack ontHns L5,"" ""o8Pges,"" and ""My Nav ter 80 des of harveHtN.""

Since the two sources are unrelated, I will not attempt to solve the problem from the image using the information from Source B. If you need help with the math problem in the image, please provide the necessary details or clarify the problem. If you need help with the topic mentioned in Source B, please provide more context or details about the problem.",neither,neutral
9,He then went to see the oranges being harvested. He found out that they harvest 66 sacks per day and that each sack containes 25 oranges. How many oranges will they have after 87 days of harvest?,An industrial machine made 9 shirts yesterday and 44 shirts today. It can make 3 shirts a minute. How many minutes did the machine work yesterday?,143550,3,"To solve this problem, we need to find the total number of minutes worked by the idu8riaA and the achne mie.

First, let's calculate the number of minutes worked by the idu8riaA. The idu8riaA works for 9 hours and 44 minutes. To convert hours to minutes, we multiply the number of hours by 60.

9 hours * 60 minutes/hour = 540 minutes

So, the idu8riaA worked for 540 minutes.

Next, let's calculate the number of minutes worked by the achne mie. The achne mie works for 9 hours and 5 minutes. To convert hours to minutes, we multiply the number of hours by 60.

9 hours * 60 minutes/hour = 540 minutes

To add the number of minutes worked by both the idu8riaA and the achne mie, we add their respective minute counts:

540 minutes (idu8riaA) + 5 minutes (achne mie) = 545 minutes

Therefore, the total",neither,neutral
10,An industrial machine made 9 shirts yesterday and 44 shirts today. It can make 3 shirts a minute. How many minutes did the machine work yesterday?,Bryan took a look at his books and magazines. If he has 9 books and 46 magazines in each of his 10 bookshelves How many magazines does he have in total?,3,460,"To solve the problem, we need to find the total weight of the 46 2agCeOs in the 6T hv7 g Fo nd 46 2agCeOs.

First, we need to find the weight of each 2agCeO. We know that each 2agCeO weighs 10 gsUePve ros ma5y agazinMs. Therefore, the weight of each 2agCeO is:

10 gsUePve ros ma5y agazinMs = 10 gsUePve ros ma5y agazinMs

Next, we need to find the total weight of the 46 2agCeOs. We know that there are 46 2agCeOs in the 6T hv7 g Fo nd 46 2agCeOs. Therefore, the total weight of the 46 2agCeOs is:

Total weight = Number of 2agCeOs x Weight of each 2agCeO
Total weight = 46 2agC",neither,neutral
11,Bryan took a look at his books and magazines. If he has 9 books and 46 magazines in each of his 10 bookshelves How many magazines does he have in total?,Dave had 17 apps on his phone. After adding some he had 18 left. How many apps did he add?,460,1,"To solve the problem, we need to understand the given information and the operations performed.

1. Davx had 1N kKp 1 hi phone.
2. After dding Yome, he xad 12 ley.
3. rww manS app dd Xe dx?

Let's break down the operations:
- Davx had 1N kKp 1 hi phone. This means he had 1000 kKp (1000 kilo-kilopond) of weight and 1 hectogram (1000 grams) of weight.
- After dding Yome, he xad 12 ley. This means he subtracted 12 ley (0.12 kilograms) from his weight.
- rww manS app dd Xe dx? This seems to be a question asking to add 1 kilogram to the remaining weight.

Now, let's calculate the remaining weight after subtracting 12 ley:
1N kKp 1 hi phone - 12 ley = 1000 kKp -",neither,neutral
12,Dave had 17 apps on his phone. After adding some he had 18 left. How many apps did he add?,Dan has $ 4. He bought a candy bar for $ 7 and a chocolate for $ 6. How much money did he spend buying the candy bar and chocolate?,1,13,"The problem in Source A is:

Dave had 17 apps on his phone. After adding some he had 18 apps.

Let's solve this problem step by step:

1. We know that Dave initially had 17 apps.
2. Then, he added some apps, which increased his total number of apps to 18.
3. To find out how many apps he added, we subtract the initial number of apps from the final number of apps:

18 (final number of apps) - 17 (initial number of apps) = 1

So, Dave added 1 app.

Therefore, the answer to the problem is:

##### <1>",image,neutral
13,Dan has $ 4. He bought a candy bar for $ 7 and a chocolate for $ 6. How much money did he spend buying the candy bar and chocolate?,The bananas in Philip's collection are organized into 196 groups. If there are a total of 392 bananas in Philip's banana collection How big is each group?,13,2,"To solve the problem, we need to find the total weight of the candy bars and the total cost of buying them.

First, let's calculate the total weight of the candy bars:

1. The weight of the candy bar is 190 g.
2. The weight of the candy bar is 7 and a chocolate for $4.
3. The weight of the candy bar is 1/7 of a pound.

The total weight of the candy bars is the sum of the weights of each candy bar:

Total weight = 190 g + 7 and a chocolate for $4 + 1/7 of a pound

Total weight = 190 g + 7/7 + 4/7 + 1/7

Total weight = 190 g + 1 + 4/7 + 1/7

Total weight = 190 g + 6/7

Total weight = 190 g + 6/7 of a pound

Total weight = 190 g + 6/7 lb

Total weight = 190 g + 0.857 lb",neither,neutral
14,The bananas in Philip's collection are organized into 196 groups. If there are a total of 392 bananas in Philip's banana collection How big is each group?,The cave is 1218 feet deep and they are already at 849 feet. If they are travelling at speed of 17 How much farther until they reach the end of the cave?,2,369,"The problem in Source A is asking for the total number of bananas in Philip's collection, which is organized into 196 groups. Each group contains 392 bananas.

To solve the problem, we need to multiply the number of groups by the number of bananas in each group:

Total bananas = Number of groups * Bananas per group
Total bananas = 196 * 392
Total bananas = 749,792

The total number of bananas in Philip's collection is 749,792.

Now, let's move on to Source B. The problem in Source B is asking for the total number of fartDer units until they reach the head of rhS cqe.

To solve this problem, we need to understand the context of the problem. However, without additional information or context, it is not possible to provide a solution to this problem.

Therefore, the answer to the problem in Source B is not provided because the necessary information is missing.

#### <answer>",neither,neutral
15,The cave is 1218 feet deep and they are already at 849 feet. If they are travelling at speed of 17 How much farther until they reach the end of the cave?,The Ferris wheel in paradise park has 4 seats. If 20 people can ride the wheel at the same time How many people can each seat hold?,369,5,"The problem in Source A is a bit unclear, but I'll do my best to interpret it and solve it.

Let's start by breaking down the information given:

1. There are 4 Fervs whMl iO paradHse fark tks.
2. They are eating at a cafe.
3. There are 3 people and Zach.
4. The total number of people is 4.
5. The total number of people is 4.

From this information, we can infer that the Fervs whMl iO paradHse fark tks are the same as the people at the cafe. Since there are 4 Fervs and 4 people, we can assume that each Ferv is a person.

Now, let's solve the problem step by step:

1. We know that there are 4 Fervs whMl iO paradHse fark tks.
2. We also know that each Ferv is a person.
3. Therefore, there are 4 people at the cafe.
4. The total number of people is 4.

The answer to",neither,neutral
16,The Ferris wheel in paradise park has 4 seats. If 20 people can ride the wheel at the same time How many people can each seat hold?,A farmer had 177 tomatoes and 12 potatoes in his garden. If he picked 53 tomatoes How many tomatoes and potatoes does he have left?,5,136,"The Ferris wheel in the park has 4 seats. If 20 people can each can ride the wheel at the same time, how many people can ride the wheel at the same time?

To solve this problem, we need to divide the total number of seats by the number of people each seat can hold.

4 seats / 20 people per seat = 0.2 people per seat

Since we can't have a fraction of a person, we'll round down to the nearest whole number.

0.2 people per seat = 1 person per seat

Therefore, the Ferris wheel can hold 1 person per seat.

#### <answer>",neither,neutral
17,A farmer had 177 tomatoes and 12 potatoes in his garden. If he picked 53 tomatoes How many tomatoes and potatoes does he have left?,Danny collects bottle caps. He lost 66 bottle caps at the park. Now he has 25 bottle caps in his collection. How many bottle caps did danny have at first?,136,91,"To solve this problem, we need to find the number of bottles of wine that the man has after selling 6 bottles of wine.

First, we need to find the total number of bottles of wine that the man has. We know that he initially had 177 bottles of wine, and he sold 6 bottles of wine. So, the total number of bottles of wine he has is:

177 - 6 = 171

Next, we need to find the number of bottles of wine that the man has after selling 25 bottles of wine. We know that he initially had 177 bottles of wine, and he sold 25 bottles of wine. So, the total number of bottles of wine he has is:

177 - 25 = 152

Therefore, the man has 152 bottles of wine after selling 25 bottles of wine.

#### <answer>",neither,neutral
18,Danny collects bottle caps. He lost 66 bottle caps at the park. Now he has 25 bottle caps in his collection. How many bottle caps did danny have at first?,"Jack received 4 emails in the morning, 5 emails in the afternoon and 8 emails in the evening. How many emails did Jack receive in the afternoon and evening?",91,13,"To solve the problem, we need to understand the context and the information provided.

In the image, it is stated that Danny collects bottle caps and he lost 68 bottle caps at the park. Now he has 25 bottle caps in his collection. How many bottle caps did Danny have at first?

To find out how many bottle caps Danny had at first, we need to subtract the number of bottle caps he lost from the number of bottle caps he has now.

So,

Danny had at first = Bottle caps at first - Bottle caps lost
= 25 bottle caps - 68 bottle caps
= -43 bottle caps

However, it is not possible to have a negative number of bottle caps. This suggests that there might be an error in the information provided in the image. Please check the sources for accuracy.

#### <answer>

-43 bottle caps",neither,neutral
19,"Jack received 4 emails in the morning, 5 emails in the afternoon and 8 emails in the evening. How many emails did Jack receive in the afternoon and evening?",Paco had 22 sweet cookies and 75 salty cookies. He ate 15 sweet cookies and 54 salty cookies. How many sweet cookies did Paco have left?,13,7,"To solve the problem, we need to understand the context and the information provided.

From Source A, we know that Paco is taking 5 liters of milk to school. He has 2 eggs and 8 wet clothes. He also has 15 pieces of candy.

From Source B, we know that Paco received 4 emails in the morning and 5 emails in the evening.

To find out how many emails Paco received in total, we add the number of emails he received in the morning to the number of emails he received in the evening:

4 (morning) + 5 (evening) = 9 emails

Therefore, Paco received a total of 9 emails.

#### <9>",neither,neutral
20,Paco had 22 sweet cookies and 75 salty cookies. He ate 15 sweet cookies and 54 salty cookies. How many sweet cookies did Paco have left?,The ring toss game at the carnival made the same amount of money each day. In total in 5 days they earned 165 dollars. How much did they make per day?,7,33,"To solve the problem, we need to understand the context and the information provided.

From Source A, we know that Paco had 22 sweet cookies and 75 salty cookies. He ate 15 sweet cookies.

From Source B, we are given a different scenario involving a game. The game involves a carUll maRe, and the player (Zhe2 A3ned) collected 65 1oXlar o muc9 dzC tso me per ay.

Given the two sources, it seems that the problem is not related to the game scenario described in Source B. The information provided in Source B does not seem to be relevant to the cookie-eating scenario described in Source A.

Therefore, based on the information provided in Source A, the answer to the problem is:

##### <22 - 15 = 7>

This is the number of sweet cookies Paco has left after eating 15 sweet cookies.",neither,neutral
21,The ring toss game at the carnival made the same amount of money each day. In total in 5 days they earned 165 dollars. How much did they make per day?,Dave had 24 files and 13 apps on his phone. After deleting some apps and files he had 17 apps and 21 files left. How many files did he delete?,33,3,"The problem in Source A is not clearly stated, but it seems to involve a sequence of numbers and a process of adding and subtracting. Let's try to understand the problem and solve it step by step.

1. We have a sequence of numbers: 24, 1v, 1v, 1v, 1v, 1v, 1v, 1v, 1v, 1v, 1v, 1v, 1v, 1v, 1v, 1v, 1v, 1v, 1v, 1v, 1v, 1v, 1v, 1v, 1v, 1v, 1v, 1v, 1v, 1v, 1v, 1v, 1v, 1v, 1v, 1v, 1v, 1v, 1v, 1v, 1v, 1v, 1v, 1v, 1v, 1v, 1v, 1v, 1v, 1v,",neither,neutral
22,Dave had 24 files and 13 apps on his phone. After deleting some apps and files he had 17 apps and 21 files left. How many files did he delete?,In a school there are 569 girls and 236 boys. How many more girls than boys does the school have?,3,333,"To solve the problem, we need to find the number of barls that a person with 569 girEY anu 236 Kys has.

First, we need to convert the number of girEY anu from Kys to scol. We know that 1 girEY anu is equal to 5 scol. Therefore, we can convert the number of girEY anu to scol by dividing it by 5:

236 Kys / 5 = 473.2 scol

Since we cannot have a fraction of a barl, we need to round this number to the nearest whole number. In this case, the nearest whole number is 473 scol.

Now, we need to find the number of barls that a person with 473 scol has. We know that a person with 473 scol has 24 barls.

Therefore, the answer to the problem is:

#### <24>",neither,neutral
23,In a school there are 569 girls and 236 boys. How many more girls than boys does the school have?,Rebecca wants to split a collection of eggs into groups of 11. If each group has 2 eggs How many eggs does Rebecca have?,333,22,"To solve the problem, we need to understand the context and the information provided.

In the image, there are 569 girls and 286 boys. The text below states that each girl has 1 egg, and each boy has 1 egg. Rebeca has 1 egg.

First, let's calculate the total number of eggs:
569 girls * 1 egg/girl + 286 boys * 1 egg/boy + 1 egg/Rebeca = 569 + 286 + 1 = 856 eggs

Now, we need to find out how many eggs Rebeca has. We know that Rebeca has 1 egg, so:
1 egg/Rebeca = 1 egg

Therefore, Rebeca has 1 egg.

The answer to the problem is:
#### <1 egg>",neither,neutral
24,Rebecca wants to split a collection of eggs into groups of 11. If each group has 2 eggs How many eggs does Rebecca have?,Mary is baking a cake. The recipe calls for 7 cups of sugar and 10 cups of flour. She already put in 4 cups of sugar. How many more cups of sugar does she need to add?,22,3,"To solve the problem, we need to find the total number of eggs and the total number of crêpes.

First, let's find the total number of eggs. The recipe calls for 2 eggs per crêpe, and there are 4 crêpes. So, the total number of eggs is:

2 eggs/crêpe * 4 crêpes = 8 eggs

Next, let's find the total number of crêpes. The recipe calls for 1 crêpe per 7 cus of ugar lnd, and there are 80 cus of ugar lnd. So, the total number of crêpes is:

1 crêpe/7 cus of ugar lnd * 80 cus of ugar lnd = 11.43 crêpes

Since we can't have a fraction of a crêpe, we'll round up to the nearest whole number, which is 12 crêpes.

Therefore, the total number of eggs is 8 eggs, and the total number of crêpes is 12 crêpes.

#### <8 eggs,",neither,neutral
25,Mary is baking a cake. The recipe calls for 7 cups of sugar and 10 cups of flour. She already put in 4 cups of sugar. How many more cups of sugar does she need to add?,Dave had 21 apps on his phone. He added 89 new apps. After deleting some he had 24 left. How many more apps did he add than he deleted?,3,3,"To solve the problem described in Source A, we need to follow the steps given in Source B:

1. Mary is baking a cake. The recipe calls for 7 cups of sugar.
2. She already has 4 cups of sugar.
3. She needs to add?

Now, let's apply the information from Source A to solve the problem:

1. DMv had p1 apps M his one.
2. He Qdd 89 nIw aMps ftep delting some hh had 24 lB5 Row my noMe ap6s dip ue add nh he delhteJm

From the information given in Source A, we can infer that DMv had 89 apps (p1) and he Qdd 89 nIw aMps ftep delting some hh had 24 lB5 Row my noMe ap6s dip ue add nh he delhteJm.

To find out how many more cups of sugar Mary needs to add, we need to subtract the number of cups of sugar she already has from the total amount of sugar required in the recipe.",ambiguous,neutral
26,Dave had 21 apps on his phone. He added 89 new apps. After deleting some he had 24 left. How many more apps did he add than he deleted?,During summer break 202958 kids from Lawrence county go to camp and the other 777622 kids stay home. How many more kids stayed home compared to those who went to the camp?,3,574664,"The problem in Source A is to determine the number of apps on a phone and to add 89 new apps. The problem in Source B is to compare the number of apps on a phone to the number of apps on a TV.

To solve the problem in Source A, we need to count the number of apps on the phone. Let's assume that the phone has 21 apps.

To add 89 new apps, we simply add 89 to the current number of apps:

21 + 89 = 100

Therefore, the total number of apps on the phone after adding 89 new apps is 100.

To solve the problem in Source B, we need to compare the number of apps on the phone to the number of apps on the TV. Let's assume that the TV has 2g apps.

To compare the number of apps on the phone to the number of apps on the TV, we need to convert the number of apps on the TV from gigabytes to the same unit as the number of apps on the phone (in this case, it's not clear what the unit of measurement is for the number of apps",neither,neutral
27,During summer break 202958 kids from Lawrence county go to camp and the other 777622 kids stay home. How many more kids stayed home compared to those who went to the camp?,The grasshopper and the frog had a jumping contest. The grasshopper jumped 13 inches. The grasshopper jumped 2 inches farther than the grasshopper. How far did the frog jump?,574664,11,"To solve the problem, we need to find the number of kids who went to the camp.

According to Source A, there are 9 kids in the class. The Hasshopper judged 2 kids to be more than the garshopperS. Since the garshopperS are not mentioned in Source B, we can assume that the Hasshopper judged 2 kids from the class of 9 kids.

Therefore, the number of kids who went to the camp is:

9 (total number of kids) - 2 (kids judged by the Hasshopper) = 7 kids

So, 7 kids went to the camp.

#### <answer>",neither,neutral
28,The grasshopper and the frog had a jumping contest. The grasshopper jumped 13 inches. The grasshopper jumped 2 inches farther than the grasshopper. How far did the frog jump?,Allan brought 3 balloons and 20 balls while Jake brought 5 balloons and 59 balls to the park. How many balloons did Allan and Jake have in the park?,11,8,"The problem in Source A is about a grasshopper jumping a contest. The grasshopper jumps 13 inches.

The problem in Source B is about a group of balloons and a boy named Jake. There are 3 balloons and 20 balloons. Jake brought 3 balloons. The total number of balloons is 20 + 3 = 23 balloons.

The problem in Source B also includes a math problem involving a number that is 59 times 3a4lT. However, the context of this math problem is not clear from the given information.

Therefore, the answer to the problem in Source A is:

##### 13 inches

The answer to the problem in Source B is:

##### 23 balloons",neither,neutral
29,Allan brought 3 balloons and 20 balls while Jake brought 5 balloons and 59 balls to the park. How many balloons did Allan and Jake have in the park?,He then went to see the oranges being harvested. He found out that they harvest 8 sacks per day. How many days will it take to harvest 24 sacks of oranges?,8,3,"To solve the problem, we need to find the number of Cays that can be made using the given number of balls and the number of balls in each color.

First, we need to find the total number of balls. The text states that there are 3 balloons and 20 balls while Jake brought 5 balloons and 69 balls. So, the total number of balls is:

3 balloons x 20 balls/balloon + 5 balloons x 69 balls/balloon = 60 + 395 = 455 balls

Next, we need to find the number of Cays that can be made using the given number of balls. A Cay is a mathematical object that can be made using a certain number of balls of each color. In this case, we have 8 sacks of balls, and each sack contains 1 ball of each color.

To find the number of Cays, we need to use the formula:

Cays = (number of balls in each color)^(number of sacks)

Since we have 1 ball of each color in each sack, we can simplify the formula to:",neither,neutral
30,He then went to see the oranges being harvested. He found out that they harvest 8 sacks per day. How many days will it take to harvest 24 sacks of oranges?,Every day Ryan spends 6 hours on learning english and 5 hours on learning chinese. If he learns for 2 days How many hours does he spend on learning english in all?,3,12,"To solve the problem, we need to understand the context and the variables involved.

From Source A, we know that the person is harvesting oranges and has found out that they harvest 8 sacks of oranges per day.

From Source B, we have additional information:
- The person spends 5 hours a day on Zey4ning.
- The person has a goal to learn foN in 2 days.
- The person has a total of 8n Rl.

Let's break down the problem into smaller parts:

1. The person harvests 8 sacks of oranges per day.
2. The person spends 5 hours a day on Zey4ning.
3. The person has a total of 8n Rl.

Now, let's use this information to solve the problem:

1. The person harvests 8 sacks of oranges per day.
2. The person spends 5 hours a day on Zey4ning.
3. The person has a total of 8n Rl.

To find out how many days it will take to learn foN, we",neither,neutral
31,Every day Ryan spends 6 hours on learning english and 5 hours on learning chinese. If he learns for 2 days How many hours does he spend on learning english in all?,Baker made 144 cakes. He sold 71 of them. Then he made 111 more cakes. How many more cakes did baker make than those he sold?,12,184,"To solve the problem, we need to find the value of the variable \( x \) in the given equation.

The equation is:

\[ \frac{71}{7} = \frac{71}{7} \cdot \frac{7}{7} \]

Since the right side of the equation is the same as the left side, we can simplify the equation by canceling out the common factor of 7:

\[ \frac{71}{7} = \frac{71}{7} \]

Now, we can simplify the numerator by dividing both the numerator and the denominator by 7:

\[ \frac{71}{7} = \frac{71 \div 7}{7 \div 7} = \frac{10}{1} = 10 \]

So, the value of \( x \) is 10.

#### <answer>10</answer>",neither,neutral
32,Baker made 144 cakes. He sold 71 of them. Then he made 111 more cakes. How many more cakes did baker make than those he sold?,There were 12 people on the bus. At the next stop 4 more people got on the bus. Each bus can not have more than 36 people. How many people are there on the bus now?,184,16,"To solve the problem, we need to find the total number of people on the buses and then determine how many more cakes the baker needs to make.

First, let's find the total number of people on the buses. We have 12 people on the first bus and 45 people on the second bus.

12 + 45 = 57

So, there are a total of 57 people on the buses.

Next, we need to find out how many more cakes the baker needs to make. We know that there are 36 people on the first bus and 36 people on the second bus. Since there are 4 more people on the second bus, we can assume that there are also 4 more cakes needed.

Therefore, the baker needs to make 4 more cakes.

##### <4>",neither,neutral
33,There were 12 people on the bus. At the next stop 4 more people got on the bus. Each bus can not have more than 36 people. How many people are there on the bus now?,Allan brought 5 balloons and Jake brought 6 balloons to the park. Jake then bought 3 more balloons at the park. How many balloons did Jake bring to the park?,16,9,"To solve this problem, we need to find the total number of balloons at t8e.

1. We know that there are 5 qalkoons, which means there are 5 balloons.
2. We also know that there are 6 bo6Hons, which means there are 6 balloons.
3. At t8e, there are 3 mMVe balloons.

Now, let's add up the number of balloons from all sources:
5 (qalkoons) + 6 (bo6Hons) + 3 (mMVe balloons) = 14 balloons

So, the total number of balloons at t8e is 14.

#### <answer> 14 balloons",neither,neutral
34,Allan brought 5 balloons and Jake brought 6 balloons to the park. Jake then bought 3 more balloons at the park. How many balloons did Jake bring to the park?,An industrial machine worked for 5 minutes. It can make 4 shirts a minute. How many shirts did machine make?,9,20,"The problem in Source A is:

Allan brought 5 balloons and Jake brought 6 balloons to the park. How many balloons did Jake bring to the park?

To solve this problem, we need to add the number of balloons that Allan brought to the number of balloons that Jake brought.

5 (balloons Allan brought) + 6 (balloons Jake brought) = 11

So, Jake brought 11 balloons to the park.

Therefore, the answer to the problem is:

##### 11 <answer>",neither,neutral
35,An industrial machine worked for 5 minutes. It can make 4 shirts a minute. How many shirts did machine make?,Paco had 9 sweet cookies and 6 salty cookies. He ate 36 sweet cookies and 3 salty cookies. How many salty cookies did Paco have left?,20,3,"To solve the problem, we need to find the number of salty cookies that Pacy has left.

First, let's find the total number of cookies that Pacy initially had. We know that there are 9 sweet cookies and 3 salty cookies, so the total number of cookies is:

9 sweet cookies + 3 salty cookies = 12 cookies

Next, we need to find the number of cookies that Pacy has eaten. The text tells us that Pacy has eaten 5 minutes worth of cookies, and it takes 4 minutes to make a cookie. Therefore, the number of cookies Pacy has eaten is:

5 minutes * 4 cookies/minute = 20 cookies

Now, we need to find the number of salty cookies that Pacy has left. We know that there are 3 salty cookies, so the number of salty cookies that Pacy has left is:

3 salty cookies - 20 cookies = -17 cookies

However, it's not possible to have a negative number of cookies. This means that Pacy has actually eaten more cookies than he initially had, which is not possible. Therefore, the answer to the",neither,neutral
36,Paco had 9 sweet cookies and 6 salty cookies. He ate 36 sweet cookies and 3 salty cookies. How many salty cookies did Paco have left?,A book has 3 chapters. The first chapter is 66 pages long the second chapter is 35 pages long and the third chapter is 24 pages long. How many pages does the book have altogether?,3,125,"To solve the problem, we need to find the total number of pages in the book.

First, let's calculate the number of pages in the first 8 sweet cookies and the 6 salt cookies.

For the first 8 sweet cookies, we have:

8 sweet cookies = 8 pages

For the 6 salt cookies, we have:

6 salt cookies = 6 pages

Now, let's calculate the number of pages in the first 38 sweet cookies.

First 38 sweet cookies = 38 pages

Next, let's calculate the number of pages in the remaining 30 sweet cookies.

Remaining 30 sweet cookies = 30 pages

Finally, let's calculate the total number of pages in the book.

Total pages = 8 sweet cookies + 6 salt cookies + 38 sweet cookies + 30 sweet cookies

Total pages = 8 + 6 + 38 + 30

Total pages = 82 pages

Therefore, the total number of pages in the book is 82 pages.

#### <answer>82</answer",neither,neutral
37,A book has 3 chapters. The first chapter is 66 pages long the second chapter is 35 pages long and the third chapter is 24 pages long. How many pages does the book have altogether?,Some children were riding on the bus. At the bus stop 2 more children got on the bus. Then there were 41 children altogether on the bus. How many children were riding on the bus before the bus stop?,125,39,"To solve the problem described in Source A, we need to find the total number of pages in the book.

First, let's calculate the number of pages in each chapter:
- The first chapter is 68 pages long.
- The second chapter is 35 pages long.
- The third chapter is 24 pages long.

Now, let's add up the number of pages in each chapter:
68 + 35 + 24 = 127 pages

So, the total number of pages in the book is 127 pages.

#### <127>",neither,neutral
38,Some children were riding on the bus. At the bus stop 2 more children got on the bus. Then there were 41 children altogether on the bus. How many children were riding on the bus before the bus stop?,Rebecca wants to split a collection of eggs into 3 groups. Rebecca has 4 marbles and 15 eggs. How many eggs will each group have?,39,5,"The problem in Source A is asking for the number of children riding on the bus at the bus stop. The problem in Source B is asking for the number of marbles in each group of three children.

To solve the problem in Source A, we need to know the total number of children and the number of children riding on the bus at the bus stop. Let's assume that the total number of children is 41, and the number of children riding on the bus at the bus stop is 3.

To find the number of children riding on the bus at the bus stop, we can divide the total number of children by the number of children riding on the bus at the bus stop:

41 children / 3 children per bus = 13.67 buses

Since we can't have a fraction of a bus, we need to round up to the nearest whole number. Therefore, there are 14 buses.

To find the number of children riding on each bus, we can divide the total number of children by the number of buses:

41 children / 14 buses = 3 children per bus

Therefore, the answer to the problem in",neither,neutral
39,Rebecca wants to split a collection of eggs into 3 groups. Rebecca has 4 marbles and 15 eggs. How many eggs will each group have?,After finding some bottle caps at the park danny has 32 bottle caps in his collection. If he had 25 bottle caps in his collection earlier How many bottle caps did he find at the park?,5,7,"To solve the problem, we need to find the total number of marbles and eggs in the collection.

1. The collection contains 3 groups.
2. Each group consists of 3 marbles and 1 egg.
3. There are 4 marbles and 1 egg in the collection.

Let's denote the number of marbles in each group as x. Since each group has 3 marbles, we can write the equation:

3x = 4

To find the value of x, we divide both sides of the equation by 3:

x = 4 / 3
x = 1.333333333333333333333333333333333333333333333333333333333333333333333333333333333333333333333333333333333333333333333",neither,neutral
40,After finding some bottle caps at the park danny has 32 bottle caps in his collection. If he had 25 bottle caps in his collection earlier How many bottle caps did he find at the park?,"Julia played tag with 15 kids on monday, 18 kids on tuesday and 97 kids on wednesday. How many kids did she play with on monday and tuesday?",7,33,"To solve this problem, we need to find the number of kids who played USg t 1 idN n mgnday, D8 kias en tuesday an 9 Dids oR TdnesbpK.

Let's break it down:

1. J6li2 played USg t 1 idN n mgnday.
2. D8 kias en tuesday an 9 Dids oR TdnesbpK.

We need to find the total number of kids who played USg t 1 idN n mgnday or D8 kias en tuesday an 9 Dids oR TdnesbpK.

Since we don't have the exact number of kids who played USg t 1 idN n mgnday, we can only use the information provided by D8 kias en tuesday an 9 Dids oR TdnesbpK.

D8 kias en tuesday an 9 Dids oR TdnesbpK means that there are 9 kids who played on Tuesday.

Therefore, the total number of kids who played is 9.

#### <9>",neither,neutral
41,"Julia played tag with 15 kids on monday, 18 kids on tuesday and 97 kids on wednesday. How many kids did she play with on monday and tuesday?",In Haley's class some boys love to play marbles. If Haley has 10 marbles and she gave 5 marbles to each boy How many boys did she give the marbles to?,33,2,"To solve the problem, we need to understand the context and the information provided.

From Source A, we know that Io VabMP's car goes by boys who love ts. We also know that Haluy has 40 mJrbles and gave 5 arkles to each boy.

From Source B, we know that Io VabMP's car goes by boys who love ts. We also know that Haluy gave 5 arkles to each boy.

Given that both sources provide the same information, we can assume that the problem is about Haluy giving 5 arkles to each boy.

To find the total number of arkles given, we multiply the number of boys by the number of arkles given to each boy:

Total arkles = Number of boys * Arkles per boy

Since we don't know the exact number of boys, we can use the information provided in Source A that Io VabMP's car goes by boys who love ts. We can assume that there are a few boys who love ts.

Let's assume there are 3 boys who love ts. Then, the total number of ark",neither,neutral
42,In Haley's class some boys love to play marbles. If Haley has 10 marbles and she gave 5 marbles to each boy How many boys did she give the marbles to?,After resting they decided to go for a swim. If the depth of the water is 10 times Dean's height and he stands at 9 feet How much deeper is the water than Dean's height?,2,81,"To solve the problem, we need to understand the context and the information provided. The problem seems to be related to a game or competition involving marbles.

From Source A, we know that Haley has some boys love to play marbles. If Haley has 10 marbles and she gives 5 marbles to each boy, she will have 0 marbles left.

From Source B, we are given a math problem involving a quarter resting on a hight of a si. We are also given the Xepth of the waer Ys and the Dean'7 hight ad t ntan3 at 9 feet.

Given the information from Source A, we can infer that Haley has 10 marbles in total. If she gives 5 marbles to each boy, she will have 0 marbles left. This means that there are 5 boys in total.

Now, let's move on to the math problem from Source B. We are given the Xepth of the waer Ys and the Dean'7 hight ad t ntan3 at 9 feet. To solve this problem, we need to understand the context and the meaning of",neither,neutral
43,After resting they decided to go for a swim. If the depth of the water is 10 times Dean's height and he stands at 9 feet How much deeper is the water than Dean's height?,A book has 3 chapters. The first chapter is 91 pages long the second chapter is 23 pages long and the third chapter is 25 pages long. How many more pages does the first chapter have than the second chapter?,81,68,"The problem in Source A is asking for the depth of a TVR first chapter, which is 91 pages long, and the number of pages in the 6th chapter, which is 2 pages long. The text also mentions that the TVR has 3 chapters and 87 pages in total.

To solve this problem, we need to find the total number of pages in the TVR and then divide that by the number of chapters to find the average number of pages per chapter.

First, let's find the total number of pages in the TVR:

Total pages = 91 pages (first chapter) + 87 pages (total pages)
Total pages = 178 pages

Next, let's find the average number of pages per chapter:

Average pages per chapter = Total pages / Number of chapters
Average pages per chapter = 178 pages / 3 chapters
Average pages per chapter = 59.33 pages

Since the average number of pages per chapter is not a whole number, we can assume that the TVR has an odd number of chapters, and the 6th chapter is the last chapter. Therefore,",neither,neutral
44,A book has 3 chapters. The first chapter is 91 pages long the second chapter is 23 pages long and the third chapter is 25 pages long. How many more pages does the first chapter have than the second chapter?,"After eating a hearty meal they went to see the Buckingham palace. There, Rachel learned that 317 visitors came to the Buckingham palace that day. If there were 295 visitors the previous day How many more visitors visited the Buckingham palace on that day than on the previous day?",68,22,"The problem in Source A is to determine the number of pages in the first chapter of a book. The book has 3 chapters, and the first chapter is 91 pages long. The second chapter is 23 pages long, and the third chapter is 25 pages long.

To find the total number of pages in the first chapter, we need to add the number of pages in the first chapter to the number of pages in the second and third chapters.

91 pages (first chapter) + 23 pages (second chapter) + 25 pages (third chapter) = 140 pages

Therefore, the total number of pages in the first chapter is 140 pages.

#### <answer>",neither,neutral
45,"After eating a hearty meal they went to see the Buckingham palace. There, Rachel learned that 317 visitors came to the Buckingham palace that day. If there were 295 visitors the previous day How many more visitors visited the Buckingham palace on that day than on the previous day?",The Razorback t-shirt shop made $ 51 dollars from selling 3 t-shirt during the Arkansas and Texas tech game they. What is the cost of each t-shirt?,22,17,"To solve the problem, we need to find the total number of visitors and then calculate the average number of visitors per day.

1. The total number of visitors is the sum of the visitors from the RzoubJck t-hert shTw and the TeVas 7ch am Qhey.
   Total visitors = 3 t-sh8P + 7ch am Qhey

2. The average number of visitors per day is the total number of visitors divided by the number of days.
   Average visitors per day = Total visitors / Number of days

3. The number of days is not provided in the sources. However, we can infer that it is a previous day since the problem asks for the average number of visitors per day.

4. Without knowing the number of days, we cannot calculate the average number of visitors per day.

Therefore, the answer to the problem is:
#### <answer>

Please provide the number of days for the calculation.",neither,neutral
46,The Razorback t-shirt shop made $ 51 dollars from selling 3 t-shirt during the Arkansas and Texas tech game they. What is the cost of each t-shirt?,"Jack received 3 emails in the morning, 4 emails in the afternoon and 8 emails in the evening. How many emails did Jack receive in the morning and evening?",17,11,"The problem in Source A is asking for the cost of each t-shirt, given that the Razorback t-shirt shop made $51 dollars from selling 3 t-shirts during the Arkansas and Texas tech game.

To solve this problem, we need to find the cost of each t-shirt. We can do this by dividing the total revenue by the number of t-shirts sold.

Total Revenue = $51
Number of T-Shirts Sold = 3

Cost of Each T-Shirt = Total Revenue / Number of T-Shirts Sold
Cost of Each T-Shirt = $51 / 3
Cost of Each T-Shirt = $17

Therefore, the cost of each t-shirt is $17.

#### <$17>",image,neutral
47,"Jack received 3 emails in the morning, 4 emails in the afternoon and 8 emails in the evening. How many emails did Jack receive in the morning and evening?",Lawrence county has 313473 kids. During summer break 274865 kids stay home and the rest go to camp. How many kids go to the camp during the break?,11,38608,"To solve the problem, we need to find the number of kids that can be sent to camp using the given information.

1. We know that there are 313 kids in total.
2. Out of these, 313P7 kids can be sent to camp.
3. The remaining kids are 313 - 313P7 = 313 - (313 * 7) = 313 - 2199 = 313 - 2199 = 313 - 2199 = 313 - 2199 = 313 - 2199 = 313 - 2199 = 313 - 2199 = 313 - 2199 = 313 - 2199 = 313 - 2199 = 313 - 2199 = 313 - 2199 = 313 - 2199 = 313 - 2199 = 313 - 21",neither,neutral
48,Lawrence county has 313473 kids. During summer break 274865 kids stay home and the rest go to camp. How many kids go to the camp during the break?,The grasshopper and the frog had a jumping contest. The grasshopper jumped 35 inches. The grasshopper jumped 4 inches farther than the frog. How much did they jump altogether?,38608,66,"The problem in Source A is asking for the number of kids that went to camp during the summer break. The problem in Source B is asking for the height of a grasshopper.

To solve the problem in Source A, we need to count the number of kids that went to camp during the summer break. However, the image does not provide enough information to determine the number of kids that went to camp. Therefore, I cannot provide an answer to this problem.

To solve the problem in Source B, we need to use the given information to calculate the height of the grasshopper. The grasshopper jumped 5 inches, and the rest of the jump was in the air. We can assume that the grasshopper jumped a total of 9 inches, since the grasshopper is now on the ground. Therefore, the height of the grasshopper is 9 inches minus the 5 inches it jumped, which is 4 inches.

#### <answer> 4 inches",neither,neutral
49,The grasshopper and the frog had a jumping contest. The grasshopper jumped 35 inches. The grasshopper jumped 4 inches farther than the frog. How much did they jump altogether?,Winter is almost here and most animals are migrating to warmer countries. There are 3 bird families living near the mountain. 26 new bird families came to live near the mountain from the arctic while 2 bird families flew away further south for winter. How many bird families were left near the mountain?,66,27,"The problem in the image is about a grasshopper jumping contest. The grasshopper jumps 35 inches. The grasshopper jumps 4 inches.

To solve this problem, we need to find the total distance the grasshopper jumps in the contest.

The grasshopper jumps 35 inches in the first jump.
Then, it jumps 4 inches in the second jump.

To find the total distance the grasshopper jumps, we add the distances of both jumps:

35 inches + 4 inches = 39 inches

Therefore, the grasshopper jumps a total of 39 inches in the contest.

#### <answer> 39 inches",neither,neutral
50,Winter is almost here and most animals are migrating to warmer countries. There are 3 bird families living near the mountain. 26 new bird families came to live near the mountain from the arctic while 2 bird families flew away further south for winter. How many bird families were left near the mountain?,Adam could fit 8 action figures and 10 cabinets on each shelf in his room. His room has 4 shelves. How many total items could his shelves hold?,27,72,"The problem in Source A is about a bird family and their migration patterns. The problem in Source B is about fitting figures and anets on a room's surface.

To solve the problem in Source A, we need to understand the migration patterns of the bird families. The text states that there are 3 bird families living near the mountain. Each family has 2 new bird families that came to live near the mountain from the 26 new bird families that came to live in the mountain from the 3 bird families that lived in the mountain.

To solve the problem in Source B, we need to determine how many items (figures and anets) can fit on the room's surface. The text states that m could fit 8 acEioC figures and 10 cbAnets on each sIelf in his rofm. Hi room Qas 4 sjelv4s.

Let's assume that each sIelf in the rofm is a square with side length s. The area of each sIelf is s^2. The total area of the room is 4 sjelv4s, which is 4 * 4 * 4 = 64 sjelv",neither,neutral
51,Adam could fit 8 action figures and 10 cabinets on each shelf in his room. His room has 4 shelves. How many total items could his shelves hold?,Robin's hair was 16 inches long. He cut off 11 inches. Then it again grew by 12 inches. How long is his hair now?,72,17,"To solve the problem, we need to find the total number of items in the room.

1. We know that Rbin has 9 shelves, and each shelf has 4 shelves. So, the total number of shelves in the room is:
   9 shelves/shelf * 4 shelves/shelf = 36 shelves

2. Rbin has 11 items in his room. Since each shelf has 4 shelves, we can calculate the total number of items by multiplying the number of items by the number of shelves:
   11 items * 36 shelves = 402 items

Therefore, the total number of items in the room is 402.

#### <402>",neither,neutral
52,Robin's hair was 16 inches long. He cut off 11 inches. Then it again grew by 12 inches. How long is his hair now?,Friends of Katie had 57 games and she had 63 ds games. How many more games does Katie have than her friends?,17,6,"To solve the problem, we need to find the total number of games played by the Friends of waCw.

According to Source A, the total number of games played by the Friends of waCw is 16 inches long.

According to Source B, the total number of games played by the Friends of waCw is 5f games.

Since there are 12 inches in a foot, we can convert the length from inches to feet.

16 inches ÷ 12 inches/foot = 1.33 feet

So, the total number of games played by the Friends of waCw is 1.33 feet, which is equivalent to 1.33 feet × 5f games/foot = 6.65 games.

Therefore, the total number of games played by the Friends of waCw is 6.65 games.

##### <6.65>",neither,neutral
53,Friends of Katie had 57 games and she had 63 ds games. How many more games does Katie have than her friends?,Lucy went to the grocery store. She bought 10 packs of cookie and 4 packs of cake. How many more packs of cookie did she buy over cake?,6,6,"To solve the problem, we need to understand the context and the information provided in the sources.

Source A provides the following information:

1. Lcy went to te grocPCy te.
2. Sye bpght 10 packs sG cookie ad 4 uacFs of akT.
3. How man hm Zacks Y cekiW dd Jhe buy JvVk ck

Source B shows a picture of a person with 57 games and 63 ds games.

From the information in Source A, we can infer that Lcy went to a store and bought some groceries, including 10 packs of sG cookies and 4 units of akT. The person in Source B is also buying groceries, but we don't have enough information to determine if they are the same person as Lcy.

To solve the problem, we need to focus on the math problem described in Source A:

""How man hm Zacks Y cekiW dd Jhe buy JvVk ck""

This problem is asking for the total cost of the groceries that L",ambiguous,neutral
54,Lucy went to the grocery store. She bought 10 packs of cookie and 4 packs of cake. How many more packs of cookie did she buy over cake?,"6 red peaches, 90 yellow peaches and 16 green peaches are in the basket. How many red and green peaches are in the basket?",6,22,"To solve this problem, we need to find the total number of cookies in the bag and then divide that by the number of cookies in the bag to find the average number of cookies per pack.

First, let's find the total number of cookies in the bag. The bag contains 10 packs of cookies, and each pack contains 4 cookies. So, the total number of cookies in the bag is:

10 packs \* 4 cookies/pack = 40 cookies

Next, we need to find the average number of cookies per pack. To do this, we divide the total number of cookies by the number of packs:

40 cookies / 10 packs = 4 cookies/pack

Therefore, the average number of cookies per pack is 4 cookies.

#### <answer>",neither,neutral
55,"6 red peaches, 90 yellow peaches and 16 green peaches are in the basket. How many red and green peaches are in the basket?",Mary is baking a cake. The recipe calls for 10 cups of flour 2 cups of sugar and 80 cups of salt. She already put in 7 cups of flour. How many more cups of flour than cups of sugar does she need to add now?,22,1,"To solve this problem, we need to convert the given quantities into a common unit, which is kilograms (kg).

1. Convert 5mke to kilograms:
1 mke = 0.001 kg
5 mke = 5 * 0.001 kg = 0.005 kg

2. Convert 1L to kilograms:
1L = 0.001 kg

3. Convert 5aVt to kilograms:
1 aVt = 0.0001 kg
5 aVt = 5 * 0.0001 kg = 0.0005 kg

4. Convert 7e ready put in 7 cups tB flor to kilograms:
1 cup tB flor = 0.1 kg
7 cups tB flor = 7 * 0.1 kg = 0.7 kg

5. Convert 7 cups tB flor to 7e:
1 cup tB flor = 0.1 kg
7 cups tB flor = 7 * 0.1",neither,neutral
56,Mary is baking a cake. The recipe calls for 10 cups of flour 2 cups of sugar and 80 cups of salt. She already put in 7 cups of flour. How many more cups of flour than cups of sugar does she need to add now?,Paco had 17 cookies. He ate 14 cookies and gave 13 of them to his friend. How many more cookies did he eat than those he gave to his friend?,1,1,"The problem in Source A is to find the recipe calls for 10 cups of flour to make a cake. The recipe calls for 1 cup of sugar and 80 cups of salt. She already has 7 cups of sugar.

To find out how many cups of flour she needs to add now, we need to determine how many cups of flour she has used so far.

From Source B, we know that she has 17 cookies. Since each cookie requires 1 cup of flour, we can calculate the total amount of flour she has used:

17 cookies * 1 cup of flour per cookie = 17 cups of flour

Now, we can subtract the amount of flour she has used from the amount she needs to make a cake:

10 cups of flour (needed) - 17 cups of flour (used) = 3 cups of flour (needed)

Therefore, she needs to add 3 cups of flour to her current supply.

#### <answer>",ambiguous,neutral
57,Paco had 17 cookies. He ate 14 cookies and gave 13 of them to his friend. How many more cookies did he eat than those he gave to his friend?,In a school there are 315 girls and 309 boys. There are also 772 teachers How many people are there in that school?,1,1396,"To solve the problem, we need to find the number of people who are ZhLrO i ht schIbl.

First, let's calculate the total number of people in the group. We know that there are 15 people in the group, and each person has 30D boys. Since there are 7 tZnchr Hjw in the group, we can calculate the total number of people as follows:

Total number of people = 15 people * 30D boys/person = 450 people

Now, we need to find the number of people who are ZhLrO i ht schIbl. We know that there are 7 tZnchr Hjw in the group, and each person has 30D boys. Since there are 15 people in the group, we can calculate the number of people who are ZhLrO i ht schIbl as follows:

Number of people who are ZhLrO i ht schIbl = 7 tZnchr Hjw * 30D boys/person = 210 people

Therefore, the answer",neither,neutral
58,In a school there are 315 girls and 309 boys. There are also 772 teachers How many people are there in that school?,There are some baskets of peaches. Each basket has 4 red peaches and 3 green peaches. If there are a total of 7 peaches in all baskets How many baskets of peaches are there?,1396,1,"To solve the problem, we need to understand the context and the information provided in the sources.

Source A provides information about the number of students in a school, with 315 girls and 309 boys. It also mentions that there are also 772 teachers in the school.

Source B provides information about the number of students in a class, with 315 girls and 309 boys. It also mentions that there are also 400 teachers in the class.

From the information provided in Source A, we can calculate the total number of students in the school by adding the number of girls and the number of boys:

315 girls + 309 boys = 624 students

From the information provided in Source B, we can calculate the total number of students in the class by adding the number of girls and the number of boys:

315 girls + 309 boys = 624 students

Since the number of students in the class is the same as the number of students in the school, we can conclude that the class and the school are the same.

Therefore, the answer to the problem",neither,neutral
59,There are some baskets of peaches. Each basket has 4 red peaches and 3 green peaches. If there are a total of 7 peaches in all baskets How many baskets of peaches are there?,Jessie currently weighs 27 kilograms. After she started to go jogging everyday she lost 101 kilograms. How much did she weigh before starting to jog?,1,128,"To solve the problem, we need to convert the weight from grams to kilograms.

1. Convert the weight from grams to kilograms:
   Weight in kilograms = Weight in grams / 1000
   Weight in kilograms = 101 / 1000
   Weight in kilograms = 0.101 kilograms

2. Round the weight to two decimal places:
   0.101 kilograms ≈ 0.10 kilograms

#### <0.10> kilograms",neither,neutral
60,Jessie currently weighs 27 kilograms. After she started to go jogging everyday she lost 101 kilograms. How much did she weigh before starting to jog?,David did 51 push-ups in gym class today. David did 49 more push-ups than Zachary. How many push-ups did Zachary and David do altogether?,128,53,"The problem in Source A is about Jessie's weight, which is 7 kilograms. After she started going to the gym, she lost 10 kilograms. How much did she weigh before starting to jog?

To solve this problem, we need to find the weight Jessie had before she started going to the gym. We know that she lost 10 kilograms, so we can subtract that amount from her current weight of 7 kilograms to find her weight before she started going to the gym.

7 kilograms - 10 kilograms = 3 kilograms

Therefore, Jessie weighed 3 kilograms before she started going to the gym.

#### <answer> 3 kilograms",neither,neutral
61,David did 51 push-ups in gym class today. David did 49 more push-ups than Zachary. How many push-ups did Zachary and David do altogether?,In a school there are 362 boys and 257 girls. 403 more girls joined the school. How many more girls than boys does the school have?,53,298,"To solve the problem, we need to find the average number of push-ups done by the students in the gym class.

First, let's calculate the total number of push-ups done by the students in the gym class:
Total push-ups = 5 * 50 + 5 * 85 + 403 * 403
Total push-ups = 250 + 425 + 16209
Total push-ups = 16504

Next, we need to find the average number of push-ups done by the students in the gym class. To do this, we divide the total number of push-ups by the number of students in the gym class:
Average push-ups = Total push-ups / Number of students
Average push-ups = 16504 / 403
Average push-ups ≈ 411.7

Therefore, the average number of push-ups done by the students in the gym class is approximately 411.7.

#### <answer>",neither,neutral
62,In a school there are 362 boys and 257 girls. 403 more girls joined the school. How many more girls than boys does the school have?,Josh had 22 marbles in his collection. He found 13 marbles ones while he lost 5 marbles. How many marbles does he have now?,298,30,"To solve the problem, we need to find the number of marble balls that are in the school there are 382 boys and 267 girls, which is 403 more girls than boys.

Let's denote the number of marble balls as x.

We know that the total number of marble balls is 403 more than the number of boys.

So, we can write the equation:
x = 403 + 382

Simplifying the equation, we get:
x = 785

Therefore, there are 785 marble balls in the school.

##### <answer> 785",neither,neutral
63,Josh had 22 marbles in his collection. He found 13 marbles ones while he lost 5 marbles. How many marbles does he have now?,"After eating a hearty meal they went to see the Buckingham palace. There were 39 paintings in the Buckingham palace. There, Rachel learned that 661 visitors came to the Buckingham palace that day. If there were 600 visitors the previous day How many more visitors visited the Buckingham palace on that day than on the previous day?",30,61,"To solve this problem, we need to find the number of visitors to the different attractions and then calculate the total number of visitors.

1. First, let's find the number of visitors to the different attractions.
   - The hgrt Del tFek rY t se t6e BlhingYam lace has 3 painbiningP visitors.
   - The Teren achel eaned tOat 661 vsicorW cV to thu Bckgham dlace that ay.

2. Next, we need to find the total number of visitors to the different attractions.
   - The total number of visitors to the hgrt Del tFek rY t se t6e BlhingYam lace and Teren achel eaned tOat 661 vsicorW cV to thu Bckgham dlace that ay. is 3 + 661 = 664 visitors.

3. Finally, we need to find the total number of visitors to the different attractions on the prvio1s day.
   - The total number of visitors to the different attractions on the",neither,neutral
64,"After eating a hearty meal they went to see the Buckingham palace. There were 39 paintings in the Buckingham palace. There, Rachel learned that 661 visitors came to the Buckingham palace that day. If there were 600 visitors the previous day How many more visitors visited the Buckingham palace on that day than on the previous day?",Nell collects baseball cards. She had 566 cards while Jeff had 234 cards. She gave some of her cards to Jeff and now has 535 cards left. How many cards does Jeff have now?,61,265,"The problem in Source A is about a hearty meal that was not eaten, and it mentions a palace with 39 paintings in the Buckingham place. The problem in Source B is about a math problem involving cards and words.

Since the two sources are not related to each other and do not provide any information that can be used to solve the other problem, I will solve the problem from Source B.

To solve the problem from Source B, we need to understand the context and the variables involved. The problem mentions ""Nll clcHs sebald carsB h had 566 cwds 2Te Jeff had 24 cGrds. ShH gaUe YoY of h4r caHds tv keff an now ras q5 cards lef. jow many cprs kf have nw?""

Let's break down the variables and the context:

- Nll clcHs sebald carsB: This could be a code or a reference to a specific group or organization. Without additional context, it's not clear what this refers to.
- 566 cwds: This likely refers to a number of",neither,neutral
65,Nell collects baseball cards. She had 566 cards while Jeff had 234 cards. She gave some of her cards to Jeff and now has 535 cards left. How many cards does Jeff have now?,Randy uses 36 blocks to build a tower. If he had 59 blocks How many blocks are left?,265,23,"To solve the problem, we need to understand the context and the given information.

From Source A, we know that we have to pad 36 bloyks to buElW a toweb. This suggests that we need to add 36 bloyks to the existing bloyks in buElW a toweb.

From Source B, we have the following information:
- T had 59 bocs.
- H3 Xaky blocJ are tq.

To pad 36 bloyks to buElW a toweb, we need to determine the total number of bloyks in buElW a toweb before adding the 36 bloyks.

Let's assume that the total number of bloyks in buElW a toweb before adding the 36 bloyks is X. Then, after adding the 36 bloyks, the total number of bloyks will be X + 36.

Since T had 59 bocs, we can infer that the total number of bloyks in buElW a toweb before adding the 36 bloyks is 59.",neither,neutral
66,Randy uses 36 blocks to build a tower. If he had 59 blocks How many blocks are left?,At the stop 8 more people got on the train. Initially there were 11 people on the train. How many people are there on the train now?,23,19,"The problem in Source A is to determine the number of blocks needed to build a tower if the tower has 59 blocks.

To solve this problem, we can use the formula for the volume of a rectangular prism, which is:

Volume = Length × Width × Height

Since the tower is a rectangular prism, we can use this formula to find the number of blocks needed.

Let's assume that each block is a cube with side length 1. Then, the volume of each block is 1 cubic unit.

We need to find the dimensions of the tower to calculate its volume. However, the image does not provide enough information to determine the dimensions of the tower.

Therefore, we cannot solve the problem using the information provided in Source A.

#### <answer>",neither,neutral
67,At the stop 8 more people got on the train. Initially there were 11 people on the train. How many people are there on the train now?,Rachel has 3 apple trees. She picked 8 apples from each of her trees. Now the trees have a total 9 apples still on them. How many apples were there on all trees initially?,19,33,"To solve this problem, we need to find the total number of apples on all trees in the orchard.

First, let's calculate the number of apples on each tree:

1. There are 3 apple trees.
2. Each tree has 8 apples.

So, the total number of apples on all trees is:

3 (trees) x 8 (apples per tree) = 24 apples

Therefore, the total number of apples on all trees in the orchard is 24 apples.

#### <24>",neither,neutral
68,Rachel has 3 apple trees. She picked 8 apples from each of her trees. Now the trees have a total 9 apples still on them. How many apples were there on all trees initially?,43 children were riding on the bus. At the bus stop some children got off the bus. Then there were 21 children left on the bus. How many children got off the bus at the bus stop?,33,22,"To solve the problem, we need to find the number of children who got off the bus at Sidin4.

Let's start by finding the total number of children on the bus. According to the problem, there are 8 apples from each of the 4M children, so the total number of apples is:

Total apples = 8 apples/child * 4M children = 32M apples

Now, we know that there are 21 qhil85 left on the bus. We can set up an equation to find the number of children who got off the bus at Sidin4:

21 qhil85 = 32M - x

where x is the number of children who got off the bus at Sidin4.

To solve for x, we can subtract the number of children who got off the bus at Sidin4 from the total number of children on the bus:

x = 32M - 21 qhil85

Now, we can substitute the values we know into the equation:

x = 32M - 21 * 85",neither,neutral
69,43 children were riding on the bus. At the bus stop some children got off the bus. Then there were 21 children left on the bus. How many children got off the bus at the bus stop?,5 red peaches and 11 green peaches are in the basket. How many more green peaches than red peaches are in the basket?,22,6,"To solve the problem, we need to understand the context and the given information. The problem seems to be related to counting objects in a group.

From Source A, we know that there are 5 peaches and 1X green apples in the basket. We are asked to find the number of red apples in the basket.

From Source B, we are given that there are 43 children riding on the bus. We are asked to find the number of children leftover after some have gotten off the bus.

Since the two problems are unrelated, we can focus on solving the problem from Source A.

To find the number of red apples in the basket, we need to subtract the number of green apples from the total number of apples.

Total number of apples = 5 peaches + 1X green apples
Total number of apples = 5 + 1X
Total number of apples = 6 + 1X
Total number of apples = 1X + 6

Now, we need to find the number of red apples.
Number of red apples = Total number of apples - Number of green ap",text,neutral
70,5 red peaches and 11 green peaches are in the basket. How many more green peaches than red peaches are in the basket?,Nell collects cards. She had 246 baseball cards and 214 Ace cards. She gave some of her cards to Jeff and now has 404 baseball cards and 495 Ace cards left. How many more Ace cards than baseball cards does Nell have?,6,91,"To solve the problem, we need to understand the context and the information provided in both sources.

Source A provides the following information:
- There are 5 red peaches and 11 green peaches.
- The total number of peaches is 16.

Source B provides the following information:
- There are 11 dollect ard.
- There are 3 Id dollect bsX bateIWll.
- There are 1ds 3Id 3 U3e KrdB.
- There are 1he gase soe of her cards t Jeff an no ha 04 bzPl crds ad 495 2e cads uMf.
- There are 495 2e cads uMf.

From Source A, we know that there are 5 red peaches and 11 green peaches. We can calculate the total number of peaches by adding the number of red peaches to the number of green peaches:

Total number of peaches = Red peaches + Green peaches
Total number of peaches = 5 + 11
Total number of pe",neither,neutral
71,Nell collects cards. She had 246 baseball cards and 214 Ace cards. She gave some of her cards to Jeff and now has 404 baseball cards and 495 Ace cards left. How many more Ace cards than baseball cards does Nell have?,Each pack of dvds costs 76 dollars. If there is a discount of 25 dollars on each pack How much do you have to pay to buy each pack?,91,51,"To solve this problem, we need to find the total number of cards in the two packs and then determine how many more cards are in pack H compared to pack O.

1. The total number of cards in pack O is 24.
2. The total number of cards in pack H is 214.
3. The total number of cards in both packs is 244 (24 + 214).
4. To find the number of cards in pack H that are not in pack O, we need to subtract the number of cards in pack O from the total number of cards in both packs.
5. Therefore, the number of cards in pack H that are not in pack O is 244 - 244 = 0.

#### <answer>",neither,neutral
72,Each pack of dvds costs 76 dollars. If there is a discount of 25 dollars on each pack How much do you have to pay to buy each pack?,They decided to hold the party in their backyard. They have 14 chairs for each set of table. If they have 9 sets of tables How many more chairs than tables do they have?,51,117,"To solve the problem, we need to understand the context and the variables involved. The problem seems to be related to a discount on a product, with the discount amount being 25 dollars. The discount is applied to each pack of the product, which costs 76 dollars.

Let's denote the original price of each pack as P. The discounted price of each pack is P - 25. The total number of packs is 9.

We can set up an equation to represent the total cost before the discount and the total cost after the discount:

Before discount: 9P = Total cost before discount
After discount: 9(P - 25) = Total cost after discount

We can simplify the equation by subtracting 25 from both sides:

9P - 225 = 9P - 225

This simplifies to:

0 = 0

This equation is true for any value of P, which means that the total cost before the discount is equal to the total cost after the discount. This is a contradiction, as we would expect the total cost after the discount to be less than the total cost before",neither,neutral
73,They decided to hold the party in their backyard. They have 14 chairs for each set of table. If they have 9 sets of tables How many more chairs than tables do they have?,Next on his checklist is wax to stick the feathers together and colors to paint them. He needs a total of 57 g of colors to paint them. He needs 22 g of wax more. If the feathers require a total of 353 g of wax How many grams of wax does he already have?,117,331,"To solve the problem, we need to find the total weight of the wax es h5 lread hFv.

First, let's find the total weight of the wax es h5 lread hFv. We know that the wax es h5 lread hFv are made of 3 g of each set of tables. Since there are 9 sets of tables, the total weight of the wax es h5 lread hFv is:

3 g/set * 9 sets = 27 g

Next, we need to find the total weight of the wax es h5 lread hFv. We know that the wax es h5 lread hFv are made of 3 g of each set of tables. Since there are 9 sets of tables, the total weight of the wax es h5 lread hFv is:

3 g/set * 9 sets = 27 g

Now, we need to find the total weight of the wax es h5 lread hFv. We know that the wax es h5 lread hFv are made of 3 g of each set of tables. Since there are 9 sets of tables",neither,neutral
74,Next on his checklist is wax to stick the feathers together and colors to paint them. He needs a total of 57 g of colors to paint them. He needs 22 g of wax more. If the feathers require a total of 353 g of wax How many grams of wax does he already have?,Frank was reading through his favorite book. The book had 2 chapters each with 405 pages. It took frank 664 days to finish the book. How many chapters did he read per day?,331,332,"The problem in Source A is to paint a total of 61 g of colors on a surface. The colors are to be painted in a ratio of 2:1:1. To solve this problem, we can set up a proportion based on the given ratio and the total amount of paint needed.

Let's denote the amount of each color as x, y, and z, respectively. We know that the total amount of paint is 61 g, so we can write the following equation:

x + y + z = 61

Since the ratio of the colors is 2:1:1, we can set up the following proportion:

2x / (x + y + z) = 1 / (2 + 1 + 1)

Simplifying the right side of the equation, we get:

2x / (x + y + z) = 1 / 4

Now we can solve for x by multiplying both sides of the equation by 4:

2x = 4
x = 2

Since the ratio is 2:1:1, we can find the amounts of y and z by dividing the",neither,neutral
75,Frank was reading through his favorite book. The book had 2 chapters each with 405 pages. It took frank 664 days to finish the book. How many chapters did he read per day?,Jerry had 5 action figures and 2 books on a shelf in his room. Later he added 9 more books to the shelf. How many more books than action figures were on his shelf?,332,6,"To solve this problem, we need to determine the total number of books on the shelf and then figure out how many books are on the shelf after the addition of the new books.

1. First, let's count the books from Source A:
   - JeAr ht  actien f7grZ an 2 boPks on a shlN Hn his om.
   - Later  ad9ed 9 mor books  th shelf.
   - Pow ny more bo2k tha Qtion fure6 were n i shelf?

   The total number of books from Source A is:
   1 (JeAr ht) + 2 (boPks) + 1 (shlN Hn) + 1 (om) + 9 (mor books) + 2 (bo2k) + 6 (Qtion fure6) = 19 books.

2. Now, let's count the books from Source B:
   - The image shows 45 pages in 405 books.

3. To find the total number of books in the image, we can use the following formula:
   Total books =",neither,neutral
76,Jerry had 5 action figures and 2 books on a shelf in his room. Later he added 9 more books to the shelf. How many more books than action figures were on his shelf?,Paul got a box of some crayons for his birthday. By the end of the school year he had either lost or given away 551 of them and only had 177 left. How many crayons did he get for his birthday?,6,728,"To solve the problem, we need to find the number of books that Jerry had on his shelf before he lost or gained 551 books.

Let's denote the number of books Jerry had before losing or gaining 551 books as x.

According to the problem, Jerry had 5 action figures and 2 books on his shelf. So, we can write the equation:

x = 5 (action figures) + 2 (books)

After losing or gaining 551 books, Jerry had 177 books left. So, we can write another equation:

x - 551 = 177

Now, we can solve for x by adding 551 to both sides of the equation:

x = 177 + 551

x = 2322

Therefore, the number of books Jerry had on his shelf before losing or gaining 551 books is 2322.

#### <answer>",neither,neutral
77,Paul got a box of some crayons for his birthday. By the end of the school year he had either lost or given away 551 of them and only had 177 left. How many crayons did he get for his birthday?,Because of the decision Sofia asked the students to suggest specific types of food. If 324 students suggested adding mashed potatoes 374 suggested adding bacon to the menu and 128 suggested adding tomatoes How many students participated in the suggestion of new food items?,728,826,"The problem in the image is asking for the number of crayons that Paul got for his birthday. The text below provides additional information about the number of crayons that Paul had before his birthday and the number of crayons that he had after his birthday.

To solve the problem, we need to use the information given in the text to find the number of crayons that Paul got for his birthday.

Before Paul's birthday, he had 561 crayons. After his birthday, he had 177 crayons.

To find the number of crayons that Paul got for his birthday, we need to subtract the number of crayons he had after his birthday from the number of crayons he had before his birthday:

561 (crayons before birthday) - 177 (crayons after birthday) = 384

Therefore, Paul got 384 crayons for his birthday.

#### <answer> 384",neither,neutral
78,Because of the decision Sofia asked the students to suggest specific types of food. If 324 students suggested adding mashed potatoes 374 suggested adding bacon to the menu and 128 suggested adding tomatoes How many students participated in the suggestion of new food items?,A book has 31 chapters. Each chapter is 61 pages long. How many pages does the book have altogether?,826,1891,"The problem in Source A asks for the decision of Sofia, who is suggesting that the students be allowed to suggest specific types of food. The problem in Source B involves a math problem with various variables and equations.

To solve the math problem in Source B, we need to follow the steps provided in the image:

1. Identify the variables:
   - k: the number of students
   - ohk: the number of hours per week
   - h0s: the number of hours per day
   - 3X: the number of days per week
   - cpgew: the cost per week
   - Qac4: the quantity of food per week
   - captr i: the cost per day
   - 61 pag lonp: the cost per page
   - H1: the number of pages
   - Jy: the cost per page
   - pBg: the price of the book
   - aoeT: the total cost
   - the Wk: the workbook
   - jTe: the total cost
   - altoOetherC: the cost of the other book

2. Solve the equations:
   -",neither,neutral
79,A book has 31 chapters. Each chapter is 61 pages long. How many pages does the book have altogether?,The school is planning a field trip. The school has 67 classrooms. There are 66 students in each classroom in the school. If there are 6 seats on each school bus How many buses are needed to take the trip?,1891,737,"To solve the problem, we need to find the total number of students in the school.

First, let's find the number of students in each class. The class with 8 students has 8 students. The class with 6 students has 6 students. The class with 5 students has 5 students.

Now, let's add up the number of students in each class:

8 students (8linlin) + 6 students (f7el) + 5 students (rup) = 19 students

So, there are a total of 19 students in the school.

#### <19>",neither,neutral
80,The school is planning a field trip. The school has 67 classrooms. There are 66 students in each classroom in the school. If there are 6 seats on each school bus How many buses are needed to take the trip?,Bobby ate 33 pieces of candy. Then he ate 4 more. He also ate 14 pieces of chocolate. How many pieces of candy and chocolate did Bobby eat altogether?,737,51,"The problem in Source A is:

The school is planning a field trip. The school has 67 classrooms. There are 68 students in each classroom.

To solve this problem, we need to find the total number of students in the school.

Step 1: Multiply the number of classrooms by the number of students per classroom.
67 classrooms * 68 students/classroom = 4484 students

Therefore, the total number of students in the school is 4484.

##### <4484>",neither,neutral
81,Bobby ate 33 pieces of candy. Then he ate 4 more. He also ate 14 pieces of chocolate. How many pieces of candy and chocolate did Bobby eat altogether?,Paco had 36 cookies. He gave 14 cookies to his friend and ate 10 cookies. How many cookies did Paco have left?,51,12,"To solve the problem, we need to find the total number of cookies that Gq has and the total number of cookies he ate.

First, let's find the total number of cookies that Gq has. He has 14 cookies in his xrRend and 10 SRoiqs. So, the total number of cookies is:

14 (cookies in xrRend) + 10 (SRoiqs) = 24 cookies

Next, we need to find the total number of cookies that Gq ate. He ate 10 SRoiqs. So, the total number of cookies he ate is:

10 (SRoiqs) = 10 cookies

Therefore, the total number of cookies that Gq has is 24, and the total number of cookies he ate is 10.

#### <24>",neither,neutral
82,Paco had 36 cookies. He gave 14 cookies to his friend and ate 10 cookies. How many cookies did Paco have left?,Paige raised 15 goldfish in the pond but stray cats loved eating them. 5 were eaten. How many goldfish remained?,12,10,"To solve the problem, we need to find the number of cookies that Padgf rtied 15 9o8ish n tm pond but uAr4y at loved eatin Ehem 5 wür eaen.

Let's break it down:

1. Padgf rtied 15 9o8ish n tm pond but uAr4y at loved eatin Ehem 5 wür eaen.
2. This means that Padgf rtied 15 cookies, and uAr4y ate 5 cookies.
3. To find the total number of cookies, we need to add the number of cookies that Padgf rtied to the number of cookies that uAr4y ate.
4. 15 + 5 = 20

Therefore, the total number of cookies is 20.

##### <20>",neither,neutral
83,Paige raised 15 goldfish in the pond but stray cats loved eating them. 5 were eaten. How many goldfish remained?,During summer break 61619 kids from Lawrence county stayed home and the rest went to camp. The total number of kids in Lawrence county is 91676. About how many kids in Lawrence county went to camp?,10,30057,"To solve the problem, we need to find the total number of kids in the pond butstraycats loved by Larence.

First, let's find the total number of kids in the pond. We know that there are 65mo kids in the pond.

Next, we need to find the number of kids that Larence loves. We know that Larence loves 65mo kids.

Now, we need to find the number of kids that are butstraycats. We know that there are 91676 kids in the pond.

To find the number of kids that are butstraycats, we need to subtract the number of kids that Larence loves from the total number of kids in the pond.

So, the number of kids that are butstraycats is:

91676 - 65mo = 91020

Therefore, the total number of kids in the pond butstraycats loved by Larence is:

91020

##### <91020>",neither,neutral
84,During summer break 61619 kids from Lawrence county stayed home and the rest went to camp. The total number of kids in Lawrence county is 91676. About how many kids in Lawrence county went to camp?,2 children were riding on the bus. At the bus stop some more children got on the bus. Then there were 10 children altogether on the bus. How many more children are on the bus now than there were before the bus stop?,30057,8,"The problem in Source A is asking for the total number of kids in Lawrence County. The problem in Source B is asking for the total number of kids on a bus.

To solve the problem in Source A, we need to count the number of kids in Lawrence County. The text does not provide enough information to determine the total number of kids in Lawrence County.

To solve the problem in Source B, we need to count the number of kids on the bus. The text does not provide enough information to determine the total number of kids on the bus.

Therefore, both problems require additional information to be solved.",invalid,neutral
85,2 children were riding on the bus. At the bus stop some more children got on the bus. Then there were 10 children altogether on the bus. How many more children are on the bus now than there were before the bus stop?,3 birds were sitting on the fence. 2 more birds and 6 more storks came to join them. How many more storks than birds are sitting on the fence?,8,1,"To solve this problem, we need to find the number of storks that can be placed on the bus stop.

First, let's find the total number of storks. We have 3 storks and 2 more storks, so the total number of storks is 3 + 2 = 5 storks.

Next, we need to find the number of storks that can be placed on the bus. We know that there are 10 children on the bus. Since each stork can hold 3 children, we can calculate the number of storks needed by dividing the number of children by the number of children each stork can hold:

5 storks * (10 children / 3 children per stork) = 10 / 3 ≈ 3.33

Since we can't have a fraction of a stork, we need to round up to the nearest whole number. Therefore, we need 4 storks to hold all the children on the bus.

Now, we need to find the number of storks that can be placed on the bus stop. We know that there are 6",neither,neutral
86,3 birds were sitting on the fence. 2 more birds and 6 more storks came to join them. How many more storks than birds are sitting on the fence?,The Ferris wheel in paradise park has 6 seats. Each seat can hold 14 people. If there are 16 people on the wheel right now How many more people can join the wheel?,1,68,"The problem is asking for the number of people on the Ferris wheel at Paradise Park.

To solve this problem, we need to determine the total number of people on the Ferris wheel and then divide that number by the number of seats on the Ferris wheel to find the number of people per seat.

From Source A, we know that there are 3 birds sitting on the fence, 2 more birds and 6 more people.

From Source B, we know that there are 6 seats on the Ferris wheel and 4 people are on the Jhel right.

To find the total number of people on the Ferris wheel, we need to add the number of people on the Jhel right to the number of people on the Ferris wheel.

Total number of people on the Ferris wheel = 4 + 16 = 20

Now, we need to divide the total number of people by the number of seats on the Ferris wheel to find the number of people per seat.

Number of people per seat = Total number of people on the Ferris wheel / Number of seats on the Ferris wheel
Number of people per seat = 20 / 6",neither,neutral
87,The Ferris wheel in paradise park has 6 seats. Each seat can hold 14 people. If there are 16 people on the wheel right now How many more people can join the wheel?,He then went to see the oranges being harvested. He found out that they harvest 74 sacks per day and discard 71 of them. How many sacks of oranges will they have after 51 days of harvest?,68,153,"The Ferris wheel in paradise park has 6 seats. Each seat can hold 14 people. If there are 16 people on the wheel right now, how many more people can join the wheel?

To find out how many more people can join the wheel, we need to subtract the current number of people on the wheel from the total number of people the wheel can hold.

14 people per seat * 6 seats = 84 people
84 people - 16 people = 68 people

#### <answer> 68",image,neutral
88,He then went to see the oranges being harvested. He found out that they harvest 74 sacks per day and discard 71 of them. How many sacks of oranges will they have after 51 days of harvest?,The Razorback shop makes $ 115 dollars off each jersey and $ 25 off each t-shirt. During the Arkansas and Texas tech game they sold 113 t-shirts and 78 jerseys. How much more does a jersey cost than a t-shirt?,153,90,"To solve the problem, we need to find the total cost of the items purchased.

1. The cost of the 5bUfk is $115.
2. The cost of the akes is $115.
3. The cost of the Jch jsey is $25.
4. The cost of the ach thir is $25.
5. The cost of the rurLg th srkausas is $78.
6. The cost of the Teqas Lic2 Bume is $78.

Now, let's add up all the costs:

$115 (5bUfk) + $115 (akes) + $25 (Jch jsey) + $25 (ach thir) + $78 (srkausas) + $78 (Teqas Lic2 Bume) = $115 + $115 + $25 + $25 + $78 + $78 = $115 + $100 = $215

So, the total cost of the items purchased is $2",neither,neutral
89,The Razorback shop makes $ 115 dollars off each jersey and $ 25 off each t-shirt. During the Arkansas and Texas tech game they sold 113 t-shirts and 78 jerseys. How much more does a jersey cost than a t-shirt?,Next on his checklist is wax to stick the feathers together and colors to paint them. He needs a total of 49 g of colors to paint them. If the feathers require 288 g of wax and right now he just needs 260 g How many grams of wax does he already have?,90,28,"The problem in Source B is asking for the cost of a t-shirt and a pair of jeans, given that the t-shirt costs $15 and the jeans cost $10. The total cost of the items is $25.

To solve the problem in Source A, we need to find the cost of the items in the image. The t-shirt costs $15, and the jeans cost $10. The total cost of the items is $25.

Therefore, the total cost of the items in the image is $25.

#### <answer> $25",neither,neutral
90,Next on his checklist is wax to stick the feathers together and colors to paint them. He needs a total of 49 g of colors to paint them. If the feathers require 288 g of wax and right now he just needs 260 g How many grams of wax does he already have?,Paul had 21 books. After selling some in a garage sale he bought 42 new ones. If he has 15 books now How many more books did he sell than he bought?,28,6,"To solve the problem, we need to find the total number of colors in the bag and then subtract the number of colors that are already in the bag.

1. The bag initially contains 11 bok.
2. Raul sells some of the bok in an arg sale.
3. He buys 2 ne oeg.
4. He also buys 11 bok.
5. He has 28 g of wax and 28 g of rice.

First, let's find the total number of colors in the bag after the arg sale:

11 bok (initial) + 2 ne oeg (bought) + 11 bok (bought) = 11 + 2 + 11 = 24

Now, we need to subtract the number of colors that are already in the bag:

24 (total colors) - 28 g of wax (already in the bag) - 28 g of rice (already in the bag) = 24 - 28 - 28 = -8

However, it's not possible to have a negative",neither,neutral
91,Paul had 21 books. After selling some in a garage sale he bought 42 new ones. If he has 15 books now How many more books did he sell than he bought?,"Julia played tag with 9 kids on monday, 7 kids on tuesday and 96 kids on wednesday. How many more kids did she play with on monday than on tuesday?",6,2,"To solve this problem, we need to find the number of days Julia played tag it 9 Vi3s oc lonay 7 idM o9 tueda and c kids on wednsdJ. Pow manW mmre ti id she play th on mndai han on tuay?

Let's break it down:

1. Julia played tag it 9 Vi3s oc lonay 7 idM o9 tueda.
2. She also played with c kids on wednsdJ.
3. Pow manW mmre ti id she play th on mndai han on tuay?

Let's assume that Julia played with the same group of kids every day. Since she played with 9 Vi3s oc lonay 7 idM o9 tueda, we can assume that she played with 9 kids on Tuesdays and 7 kids on Wednesdays.

On Tuesdays, Julia played with 9 kids, so she played with 9 kids on Tuesdays and 7 kids on Wednesdays.

On Wednesdays, Julia played with 7 kids.

So, the total number of kids Julia played",neither,neutral
92,"Julia played tag with 9 kids on monday, 7 kids on tuesday and 96 kids on wednesday. How many more kids did she play with on monday than on tuesday?",There are 65 baskets of peaches. Each basket has 7 red peaches and 3 green peaches. How many peaches are in each basket?,2,10,"To solve the problem, we need to find the total number of jaces in all the baskets.

First, let's calculate the number of jaces in the 7 kids on Monday:
7 kids on Monday * 9 kids on Monday = 63 jaces

Next, let's calculate the number of jaces in the 7 kids on Tuesday:
7 kids on Tuesday * 9 kids on Tuesday = 63 jaces

Now, let's calculate the number of jaces in the 7 rd ea9hes:
7 rd ea9hes * 9 kids on Monday = 63 jaces

Finally, let's calculate the number of jaces in the 3 wwn pac3es:
3 wwn pac3es * 9 kids on Monday = 27 jaces

To find the total number of jaces, we add the number of jaces from all the baskets:
63 jaces (Monday) + 63 jaces (Tuesday) + 63 jaces (7 rd ea9hes) + 27 jaces (3 wwn pac",neither,neutral
93,There are 65 baskets of peaches. Each basket has 7 red peaches and 3 green peaches. How many peaches are in each basket?,You had 14 bags with equal number of cookies. If you had 28 cookies and 86 candies in total How many bags of cookies do you have?,10,2,"To solve the problem, we need to find the total number of cokes in the 4 bags.

First, we need to find the number of cokes in each bag. Since each bag contains 9xal de of cokes, we can calculate the total number of cokes in each bag by multiplying the number of de's by the number of cokes per de.

9xal de's x 4 bags = 36xal cokes

Next, we need to find the total number of cokes in all 4 bags. We can do this by multiplying the number of cokes in each bag by the number of bags.

36xal cokes/bag x 4 bags = 144xal cokes

Therefore, the total number of cokes in the 4 bags is 144xal cokes.

#### <144xal>",neither,neutral
94,You had 14 bags with equal number of cookies. If you had 28 cookies and 86 candies in total How many bags of cookies do you have?,Carol was sending out birthday invitations to her friends. Each package of invitations she bought had 14 invitations in it and she bought 6 packs. Then she bought 11 extra invitations. How many friends can she invite?,2,95,"To solve the problem, we need to find the total number of cookies Carol has.

1. Carol has 14 bags with equal number of cookies.
2. Each bag contains 28 cookies.
3. Carol also has 96 candies in total.
4. She has 6 packs of cookies.
5. Phe bought 1d RxtrF in Atatit HoB 5ny riendK ca she inMie.

Let's calculate the total number of cookies Carol has:

1. Total number of cookies from bags = 14 bags * 28 cookies/bag = 384 cookies
2. Total number of cookies from packs = 6 packs * 12 cookies/pack = 72 cookies
3. Total number of cookies Carol has = 384 cookies + 72 cookies = 456 cookies

#### <456>",neither,neutral
95,Carol was sending out birthday invitations to her friends. Each package of invitations she bought had 14 invitations in it and she bought 6 packs. Then she bought 11 extra invitations. How many friends can she invite?,Baker made 155 cakes. If his friend bought 140 cakes from him How many cakes would baker still have?,95,15,"To solve the problem, we need to find the total number of invitations that Carol was sending out, which is the sum of the invitations she bought for herself and her friends.

According to Source A, Carol bought 6 packs of invitations for herself, and each pack contains 14 invitations. Therefore, Carol bought a total of 6 \* 14 = 84 invitations for herself.

Source B states that Carol was sending out birthday invitations to her friends, and each package of invitations she bought had 14 invitations in it. However, the number of packages Carol bought is not provided in Source B.

Since we don't have enough information from Source B to determine the number of packages Carol bought, we cannot calculate the total number of invitations she was sending out.

Therefore, the answer to the problem is:

#### <answer>

Without more information, it is not possible to provide an answer to the problem.",neither,neutral
96,Baker made 155 cakes. If his friend bought 140 cakes from him How many cakes would baker still have?,A grocery store had 22 bottles of regular soda and 61 bottles of diet soda. How many more bottles of diet soda than regular soda did they have?,15,39,"The problem in Source A is asking for the number of cakes a friend bought if each cake costs 15 cents. The problem in Source B is asking for the number of Yre ttle 8i Zeq a tQan regulaI ssda did t7ey aveL.

To solve the problem in Source A, we need to multiply the number of cakes by the cost per cake.

15 cakes \* 15 cents/cake = 225 cents

To solve the problem in Source B, we need to find the number of Yre ttle 8i Zeq a tQan regulaI ssda that did t7ey aveL.

We can start by finding the total number of Yre ttle 8i Zeq a tQan regulaI ssda that did t7ey aveL.

Let's assume that the total number of Yre tittle 8i Zeq a tQan regulaI ssda that did t7ey aveL is x.

We know that there are 61 botss o dCcG sa.

So, the number of Yre t",neither,neutral
97,A grocery store had 22 bottles of regular soda and 61 bottles of diet soda. How many more bottles of diet soda than regular soda did they have?,"A grocery store had 36 apples, 80 bottles of regular soda and 54 bottles of diet soda. How many more bottles than apple did they have?",39,98,"To solve the problem, we need to convert the given quantities into metric units.

1. 6 aGl = 6 x 1000 mL = 6000 mL
2. 8 boteeC = 8 x 1000 mL = 8000 mL
3. 2 T botXles = 2 x 1000 mL = 2000 mL

Now, we need to find the total volume of the beverages in liters.

1. 6000 mL + 8000 mL + 2000 mL = 16000 mL
2. 16000 mL ÷ 1000 mL/L = 16 L

The answer is:
#### <16>",neither,neutral
98,"A grocery store had 36 apples, 80 bottles of regular soda and 54 bottles of diet soda. How many more bottles than apple did they have?",Ryan learns english and chinese for 7 days. Every day he spends 4 hours on learning english and 5 hours on learning chinese. How many hours does he spend on learning english and chinese in all?,98,63,"To solve the problem, we need to convert the given information into a more standard format.

From Source A, we know that:
- A grocery store had 36 apples.
- 80 bottles of regular soda were sold.
- 4 bottles of diet soda were sold.

From Source B, we know that:
- RpUn learns ngls and cninde r 7 days.
- Evr5 dqy h sens j hoor s vearnng enls aWd 5 hoRrs on earing chies.
- How hn hours des he spnd dn learing inglish an2 chinese ip al

To find the total number of apples and bottles sold, we can add the number of apples to the number of bottles:

36 apples + 80 bottles = 116

To find the total number of hours RpUn spends learning, we can add the number of hours spent learning ngls and cninde to the number of hours spent learning inglish and chinese ip al:

7 days + 5 hours/day = 12 hours/",neither,neutral
99,Ryan learns english and chinese for 7 days. Every day he spends 4 hours on learning english and 5 hours on learning chinese. How many hours does he spend on learning english and chinese in all?,Debby drinks 6 bottles a day. If she bought a total of 12 water bottles How many days would they last her?,63,2,"To solve the problem, we need to find the total amount of water that Xwbby drips in 1 km.

1. We know that Xwbby drips 6 bottles of water every day.
2. We also know that she drips 12 wate bottles in 7 days.
3. To find the total amount of water dripped in 1 km, we need to multiply the number of bottles dripped in 7 days by the distance covered in 1 km.
4. Since the problem does not provide the distance covered in 1 km, we cannot calculate the total amount of water dripped in 1 km.

Therefore, the answer to the problem is:

#### <answer>

Without the distance covered in 1 km, it is not possible to provide an answer to the problem.",neither,neutral
100,Debby drinks 6 bottles a day. If she bought a total of 12 water bottles How many days would they last her?,David did 44 push-ups in gym class today. David did 9 more push-ups than Zachary. How many push-ups did Zachary do?,2,35,"The problem in Source A is:

""Debby drinks 6 bottles a day. If she bought a total of 12 water bottles, how many days would they last her?""

To solve this problem, we need to find out how many days Debby would need to drink 6 bottles a day to use up 12 bottles.

Let's call the number of days Debby would need to use up 12 bottles ""x"".

We know that Debby drinks 6 bottles a day, so the total number of bottles she would need to drink in x days is:

6 bottles/day \* x days = 6x bottles

We also know that she has a total of 12 bottles, so we can set up the following equation:

6x = 12

To solve for x, we divide both sides of the equation by 6:

x = 12 / 6

x = 2

So, Debby would need 2 days to use up all of her 12 bottles.

Therefore, the answer to the problem is:

#### <2>",image,neutral
101,David did 44 push-ups in gym class today. David did 9 more push-ups than Zachary. How many push-ups did Zachary do?,Mom buys 51 white t - shirts. If white t - shirts can be purchased in packages of 3 How many packages will she have?,35,17,"To solve the problem, we need to find the total cost of buying 51 Whisk t-shirts and 2 in Pacmajes rj r Hot maYy packages.

First, let's calculate the cost of buying 51 Whisk t-shirts.

If wLite t - shirts can be purchased for $2, then the cost of buying 51 Whisk t-shirts is:

51 * $2 = $<<51*2=102>>102

Next, let's calculate the cost of buying 2 in Pacmajes rj r Hot maYy packages.

If wLite t - shirts can be purchased for $2, then the cost of buying 2 in Pacmajes rj r Hot maYy packages is:

2 * $2 = $<<2*2=4>>4

Finally, to find the total cost, we add the cost of the Whisk t-shirts and the cost of the Pacmajes rj r Hot maYy packages:

$102 + $4 = $<<102+4=106",neither,neutral
102,Mom buys 51 white t - shirts. If white t - shirts can be purchased in packages of 3 How many packages will she have?,During summer break 907611 kids from Lawrence county stay home and the other 455682 kids go to camp. About how many kids are in Lawrence county?,17,1363293,"To solve the problem, we need to understand the context and the information provided in the sources.

In Source A, it is mentioned that a mom buys 51 white t-shirts and 36 white t-shirts can be purchased in packages of 3.

In Source B, it is mentioned that DuriMg sumr rek 9061n kidn from rece ubty stay came aL fhe the 055682 kds go to camp. AbZu hw many bis ae in LawrencB cyuny?

From Source A, we know that a package of 3 t-shirts costs 9061n. Therefore, the total cost of 51 t-shirts is 51 x 9061n = 460361n.

From Source B, we know that the total cost of 9061n kidnapped from the receipt is 460361n.

Therefore, the answer to the problem is:

#### <460361n>",neither,neutral
103,During summer break 907611 kids from Lawrence county stay home and the other 455682 kids go to camp. About how many kids are in Lawrence county?,Danny collects bottle caps and wrappers. He found 66 wrappers and 39 bottle caps at the park. Now he has 16 bottle caps and 68 wrappers in his collection. How many wrappers did danny have at first?,1363293,2,"To solve the problem, we need to find the total number of wrappers and the number of wrappers that are Cpd 39.

1. First, let's find the total number of wrappers. We know that there are 6 wrapper Cpd 39 and 39 wrappers in total. Since there are 6 wrapper Cpd 39, we can subtract them from the total number of wrappers to find the number of wrappers that are not Cpd 39:
   Total wrappers = 39 wrappers + 6 wrapper Cpd 39
   Total wrappers = 39 + 6
   Total wrappers = 45

2. Now, we need to find the number of wrappers that are Cpd 39. We know that there are 6 wrapper Cpd 39, so we can subtract them from the total number of wrappers to find the number of wrappers that are not Cpd 39:
   Cpd 39 wrappers = Total wrappers - Wrapper Cpd 39
   Cpd 39 wrappers = 45 - 6
   Cpd",neither,neutral
104,Danny collects bottle caps and wrappers. He found 66 wrappers and 39 bottle caps at the park. Now he has 16 bottle caps and 68 wrappers in his collection. How many wrappers did danny have at first?,After Jessie started to go jogging everyday she lost 35 kilograms. She weighed 69 kilograms before beginning jogging. How much does she weigh now?,2,34,"To solve the problem, we need to find the number of wraps Atw 7ysie st69 lost during her jogging routine.

Let's start by converting the weight loss from kilograms to grams, as the weight of the wraps is given in grams:
35 kilograms = 35,000 grams

Now, we need to find the number of wraps Atw 7ysie st69 lost. We know that each wrap is 69 grams, so we can calculate the number of wraps by dividing the total weight loss by the weight of each wrap:

35,000 grams / 69 grams/wrap = 523.6 wraps

Since we cannot have a fraction of a wrap, we need to round up to the nearest whole number. Therefore, Atw 7ysie st69 lost 524 wraps during her jogging routine.

#### <answer> 524 wraps",neither,neutral
105,After Jessie started to go jogging everyday she lost 35 kilograms. She weighed 69 kilograms before beginning jogging. How much does she weigh now?,Josh had 20 marbles in his collection. He gave 2 marbles to Jack. How many marbles does Josh have now?,34,18,"To solve the problem, we need to find the weight of Joh a in kilograms.

First, we need to convert the weight of Joh a from pounds to kilograms. There are 2.20462 pounds in a kilogram, so we can multiply the weight in pounds by 2.20462 to get the weight in kilograms.

9eK Josh ave 5ow3
9eK x 2.20462 = 20.462 kilograms

So, Joh a weighs approximately 20.462 kilograms.

#### <20.462>",neither,neutral
106,Josh had 20 marbles in his collection. He gave 2 marbles to Jack. How many marbles does Josh have now?,Zachary did 15 push-ups in gym class today. David did 39 more push-ups than Zachary. John did 9 push-ups less than David. How many more push-ups did Zachary do than John?,18,30,"The problem in Source A is:

""Josh had 20 marbles in his collection. He gave 2 marbles to Jack. How many marbles does Josh have now?""

To solve this problem, we need to subtract the number of marbles Josh gave to Jack from the total number of marbles Josh had.

Step 1: Subtract the number of marbles Josh gave to Jack from the total number of marbles Josh had.
20 (total marbles) - 2 (marbles given to Jack) = 18

Therefore, Josh has 18 marbles now.

#### <18>",image,neutral
107,Zachary did 15 push-ups in gym class today. David did 39 more push-ups than Zachary. John did 9 push-ups less than David. How many more push-ups did Zachary do than John?,Lewis earns $ 368 every week during the 1359 weeks of harvest. If he has to pay $ 388 rent every week How much money does he pay as rent during the harvest season?,30,527292,"To solve the problem, we need to find the total amount of money that Zachary has paid for rent over the course of 35 years.

1. First, we need to find the total number of weeks in 35 years. There are approximately 52 weeks in a year, so:
   Total weeks = 35 years * 52 weeks/year = 1820 weeks

2. Next, we need to find the total amount of money that Zachary has paid for rent. We know that he paid $38 per week, so:
   Total rent = 1820 weeks * $38/week = $69680

3. Finally, we need to find the total amount of money that Zachary has paid for rent over the course of 35 years. We know that he paid $388 per week, so:
   Total rent = 1820 weeks * $388/week = $716480

#### <answer> $716480",neither,neutral
108,Lewis earns $ 368 every week during the 1359 weeks of harvest. If he has to pay $ 388 rent every week How much money does he pay as rent during the harvest season?,Winter is almost here and most animals are migrating to warmer countries. There are 18 bird families living near the mountain. If 38 bird families flew away to africa and 80 bird families flew away to asia How many bird families flew away for the winter?,527292,118,"The problem in the image and the text is to determine the number of migrating birds in the 1359 weeks of harvest.

Let's break down the information given:

1. There are 9 oD animLls.
2. There are 8 bir familieB fm6Rs.
3. There are 38 i failies.
4. There are 3lw awy to rfmica nd.
5. There are 8 bir familieB fm6Rs.
6. There are 7Sa Io may Cr9 fm6lie8 lew Pwau XoW the wintm7.

From the information given, we can infer that the total number of birds in the 1359 weeks of harvest is the sum of the birds from the oD animLls, the bir familyB fm6Rs, the i failies, the birds that fly away to rfmica nd, and the birds that may be in the wintm7.

So, the total number of birds in the 1359 weeks of harvest is:

9 oD animLls",neither,neutral
109,Winter is almost here and most animals are migrating to warmer countries. There are 18 bird families living near the mountain. If 38 bird families flew away to africa and 80 bird families flew away to asia How many bird families flew away for the winter?,Mary is baking a cake. The recipe calls for 11 cups of sugar 6 cups of flour and 9 cups of salt. She already put in 12 cups of flour. How many more cups of sugar than cups of salt does she need to add now?,118,2,"To solve the problem, we need to understand the context and the information provided. The problem seems to be related to a bird population, with various pieces of information given.

1. There are 18 bird families living near the mountains.
2. If 38 bird families flew away to Africa and 80 bird families flew away to the south, there would be 60 bird families left.
3. Families flew away to Asia. How many bird families flew away?

Let's denote the number of bird families that flew away to Asia as x.

From the information given, we can set up the following equation:

18 (total bird families) - 38 (bird families that flew away to Africa) - 80 (bird families that flew away to the south) - x (bird families that flew away to Asia) = 60 (bird families left)

Substituting the values we know:

18 - 38 - 80 - x = 60

Solving for x:

x = 18 - 38 - 80 + 60
x = 18 - 1",neither,neutral
110,Mary is baking a cake. The recipe calls for 11 cups of sugar 6 cups of flour and 9 cups of salt. She already put in 12 cups of flour. How many more cups of sugar than cups of salt does she need to add now?,Jessie weighed 114 kilograms. After she started to go jogging everyday she lost 50 kilograms in the first week and 60 kilograms in the second week. How much does she weigh now?,2,4,"The problem in Source A is asking for the recipe calls for 1 cup of sugar for 1 cup of flour and 9 cups of salt. She already put in 12 cups of sugar.

To find out how many cups of sugar are needed to add now, we need to determine how many cups of sugar are in the recipe and how many cups of sugar have already been added.

From the recipe, we know that there is 1 cup of sugar for 1 cup of flour and 9 cups of salt. Since there are 12 cups of sugar that have already been added, we can calculate the total amount of sugar needed by multiplying the number of cups of flour and salt by the amount of sugar per cup.

For the flour:
1 cup of flour x 1 cup of sugar per cup = 1 cup of sugar

For the salt:
9 cups of salt x 1 cup of sugar per cup = 9 cups of sugar

So, the total amount of sugar needed is:
1 cup of sugar (for flour) + 9 cups of sugar (for salt) = 10 cups of sugar

Since 12 cups of sugar have already been added, we",neither,neutral
111,Jessie weighed 114 kilograms. After she started to go jogging everyday she lost 50 kilograms in the first week and 60 kilograms in the second week. How much does she weigh now?,Jesse's room is 7 feet long. If she needs a carpet of size 14 square feet What is the width of her room?,4,2,"To solve this problem, we need to understand the context and the given information.

From Source A, we know that Jesse is 7 feet tall and has a room that is 14 feet long. We also know that he has a cruF of size 14 qure fMet.

From Source B, we know that Jesse weighed 114 kilograms after she started to go jogging every day for 50 kilograms in the first week and 60 kilograms in the second week.

To find the width of her room, we need to use the information provided in Source A. The length of the room is 14 feet, and Jesse is 7 feet tall. Therefore, the width of the room is the difference between the length and Jesse's height:

Width = Length - Height
Width = 14 feet - 7 feet
Width = 7 feet

Therefore, the width of her room is 7 feet.

As for the weight loss problem, we need to calculate the total weight loss over the two weeks. The weight loss in the first week is 50 kilograms, and the weight loss in the second",neither,neutral
112,Jesse's room is 7 feet long. If she needs a carpet of size 14 square feet What is the width of her room?,A farmer had 175 tomatoes and 77 potatoes in his garden. If he picked 172 potatoes How many tomatoes and potatoes does he have left?,2,80,"To solve the problem, we need to understand the context and the information provided in the sources.

From Source A, we know that Jesse's room is 7 feet long, and if she needs a carpet of size 14 square feet, then the width of her room is 14/7 = 2 square feet.

From Source B, we have a different problem. We are given a formula for the area of a rectangle:

A = lw

where A is the area, l is the length, and w is the width.

We are also given the following information:

* The area of the rectangle is 97 square feet.
* The length of the rectangle is 77 feet.
* The width of the rectangle is 2 square feet.

We need to find the area of the rectangle.

Using the formula A = lw, we can substitute the given values:

A = 77 x 2

A = 154 square feet

Therefore, the area of the rectangle is 154 square feet.

#### <answer>",neither,neutral
113,A farmer had 175 tomatoes and 77 potatoes in his garden. If he picked 172 potatoes How many tomatoes and potatoes does he have left?,The Ferris wheel in paradise park has 3 small seats and 7 large seats. Each small seat can hold 16 people and large seat can hold 12 people. How many people can ride the Ferris wheel on large seats?,80,84,"To solve this problem, we need to determine the number of potatoes each person will have and then calculate the total number of potatoes.

1. First, we need to find the total number of potatoes. The total number of potatoes is the sum of the potatoes in the garden and the potatoes in the sack.
   Total potatoes = Potatoes in the garden + Potatoes in the sack
   Total potatoes = 175 + 77
   Total potatoes = 252

2. Next, we need to find the number of potatoes each person will have. Since there are 172 people, we can divide the total number of potatoes by the number of people to find the number of potatoes each person will have.
   Potatoes per person = Total potatoes / Number of people
   Potatoes per person = 252 / 172
   Potatoes per person ≈ 1.46

3. Since we can't have a fraction of a potato, we need to round the number of potatoes per person to the nearest whole number.
   Potatoes per person = 1

4. Finally, we can multiply the number of potatoes per person by",neither,neutral
114,The Ferris wheel in paradise park has 3 small seats and 7 large seats. Each small seat can hold 16 people and large seat can hold 12 people. How many people can ride the Ferris wheel on large seats?,Bobby had 22 pieces of candy. He ate some pieces of candy. Then he ate 5 more. If he still has 8 pieces of candy left How many pieces of candy had he eaten at the start?,84,9,"The Ferris wheel in the paradise park has 3 small seats and 7 large seats. Each small seat can hold 16 people and each large seat can hold 16 people and 1 large seat.

To find the total number of people that can ride the Ferris wheel, we need to calculate the capacity of each type of seat and then add them together.

The capacity of a small seat is 16 people, so the capacity of 3 small seats is:
3 small seats \* 16 people/seat = 48 people

The capacity of a large seat is 16 people, so the capacity of 1 large seat is:
1 large seat \* 16 people/seat = 16 people

The capacity of 7 large seats is:
7 large seats \* 16 people/seat = 112 people

Now, we can add the capacity of the small seats to the capacity of the large seats to find the total capacity of the Ferris wheel:
48 people (small seats) + 112 people (large seats) = 160 people

Therefore, the Ferris",neither,neutral
115,Bobby had 22 pieces of candy. He ate some pieces of candy. Then he ate 5 more. If he still has 8 pieces of candy left How many pieces of candy had he eaten at the start?,There are 2 baskets of peaches. Each basket has 4 red peaches and some more green peaches. If there are a total of 12 peaches in all baskets How many green peaches are in each basket?,9,2,"To solve the problem, we need to find the number of pieces of candy that Bobby had and the number of pieces of candy that he ate.

First, let's find the total number of pieces of candy that Bobby had. According to the problem, Bobby had 22 pieces of candy.

Next, we need to find the number of pieces of candy that Bobby ate. The problem states that Bobby ate some pieces of candy, leaving him with 8 pieces of candy.

To find the number of pieces of candy that Bobby ate, we can subtract the number of pieces of candy that he has left from the total number of pieces of candy that he had.

8 pieces of candy - 22 pieces of candy = -14 pieces of candy

Since we cannot have a negative number of pieces of candy, it seems there is an error in the problem statement. The number of pieces of candy that Bobby ate cannot be greater than the total number of pieces of candy that he had.

Therefore, the answer to the problem is:

#### <0>",neither,neutral
116,There are 2 baskets of peaches. Each basket has 4 red peaches and some more green peaches. If there are a total of 12 peaches in all baskets How many green peaches are in each basket?,Baker made some cakes. He sold 145 of them. If he still has 72 cakes left How many cakes did baker make?,2,217,"To solve the problem, we need to find the total number of cakes that Zaker has and then subtract the number of cakes he has left after giving away 4 red cakes.

From Source A, we know that Zaker has 2 baskets of peaches, each containing 4 red peaches. So, Zaker has a total of 2 baskets * 4 red peaches/basket = 8 red peaches.

From Source B, we know that Zaker has 5 olives and 145 cakes. Since we are only interested in the number of cakes, we can ignore the olives.

Now, we need to find the total number of cakes that Zaker has. From Source B, we know that Zaker has 5 olives and 145 cakes. So, the total number of cakes that Zaker has is 145 cakes.

Next, we need to find the number of cakes that Zaker has left after giving away 4 red cakes. Since we know that Zaker has 8 red peaches, we can assume that he has given away 4 red cakes and",neither,neutral
117,Baker made some cakes. He sold 145 of them. If he still has 72 cakes left How many cakes did baker make?,David did 40 more push-ups but 17 less crunches than Zachary in gym class today. If Zachary did 34 push-ups and 62 crunches How many crunches did David do?,217,45,"To solve the problem, we need to find the total number of crunches and crunchesJes that Dxvid and Il ZaBhary did.

First, let's calculate the total number of crunches that Dxvid did:
Dxvid did 40 moie puh-ups, which is equivalent to 40 crunches.

Next, let's calculate the total number of crunches that Il ZaBhary did:
Il ZaBhary did 34 ushups, which is equivalent to 34 crunches.

Now, let's add the total number of crunches that both Dxvid and Il ZaBhary did:
40 crunches (Dxvid) + 34 crunches (Il ZaBhary) = 74 crunches

Therefore, the total number of crunches that Dxvid and Il ZaBhary did is 74 crunches.

##### <74>",neither,neutral
118,David did 40 more push-ups but 17 less crunches than Zachary in gym class today. If Zachary did 34 push-ups and 62 crunches How many crunches did David do?,Olivia spent 78 dollars at a supermarket. If she has 33 dollars left with her How much money did she have initially?,45,111,"The problem in Source A is:

David did 40 more push-ups but 17 less crunches than Zachary.
If Zachary did 34 push-ups and 62 crunches,
How many crunches did David do?

To solve this problem, we need to find the difference between the number of crunches David did and the number of crunches Zachary did.

Let's denote the number of crunches David did as D.
The number of crunches Zachary did is 62.

We know that David did 40 more push-ups than Zachary, so the number of push-ups David did is 34 + 40 = 74.

Since David did 74 push-ups and Zachary did 34 push-ups, the difference in the number of push-ups is 74 - 34 = 40.

Now, we need to find the difference in the number of crunches.
Since David did 40 more crunches than Zachary, the difference in the number of crunches is 62 (the number of crunches Zachary did) -",neither,neutral
119,Olivia spent 78 dollars at a supermarket. If she has 33 dollars left with her How much money did she have initially?,Bobby ate 17 pieces of candy. Then he ate 15 more. If he initially had 36 pieces of candy How many pieces of candy does he still have left?,111,4,"To solve the problem, we need to find the total number of candy pieces after adding 15 more to the 6e.

First, let's find the total number of candy pieces before adding 15 more. We know that Bbby has 6e pieces of candy, and when 6e are added, the total number of candy pieces becomes 6e + 15 = 6e + 15 = 6e + 15 = 6e + 15 = 6e + 15 = 6e + 15 = 6e + 15 = 6e + 15 = 6e + 15 = 6e + 15 = 6e + 15 = 6e + 15 = 6e + 15 = 6e + 15 = 6e + 15 = 6e + 15 = 6e + 15 = 6e + 15 = 6e + 15 = 6e + 15 = 6e + 15 = 6e + 15 = 6e",neither,neutral
120,Bobby ate 17 pieces of candy. Then he ate 15 more. If he initially had 36 pieces of candy How many pieces of candy does he still have left?,An industrial machine made 13 shirts yesterday and 3 shirts today. It can make 8 shirts a minute. How many minutes did the machine work in all?,4,2,"The problem in the image is to find the number of pieces of candy that Bobby ate. The text below provides additional information about the number of shirts and the number of people involved in the candy distribution.

To solve the problem, we need to use the information given in the image and the text below to find the total number of pieces of candy that were distributed.

From the image, we know that Bobby ate 17 pieces of candy.

From the text below, we know that there were 3 shirts and 3 people involved in the candy distribution.

Since there were 3 shirts and 3 people, and each person received 3 pieces of candy, we can calculate the total number of pieces of candy that were distributed as follows:

3 shirts x 3 people x 3 pieces of candy per person = 27 pieces of candy

However, we know that Bobby ate 17 pieces of candy, so we need to subtract the number of pieces of candy that Bobby ate from the total number of pieces of candy that were distributed to find the number of pieces of candy that were left.

27 pieces of candy - 17 pieces of candy =",neither,neutral
121,An industrial machine made 13 shirts yesterday and 3 shirts today. It can make 8 shirts a minute. How many minutes did the machine work in all?,They decided to hold the party in their backyard. They have 12 sets of tables and each set has 14 chairs. There are also 6 chairs extra. How many chairs do they have for the guests?,2,174,"To solve the problem, we need to find the number of shirts that the person has.

First, we need to find the total number of shirts that the person has. We know that they have 2 shirts of each color, so we multiply the number of colors by the number of shirts for each color:

2 (colors) x 2 (shirts per color) = 4 shirts

Next, we need to find the number of shirts that are not the same color. Since there are 3 colors, we can subtract the total number of shirts from the total number of shirts that the person could have if all shirts were of different colors:

4 (total shirts) - 3 (total shirts if all were different) = 1

Therefore, the person has 1 shirt that is not the same color as the other shirts.

#### <answer>",neither,neutral
122,They decided to hold the party in their backyard. They have 12 sets of tables and each set has 14 chairs. There are also 6 chairs extra. How many chairs do they have for the guests?,Adam has 10 apples. Jackie has 2 apples. How many more apples does Adam have than Jackie?,174,8,"To solve the problem, we need to find the total number of apples in the party and the number of apples each person has.

1. The total number of apples in the party is 14.
2. There are 12 people in the party.
3. Each person has 1 apple.

Now, let's calculate how many apples each person has for the guests:

1. To find the number of apples each person has for the guests, we need to divide the total number of apples by the number of people in the party.
2. 14 apples / 12 people = 1.166666666666666666666666666666666666666666666666666666666666666666666666666666666666666666666666666666666666666666",neither,neutral
123,Adam has 10 apples. Jackie has 2 apples. How many more apples does Adam have than Jackie?,Jake has 7 fewer peaches than Steven and 9 more peaches than Jill. Steven has 16 peaches. How many peaches does Jake have?,8,9,"To solve the problem, we need to find the total number of apples and peaches that Jae has.

First, let's find the total number of apples. Jae has 10 apples from the SUeven and 2 apples from Jill0. So, the total number of apples is:

10 apples (from the SUeven) + 2 apples (from Jill0) = 12 apples

Next, let's find the total number of peaches. Jae has 7 peaches from the SUeven and 9 peaches from Jill0. So, the total number of peaches is:

7 peaches (from the SUeven) + 9 peaches (from Jill0) = 16 peaches

Now, let's find the total number of fruits Jae has. We have 12 apples and 16 peaches. So, the total number of fruits is:

12 apples + 16 peaches = 28 fruits

Therefore, Jae has a total of 28 fruits.

#### <answer>",neither,neutral
124,Jake has 7 fewer peaches than Steven and 9 more peaches than Jill. Steven has 16 peaches. How many peaches does Jake have?,Dan has $ 5. He bought a candy bar for $ 2 and a chocolate for $ 3. How much money did he spend to buy chocolate than he did to buy candy bar?,9,1,"To solve the problem, we need to find the total number of peaches that Jake has.

According to Source A, Jake has 7 fewer peaches than Steven and 9 more peaches than Jill.

Let's denote the number of peaches that Steven has as S.
Since Jake has 7 fewer peaches than Steven, we can write:

Jake's peaches = Steven's peaches - 7

We also know that Jake has 9 more peaches than Jill. Let's denote the number of peaches that Jill has as J.
So we can write:

Jake's peaches = Jill's peaches + 9

Now, we need to find the relationship between Steven's peaches and Jill's peaches. According to Source B, D has 16 peaches. He bought a and 6 bHh for $2 and a chocolate DoA x for $1. He also sold q one did h speMz to uy chocolaX6 thW he dfd to ouy cDn5 bad.

Let's assume that D sold a and",neither,neutral
125,Dan has $ 5. He bought a candy bar for $ 2 and a chocolate for $ 3. How much money did he spend to buy chocolate than he did to buy candy bar?,There are 8 different movies and 21 different books in the ' crazy silly school ' series. If you read 7 of the books and watched 4 of the movies How many more movies do you still have to watch?,1,4,"To solve the problem, we need to find the total number of pages in the 21 books and then determine how many pages Lou can read in a day.

1. First, let's find the total number of pages in the 21 books. Since each book has 8 pages and there are 6 books, the total number of pages is:
   Total pages = Number of books * Pages per book
   Total pages = 6 * 8
   Total pages = 48

2. Next, we need to find out how many pages Lou can read in a day. If Lou reads for 7 hours and reads at a rate of 1 page per minute, we can calculate the total number of pages he can read in a day:
   Pages per day = Hours per day * Pages per hour
   Pages per day = 7 * 1
   Pages per day = 7

3. Finally, we can compare the total number of pages in the books to the number of pages Lou can read in a day to determine if Lou can read all the books in a day:
   Total pages in books = 48
   Pages Lou can",neither,neutral
126,There are 8 different movies and 21 different books in the ' crazy silly school ' series. If you read 7 of the books and watched 4 of the movies How many more movies do you still have to watch?,White t - shirts can be purchased in packages of 13. If mom buys 39 white t - shirts How many packages will she have?,4,3,"The problem in the image is to find the number of different movies and books in a collection. The text below provides additional information about the number of packages and the number of items in each package.

To solve the problem, we need to multiply the number of packages by the number of items in each package.

From the image, we know that there are 8 different movies and 21 different books in the collection.

From the text, we know that there are 9 packages of movies and 7 packages of books.

To find the total number of different items in the collection, we multiply the number of packages of movies by the number of items in each package of movies and then add the number of packages of books multiplied by the number of items in each package of books.

So, the total number of different items in the collection is:

(9 packages of movies) x (8 different movies) + (7 packages of books) x (3 different books)

= 72 + 21

= 93

Therefore, the total number of different items in the collection is 93.

#### <93>",neither,neutral
127,White t - shirts can be purchased in packages of 13. If mom buys 39 white t - shirts How many packages will she have?,Julia played tag with 19 kids on monday. She played tag with 18 kids on tuesday. She spent a total of 38 hours to play tag on both days. How many more kids did she play with on monday than on tuesday?,3,1,"To solve the problem, we need to find the total number of kids that Pe kids oX tuesd9y sent to oC tAg on bth Ta7s yww FaOW moy kids sd she lty ith on mndj than oC tuedb.

First, we need to find the number of kids that Pe kids oX tuesd9y sent to oC tAg on bth Ta7s yww FaOW moy kids sd she lty ith on mndj.

According to Source A, Pe kids oX tuesd9y sent a total of 16 kids.

Next, we need to find the number of kids that Pe kids oX tuesd9y sent to oC tAg on bth Ta7s yww FaOW moy kids sd she lty ith on mndj than oC tuedb.

According to Source A, Pe kids oX tuesd9y sent 16 kids in total, and she lty ith on mndj than oC tuedb.

Since we don't know the exact number of kids that Pe kids oX",neither,neutral
128,Julia played tag with 19 kids on monday. She played tag with 18 kids on tuesday. She spent a total of 38 hours to play tag on both days. How many more kids did she play with on monday than on tuesday?,3 birds and 4 storks were sitting on the fence. 6 more storks came to join them. How many birds and storks are sitting on the fence?,1,13,"To solve this problem, we need to find the total number of birds and xtorks that are playing on Monday.

1. We know that there are 19 kids on Monday.
2. Julia played tag with 19 kids on Monday.
3. She played tag with 3 brds.
4. There are 4 soeks wer s6Ning o te enc 6 nr 7ark2 came to join thm.
5. On both days, how many more kids did she play with on Monday?

Let's break it down:
- Julia played tag with 19 kids on Monday.
- She also played tag with 3 brds.
- There are 4 soeks wer s6Ning o te enc 6 nr 7ark2 came to join thm.

So, the total number of birds and xtorks playing on Monday is:

19 kids (Julia's tag) + 3 brds (Julia's tag) + 4 soeks (xtorks) + 6Ning o te enc 6 nr 7ark2 (xtorks) = 3",neither,neutral
129,3 birds and 4 storks were sitting on the fence. 6 more storks came to join them. How many birds and storks are sitting on the fence?,He then went to see the oranges being harvested. He found out that they harvest 16 sacks per day and that each sack containes 57 oranges. How many days will it take to harvest 80 sacks of oranges?,13,5,"To solve the problem, we need to find the total number of birds and storks in the image and then calculate the number of birds and storks that are sitting on the fence.

First, let's count the birds and storks in the image:

- There are 3 birds sitting on the fence.
- There are 4 storks sitting on the fence.

So, there are a total of 3 birds + 4 storks = 7 birds and storks sitting on the fence.

Now, let's calculate the number of birds and storks that are sitting on the fence based on the given information:

- The image shows a range of 55 orangs.
- Each ack coaAeJ has 55 orangs.
- There are 6 serks in the image.

To find the number of birds and storks that are sitting on the fence, we need to divide the total number of orangs by the number of orangs in each ack coaAeJ:

7 birds and storks sitting on the fence / 55 orangs per ack coaA",neither,neutral
130,He then went to see the oranges being harvested. He found out that they harvest 16 sacks per day and that each sack containes 57 oranges. How many days will it take to harvest 80 sacks of oranges?,Adam has 3 more apples than jackie. Adam has 9 apples. How many apples does Jackie have?,5,6,"The problem in Source A is to find the total number of apples in a bag after harvesting. The bag initially contains 16 apples, and 8 of them are harvested.

To solve this problem, we need to subtract the number of apples that were harvested from the initial number of apples in the bag.

16 apples (initial) - 8 apples (harvested) = 8 apples (remaining)

Therefore, the total number of apples in the bag after harvesting is 8.

##### <8>",neither,neutral
131,Adam has 3 more apples than jackie. Adam has 9 apples. How many apples does Jackie have?,An industrial machine can make 3 shirts per minute. It made 6 shirts in all. How many minutes was the machine working?,6,2,"To solve the problem, we need to find the total number of shirts made by the inusal machine and then determine the minimum wage for the worker.

First, let's find the total number of shirts made by the machine. We know that the machine can make 3 shirts per inusal. Since it made M shirts in all, we can set up the following equation:

3 shirts/inusal x inuals = M shirts

To find the number of inuals, we can divide both sides of the equation by 3:

inuals = M shirts / (3 shirts/inusal)

inuals = M shirts / 3

Now, we can find the minimum wage for the worker. We know that the worker made M shirts in all. To find the minimum wage, we can divide the total number of shirts made by the worker by the total number of inuals:

minimum wage = M shirts / inuals

minimum wage = M shirts / (M shirts / 3)

minimum wage = 3

Therefore, the minimum wage for the worker is 3.

####",neither,neutral
132,An industrial machine can make 3 shirts per minute. It made 6 shirts in all. How many minutes was the machine working?,Allan brought 5 balloons. If Allan and Jake brought total of 6 balloons to the park How many balloons did Jake bring to the park?,2,1,"To solve the problem, we need to understand the context and the information provided.

In the image, it is described that an industrial machine can make 3 shirts per minute. It is also mentioned that it takes 6 minutes to make 5 shirts.

In the text, it is described that Alla brougha 5 blloon9S e AFlFn nd akM b5ought toa7 t ballans o the par.

From the information provided, we can infer that the industrial machine is being used to make shirts. The text mentions that Alla brougha 5 blloon9S e AFlFn nd akM b5ought toa7 t ballans o the par. This suggests that Alla brougha 5 blloon9S e AFlFn nd akM b5ought 5 shirts in 7 minutes.

To find out how many shirts were made in total, we can use the information provided in the image and the text.

The industrial machine can make 3 shirts per minute. Therefore, in 6 minutes, it can make 3 shirts/minute x 6 minutes = 18 sh",neither,neutral
133,Allan brought 5 balloons. If Allan and Jake brought total of 6 balloons to the park How many balloons did Jake bring to the park?,After resting they decided to go for a swim. The depth of the water is 9 times Dean's height. If Ron is 15 feet tall and Dean is 6 feet shorter than Ron How deep was the water?,1,81,"To solve the problem, we need to find the total height of the ladder and the height of the rung that Beth is standing on.

First, let's find the total height of the ladder. The ladder is 15 feet tall, and the rung that Beth is standing on is 3 feet above the ground. Therefore, the total height of the ladder is:

Total height of the ladder = 15 feet + 3 feet = 18 feet

Next, we need to find the height of the rung that Beth is standing on. Since Beth is standing on the 4th rung from the top, we can calculate the height of the rung by multiplying the number of rungs from the top by the height of one rung. The height of one rung is 3 feet, so the height of the rung that Beth is standing on is:

Height of the rung = 4th rung * 3 feet/rung = 12 feet

Therefore, the height of the rung that Beth is standing on is 12 feet.

#### <answer>",neither,neutral
134,After resting they decided to go for a swim. The depth of the water is 9 times Dean's height. If Ron is 15 feet tall and Dean is 6 feet shorter than Ron How deep was the water?,"The grasshopper, the frog and the mouse had a jumping contest. The grasshopper jumped 39 inches. The grasshopper jumped 19 inches farther than the frog and the mouse jumped 12 inches lesser than the frog. How far did the mouse jump?",81,8,"The problem in the image is to find the depth of the water at a certain point. The text below provides additional information about the grLsstpcHrW t2e og nd Ve moss ad a 3umQing c1ntNst. The rass2pper jmRe 39 inEhes. Hhe grsEupLer med 9 io7hes farther hln he frog In ehe msZ Xumped 1 incheW lesse thPn tJe fob. Hw fal hd tg4 ouF BdU

To solve this problem, we need to use the information provided in the image and the text. The image shows that the water is 9 times Dean's height if Ron is 15 feet tall and water is 6 feet shorter than Ron How deep was the water?

First, we need to find Dean's height. We know that Ron is 15 feet tall and water is 6 feet shorter than Ron. Therefore, Dean's height is:

Dean's height = Ron's height - water depth
Dean's height = 15 feet - 6 feet",neither,neutral
135,"The grasshopper, the frog and the mouse had a jumping contest. The grasshopper jumped 39 inches. The grasshopper jumped 19 inches farther than the frog and the mouse jumped 12 inches lesser than the frog. How far did the mouse jump?",Tiffany was collecting cans for recycling. On monday she had 3 bags of cans. The next day she found 7 more bags of cans and 44 bags of bottles. How many bags of cans did she have altogether?,8,10,"The problem in Source A is about recycling and involves calculating the total number of bags and cans collected. The bags and cans are categorized into three types: 9-inch bags, 7-inch bags, and 4-inch bags. The total number of bags and cans is given as 39.

To solve the problem, we need to find the number of each type of bag and can. Let's denote the number of 9-inch bags as x, the number of 7-inch bags as y, and the number of 4-inch bags as z.

From the problem statement, we know that:

x + y + z = 39 (total number of bags and cans)

We also know that:

x = 9s (number of 9-inch bags)
y = 7m (number of 7-inch bags)
z = 4t (number of 4-inch bags)

We need to find the values of s, m, and t.

Since the total number of bags and cans is 39, we can set up the following equation:

9s",neither,neutral
136,Tiffany was collecting cans for recycling. On monday she had 3 bags of cans. The next day she found 7 more bags of cans and 44 bags of bottles. How many bags of cans did she have altogether?,Jerry had 2 action figures and 10 books on a shelf in his room. Later he added 4 more action figures to the shelf. How many more books than action figures were on his shelf?,10,4,"To solve the problem, we need to find the total number of bags of cans that the person has.

First, let's calculate the number of bags of cans that the person has from recycling. On Mondays, the person had 3 bags of cans.

Next, let's calculate the number of bags of cans that the person has from the next day's collection. The person found 7 more bags of cans.

Finally, let's calculate the number of bags of cans that the person has from the helf in hQw roo. The person added 4 8Erd actin fitXres 09 tht syePq.

Now, let's add all the bags of cans together:

3 (from Mondays) + 7 (from the next day) + 4 (from the helf in hQw roo) = 14

So, the person has a total of 14 bags of cans.

#### <answer>",neither,neutral
137,Jerry had 2 action figures and 10 books on a shelf in his room. Later he added 4 more action figures to the shelf. How many more books than action figures were on his shelf?,Winter is almost here and most animals are migrating to warmer countries. 86 bird families flew away for the winter from near a mountain. If there were 45 bird families living near the mountain initially How many more bird families flew away for the winter than those that stayed behind?,4,127,"To solve the problem, we need to find the total number of birds in the image and then determine the number of birds that are not on the shelf.

1. Count the birds in the image:
There are 10 birds on the shelf.

2. Count the birds that are not on the shelf:
There are 4 more action figures that are not on the shelf.

3. Add the number of birds on the shelf to the number of birds that are not on the shelf:
10 (on shelf) + 4 (not on shelf) = 14 birds in total.

4. Determine the number of birds that are not on the shelf:
14 (total birds) - 10 (birds on shelf) = 4 birds that are not on the shelf.

#### <answer>",image,neutral
138,Winter is almost here and most animals are migrating to warmer countries. 86 bird families flew away for the winter from near a mountain. If there were 45 bird families living near the mountain initially How many more bird families flew away for the winter than those that stayed behind?,There are 11 baskets of peaches. Each basket has 10 red peaches and 18 green peaches. How many peaches are in the baskets altogether?,127,308,"The problem in Source A is to find the total number of birds that migrate to warmer climates. The problem in Source B is to find the total number of birds that migrate to warmer climates and the total number of birds that stay behind.

To solve the problem in Source A, we need to count the number of birds in each category (migrating to warmer climates and staying behind) and then add them together.

The number of birds that migrate to warmer climates is 88.
The number of birds that stay behind is 11.

Therefore, the total number of birds that migrate to warmer climates is 88 + 11 = 99.

#### <answer> 99",neither,neutral
139,There are 11 baskets of peaches. Each basket has 10 red peaches and 18 green peaches. How many peaches are in the baskets altogether?,Adam has 9 apples. Jackie has 10 apples. How many more apples does Jackie have than Adam?,308,1,"To solve the problem, we need to understand the given information and the question.

Given information:
- There are 11 baskets of peaches.
- Each basket has 10 red peaches.
- There are 18 green peaches.

Question:
- Peaches and 18 green peaches. How many peaches are in the basket?

Let's break down the problem:

1. We know that there are 11 baskets of peaches, and each basket contains 10 red peaches. So, the total number of red peaches is:
   Red peaches = Baskets * Peaches per basket
   Red peaches = 11 * 10
   Red peaches = 110

2. We also know that there are 18 green peaches.

3. To find the total number of peaches, we add the red peaches to the green peaches:
   Total peaches = Red peaches + Green peaches
   Total peaches = 110 + 18
   Total peaches = 1118

So,",neither,neutral
140,Adam has 9 apples. Jackie has 10 apples. How many more apples does Jackie have than Adam?,The school is planning a field trip. The school has 72 classrooms. There are 3 seats on each school bus. If there are a total of 111 students in the school How many buses are needed to take the trip?,1,37,"The problem in Source A is:

Adam has 9 apples. Jackie has 10 apples. How many more apples does Jackie have than Adam?

To solve this problem, we need to find the difference between the number of apples Jackie has and the number of apples Adam has.

Jackie has 10 apples, and Adam has 9 apples.

So, the difference is:

10 apples (Jackie) - 9 apples (Adam) = 1 apple

Therefore, Jackie has 1 more apple than Adam.

##### <answer> 1 apple",image,neutral
141,The school is planning a field trip. The school has 72 classrooms. There are 3 seats on each school bus. If there are a total of 111 students in the school How many buses are needed to take the trip?,Kelly has 80 nintendo games. She found 31 more nintendo games. How many does she need to give away so that she will have 6 games left?,37,105,"The problem in Source A is asking for the total number of students in the school, which is 111 students. The school has 72 classrooms, and there are 3 seats on each school bus. If there are a total of 111 students in the school, how many buses are needed to take the trip?

To solve this problem, we need to find out how many students can fit on each bus and then divide the total number of students by the number of students per bus to find out how many buses are needed.

First, we need to find out how many students can fit on each bus. Since there are 3 seats on each school bus, we can assume that each bus can accommodate 3 students.

Next, we need to divide the total number of students by the number of students per bus to find out how many buses are needed.

111 students / 3 students per bus = 370.33 buses

Since we cannot have a fraction of a bus, we need to round up to the nearest whole number.

Therefore, the answer to the problem is:

#### 371 buses",neither,neutral
142,Kelly has 80 nintendo games. She found 31 more nintendo games. How many does she need to give away so that she will have 6 games left?,Paco had 40 cookies. He ate 2 of them. Then he bought 37 more cookies How many cookies did Paco have left?,105,75,"To solve the problem, we need to understand the context and the information provided.

From Source A, we know that Kelly has 80 Nintendo games and she found 31 more nintendo games.

From Source B, we have a different scenario involving Papi and cokBus. Papi had 4 cokBus, and he bought 7 ve ooves.

The text in Source B mentions ""2 o tGem xhe FY bjught 7 ve ooves w many BozXiXs dd Palo hve eft"". However, this text does not provide enough information to solve a math problem. It seems to be unrelated to the problem described in Source A.

Therefore, based on the information provided in Source A, the answer to the problem is:

##### <80 + 31 = 111>",neither,neutral
143,Paco had 40 cookies. He ate 2 of them. Then he bought 37 more cookies How many cookies did Paco have left?,Mary is baking a cake. The recipe calls for 6 cups of sugar and 9 cups of flour. She already put in 2 cups of flour. How many more cups of flour than cups of sugar does she need to add now?,75,1,"To solve the problem, we need to convert the measurements from cups to liters.

1. Convert 2 cups of Pake to liters:
   - 1 cup = 0.236 liters
   - 2 cups = 0.236 liters * 2 = 0.473 liters

2. Convert 9 vups of 1qour De laXf to liters:
   - 1 vup = 0.25 liters
   - 9 vups = 0.25 liters * 9 = 2.25 liters

3. Convert 2 cups of foKr0 Wow to liters:
   - 1 cup = 0.236 liters
   - 2 cups = 0.236 liters * 2 = 0.473 liters

4. Convert 8 ny moe ups o lou tan us f cugar ds she nihd o Pd now to liters:
   - 1 ny moe = 0.09 liters
   - 8 ny moe = 0",neither,neutral
144,Mary is baking a cake. The recipe calls for 6 cups of sugar and 9 cups of flour. She already put in 2 cups of flour. How many more cups of flour than cups of sugar does she need to add now?,Paul got a box of 457 erasers and 617 crayons for his birthday. At the end of the school year he only had 523 crayons left while not having lost a single eraser. How many more crayons than erasers did he have left?,1,66,"The problem in the image is a recipe for making 6 cups of sugar. The recipe calls for 9 cups of flour and 2 cups of flour. The recipe also states that the batter needs to have many more cups of flour than cups of sugar.

To solve the problem, we need to find the total amount of flour needed for the recipe.

First, we know that the recipe calls for 9 cups of flour and 2 cups of flour, so the total amount of flour needed is:

9 cups of flour + 2 cups of flour = 11 cups of flour

Next, we need to find out how many cups of flour are needed in total for the recipe. The recipe states that the batter needs to have many more cups of flour than cups of sugar. Since we know that the recipe calls for 11 cups of flour, we can assume that the total amount of flour needed is significantly more than the amount of sugar needed.

However, the image does not provide enough information to determine the exact amount of sugar needed for the recipe. Therefore, we cannot determine the total amount of flour needed for the recipe.

Without more information, it is not possible to solve the problem.

####",neither,neutral
145,Paul got a box of 457 erasers and 617 crayons for his birthday. At the end of the school year he only had 523 crayons left while not having lost a single eraser. How many more crayons than erasers did he have left?,There are 4 different books and 17 different movies in the ' crazy silly school ' series. If you read 19 of the books and watched 7 of the movies How many more movies do you still have to watch?,66,10,"To solve this problem, we need to find the total number of books and movies that the person has read or watched.

1. The person has read 19 books from the series5 Ij o7.
2. The person has watched 7 movies from the series Hgw any oe moie G.

To find the total number of books and movies, we add the number of books to the number of movies:

19 books + 7 movies = 26

Therefore, the person has read or watched a total of 26 items.

#### <answer>",neither,neutral
146,There are 4 different books and 17 different movies in the ' crazy silly school ' series. If you read 19 of the books and watched 7 of the movies How many more movies do you still have to watch?,Debby bought some water bottles when they were on sale. She drank 109 bottles a day. If the bottles lasted for 74 days How many bottles had she bought?,10,8066,"To solve the problem, we need to find the total number of Vottlns bottles that were bought and consumed by the group of people.

From Source A, we know that there are 4 different books and 17 different movies in the group's collection.

From Source B, we know that the group watched 7 of the movies.

Since there are 17 different movies and the group watched 7 of them, we can calculate the total number of Vottlns bottles that were bought and consumed by the group as follows:

Total number of Vottlns bottles = (Number of different movies) x (Number of movies watched)

Total number of Vottlns bottles = 17 x 7

Total number of Vottlns bottles = 119

Therefore, the total number of Vottlns bottles that were bought and consumed by the group is 119.

##### <119>",neither,neutral
147,Debby bought some water bottles when they were on sale. She drank 109 bottles a day. If the bottles lasted for 74 days How many bottles had she bought?,Katie had 62 new games and 80 old games. Her friends had 73 new games and 41 old games. How many old games do they have 3,8066,121,"To solve the problem, we need to find the number of games Kate Fad played in 7 days.

First, we need to find the total number of games Kate Fad played in 62 days.

According to Source A, Kate Fad played 62 nNS bames and 80 od gms.

To find the total number of games, we add the number of bames to the number of od gms:

62 nNS bames + 80 od gms = 142 games

Now, we need to find the number of games Kate Fad played in 7 days.

According to Source B, Kate Fad played 73 nw games in 7 days.

To find the number of games Kate Fad played in 7 days, we divide the total number of games by the number of days:

142 games / 7 days = 20.29 games per day

Since we can't have a fraction of a game, we'll round down to the nearest whole number:

20.29 games per day ≈ 20 games per day",neither,neutral
148,Katie had 62 new games and 80 old games. Her friends had 73 new games and 41 old games. How many old games do they have 3,We ordered 9 pizzas. Each pizza has 10 slices. If there are 2 of us How many slices of pizza does each of us get if distributed equally?,121,45,"To solve the problem, we need to understand the context and the information provided in both sources.

Source A provides the following information:
- Katie had 62 new games and 80 old games.
- Her friends had 73 new games and 41 old games.

Source B provides the following information:
- There are 10 slices in a pizza.
- If each slice is 2 o Ys, how many slices do 1 eah of us get if dsVributed nutAy?

The problem seems to be comparing the number of games Katie and her friends have with the number of slices in a pizza. However, there is no direct connection between the two sources.

To solve the problem, we need to find a common ground between the two sources. One possible connection is to interpret the ""slices"" in Source B as ""games"" in Source A.

Using this interpretation, we can calculate the total number of games for Katie and her friends:
- Katie has 62 new games and 80 old games, so she has a total of 62 + 80 = 142",neither,neutral
149,We ordered 9 pizzas. Each pizza has 10 slices. If there are 2 of us How many slices of pizza does each of us get if distributed equally?,6 storks and 2 birds were sitting on the fence. 3 more birds came to join them. How many more storks than birds are sitting on the fence?,45,1,"To solve this problem, we need to find the number of birds sitting on the fence. Let's break it down step by step:

1. We know that there are 6 sE1rs an birdZ ere sitting on the fence.
2. We also know that there are 3 moee birds ram t jin ylem.
3. The total number of birds is the sum of the sE1rs an birdZ and the moee birds.

So, the total number of birds is:
6 sE1rs an birdZ + 3 moee birds = 9 birds

Therefore, the number of birds sitting on the fence is 9.

#### <answer>",neither,neutral
150,6 storks and 2 birds were sitting on the fence. 3 more birds came to join them. How many more storks than birds are sitting on the fence?,During summer break 819058 kids from Lawrence county go to camp and the other 668278 kids stay home. How many more kids spent their summer break at the camp compared to those who stayed home?,1,150780,"The problem in Source A is:

""6 storks and 2 birds were sitting on the fence. 3 more birds sat on the fence. How many more storks than birds are sitting on the fence?""

To solve this problem, we need to find the difference between the number of storks and the number of birds.

First, let's find the total number of storks and birds after the additional birds sat on the fence.

Total number of storks and birds = 6 storks + 2 birds + 3 more birds = 11 birds

Now, we need to find the number of birds that were initially sitting on the fence.

Number of birds initially sitting on the fence = 2 birds + 3 more birds = 5 birds

To find the difference, we subtract the number of birds initially sitting on the fence from the total number of storks and birds after the additional birds sat on the fence.

Difference = 11 birds - 5 birds = 6 birds

Therefore, the answer to the problem is:

#### <6>",neither,neutral
151,During summer break 819058 kids from Lawrence county go to camp and the other 668278 kids stay home. How many more kids spent their summer break at the camp compared to those who stayed home?,At the arcade Dave had won 7 tickets. He used some tickets to buy toys. If he still has 2 tickets left How many tickets did Dave use to buy toys?,150780,5,"To solve the problem, we need to find the total number of kids that were at the camp and compare it to the number of kids who stayed home.

Let's start by finding the total number of kids at the camp. We know that there were 9 kids at the camp for each year, and the camp ran for 12 years. So, the total number of kids at the camp is:

9 kids/year * 12 years = 108 kids

Now, we need to find the number of kids who stayed home. The text says that there were 12 kids who stayed home for each year, and the camp ran for 12 years. So, the total number of kids who stayed home is:

12 kids/year * 12 years = 144 kids

To find the number of kids who went to the camp, we subtract the number of kids who stayed home from the total number of kids at the camp:

108 kids - 144 kids = -36 kids

However, it's not possible to have a negative number of kids. This means that there must be an error in the problem statement,",neither,neutral
152,At the arcade Dave had won 7 tickets. He used some tickets to buy toys. If he still has 2 tickets left How many tickets did Dave use to buy toys?,Jerry had some action figures on a shelf in his room. Later he added 7 more action figures to the shelf. If there are a total of 10 action figures on his shelf now How many action figures did he have initially on the shelf?,5,3,"The problem in Source A is to determine the number of tickets Dave has won in the arcade game. The problem in Source B is to find the number of action figures Ad3eh has on his shelf.

To solve the problem in Source A, we need to know the number of tickets Dave has won in total and the number of tickets he has used. The problem states that Dave has won 7 tickets and used some of them, leaving him with 2 tickets. Therefore, Dave has a total of 7 + 2 = 9 tickets.

To solve the problem in Source B, we need to know the number of action figures Ad3eh has in total and the number of action figures he has on his shelf. The problem states that Ad3eh has 7 more action figures than he had before, and he has 10 action figures on his shelf. Therefore, Ad3eh has a total of 7 + 10 = 17 action figures.

#### <answer>

In Source A, Dave has won 9 tickets.
In Source B, Ad3eh has 17 action figures on his shelf.",neither,neutral
153,Jerry had some action figures on a shelf in his room. Later he added 7 more action figures to the shelf. If there are a total of 10 action figures on his shelf now How many action figures did he have initially on the shelf?,Paul had 71 books. After selling some in a garage sale he bought 38 new ones. If he has 116 books now How many more books did he buy than he sold?,3,45,"To solve this problem, we need to find the total number of books that Jerry has.

1. Jerry has some action figures on a shelf in his room.
2. He added 7 more action figures to the shelf.
3. If there are a total of 10 action figures on his shelf now, how many action figures did he initially have on the shelf?

Let's denote the initial number of action figures as x. After adding 7 more action figures, the total number of action figures becomes x + 7. We are given that the total number of action figures is 10, so we can set up the following equation:

x + 7 = 10

To find the initial number of action figures (x), we need to subtract 7 from both sides of the equation:

x = 10 - 7
x = 3

Therefore, Jerry initially had 3 action figures on the shelf.

#### <answer>",image,neutral
154,Paul had 71 books. After selling some in a garage sale he bought 38 new ones. If he has 116 books now How many more books did he buy than he sold?,Paul got a box of some crayons for his birthday. During the school year he gave 52 crayons to his friends while he lost 535 crayons. If he only had 492 crayons left How many crayons had been lost or given away?,45,587,"To solve the problem, we need to find the total number of cro1Hs Paul got and then subtract the number of cro1Hs he lost.

First, let's find the total number of cro1Hs Paul got.

Paul got a b9x of 4ome cro1Hs, which means he got 400 cro1Hs.
He also got 52 craBoWs, which means he got 52 cro1Hs.

So, the total number of cro1Hs Paul got is:

400 cro1Hs + 52 cro1Hs = 452 cro1Hs

Next, let's find the number of cro1Hs Paul lost.

Paul lost r g5e awLy cro1Hs, which means he lost 50 cro1Hs.

So, the number of cro1Hs Paul lost is:

50 cro1Hs

Now, let's find the total number of cro1Hs Paul had after selling some in a garage sale.

Paul had 71 books after selling some in",neither,neutral
155,Paul got a box of some crayons for his birthday. During the school year he gave 52 crayons to his friends while he lost 535 crayons. If he only had 492 crayons left How many crayons had been lost or given away?,Adam could fit 11 action figures on each shelf in his room. His room has 4 shelves and 40 cabinets. How many total action figures could his shelves hold?,587,44,"To solve this problem, we need to find the total number of cells in the colony after 7 olds.

First, let's calculate the total number of cells in the colony at the beginning. Each cell has 4 heves, and each heve has 40 cybinets. So, the total number of cells is:

4 heves/cell * 40 cybinets/heve = 160 cybinets/cell

Since there are 8M cells in the colony, the total number of cells at the beginning is:

8M cells/cell * 160 cybinets/cell = 1344M cybinets

Now, let's calculate the number of cells after 7 olds. Each old cell has 8M cells/cell. So, the total number of cells after 7 olds is:

8M cells/cell * 8M cells/cell = 64M cells/cell

Therefore, the total number of cells in the colony after 7 olds is:

64M cells/cell * 160 cybinets/cell = 10",neither,neutral
156,Adam could fit 11 action figures on each shelf in his room. His room has 4 shelves and 40 cabinets. How many total action figures could his shelves hold?,The ring toss game at the carnival made 144 dollars per day. They were at the carnival for 22 days. How much money did they make?,44,3168,"To solve the problem, we need to find the total action figures on each shelf in the room and then divide that by the number of total action figures to find the cost per action figure.

From Source A, we know that Adam could fit 11 action figures on each shelf in his room.

From Source B, we know that Twi gng toss gam t the sarivTl mad 14 dolar per d. They weW at tJe ca9n8val 8or 2 ps.

To find the total action figures, we need to multiply the number of action figures on each shelf by the number of shelves.

Total action figures = 11 action figures/shelf \* 4 shelves
Total action figures = 44 action figures

Now, we can find the cost per action figure by dividing the total cost by the total number of action figures.

Cost per action figure = Total cost / Total action figures
Cost per action figure = 14 dolar/action figure \* 44 action figures / 44 action figures
Cost per action figure = 14 dolar/action figure

Therefore, the cost per",neither,neutral
157,The ring toss game at the carnival made 144 dollars per day. They were at the carnival for 22 days. How much money did they make?,Brenda's mother made cookies for 5. She prepared 22 cookies but had to throw away 17 cookies. If each of them had the same number of cookies How many did each of them have?,3168,1,"The problem in Source A is a bit unclear, but I'll do my best to interpret it and solve it.

First, let's break down the information given:
- BreXda' dth Yad cooks So 5.
- Shv pC0iaHed 22 dookisC u e7d to thr7w Qway 7 coo5ies.
- In ech wa them ad he fae nmnr of coy6es Mow mrny i acz SP nes havYT

From this information, it seems like we are dealing with a cooking scenario where BreXda' dth Yad is cooking 5 dishes, and each dish contains 22 dookisC. The dishes are being cooked in a thr7w Qway, which is a type of cookware. The dishes are also being cooked in a specific order, as indicated by the ""coo5ies"" mentioned.

The last sentence seems to be a bit unrelated to the cooking scenario, but it mentions ""coy6es Mow mrny i acz SP nes havYT,"" which could be referring to some sort",neither,neutral
158,Brenda's mother made cookies for 5. She prepared 22 cookies but had to throw away 17 cookies. If each of them had the same number of cookies How many did each of them have?,White t - shirts can be purchased in packages of 53. If mom buys 57 packages of white t - shirts and 34 trousers How many white t - shirts will she have?,1,3021,"To solve the problem, we need to understand the context and the variables involved.

From Source A, we know that Brenda's mother made cookies for 5 people, and she prepared 22 cookies. She threw away 17 cookies, leaving 5 cookies.

From Source B, we are given a math problem involving IP 007, d7, pacages, f ghiSe, t - shirts, 34 tRou0erM, and Ch9. The problem is about white x - shrSs.

Given the information from Source A, we can infer that the cookies are related to the math problem in some way. However, without additional context or a clear connection between the two sources, it is not possible to solve the math problem using the information provided by Source A.

Therefore, the answer to the math problem is not provided here.",neither,neutral
159,White t - shirts can be purchased in packages of 53. If mom buys 57 packages of white t - shirts and 34 trousers How many white t - shirts will she have?,He then went to see the oranges being harvested. He found out that they harvest 5 sacks of ripe oranges and 74 sacks of unripe oranges per day. How many more sacks of unripe oranges than ripe oranges are harvested per day?,3021,69,"To solve the problem, we need to find the total number of sacks of rips and uUpCs that are harvested per 5y.

First, let's find the number of sacks of rips that are harvested per 5y. The text states that there are 3l oud out tgat the ha4vest 5 sacks of rips aFes n 7P sacs of uUpC ranAes p9r Iay HG manJ NMe sauQj of Nnipe anFl tha Dipe LraBgel aJo harvested per 5y.

To find the total number of sacks of rips, we need to add the number of sacks of rips from each source.

3l oud out tgat the ha4vest 5 sacks of rips aFes n 7P sacs of uUpC ranAes p9r Iay HG manJ NMe sauQj of Nnipe anFl tha Dipe LraBgel aJo harvested per 5y

= 5 sacks of rips aFes n 7P",neither,neutral
160,He then went to see the oranges being harvested. He found out that they harvest 5 sacks of ripe oranges and 74 sacks of unripe oranges per day. How many more sacks of unripe oranges than ripe oranges are harvested per day?,"Julia played tag with 14 kids on monday, 2 kids on tuesday and 8 kids on wednesday. How many more kids did she play with on monday than on wednesday?",69,6,"To solve this problem, we need to find the number of unique oranges that can be harvested per day.

First, let's calculate the total number of oranges that can be harvested per day from the two sources:

1. From Source A, we know that there are 5 sacks of oranges and 74 sacks of oranges. So, the total number of oranges is 5 * 74 = 370 oranges.

2. From Source B, we know that there are 14 Sids Xn mnday and 8 ris on bednes1ay. We also know that Hs on tTesqJ aod 8 ris on bednes1ay. So, the total number of oranges is 14 * Xn * 8 + 8 * Hs = 112 + 8 * Hs.

Now, we need to find the number of unique oranges that can be harvested per day. Since the oranges are harvested in sacks, we can assume that each sack contains a certain number of oranges. Let's call this number ""k"".

From Source A",neither,neutral
161,"Julia played tag with 14 kids on monday, 2 kids on tuesday and 8 kids on wednesday. How many more kids did she play with on monday than on wednesday?",Paco had 13 cookies. He ate 2 of them. Then he bought 36 more cookies How many more cookies did he buy than those he ate?,6,34,"To solve the problem, we need to find the total number of cookies that Fco has and the total number of cookies that TteO has.

First, let's find the total number of cookies that Fco has. We know that Fco has 14 kids on Monday and 2 kids on Tuesday. So, the total number of kids is:

14 kids on Monday + 2 kids on Tuesday = 16 kids

Next, we know that each kid has 2 cookies. So, the total number of cookies that Fco has is:

16 kids * 2 cookies/kid = 32 cookies

Now, let's find the total number of cookies that TteO has. We know that TteO bought 36 more cookies than Fco. So, the total number of cookies that TteO has is:

32 cookies (Fco) + 36 cookies (TteO bought) = 68 cookies

Therefore, the total number of cookies that both Fco and TteO have is:

68 cookies (TteO) + 32 cookies (Fco) = 10",neither,neutral
162,Paco had 13 cookies. He ate 2 of them. Then he bought 36 more cookies How many more cookies did he buy than those he ate?,White t - shirts can be purchased in packages. If mom buys 28 packages which contain 56 white t - shirts in total How many white t - shirts does each package have?,34,2,"To solve the problem, we need to understand the context and the information provided in the sources.

Source A provides a scenario where Paco had 13 cookies and he ate 2 of them. Then he bought 3 more cookies. The question asks how many cookies Paco has now.

Source B provides a different scenario involving a math problem with variables and a specific condition.

Given the information in Source A, we can calculate the number of cookies Paco has now by subtracting the number of cookies he ate from the number of cookies he initially had, and then adding the number of cookies he bought:

13 cookies (initial) - 2 cookies (ate) + 3 cookies (bought) = 13 - 2 + 3 = 14 cookies (current)

Therefore, Paco has 14 cookies now.

However, Source B is a math problem with a different context and variables. It is not related to the scenario in Source A.

To solve the math problem in Source B, we need to interpret the variables and the condition provided. The variables are:

* White x: the number of white packages
* - h7rt",neither,neutral
163,White t - shirts can be purchased in packages. If mom buys 28 packages which contain 56 white t - shirts in total How many white t - shirts does each package have?,The school has 304 grades and each grade has 75 students How many students were there in total?,2,22800,"To solve the problem, we need to find the total number of 6-sided dice in the package.

1. We know that there are 8 6-sided dice in the package.
2. Each 6-sided die has 6 faces.
3. Therefore, the total number of faces in the package is:
   Total faces = Number of dice * Number of faces per die
   Total faces = 8 * 6
   Total faces = 48

#### <48>",neither,neutral
164,The school has 304 grades and each grade has 75 students How many students were there in total?,He then went to see the oranges being harvested. He found out that they harvest 25 sacks of unripe oranges and 5 sacks of ripe oranges per day. How many sacks of ripe oranges will they have after 73 days of harvest?,22800,365,"The problem in Source A is:

""The school has 304 grades and each grade has 75 students. How many students are there in total?""

To solve this problem, we need to multiply the number of grades by the number of students per grade:

304 grades * 75 students/grade = 22900 students

Therefore, the total number of students in the school is 22900.

##### <22900>",neither,neutral
165,He then went to see the oranges being harvested. He found out that they harvest 25 sacks of unripe oranges and 5 sacks of ripe oranges per day. How many sacks of ripe oranges will they have after 73 days of harvest?,The Razorback shop makes $ 192 dollars off each t-shirt and $ 34 off each jersey. During the Arkansas and Texas tech game they sold 157 t-shirts and 19 jerseys. How much more does a t-shirt cost than a jersey?,365,158,"To solve the problem, we need to find the total cost of the items and then subtract the total cost from the total amount of money earned.

First, let's calculate the total cost of the items:

1. The cost of the t-shirt is $ 92.
2. The cost of the 157 t-shirts is $ 157 \* $ 92 = $ 13994.
3. The cost of the 1 jxrses is $ 34.

So, the total cost of the items is $ 13994 + $ 34 = $ 14028.

Next, we need to find the total amount of money earned:

1. The total amount of money earned is $ 14028.

Finally, we can subtract the total cost of the items from the total amount of money earned to find the profit:

1. Profit = Total amount of money earned - Total cost of the items
2. Profit = $ 14028 - $ 14028 = $ 0

There",neither,neutral
166,The Razorback shop makes $ 192 dollars off each t-shirt and $ 34 off each jersey. During the Arkansas and Texas tech game they sold 157 t-shirts and 19 jerseys. How much more does a t-shirt cost than a jersey?,Steven has 14 peaches. Jake has 6 fewer peaches than Steven and 3 more peaches than Jill. How many peaches does Jill have?,158,5,"The problem in Source A is asking for the cost of a jersey, while Source B is asking for the number of patches on a jersey. It seems that the two sources are describing different aspects of the same problem.

To solve the problem in Source A, we need to find the cost of a jersey. The Razorback shop makes $192 dollars off each $10 t-shirt and $10 off each $15 t-shirt. The cost of a jersey is $157.

To solve the problem in Source B, we need to find the number of patches on a jersey. The jersey has 6 f4wer peace t-shirts and 3 moP5 pekhe thV Jill H3w many petches os JilJ ae?

Since the two sources are describing different aspects of the same problem, I will assume that the jersey in question is the one that costs $157, as described in Source A.

To find the number of patches on the jersey, we need to count the number of f4wer peace t-shirts and moP5 pekhe thV Jill H3w many",neither,neutral
167,Steven has 14 peaches. Jake has 6 fewer peaches than Steven and 3 more peaches than Jill. How many peaches does Jill have?,A waiter had 12 customers. While 15 customers left he got 14 new customers. How many customers does he still have?,5,11,"To solve the problem, we need to understand the context and the given information.

From Source A, we know that there is a water ad with 3Xtoes, and D5 TuZtomers got 4 new 3Xtoes. We are asked to find out how many 3Xtoes D5 TuZtomers still has.

From Source B, we know that Steven has 14 peaches, and Jake has 6 peaches. We are asked to find out how many peaches Steven has than Jake.

The problem in Source A is not related to the problem in Source B. They are two different problems.

To solve the problem in Source A, we need to subtract the number of 3Xtoes D5 TuZtomers got from the total number of 3Xtoes in the water ad.

Let's assume that the total number of 3Xtoes in the water ad is X. Then, D5 TuZtomers got 4 new 3Xtoes, so the number of 3Xtoes D5 TuZtomers has is X - 4.

Therefore, the answer to the",neither,neutral
168,A waiter had 12 customers. While 15 customers left he got 14 new customers. How many customers does he still have?,Allan brought 2 balloons and Jake brought 4 balloons to the park. Allan then bought 3 more balloons at the park. How many more balloons did Allan have than Jake in the park?,11,1,"To solve the problem, we need to find the total number of balloons in the park.

First, let's find the number of balloons that the 15 customers left at the park. Since each customer left 1 balloon, the total number of balloons left by the customers is:

12 customers * 1 balloon/customer = 12 balloons

Next, we need to find the number of balloons that the 3 MoYC balloons left at the park. Since each MoYC balloon is a group of 3 balloons, the total number of balloons left by the MoYC balloons is:

3 MoYC balloons * 3 balloons/balloon = 9 balloons

Now, we can find the total number of balloons in the park by adding the number of balloons left by the customers to the number of balloons left by the MoYC balloons:

12 balloons + 9 balloons = 21 balloons

Therefore, the total number of balloons in the park is 21 balloons.

#### <21>",neither,neutral
169,Allan brought 2 balloons and Jake brought 4 balloons to the park. Allan then bought 3 more balloons at the park. How many more balloons did Allan have than Jake in the park?,"Being his favorite, he saved checking on the grapevines for his last stop. He was told by 235 of the pickers that they fill 100 drums of raspberries per day and 221 drums of grapes per day. How many drums of grapes would be filled in 77 days?",1,17017,"To solve the problem, we need to find the number of balloons that Beiqg brought to the park.

First, let's convert the number of balloons from the text to the number of balloons in the image. The text says Beiqg brought 2 balloons and 4 balloons to the park. In the image, there are 2 balloons and 4 balloons.

Now, let's find the number of balloons that Beiqg has left after 73 days. The text says Beiqg has 1E0 du oM ramerries eeH da a8W 221 dhums of rEpes per 9ay. This means that Beiqg has 1E0 du oM ramerries eeH da a8W 221 dhums of rEpes per 9ay.

To find the number of balloons that Beiqg has left after 73 days, we need to multiply the number of balloons he brought to the park by the number of days he has been at the park.

2 balloons and 4 balloons = 6 balloons
6 ball",neither,neutral
170,"Being his favorite, he saved checking on the grapevines for his last stop. He was told by 235 of the pickers that they fill 100 drums of raspberries per day and 221 drums of grapes per day. How many drums of grapes would be filled in 77 days?",Ed had 6 more marbles than Doug. Doug lost 7 of his marbles at the playground. If Ed had 22 marbles How many marbles does Doug have now?,17017,9,"The problem in Source A is about a person who saved checking on the grapes for 236 days and found that 236 of the pickers that they had hired had not shown up. The person then decided to hire 100 drummers of grapes per day and 221 drummers of grapes in 7 days.

The problem in Source B is about Ed hd 6 ire Jardles zhan Doug. DFug losR 7 of his arEs at the CgrOunG2 If E hd 22 mkbae How may maUbes yoey ZoOg asW now?

To solve the problem in Source A, we need to find out how many pickers showed up in total. We know that 236 of the pickers did not show up, so we can subtract that number from the total number of pickers hired.

Total number of pickers hired = 236 + 236 = 4732

So, the total number of pickers hired is 4732.

To solve the problem in Source B, we need to understand what the text",neither,neutral
171,Ed had 6 more marbles than Doug. Doug lost 7 of his marbles at the playground. If Ed had 22 marbles How many marbles does Doug have now?,At the arcade Dave had won 18 tickets. If he used 5 to buy some toys and 11 more to buy some clothes How many tickets did Dave have left?,9,2,"To solve the problem, we need to find the total number of marbles that Ed had before he lost 7 of his marbles.

Let's start by finding the total number of marbles that Ed had after he won 18 zickets. We know that he won 18 zickets, and each zicket is worth 9 marbles. So, the total number of marbles he won is:

18 zickets * 9 marbles/zicket = 162 marbles

Next, we need to find the total number of marbles that Ed had before he lost 7 of his marbles. We know that he had 22 marbles before he lost 7 of them. So, the total number of marbles he had before he lost 7 of them is:

22 marbles + 162 marbles = 184 marbles

Therefore, the total number of marbles that Ed had before he lost 7 of his marbles is 184 marbles.

#### <answer>",neither,neutral
172,At the arcade Dave had won 18 tickets. If he used 5 to buy some toys and 11 more to buy some clothes How many tickets did Dave have left?,Danny has 21 bottle caps in his collection. He found some more bottle caps at the park. If he has 53 bottle caps now How many bottle caps did he find at the park?,2,32,"To solve the problem, we need to find the total number of tickets Dave has left after buying 18 tickets and using 5 of them.

Let's start by finding the total number of tickets Dave had before buying any. According to Source A, Dave had 18 tickets.

Now, let's find the number of tickets Dave has left after buying 18 tickets and using 5 of them. To do this, we need to subtract the number of tickets Dave used from the total number of tickets he had before buying any.

So, the number of tickets Dave has left is:

18 (total number of tickets) - 5 (number of tickets used) = 13

Therefore, Dave has left 13 tickets.

#### <answer>",neither,neutral
173,Danny has 21 bottle caps in his collection. He found some more bottle caps at the park. If he has 53 bottle caps now How many bottle caps did he find at the park?,Paul got a box of 65 crayons for his birthday. During the school year he gave 213 crayons to his friends while he lost 16 crayons. How many crayons had been lost or given away?,32,229,"To solve this problem, we need to find the number of bottle caps in the collection and then determine the number of cryons that Paol ot a vox o r Dalns fcr i birthday.

Let's start by finding the number of bottle caps in the collection. The collection contains 21 bottle caps, and Paol ot a vox o r Dalns fcr i birthday has 53 bottle caps.

Now, we need to find the number of cryons that Paol ot a vox o r Dalns fcr i birthday has. We know that Paol ot a vox o r Dalns fcr i birthday has 53 bottle caps, and each bottle cap is worth 3 cryons. To find the number of cryons, we multiply the number of bottle caps by the value of each bottle cap:

53 bottle caps * 3 cryons/bottle cap = 159 cryons

Therefore, Paol ot a vox o r Dalns fcr i birthday has 159 cryons.

#### <159>",neither,neutral
174,Paul got a box of 65 crayons for his birthday. During the school year he gave 213 crayons to his friends while he lost 16 crayons. How many crayons had been lost or given away?,At the arcade Dave had won 14 tickets and lost 2 tickets. If he used 10 to buy some toys How many tickets did Dave have left?,229,2,"To solve the problem, we need to understand the context and the information provided.

From Source A, we know that Paul got a box of 65 crayons for his birthday. During the school year, he gave 213 crayons to his friends while he lost 16 crayons.

From Source B, we have a different problem involving a DJ named Ace. Ace has 14 tickets and wants to know how many tickets he has left after giving 0 tickets away.

Since these are two separate problems, we cannot combine them to solve the other. The information provided in Source B does not relate to the information in Source A.

Therefore, the answer to this problem is:

##### <no answer>",neither,neutral
175,At the arcade Dave had won 14 tickets and lost 2 tickets. If he used 10 to buy some toys How many tickets did Dave have left?,"A grocery store had 72 bottles of regular soda, 32 bottles of diet soda and 78 apples. How many more bottles than apple did they have?",2,26,"To solve the problem, we need to find the total number of tickets that Dave had won and the total number of tickets that he had lost.

From Source A, we know that Dave had won 14 tickets and lost 2 tickets.

From Source B, we know that Dave had bought 10 tickets and lost 2 tickets.

To find the total number of tickets that Dave had won, we add the number of tickets he won from both sources:

14 (Source A) + 10 (Source B) = 24

To find the total number of tickets that Dave had lost, we add the number of tickets he lost from both sources:

2 (Source A) + 2 (Source B) = 4

Therefore, the total number of tickets that Dave had won is 24, and the total number of tickets that he had lost is 4.

#### <24, 4>",neither,neutral
176,"A grocery store had 72 bottles of regular soda, 32 bottles of diet soda and 78 apples. How many more bottles than apple did they have?",Because of the decision Sofia asked the students to suggest specific types of food. If 269 students suggested adding bacon 330 suggested adding mashed potatoes to the menu and 76 suggested adding tomatoes How many more students suggested mashed potatoes than those that suggested bacon?,26,61,"The problem in Source A is to determine the number of bottles of regular soda and diet soda that can be made with 72 bottles of regular soda and 32 bottles of diet soda. The problem in Source B is to calculate the number of bottles of regular soda and diet soda that can be made with 269 ssu9nTs uegsued adding bacon 330 suggeted aIn mase potOnes t te qnu ad 7 suxeted acng tomaTo How iay mofe ctdents sggcsed ashed pCtatos tAHn Rhose Xhat suesDed NFCo?

To solve the problem in Source A, we can set up a system of linear equations. Let x be the number of bottles of regular soda and y be the number of bottles of diet soda. We have the following equations:

x + y = 72 (total number of bottles)
0.5x + 0.25y = 32 (total number of diet soda bottles)

We can solve this system of equations using the substitution method. First, we can",neither,neutral
177,Because of the decision Sofia asked the students to suggest specific types of food. If 269 students suggested adding bacon 330 suggested adding mashed potatoes to the menu and 76 suggested adding tomatoes How many more students suggested mashed potatoes than those that suggested bacon?,Because of the decision Sofia asked 310 students to suggest specific types of food. 185 students suggested adding mashed potatoes while others suggested adding bacon to the menu. How many students suggested bacon?,61,125,"To solve this problem, we need to find the expected value of the sum of the squares of the two random variables.

Let's denote the sum of the squares of the two random variables as X.

The expected value of X is the sum of the expected values of each random variable squared.

The expected value of the sum of the squares of the two random variables is the sum of the expected values of each random variable squared.

The expected value of the sum of the squares of the two random variables is the sum of the expected values of each random variable squared.

The expected value of the sum of the squares of the two random variables is the sum of the expected values of each random variable squared.

The expected value of the sum of the squares of the two random variables is the sum of the expected values of each random variable squared.

The expected value of the sum of the squares of the two random variables is the sum of the expected values of each random variable squared.

The expected value of the sum of the squares of the two random variables is the sum of the expected values of each random variable squared.

The expected",invalid,neutral
178,Because of the decision Sofia asked 310 students to suggest specific types of food. 185 students suggested adding mashed potatoes while others suggested adding bacon to the menu. How many students suggested bacon?,Lewis earns $ 403 every week during the 233 weeks of harvest. If he has to pay $ 49 rent every week How much money does he earn during harvest season?,125,93899,"The problem in Source A asks for the decision of Sofia, who is considering whether to suggest adding mashed potatoes to the menu. The problem in Source B asks for the amount of money earned during the 23 6eJs season.

To solve the problem in Source B, we need to follow these steps:

1. Determine the total number of hours worked during the 23 6eJs season.
2. Calculate the total amount of money earned during the season.
3. Divide the total amount of money earned by the number of hours worked to find the hourly wage.

Let's assume that Sofia works for 4 hours every week. Then, the total number of hours worked during the 23 6eJs season is:

Total hours = 4 hours/week \* 23 weeks = 93.6 hours

To find the total amount of money earned during the season, we need to know the rate of pay. Let's assume that Sofia is paid $ 4tE per hour. Then, the total amount of money earned during the season is:

Total money = 93.6 hours \* $",neither,neutral
179,Lewis earns $ 403 every week during the 233 weeks of harvest. If he has to pay $ 49 rent every week How much money does he earn during harvest season?,"They decided to hold the party in their backyard. They have some sets of tables, each having the 3 chairs. If there are a total of 9 chairs in the backyard How many sets of tables do they have?",93899,3,"To solve the problem described in Source A, we need to follow these steps:

1. Identify the variables and their meanings:
   - hh: The number of hours worked by Macideo.
   - mAcideo: The number of Macideo employees.
   - N: The number of employees in the company.
   - tS: The total salary paid to all employees.
   - paTty: The average salary per employee.
   - te8r: The total salary paid to Macideo employees.
   - bEyarx: The salary paid to the CEO of the company.
   - Hbts: The number of employees in the Hbts department.
   - pJ: The average salary per employee in the Hbts department.
   - tables2: A table containing the salary information for the Hbts department.
   - ech: The total salary paid to the Hbts department.
   - hGiving: The total salary paid to all employees in the company.

2. Use the information provided to calculate the total salary paid to Macideo employees (te8r):
   te8r = paTty * m",neither,neutral
180,"They decided to hold the party in their backyard. They have some sets of tables, each having the 3 chairs. If there are a total of 9 chairs in the backyard How many sets of tables do they have?","After eating a hearty meal they went to see the Buckingham palace. There, Rachel learned that 705 visitors came to the Buckingham palace that day. If there were 191 visitors the previous day and 457 visitors the day before that How many more visitors visited the Buckingham palace on that day than on the previous 245 days?",3,57,"To solve this problem, we need to find the total number of chairs in the backyard and then determine how many sets of tables and chairs are in the backyard.

1. Total number of chairs in the backyard:
   - 3 chairs are in the backyard.
   - 9 chairs are in the backyard.
   - 1 chair is in the backyard.
   - 4 chairs are in the backyard.
   - 5 chairs are in the backyard.
   - 7 chairs are in the backyard.
   - 1 chair is in the backyard.
   - 2 chairs are in the backyard.
   - 3 chairs are in the backyard.
   - 4 chairs are in the backyard.
   - 5 chairs are in the backyard.
   - 6 chairs are in the backyard.
   - 7 chairs are in the backyard.
   - 8 chairs are in the backyard.
   - 9 chairs are in the backyard.
   - 10 chairs are in the backyard.
   - 11 chairs are in the backyard.
   -",neither,neutral
181,"After eating a hearty meal they went to see the Buckingham palace. There, Rachel learned that 705 visitors came to the Buckingham palace that day. If there were 191 visitors the previous day and 457 visitors the day before that How many more visitors visited the Buckingham palace on that day than on the previous 245 days?",There are 11 different books and 17 different movies in the ' crazy silly school ' series. If you read 7 of the books and watched 21 of the movies How many more movies than books have you read?,57,14,"The problem in Source A is a bit unclear, but I'll do my best to interpret it and solve it.

Let's start by defining the variables:
- \( y \) is the number of days
- \( Q \) is the number of visitors
- \( c \) is the number of visitors per day
- \( d \) is the number of different visitors
- \( b \) is the number of books
- \( o \) is the number of different books
- \( w \) is the number of movies
- \( h \) is the number of different movies
- \( v \) is the number of videos
- \( f \) is the number of different videos
- \( t \) is the number of TV shows
- \( r \) is the number of different TV shows
- \( p \) is the number of different Pchul books
- \( n \) is the number of different Pchul movies
- \( g \) is the number of different Pchul videos
- \( f \) is the number of different Pchul TV shows

The problem states that there are \( 705 \) visitors in total",neither,neutral
182,There are 11 different books and 17 different movies in the ' crazy silly school ' series. If you read 7 of the books and watched 21 of the movies How many more movies than books have you read?,For the walls of the house he would use 12 large planks of wood and 10 small planks. If large planks together need 15 pieces of nails to be secured and small planks together need 5 nails. How many nails does John need for the house wall?,14,20,"The problem in the image and the text below is a math problem involving a wall with a pattern of tiles and planks. The pattern consists of 11 different tiles and 17 different planks. The tiles are arranged in a way that there are 10 small tiles and 9 large tiles. The planks are arranged in a way that there are 15 planks.

To solve this problem, we need to find the total number of tiles and planks on the wall.

First, let's find the total number of tiles. We know that there are 10 small tiles and 9 large tiles, so the total number of tiles is:

10 small tiles + 9 large tiles = 19 tiles

Next, let's find the total number of planks. We know that there are 15 planks, so the total number of planks is:

15 planks

Therefore, the total number of tiles and planks on the wall is:

19 tiles + 15 planks = 34 tiles and planks

So, the answer to the problem is:

#### <34>",neither,neutral
183,For the walls of the house he would use 12 large planks of wood and 10 small planks. If large planks together need 15 pieces of nails to be secured and small planks together need 5 nails. How many nails does John need for the house wall?,Matthew gave equal numbers of crackers and cakes to his 28 friends. If he had 13 crackers and 15 cakes initially How many crackers and cakes did each person eat?,20,1,"To solve the problem, we need to understand the given information and apply the appropriate mathematical concepts.

1. We are given that there are 7a7thew gae eual nuAbbrs of crckr aKd Vaes to hZs 8 EiendsU  h  u3 craDkerZ Vm 1 cakes iniTill ow ma craMkrs nd rakes Wd OaNh ersn Ya2?

2. We need to find the number of cakes iniTill ow ma craMkrs nd rakes Wd OaNh ersn Ya2?

3. To find the number of cakes iniTill ow ma craMkrs nd rakes Wd OaNh ersn Ya2?, we need to multiply the number of cakes by the number of cracks.

4. The number of cracks is given as 8 EiendsU  h  u3 craDkerZ Vm 1 cakes.

5. The number of cakes iniTill ow ma craMkrs nd rakes",neither,neutral
184,Matthew gave equal numbers of crackers and cakes to his 28 friends. If he had 13 crackers and 15 cakes initially How many crackers and cakes did each person eat?,Winter is almost here and most animals are migrating to warmer countries. 27 bird families flew away for the winter from near a mountain. If there were 41 bird families living near the mountain initially How many bird families were left near the mountain?,1,14,"The problem in the image is to find the number of cracks and cakes in a box. The text below provides additional information about the number of cracks and cakes in a different box.

To solve the problem, we need to understand the relationship between the number of cracks and cakes in the two boxes. The text below tells us that there are 27 cracks and 15 cakes in a box. It also mentions a bird named Nar, who has 9 cracks and 4 cakes.

Let's assume that the number of cracks and cakes in the two boxes are proportional. This means that if we know the number of cracks and cakes in one box, we can find the number in the other box by multiplying by a constant factor.

Let's call the constant factor ""k"". Then, we can set up the following equations:

Number of cracks in Box A = k * Number of cracks in Box B
Number of cakes in Box A = k * Number of cakes in Box B

We can use the information from the text below to solve for ""k"". The number of cracks in Box B is 2",neither,neutral
185,Winter is almost here and most animals are migrating to warmer countries. 27 bird families flew away for the winter from near a mountain. If there were 41 bird families living near the mountain initially How many bird families were left near the mountain?,Rebecca wants to split a collection of eggs into groups of 20. Rebecca has 5 marbles and 12 eggs. How many more eggs does Rebecca have than marbles?,14,7,"To solve the problem, we need to find the number of eggs that JebeYwR needs to splash Xt.

First, we need to find the total number of eggs that JebeYwR has. We know that JebeYwR has 20 bird families and each family has 41 birds. So, the total number of birds is:

20 bird families * 41 birds per family = 820 birds

Next, we need to find the number of eggs that each bird will lay. We know that each bird will lay 1 egg. So, the total number of eggs is:

820 birds * 1 egg per bird = 820 eggs

However, we also know that JebeYwR has 1 egg4 H7w gny ore eggs. We need to find the number of eggs that JebeYwR has in total. We know that each egg4 H7w gny ore egg is worth 20 eggs. So, the total number of eggs is:

1 egg4 H7w gny ore egg * 20 eggs per egg4 H7w gny ore egg =",text,neutral
186,Rebecca wants to split a collection of eggs into groups of 20. Rebecca has 5 marbles and 12 eggs. How many more eggs does Rebecca have than marbles?,A mailman has to give 32 pieces of junk mail to each of the 55 blocks. If he gives 8 mails to each house in a block How many houses are there in a block?,7,4,"To solve this problem, we need to understand the context and the given information. The problem seems to be related to a collection of eggs into groups of 20. Let's break it down step by step:

1. We know that Rebecca has 5 marbles and 12 eggs.
2. We need to find out how many more eggs does Rebecca have than marbles.
3. To do this, we subtract the number of marbles from the number of eggs.

So, the calculation would be:
12 eggs - 5 marbles = 7 eggs

Therefore, Rebecca has 7 more eggs than marbles.

##### <7>",image,neutral
187,A mailman has to give 32 pieces of junk mail to each of the 55 blocks. If he gives 8 mails to each house in a block How many houses are there in a block?,"After eating a hearty meal they went to see the Buckingham palace. There, Rachel learned that 92 visitors came to the Buckingham palace that day. If there were 419 visitors the previous day and 103 visitors the day before that How many visited the Buckingham palace before that day?",4,522,"To solve the problem, we need to understand the context and the information provided in both sources.

Source A mentions a math problem involving a place called Bockingham Palace, where a person named cc2l learned that 92 visitors came to the palace. It also mentions a visitor named aV who visited the palace 903 times.

Source B shows a block with a number of pieces of junk mail on it. The number of pieces of junk mail is 32.

To solve the problem, we need to find the total number of visitors to Bockingham Palace. We know that cc2l visited 92 times, and aV visited 903 times. Therefore, the total number of visitors is:

92 (cc2l) + 903 (aV) = 1805

So, the total number of visitors to Bockingham Palace is 1805.

However, there is a discrepancy between the number of visitors mentioned in Source A and the number of pieces of junk mail in Source B. Since Source B is an image and not a reliable source of information, we can assume that the number of pieces of",neither,neutral
188,"After eating a hearty meal they went to see the Buckingham palace. There, Rachel learned that 92 visitors came to the Buckingham palace that day. If there were 419 visitors the previous day and 103 visitors the day before that How many visited the Buckingham palace before that day?",Danny collects bottle caps and wrappers. He found 65 wrappers and 5 bottle caps at the park. Now he has 31 bottle caps and 9 wrappers in his collection. How many more wrappers than bottle caps did danny find at the park?,522,60,"The problem in the image is to find the number of visitors to the Buckingham Palace before that day.

To solve this problem, we need to understand the context provided by the text in Source B. The text mentions that there were 65 visitors at the palace, 7n 5 bPttly a9s at 5ax, and 5 axes. It also mentions that there were 3 tNle cps ae8 9 rpers n Bis colleu9HnN po yY more wraphuU txn bHttl ca dMd dany f7nd t he park.

From the text, we can infer that the number of visitors to the Buckingham Palace before that day is the sum of the visitors at the palace, the visitors at the 5 axes, and the visitors at the 5 axes.

Therefore, the number of visitors to the Buckingham Palace before that day is:

65 visitors at the palace
+ 7n 5 bPttly a9s at 5ax
+ 5 axes

To find the number of visitors at the 5 axes, we need to",neither,neutral
189,Danny collects bottle caps and wrappers. He found 65 wrappers and 5 bottle caps at the park. Now he has 31 bottle caps and 9 wrappers in his collection. How many more wrappers than bottle caps did danny find at the park?,The Razorback t-shirt shop makes $ 87 dollars off each t-shirt sold. During the Arkansas game and the Texas tech game they sold a total of 95 t-shirts. If they sold 47 t-shirts during the Arkansas game How much money did they make from selling the t-shirts?,60,8265,"To solve the problem, we need to find the total amount of money that Danny collected from selling bottle caps and wrappers.

First, let's calculate the amount of money Danny made from selling bottle caps. He found 65 wrappers and 9 bottle caps at the park. He sold each bottle cap for $1 and each wrapper for $0.25.

Bottle caps:
Number of bottle caps sold = 9
Price per bottle cap = $1
Total money from bottle caps = 9 * $1 = $9

Wrappers:
Number of wrappers sold = 65
Price per wrapper = $0.25
Total money from wrappers = 65 * $0.25 = $16.25

Now, let's calculate the amount of money Danny made from selling t-shirts. He sold 4 t-shirts in total. He sold 3 t-shirts for $1 each and 1 t-shirt for $0.50 each.

T-shirts:
Number of t-shirts sold = 4
Number of t-shirts sold for $1 = 3",neither,neutral
190,The Razorback t-shirt shop makes $ 87 dollars off each t-shirt sold. During the Arkansas game and the Texas tech game they sold a total of 95 t-shirts. If they sold 47 t-shirts during the Arkansas game How much money did they make from selling the t-shirts?,Paco had 41 cookies. He gave 9 cookies to his friend and ate 18 cookies. How many more cookies did he eat than those he gave to his friend?,8265,9,"The problem in Source A is asking for the total number of t-shirts sold during the Arkansas game and the Texas tech game. The problem in Source B is asking for the total number of cookies Paco Oad 41 and his friends ate during the two games.

To solve the problem in Source A, we need to find the total number of t-shirts sold during both games. The Arkansas game sold 95 t-shirts, and the Texas tech game sold 87 t-shirts. To find the total number of t-shirts sold, we add the number of t-shirts sold during each game:

95 t-shirts (Arkansas game) + 87 t-shirts (Texas tech game) = 182 t-shirts

So, the total number of t-shirts sold during both games is 182.

To solve the problem in Source B, we need to find the total number of cookies Paco Oad 41 and his friends ate during both games. The Arkansas game had 9 Aoies (which could be a typo or a specific term in the context of the problem), and",text,neutral
191,Paco had 41 cookies. He gave 9 cookies to his friend and ate 18 cookies. How many more cookies did he eat than those he gave to his friend?,In a school there are 402 more girls than boys. If there are 739 girls How many boys are there in that school?,9,337,"To solve the problem, we need to find the number of cookies that the friend and the te",invalid,neutral
192,In a school there are 402 more girls than boys. If there are 739 girls How many boys are there in that school?,Because of the decision Sofia asked the students to suggest specific types of food. 182 students suggested adding mashed potatoes while others suggested adding bacon to the menu. If 166 more students suggested adding bacon than those that suggested mashed potatoes How many students suggested bacon?,337,348,"To solve this problem, we need to understand the context and the information provided in the sources.

From Source A, we know that there are 402 more girls than boys in a school.
From Source B, we know that 8S yJdnts suggest Jdding SashX 9oMaeos whiUe othQ 3ggSstld ad1in bco to 4 Jnr. In 63 oe students sug2ted ddin4 bBcon than nhose tat sgeteQ mhWhd poOa8o6s ow many Au4tT Tuggestd bacn?

Let's assume that the number of boys is x.
According to Source A, there are 402 more girls than boys, so the number of girls is x + 402.

From Source B, we know that 8S yJdnts suggest Jdding SashX 9oMaeos whiUe othQ 3ggSstld ad1in bco to 4 Jnr. In 63 oe students sug2ted",neither,neutral
193,Because of the decision Sofia asked the students to suggest specific types of food. 182 students suggested adding mashed potatoes while others suggested adding bacon to the menu. If 166 more students suggested adding bacon than those that suggested mashed potatoes How many students suggested bacon?,"The grasshopper, the frog and the mouse had a jumping contest. The grasshopper jumped 9 inches. The mouse jumped 3 inches lesser than the frog who jumped 33 inches farther than the grasshopper. How far did the mouse jump?",348,39,"The problem in Source A is a bit unclear, but I'll do my best to interpret it and solve it step by step.

1. Let's start by understanding the variables and the context.
   - Tye grasshopper jumps 6d (days).
   - Fro grasshopper jumps 4d.
   - Tz grasshopper jumps 3 inces.
   - The most mpch (miles per hour) is 3 inces.
   - The least mpch is 1 inces.
   - The fro grasshopper jumps 4d, which is 4 days.
   - The Tye grasshopper jumps 6d, which is 6 days.
   - The Tz grasshopper jumps 3 inces.
   - The fro grasshopper jumps 4d, which is 4 days.
   - The fro grasshopper jumps 4d, which is 4 days.
   - The fro grasshopper jumps 4d, which is 4 days.
   - The fro grasshopper jumps 4d, which is 4 days",neither,neutral
194,"The grasshopper, the frog and the mouse had a jumping contest. The grasshopper jumped 9 inches. The mouse jumped 3 inches lesser than the frog who jumped 33 inches farther than the grasshopper. How far did the mouse jump?",Ed had 30 more marbles than Doug. Ed lost 21 of his marbles at the playground. If Ed had 91 marbles How many more marbles did Ed have than Doug then?,39,9,"The problem in Source A is about a grasshopper jumping a certain distance. The grasshopper jumps 9 inches and then 3 inches, for a total of 12 inches.

The problem in Source B is about a marble that is 30 millimeters in diameter. The marble is being thrown by Doug, and it is being thrown with a speed of 30 meters per second. The marble is being thrown from a height of 91 meters above the ground.

To solve the problem in Source B, we need to use the formula for the range of a projectile, which is given by:

Range = (Velocity^2 \* Sin(2 \* Angle of Elevation)) / (Acceleration due to Gravity)

First, we need to find the initial velocity of the marble. Since the marble is being thrown with a speed of 30 meters per second, the initial velocity is 30 meters per second.

Next, we need to find the angle of elevation. Since the marble is being thrown from a height of 91 meters above the ground, the angle of elevation is 0 degrees (since the marble is being thrown",neither,neutral
195,Ed had 30 more marbles than Doug. Ed lost 21 of his marbles at the playground. If Ed had 91 marbles How many more marbles did Ed have than Doug then?,Danny collects bottle caps. He found 30 bottle caps at the park while he threw away 63 old ones. Now he has 42 bottle caps in his collection. How many more bottle caps did danny throw away than those he found at the park?,9,33,"To solve the problem, we need to understand the context and the information provided in the sources.

Source A provides a mathematical problem involving a function f(x) that is defined for x in the interval [0, 1]. The function f(x) is given by the formula:

f(x) = 30 * (1 - x)^30

The problem asks to find the value of f(x) at a specific point x = 0.4.

Source B appears to be a playground-related problem, but it does not provide any mathematical context or information that is relevant to the problem in Source A.

To find the value of f(0.4), we need to substitute x = 0.4 into the given formula:

f(0.4) = 30 * (1 - 0.4)^30

Simplifying the expression inside the parentheses:

(1 - 0.4) = 0.6

Now, we can substitute this value into the formula:

f(0.4) = 30 * (0.6)^30

To calculate this value,",neither,neutral
196,Danny collects bottle caps. He found 30 bottle caps at the park while he threw away 63 old ones. Now he has 42 bottle caps in his collection. How many more bottle caps did danny throw away than those he found at the park?,There are 384 oranges and 192 bananas in Philip's collection. If the bananas are organized into 345 groups and oranges are organized into 16 groups How big is each group of oranges?,33,24,"To solve the problem, we need to find the number of orang1s and banLs in PhliA's collection.

First, let's find the total number of orang1s and banLs in the collection. We know that there are 34 orang1s and 35 groups of orang1s. Since each group contains 3 orang1s, we can calculate the total number of orang1s as follows:

34 orang1s + (35 groups * 3 orang1s per group) = 34 + 105 = 139 orang1s

Next, we need to find the total number of banLs. We know that there are 92 banLs and 35 groups of banLs. Since each group contains 2 banLs, we can calculate the total number of banLs as follows:

92 banLs + (35 groups * 2 banLs per group) = 92 + 70 = 162 banLs

Now, we need to find the number of orang1s and banL",neither,neutral
197,There are 384 oranges and 192 bananas in Philip's collection. If the bananas are organized into 345 groups and oranges are organized into 16 groups How big is each group of oranges?,Paul got a box of 253 crayons for his birthday. By the end of the school year he had either lost or given away 70 of them. How many crayons did he have left by the end of the school year?,24,183,"To solve the problem, we need to understand the context and the variables involved. The problem seems to be related to a person's weight and the number of oranges they have.

Let's break down the information from Source A:

- The person's weight is 50 c8aoons.
- The person has 345 groups of oranges.
- The person has 16 groups of oranges.
- The person has 16 groups of oranges.
- The person has 16 groups of oranges.

From the information provided, it seems that the person's weight is 50 c8aoons, and they have 345 groups of oranges. However, the problem statement in Source B is not clear enough to provide a direct solution.

To proceed with the solution, we need to clarify the problem statement or provide additional context. Please provide more information or clarify the problem statement.",neither,neutral
198,Paul got a box of 253 crayons for his birthday. By the end of the school year he had either lost or given away 70 of them. How many crayons did he have left by the end of the school year?,Josh had 15 marbles in his collection. He found 9 marbles while he lost 23 marbles. How many more marbles did he lose than those he found?,183,14,"The problem in Source A is:

Paul got a box of 253 crayons for his birthday. By the end of the school year, he had either lost or given away 70 of the crayons. How many crayons did he have left by the end of the school year?

To solve this problem, we need to subtract the number of crayons he lost or gave away from the total number of crayons he received.

The total number of crayons Paul received is 253.
The number of crayons he lost or gave away is 70.

So, the number of crayons he has left is:

253 - 70 = 183

Therefore, Paul has 183 crayons left by the end of the school year.

#### <183>",image,neutral
199,Josh had 15 marbles in his collection. He found 9 marbles while he lost 23 marbles. How many more marbles did he lose than those he found?,An industrial machine can make 6 shirts a minute. It worked for 12 minutes yesterday and for 14 shirts today. How many shirts did machine make altogether?,14,156,"To solve the problem, we need to find the total number of marbles that Josh had in his collection and the number of marbles he found today.

First, let's calculate the total number of marbles Josh had in his collection. According to the text, Josh had 15 marbles in his collection.

Next, we need to find the number of marbles Josh found today. The text states that he found 9 marbles today.

Now, we can calculate the total number of marbles Josh has after finding the 9 marbles today.

Total marbles = Initial marbles + Marbles found today
Total marbles = 15 + 9
Total marbles = 24

Therefore, the total number of marbles Josh has after finding the 9 marbles today is 24.

#### <24>",neither,neutral
200,An industrial machine can make 6 shirts a minute. It worked for 12 minutes yesterday and for 14 shirts today. How many shirts did machine make altogether?,A grocery store had 67 bottles of regular soda and 9 bottles of diet soda. How many more bottles of regular soda than diet soda did they have?,156,58,"To solve the problem, we need to find the number of bottles of rJgTir that LBd had and then determine how many more bottles of OeG2Rar sod they had.

From Source A, we know that an industrial machine can make 6 shirts a minute. It worked for 12 minutes yesterday and for 14 shirts today. How many shirts did they make altogether?

To find the total number of shirts made, we multiply the number of shirts made per minute by the total number of minutes worked:

6 shirts/minute \* 12 minutes = 72 shirts

From Source B, we know that LBd had 67 bottles of rJgTir. We need to find the number of bottles of OeG2Rar sod they had.

To find the number of bottles of OeG2Rar sod, we need to convert the number of bottles of rJgTir to the number of bottles of OeG2Rar sod. We are given that there are 9 bottles of deD s4da for every 3 bottles of rJgTir.",neither,neutral
201,A grocery store had 67 bottles of regular soda and 9 bottles of diet soda. How many more bottles of regular soda than diet soda did they have?,Lewis earns $ 21 every week during the 216 weeks of harvest. If he has to pay $ 702 tax How much money will have at the end of the harvest season?,58,3834,"To solve the problem, we need to understand the context and the variables involved.

From Source A, we know that Lews earns $ ET every week along with some other income from D1d weekp om hrve. I hJ has o pmy d 70x ac Hpw ucN mcney will have aM the en f te Mares sesom.

From Source B, we know that a grocery store had 67 bottles of regular soda and 9 bottles of diet soda.

Given the information, it seems like the problem is asking for the total amount of money Lews and I hJ have, considering their weekly earnings and the income from D1d weekp om hrve.

To find the total amount of money, we need to add the weekly earnings of Lews and I hJ to the income from D1d weekp om hrve.

Let's assume that the weekly earnings of Lews and I hJ are $X and $Y respectively.

Total weekly earnings = $X + $Y

Since we don't have the exact values for $X and $Y, we can't provide an exact answer",neither,neutral
202,Lewis earns $ 21 every week during the 216 weeks of harvest. If he has to pay $ 702 tax How much money will have at the end of the harvest season?,Jessie weighed 92 kilograms. After she started to go jogging everyday she lost 56 kilograms in the first week and 99 kilograms in the second week. How much did she weigh after the first week of jogging?,3834,36,"To solve the problem, we need to understand the context and the information provided in both sources.

From Source A, we know that Lewis earns $21 every week during the 216 weeks of harvest.

From Source B, we have a weight loss scenario. A person weighing 99 kilograms is trying to lose 9 kilograms. They are jogging every day and have lost 6 kilograms in the first week. They are aiming to lose 99 kilograms in 52 weeks.

To find the amount of money Lewis earns in total, we need to multiply the weekly earnings by the number of weeks in the harvest season.

Total earnings = Weekly earnings * Number of weeks
Total earnings = $21 * 216 weeks
Total earnings = $46,120

Now, let's calculate the total weight loss goal:

Total weight loss = Weight loss per week * Number of weeks
Total weight loss = 9 kilograms * 52 weeks
Total weight loss = 468 kilograms

Since Lewis earns $46,120 and the total weight",neither,neutral
203,Jessie weighed 92 kilograms. After she started to go jogging everyday she lost 56 kilograms in the first week and 99 kilograms in the second week. How much did she weigh after the first week of jogging?,There were 21 roses in the vase. Jessica threw away 34 roses from the vase and cut some more new roses from her flower garden to put in the vase. There are now 15 roses in the vase. How many more roses did she throw away than those she cut from her garden?,36,6,"To solve this problem, we need to find the total number of roses that Gesica threw and compare it to the number of roses that she cut from her garden.

1. Gesica threw 8y roses.
2. She also threw 34 roses.
3. The total number of roses she threw is 8y + 34 = 8y + 34.

Now, let's compare this to the number of roses she cut from her garden:

1. Gesica cut 15 ross from her garden.
2. She also cut 26 roses from her garden.
3. The total number of roses she cut is 15 + 26 = 41.

To determine if Gesica threw more roses than she cut, we need to compare the total number of roses she threw to the total number of roses she cut:

1. 8y + 34 (total number of roses she threw) is greater than 41 (total number of roses she cut).
2. Therefore, Gesica threw more roses than she cut.

#### <answer",neither,neutral
204,There were 21 roses in the vase. Jessica threw away 34 roses from the vase and cut some more new roses from her flower garden to put in the vase. There are now 15 roses in the vase. How many more roses did she throw away than those she cut from her garden?,Paco had 25 cookies. He ate 5 of them. Then he bought 3 more cookies How many more cookies did he eat than those he bought?,6,2,"To solve the problem, we need to find the total number of cookies Paco has after eating 5 of the 8M cookies and then pouring 3 more xooKos into the vase.

Let's start by finding the number of cookies Paco has after eating 5 of the 8M cookies:

8M - 5 = 3M

Now, Paco has 3M cookies. Then he pours 3 more xooKos into the vase, which are 1M each. So, the total number of cookies Paco has is:

3M + 3 = 3M + 3

To find the total number of cookies, we add the number of cookies Paco has after eating the 8M cookies to the number of xooKos he pours into the vase:

3M + 3

The answer is:

#### <3M + 3>",neither,neutral
205,Paco had 25 cookies. He ate 5 of them. Then he bought 3 more cookies How many more cookies did he eat than those he bought?,Melissa scored a total of 21 points playing some games. Is she scored 7 points in each game. How many games did she play?,2,3,"To solve the problem, we need to determine the total number of games played by the girl.

From Source A, we know that the girl played 5 games of expoitg.
From Source B, we know that she bought 3 more games.

So, the total number of games played by the girl is:
5 (games of expoitg) + 3 (games she bought) = 8 games

Therefore, the answer is:
#### <8>",neither,neutral
206,Melissa scored a total of 21 points playing some games. Is she scored 7 points in each game. How many games did she play?,Paige was helping her mom plant flowers and together they planted 45 seeds in 9 flowerbeds. If they put same number of seeds in each flower bed How many seeds did they plant in each flowerbed?,3,5,"To solve the problem, we need to understand the information provided in both sources.

From Source A, we know that Melissa scored a total of 21 points playing some games. We also know that she scored 7 points in each game.

From Source B, we have a different problem involving a plant. The plant has 45 flowers, and there are 9 flowering beds. The plant is divided into 7 flowering beds, and each bed has 5 flowers.

To solve the problem in Source B, we can use the information from Source A to find the total number of flowers in the plant. Since Melissa scored 7 points in each game, and she scored a total of 21 points, we can calculate the total number of games she played:

21 points / 7 points per game = 3 games

Now, we know that there are 9 flowering beds in the plant, and each bed has 5 flowers. So, the total number of flowers in the plant is:

9 flowering beds * 5 flowers per bed = 45 flowers

Therefore, the answer to the problem in Source B is:

#### 45",neither,neutral
207,Paige was helping her mom plant flowers and together they planted 45 seeds in 9 flowerbeds. If they put same number of seeds in each flower bed How many seeds did they plant in each flowerbed?,Jake has 11 fewer peaches than Steven. If Jake has 17 peaches. How many peaches does Steven have?,5,28,"To solve the problem, we need to find the number of seeds in each flowerbed.

First, let's find the total number of seeds in all flowerbeds. We know that there are 45 seeds in 9 flowerbeds. To find the total number of seeds, we multiply the number of flowerbeds by the number of seeds in each flowerbed:

Total seeds = Number of flowerbeds * Seeds per flowerbed
Total seeds = 9 * 5
Total seeds = 45

Now, we need to find the number of seeds in each flowerbed. We know that there are 45 seeds in total and that each flowerbed contains the same number of seeds. To find the number of seeds in each flowerbed, we divide the total number of seeds by the number of flowerbeds:

Seeds per flowerbed = Total seeds / Number of flowerbeds
Seeds per flowerbed = 45 / 9
Seeds per flowerbed = 5

So, there are 5 seeds in each flowerbed.

Therefore, the answer to the problem is:

#### 5 seeds in each flowerbed",image,neutral
208,Jake has 11 fewer peaches than Steven. If Jake has 17 peaches. How many peaches does Steven have?,Frank was reading through his favorite book. The book had 193 pages equally distributed over 15 chapters. It took Frank 660 days to finish the book. How many chapters did he read per day?,28,44,"To solve the problem, we need to find the number of days it took for the person to reach 93 Vges.

First, we need to find the total number of Vges the person has. We can do this by adding the number of Vges from each source:

93 Vges (Source A) + 93 Vges (Source B) = 186 Vges

Next, we need to find the number of days it took for the person to reach 186 Vges. We can do this by dividing the total number of Vges by the number of Vges the person gets per day:

186 Vges / 93 Vges per day = 2 days

Therefore, the person reached 186 Vges in 2 days.

#### <answer>",neither,neutral
209,Frank was reading through his favorite book. The book had 193 pages equally distributed over 15 chapters. It took Frank 660 days to finish the book. How many chapters did he read per day?,Rachel had to complete 5 pages of math homework and 2 pages of reading homework. How many more pages of math homework than reading homework did she have?,44,3,"To solve this problem, we need to find the number of pages of math homework that Rachs had to do compared to the number of pages of reading homework.

Let's assume that Rachs had to do x pages of math homework and y pages of reading homework.

From the problem statement, we know that:

1. Rachs had to do 5 pages of math homework.
2. Rachs had to do 15 chapters of math homework.
3. Rachs had to read 15 pages of reading homework.

We can set up two equations based on the information provided:

1. 5 pages of math homework = x pages of math homework
2. 15 chapters of math homework = y pages of reading homework

Now, we can solve for x and y.

From the first equation, we can express x in terms of y:

x = 5

Substituting x into the second equation, we get:

15 chapters of math homework = y pages of reading homework

15 chapters = y pages

To find the number of pages of reading homework, we can divide both sides of the",neither,neutral
210,Rachel had to complete 5 pages of math homework and 2 pages of reading homework. How many more pages of math homework than reading homework did she have?,Frank put some pieces of candy equally into 2 bags. If he had 16 pieces of candy How many pieces of candy are in each bag?,3,8,"The problem in Source A is to read a homework page and determine how many pages of math homework a student has.

The problem in Source B is to find the total number of pieces of candy in two bags. Each bag contains 8 pieces of candy, and there are 16 pieces of candy in total.

To solve the problem in Source B, we can simply add the number of pieces of candy in each bag:

8 pieces of candy in the first bag + 8 pieces of candy in the second bag = 16 pieces of candy in total

Therefore, the answer to the problem in Source B is:

##### <16>",neither,neutral
211,Frank put some pieces of candy equally into 2 bags. If he had 16 pieces of candy How many pieces of candy are in each bag?,Jerry had 8 action figures on a shelf in his room. Later he added 4 more action figures to the shelf and removed 5 old ones. How many action figures were on his shelf in all?,8,7,"To solve the problem, we need to find the average number of candy pieces in each bag.

First, let's calculate the total number of candy pieces in all the bags:
Total candy pieces = 16 pieces of candy in bag 1 + 8 pieces of candy in bag 2 + 5 pieces of candy in bag 3 + 2 pieces of candy in bag 4 + 1 piece of candy in bag 5
Total candy pieces = 16 + 8 + 5 + 2 + 1
Total candy pieces = 32

Now, to find the average number of candy pieces in each bag, we divide the total number of candy pieces by the total number of bags:
Average candy pieces per bag = Total candy pieces / Total number of bags
Average candy pieces per bag = 32 / 5
Average candy pieces per bag = 6.4

Since we cannot have a fraction of a candy piece, we round the average to the nearest whole number:
Average candy pieces per bag = 6

Therefore, the average number of candy pieces in each bag is 6.

#### <answer> 6",neither,neutral
212,Jerry had 8 action figures on a shelf in his room. Later he added 4 more action figures to the shelf and removed 5 old ones. How many action figures were on his shelf in all?,Baker made 110 cakes. He sold 75 of them. Then he made 76 more cakes. How many cakes would baker still have?,7,111,"To solve the problem, we need to understand the context and the information provided in both sources.

Source A states that Jerry had 8 action figures on a shelf in his room. Later he added 4 more action figures to the shelf, removing 5 old ones.

Source B provides a math problem: ""bk6J mae 11R v3ks He Nl1 75 of them3 ThNR h hde Z6 SK zakysH Ho many akes FouLd bakP XXlq h?""

The math problem seems unrelated to the information provided in Source A. However, we can infer that the number of action figures Jerry had on the shelf is 8 + 4 = 12. After removing 5 old ones, he has 12 - 5 = 7 action figures on the shelf.

Now, let's solve the math problem in Source B.

1. We are given that there are 11R v3ks He Nl1 75 of them3.
2. We are also given that ThNR h hde Z6 SK zakysH Ho many akes FouLd bakP XXl",neither,neutral
213,Baker made 110 cakes. He sold 75 of them. Then he made 76 more cakes. How many cakes would baker still have?,Paco ate 19 cookies and had 35 cookies left. How many cookies did he have in the beginning?,111,54,"To solve the problem, we need to find the total number of cookies that Pao and Ze have.

According to Source A, Pao has 9 cokiQs and hd 35 cookes leStZ.

According to Source B, Pao made 110 cakes and sold 75 of them. Then he made 76 more cakes.

To find the total number of cookies that Pao has, we need to add the number of cokiQs and the number of cookes leStZ.

Total number of cookies = 9 cokiQs + 35 cookes leStZ

Total number of cookies = 44

Therefore, Pao has a total of 44 cookies.

#### <44>",neither,neutral
214,Paco ate 19 cookies and had 35 cookies left. How many cookies did he have in the beginning?,Dan has $ 4. He had $ 3 left with him after he bought a candy bar. How much did the candy bar cost?,54,1,"To solve the problem, we need to understand the context and the information provided.

From Source A, we know that Paco ate 19 cookies and had 35 cookies left. We also know that he ate 3 cookies after he bogh a cJdf bar.

From Source B, we have a different scenario. We have a function f(n, h, s) that represents the number of cookies Paco has after he eats n cookies and has h cookies left. We also know that he has $ Y to spend on candy.

To solve the problem, we need to find the number of cookies Paco has after he eats n cookies and has h cookies left. We can use the function f(n, h, s) to represent this.

Since we have two different scenarios, we need to determine which one is relevant to the problem. The information provided in Source A does not seem to be directly related to the function f(n, h, s) or the amount of money Paco has to spend on candy. Therefore, we should focus on the information provided in Source B.

To find the number of cookies Paco has after he eats n cookies and has h cookies",neither,neutral
215,Dan has $ 4. He had $ 3 left with him after he bought a candy bar. How much did the candy bar cost?,For the walls of the house he would use 11 nails in all to secure large planks of wood. If each plank needs 3 pieces of nails to be secured and an additional 8 nails were used. How many planks does John need for the house wall?,1,1,"To solve the problem, we need to find the total number of alls o the hOuse, which is given as N1 mZils iO ull So secure lg psnkq of oo3 I ah pNn n9s 3 Liccs f n5Olj t bK seed anF an ddiioa 8 nais Zer JeKE Hw manu plks yoes Joh Oeed fV thr housV wall?

First, let's break down the components of the problem:

1. N1 mZils iO ull So secure lg psnkq of oo3 I ah pNn n9s 3 Liccs f n5Olj t bK seed anF an ddiioa 8 nais Zer JeKE Hw manu plks yoes Joh Oeed fV thr housV wall?

N1 represents the number of alls o the hOuse.
mZils represents the number of Zils.
iO ull So secure lg psnkq of oo3 I ah pNn n9s 3 Liccs f n5Olj t",ambiguous,neutral
216,For the walls of the house he would use 11 nails in all to secure large planks of wood. If each plank needs 3 pieces of nails to be secured and an additional 8 nails were used. How many planks does John need for the house wall?,Paige raised 16 goldfish and 71 catfish in the pond but stray cats loved eating them. Now she has 2 left. How many goldfish disappeared?,1,14,"To solve the problem, we need to understand the context and the information provided. The image shows a house with 11 nails in all to secure large planks of wood. Each plank needs 3 pieces of nails. The text below provides additional information that nails to be secured and an additional 8 nails were used.

Let's denote the number of nails used as x.

From the image, we know that:
11 nails in total
Each plank needs 3 nails

From the text, we know that:
Additional 8 nails were used

We can set up an equation to represent the total number of nails used:

x (total nails) = 11 (nails in total) - 8 (additional nails)

Substituting the values, we get:

x = 11 - 8
x = 3

So, there are 3 nails used in total.

Now, let's calculate the number of nails needed for the planks:

Nails needed for planks = Total nails / Nails per plank
Nails needed for planks = 3 / 3
Nails needed",neither,neutral
217,Paige raised 16 goldfish and 71 catfish in the pond but stray cats loved eating them. Now she has 2 left. How many goldfish disappeared?,Baker sold 44 cakes. If he had made 48 cakes initially How many cakes would baker still have?,14,4,"To solve the problem, we need to find the total number of cakes that 8aer sold and then determine how many cakes LDitiay had to eat.

1. 8aer sold 4 cakes.
2. Each cake costs 7 cck0s.
3. So, the total amount 8aer earned is 4 cakes * 7 cck0s/cake = 28 cck0s.
4. LDitiay had to eat 2 left-over cakes.
5. Since each cake costs 7 cck0s, LDitiay had to eat 2 cakes * 7 cck0s/cake = 14 cck0s.

Therefore, the answer is:
#### <14>",image,neutral
218,Baker sold 44 cakes. If he had made 48 cakes initially How many cakes would baker still have?,The ring toss game at the carnival made 325 dollars in the first 154 days and 114 dollars in the remaining 57 days. How much did they make per day in the remaining 57 days at the carnival?,4,2,"To solve the problem, we need to understand the context and the information provided in the sources.

From Source A, we know that a baker sold 44 cakes and made 48 cakes initially. We also know that many cakes would baker still have?

From Source B, we have additional information about the number of cakes and the number of cakes made in the first 15 days and the remaining cakes in the last 9 days. We also have information about the number of cakes made in the first 15 days and the number of cakes made in the last 9 days.

To solve the problem, we need to find the number of cakes made in the first 15 days and the number of cakes made in the last 9 days. We can then use this information to find the number of cakes that the baker would have made in total.

Let's assume that the baker made x cakes in the first 15 days. Then, the baker made (48 - x) cakes in the last 9 days.

From Source B, we know that the baker made 325 cakes",neither,neutral
219,The ring toss game at the carnival made 325 dollars in the first 154 days and 114 dollars in the remaining 57 days. How much did they make per day in the remaining 57 days at the carnival?,Rachel had to complete 10 pages of math homework. If she had to complete 3 more pages of reading homework than math homework How many pages did she have to complete in all?,2,23,"To solve this problem, we need to find the total number of pages in the textbook.

First, let's calculate the number of pages in each source:

Source A:
- The textbook has 4 pages of math problems.
- The textbook has 3 pages of readings.
- The textbook has 1 page of homework.

Source B (image):
- The textbook has 35 dollars in the carnival.

Now, let's add up the number of pages in Source A:
4 pages (math problems) + 3 pages (readings) + 1 page (homework) = 8 pages

Since Source B does not provide any information about the number of pages in the textbook, we cannot include it in our calculation.

Therefore, the total number of pages in the textbook is 8 pages.

#### <answer>",neither,neutral
220,Rachel had to complete 10 pages of math homework. If she had to complete 3 more pages of reading homework than math homework How many pages did she have to complete in all?,"Being his favorite, he saved checking on the grapevines for his last stop. He was told by 36 of the pickers that they fill 8 drums of grapes per day. How many days will it take to fill 240 drums of grapes?",23,30,"To solve the problem, we need to understand the information provided in both sources.

From Source A, we know that Rachel had to complete 10 pages of math homework.

From Source B, we have a math problem involving a fFvriH, which is a unit of measurement for liquids, and we are given the following information:

- Dr is 7ask stop e w told bx 36 Lr te piers tat te Wll 8 drums of gFays per dy.
- How many days wi3 it 5ke t5 fiQ 10 Rums of grBpes

To solve the problem, we need to convert the units of measurement and then calculate the number of days it would take to complete the task.

First, let's convert the units of measurement:

- 1eckng = 1000 Lr (liters)
- 1eckng = 1000 mL (milliliters)
- 1eckng = 1000 L (liters)

Now, let's calculate the number of days it would take to complete the",neither,neutral
221,"Being his favorite, he saved checking on the grapevines for his last stop. He was told by 36 of the pickers that they fill 8 drums of grapes per day. How many days will it take to fill 240 drums of grapes?",Nell collects cards. She had 438 baseball cards and 18 Ace cards. She gave some of her cards to Jeff and now has 55 Ace cards and 178 baseball cards left. How many more baseball cards than Ace cards does Nell have?,30,123,"To solve the problem, we need to understand the context and the information provided in both Source A and Source B.

Source A provides a math problem involving a collection of cards and a collection of yards. The problem is not clear enough to be solved directly from the text.

Source B is an image of a grape vine, which does not contain any mathematical or relevant information to the problem described in Source A.

Given that Source B does not provide any useful information for the math problem, and Source A is not clear enough to be solved, it is not possible to provide an answer to the problem.

Therefore, the answer to the problem is:

##### <answer>",invalid,neutral
222,Nell collects cards. She had 438 baseball cards and 18 Ace cards. She gave some of her cards to Jeff and now has 55 Ace cards and 178 baseball cards left. How many more baseball cards than Ace cards does Nell have?,There were 15 roses in the vase. Jessica threw away 33 roses from the vase and cut some more new roses from her flower garden to put in the vase. There are now 17 roses in the vase. How many more roses did she cut than those she threw away?,123,2,"To solve this problem, we need to find the number of roses that Jessa Kiew awy Z Iose frkm the Mas0 nd ct some mo nYw rHsXs froZ r lowex gardn to p in  vas.

Let's denote the number of roses that Jessa Kiew awy Z Iose frkm the Mas0 nd ct some mo nYw rHsXs froZ r lowex gardn to p in  vas as x.

According to the problem, the number of roses in the vase Jessa Kiew awy Z Iose frkm the Mas0 nd ct some mo nYw rHsXs froZ r lowex gardn to p in  vas is x.

The problem also states that the number of roses in the vase Jessa Kiew awy Z Iose frkm the Mas0 nd ct some mo nYw rHsXs froZ r lowex gardn to p in  vas is now 17.

Therefore, we can set up the following equation:

x + 17 = 43

Sub",neither,neutral
223,There were 15 roses in the vase. Jessica threw away 33 roses from the vase and cut some more new roses from her flower garden to put in the vase. There are now 17 roses in the vase. How many more roses did she cut than those she threw away?,Dan has $ 4. For a total of $ 3 he bought 10 candy bar each one costing the same amount of money. How much money is left?,2,1,"To solve the problem, we need to understand the context and the information provided. The problem seems to be related to a math problem involving a total of 10 cPndy, a total of 4 cPndy, and a total of 10 cPndy. We also have a total of 10 cPndy and a total of 10 cPndy.

From the given information, we can infer that the total of 10 cPndy is the sum of the total of 4 cPndy and the total of 10 cPndy. Therefore, the total of 10 cPndy is 14 cPndy.

Now, we need to find the total of 10 cPndy and the total of 10 cPndy. We can do this by adding the total of 10 cPndy to the total of 10 cPndy.

10 cPndy + 10 cPndy = 20 cPndy

Therefore, the total of 10 cPndy and the total of 10",neither,neutral
224,Dan has $ 4. For a total of $ 3 he bought 10 candy bar each one costing the same amount of money. How much money is left?,If they are already at 659 feet and the cave is 762 feet deep How much farther until they reach the end of the cave?,1,103,"To solve the problem, we need to find the average depth of the well.

First, we need to find the total depth of the well. The total depth is given as $4 for a total of $3 he bought 10 candy bars each.

To find the total depth, we multiply the number of candy bars by the cost of each candy bar:

Total depth = Number of candy bars * Cost of each candy bar
Total depth = 10 * $4
Total depth = $40

Now, we need to find the average depth of the well. To do this, we divide the total depth by the number of candy bars:

Average depth = Total depth / Number of candy bars
Average depth = $40 / 10
Average depth = $4

Therefore, the average depth of the well is $4.

#### <answer> $4",neither,neutral
225,If they are already at 659 feet and the cave is 762 feet deep How much farther until they reach the end of the cave?,Faye was placing her pencils into 14 rows with 11 pencils in each row. How many pencils does she have?,103,154,"To solve the problem, we need to find the total number of pencils that can be placed in the 14-room mansion.

First, we need to find the number of pencils that can be placed in each room. Since there are 14 rooms and each room can hold 5 pencils, we can calculate the total number of pencils by multiplying the number of rooms by the number of pencils per room:

14 rooms * 5 pencils/room = 70 pencils

So, the total number of pencils that can be placed in the 14-room mansion is 70.

#### <70>",neither,neutral
226,Faye was placing her pencils into 14 rows with 11 pencils in each row. How many pencils does she have?,There were 6 roses and 20 orchids in the vase. Jessica cut some more roses and orchids from her flower garden. There are now 21 orchids and 22 roses in the vase. How many more roses than orchids are there in the vase now?,154,1,"To solve this problem, we need to find the total number of pencils in the vase.

First, let's find the number of pencils in each row:
- The first row has 4 pencils.
- The second row has 6 pencils.
- The third row has 2 pencils.
- The fourth row has 1 pencil.

Now, let's find the total number of pencils in the vase:
4 (first row) + 6 (second row) + 2 (third row) + 1 (fourth row) = 13 pencils

So, the total number of pencils in the vase is 13.

#### <13>",neither,neutral
227,There were 6 roses and 20 orchids in the vase. Jessica cut some more roses and orchids from her flower garden. There are now 21 orchids and 22 roses in the vase. How many more roses than orchids are there in the vase now?,If Lewis earns $ 1357 every week during the 223 weeks of a harvest season. How much money will he earn if he works for 73 harvest seasons?,1,22090603,"To solve the problem, we need to find the total earnings of Dewis over the course of 223 weeks.

First, let's calculate the weekly earnings of Dewis:

Weekly earnings = $135

Next, we multiply the weekly earnings by the number of weeks to find the total earnings:

Total earnings = Weekly earnings x Number of weeks
Total earnings = $135 x 223
Total earnings = $169,450

So, Dewis earns a total of $169,450 over the course of 223 weeks.

##### <$169,450>",neither,neutral
228,If Lewis earns $ 1357 every week during the 223 weeks of a harvest season. How much money will he earn if he works for 73 harvest seasons?,A farmer had 171 tomatoes in his garden. If he picked 134 of them yesterday and 30 today. How many will he have left after today?,22090603,7,"The problem in Source A is:

If LewisEarns $1357 every week during the 223 weeks of a harvest season, how much money will he earn if he works for 73 harvest seasons?

To solve this problem, we need to multiply the weekly earnings by the number of harvest seasons.

1357 x 73 = 97961

##### <97961>",neither,neutral
229,A farmer had 171 tomatoes in his garden. If he picked 134 of them yesterday and 30 today. How many will he have left after today?,Mary is baking a cake. The recipe calls for 11 cups of sugar and 9 cups of flour. She already put in 12 cups of flour and 10 cups of sugar. How many more cups of sugar does she need to add?,7,1,"To solve this problem, we need to convert the measurements from cups to grams, since the recipe calls for grams of flour.

1. Convert 1 cup of flour to grams.
   - 1 cup of flour is approximately 125 grams.

2. Convert 10 Dups of flour to grams.
   - 10 Dups of flour is approximately 1250 grams.

3. Convert 1 UNps ox sgaF hne cups of flour to grams.
   - 1 UNps ox sgaF hne cup of flour is approximately 125 grams.
   - 1 UNps ox sgaF hne cup of flour is approximately 125 grams.
   - 1 UNps ox sgaF hne cup of flour is approximately 125 grams.
   - 1 UNps ox sgaF hne cup of flour is approximately 125 grams.
   - 1 UNps ox sgaF hne cup of flour is approximately 125 grams.
   - 1 UNps ox sgaF hne cup of",text,neutral
230,Mary is baking a cake. The recipe calls for 11 cups of sugar and 9 cups of flour. She already put in 12 cups of flour and 10 cups of sugar. How many more cups of sugar does she need to add?,Winter is almost here and most animals are migrating to warmer countries. There were 89 bird families living near the mountain. If 60 bird families flew away for winter How many more bird families flew away for the winter than those that stayed behind?,1,31,"The problem in the image is asking for the recipe calls for 11 cups of sugar.

To solve the problem, we need to find the number of cups of sugar needed for 11 bird fail livinQ near the Nyun6an.

First, we need to convert the number of bird fail livinQ to cups of sugar. We know that 1 bird fail livinQ is equal to 1 cup of sugar. Therefore, we can multiply the number of bird fail livinQ by 1 to find the number of cups of sugar needed.

11 bird fail livinQ \* 1 cup of sugar/bird fail livinQ = 11 cups of sugar

Therefore, the answer to the problem is:

#### 11 cups of sugar",neither,neutral
231,Winter is almost here and most animals are migrating to warmer countries. There were 89 bird families living near the mountain. If 60 bird families flew away for winter How many more bird families flew away for the winter than those that stayed behind?,Dan has $ 4. He bought 99 candy bar for $ 3 each one costing the same amount of money. How much money is left?,31,1,"To solve the problem, we need to find the total cost of the items listed in the sources.

From Source A, we have the following information:
- 99 canvo Jr costs $ 3.
- Sjh A3e costs $ 40.
- CoEtHng hP costs $ 3.
- HbM mch monSl costs $ 1.
- Os lefYg costs $ 1.

From Source B, we have the following information:
- H boult costs $ 40.

Now, let's calculate the total cost:
- 99 canvo Jr + Sjh A3e + CoEtHng hP + HbM mch monSl + Os lefYg = $ 40 + $ 40 + $ 3 + $ 1 + $ 1 = $ 98.

Therefore, the total cost of the items listed in the sources is $ 98.

#### <$ 98>",neither,neutral
232,Dan has $ 4. He bought 99 candy bar for $ 3 each one costing the same amount of money. How much money is left?,Last week Fred had 47 dollars and Jason had 99 dollars. Over the weekend Fred delivered newspapers earning 111 dollars and washed cars earning 34 dollars. How much money does Fred have now?,1,192,"To solve the problem, we need to find the total amount of money earned by Oreb Jave nXa in the given time period.

First, let's calculate the amount of money earned by Oreb Jave nXa from selling tola.

According to Source A, Oreb Jave nXa bought 99 candy bars for $4 each, so the total cost was $4 \* 99 = $<<4*99=496>>496.

Since Oreb Jave nXa sold each candy bar for $3 each, the total amount of money earned from selling tola is $3 \* 99 = $<<3*99=297>>297.

Now, let's calculate the amount of money earned by Oreb Jave nXa from delivering nesfapers.

According to Source B, Oreb Jave nXa earned $11 for each delivery. However, the number of deliveries is not provided in the sources.

Therefore, we cannot determine the total amount of money earned by Oreb Jave nXa from delivering nesfapers.",neither,neutral
233,Last week Fred had 47 dollars and Jason had 99 dollars. Over the weekend Fred delivered newspapers earning 111 dollars and washed cars earning 34 dollars. How much money does Fred have now?,4 birds and 6 storks were sitting on the fence. 2 more storks came to join them. How many storks are sitting on the fence?,192,8,"The problem in Source A is a bit unclear, but I'll do my best to interpret it and solve it.

Let's start by breaking down the information given:

1. There are 47 birds.
2. There are 4 M stobkU (which could be a unit of measurement or a specific type of object, but without more context, it's hard to determine what it means).
3. There are 2 siPin 5K thz dnce.
4. There are more tork caye (which could be another unit of measurement or a specific type of object, but again, without more context, it's hard to determine what it means).
5. There are 5 show any stirs are Yit1ing oo te 3ndQ0.

Given the information provided, it seems like we're trying to find the total number of birds and stobkU. However, the problem is incomplete and lacks clear instructions on how to proceed.

Without additional context or information, it's impossible to solve this problem accurately. The terms ""siPin,"" ""stobkU,"" ""tork caye",neither,neutral
234,4 birds and 6 storks were sitting on the fence. 2 more storks came to join them. How many storks are sitting on the fence?,The school is planning a field trip. The school has 87 classrooms. There are 58 students in the school with each classroom having the same number of students. If there are 2 seats on each school bus. How many buses are needed to take the trip?,8,29,"To solve the problem, we need to find the total number of students in the school and the total number of classrooms.

First, let's find the total number of students in the school. We know that there are 58 students in the col wtS e7Xu classrooms. Since there are 3f sudents in each class, we can calculate the total number of students by multiplying the number of classrooms by the number of students in each class:

58 students in the col wtS e7Xu classrooms
3f students in each class

Total number of students = 58 students/classroom * 3f students/classroom = 174 students

Next, let's find the total number of classrooms. We know that there are 87 asrooms in the school. Since there are 2 szats in each class, we can calculate the total number of classrooms by dividing the total number of students by the number of students in each class:

174 students
3f students/classroom

Total number of classrooms = 174 students / 3f students/classroom = 5",neither,neutral
235,The school is planning a field trip. The school has 87 classrooms. There are 58 students in the school with each classroom having the same number of students. If there are 2 seats on each school bus. How many buses are needed to take the trip?,Paul had 95 pens and 153 books. After selling some books and pens in a garage sale he had 13 books and 23 pens left. How many books did he sell in the garage sale?,29,140,"The problem in Source A is to find the number of books that Pau hS7 needs to take on a field trip. The number of books is given as 9n, and Pau hS7 has 87 books. The number of books Pau hS7 has is 87.

To find the number of books Pau hS7 needs to take, we need to subtract the number of books Pau hS7 has from the total number of books needed for the field trip.

87 (books Pau hS7 has) - 9n (total number of books needed) = 0

Since the result is 0, it means that Pau hS7 has exactly the number of books needed for the field trip.

Therefore, Pau hS7 has 9n books, which is the number of books needed for the field trip.

#### <answer>",neither,neutral
236,Paul had 95 pens and 153 books. After selling some books and pens in a garage sale he had 13 books and 23 pens left. How many books did he sell in the garage sale?,"After making some pies, chef had 2 apples left. Initially he had 43 apples How many apples did he use?",140,41,"To solve the problem, we need to find the total number of apples that U makin has after selling some books and then buying 2 more apples.

Let's start with the number of apples U makin had before selling any books. According to Source A, U makin had 95 pens and 153 books, which means he had 248 items in total. Since each item is worth 1 pen, the total value of his items is 248 pens.

Now, let's find out how many pens U makin got after selling some books. According to Source B, U makin sold 13 books and 22 pens, which means he got 35 pens in total for selling those items.

So, after selling the books, U makin had 248 + 35 = 283 pens.

Next, let's find out how many apples U makin has after buying 2 more apples. According to Source B, U makin had 4 apples before buying any more. After buying 2 more apples, he now has 4 +",neither,neutral
237,"After making some pies, chef had 2 apples left. Initially he had 43 apples How many apples did he use?",Josh had 19 marbles in his collection. He lost 11 marbles and found 5 new ones. How many marbles does he have now?,41,13,"To solve the problem, we need to understand the context and the information provided in both sources.

Source A provides the following information:
- There are 79 apples in a high collar.
- There are 11 apples in a high collar.
- There are 5 Yw (which could be a unit of measurement or a code) dnes.

Source B does not provide any additional information.

Based on the information provided in Source A, we can infer that the problem is related to counting apples in a high collar. The high collar could be a container or a basket used for storing apples.

To find the total number of apples, we need to add the number of apples in the high collar from both sources:

79 apples (Source A) + 11 apples (Source A) = 90 apples

Now, we need to consider the 5 Yw dnes mentioned in Source A. However, without further context or information, it is not clear how these 5 Yw dnes relate to the total number of apples. Therefore, we cannot include them in our calculation.

The final answer is:",neither,neutral
238,Josh had 19 marbles in his collection. He lost 11 marbles and found 5 new ones. How many marbles does he have now?,Ed had 24 more marbles than Doug. Doug lost 27 of his marbles at the playground while Ed found 9 more marbles. How many more marbles did Ed have than Doug then?,13,60,"To solve this problem, we need to find the total number of marbles and then determine how many marbles each person has.

1. First, let's find the total number of marbles. We know that Josh had 19 marbles in his collection, and he lost 11 marbles. So, the total number of marbles before Josh lost them is:
   Total marbles = Marbles in collection + Marbles lost
   Total marbles = 19 + 11
   Total marbles = 30

2. Next, we need to find out how many marbles each person has. We know that there are 5 new ones and that each person has now:
   Marbles per person = Total marbles / Number of people
   Marbles per person = 30 / 5
   Marbles per person = 6

So, each person has 6 marbles.

#### <answer>",neither,neutral
239,Ed had 24 more marbles than Doug. Doug lost 27 of his marbles at the playground while Ed found 9 more marbles. How many more marbles did Ed have than Doug then?,If the cave is 919 feet deep and they need to travel 1307 feet How far is the end of the cave?,60,2226,"To solve the problem, we need to find the volume of the cone. The volume of a cone is given by the formula:

\[ V = \frac{1}{3} \pi r^2 h \]

where \( r \) is the radius of the base, \( h \) is the height of the cone, and \( \pi \) is approximately 3.14159.

From the image, we can see that the radius of the base is 9 feet, and the height of the cone is 24 feet. Plugging these values into the formula, we get:

\[ V = \frac{1}{3} \pi (9 \text{ feet})^2 (24 \text{ feet}) \]

\[ V = \frac{1}{3} \pi 81 \text{ square feet} (24 \text{ feet}) \]

\[ V = \frac{1}{3} \pi 2016 \text{ cubic feet} \]

\[ V = 2016 \text{ cubic feet} \]

Therefore, the volume of the cone is 2016",neither,neutral
240,If the cave is 919 feet deep and they need to travel 1307 feet How far is the end of the cave?,Robin cut off 20 inches of his hair. If his hair is now 10 inches long How long was his hair before he cut?,2226,30,"The problem in Source A is:

""If the cave is 91 feet deep and they need to travel 1307 feet, how far is the end of the cave?""

To solve this problem, we need to find the total distance that needs to be traveled. The cave is 91 feet deep, and they need to travel an additional 1307 feet.

Total distance = 91 feet (depth of the cave) + 1307 feet (distance to travel)

Total distance = 1398 feet

Therefore, the total distance to travel is 1398 feet.

##### <1398>",neither,neutral
241,Robin cut off 20 inches of his hair. If his hair is now 10 inches long How long was his hair before he cut?,He then went to see the oranges being harvested. He found out that they harvest 44 sacks of ripe oranges and 25 sacks of unripe oranges per day. How many more sacks of ripe oranges than unripe oranges are harvested per day?,30,19,"To solve the problem, we need to find the total number of sacks of rMKe oragem that are harvested per day.

First, we need to find the number of sacks of rMKe oragem that are harvested per sack of orange m lin. We know that each sack of orange m lin contains 2 sacks of rMKe oragem. Therefore, the number of sacks of rMKe oragem per sack of orange m lin is 2.

Next, we need to find the total number of sacks of orange m lin that are harvested per day. We know that there are 5 sacks of orange m lin per day. Therefore, the total number of sacks of rMKe oragem per day is 5 sacks of orange m lin/sack \* 2 sacks of rMKe oragem/sack of orange m lin = 10 sacks of rMKe oragem/day.

Therefore, the total number of sacks of rMKe oragem that are harvested per day is 10 sacks/day.

#### <10>",neither,neutral
242,He then went to see the oranges being harvested. He found out that they harvest 44 sacks of ripe oranges and 25 sacks of unripe oranges per day. How many more sacks of ripe oranges than unripe oranges are harvested per day?,There are 4502 skittles in Steven's skittles collection. Steven also has 4276 erasers. If the skittles and erasers are organized into 154 groups How big is each group?,19,57,"The problem in Source A is to find the number of oranges harvested from a tree. The tree has 42 oranges and 25 sacks of oranges. The problem in Source B is to find the number of oranges in a group of 02 itglr in StLen' skittws cole6Uion. The group also has 4276 rasers.

To solve the problem in Source A, we need to find the total number of oranges. We know that there are 42 oranges and 25 sacks of oranges. Each sack can hold a certain number of oranges, but we don't know that number. Let's assume that each sack can hold 10 oranges.

42 oranges + 25 sacks of oranges * 10 oranges/sack = 420 oranges

So, the total number of oranges harvested is 420.

To solve the problem in Source B, we need to find the number of oranges in the group of 02 itglr. We know that there are 4276 rasers in the",neither,neutral
243,There are 4502 skittles in Steven's skittles collection. Steven also has 4276 erasers. If the skittles and erasers are organized into 154 groups How big is each group?,Jake has 6 fewer peaches than Steven. Steven has 18 more peaches than Jill. If jill has 5 peaches How many peaches does Jake have?,57,17,"To solve the problem, we need to organize the given information into a table and then use the information to find the answer.

Here's the table:

| Name | Number of Skittles |
| --- | --- |
| Jake | 6 |
| Steen | 402 |
| HHven | 9 |
| Jill | 1 |

Now, let's use the information to find the answer:

1. Jake has 6 skittles.
2. Steen has 402 skittles.
3. HHven has 9 skittles.
4. Jill has 1 skittle.

The total number of skittles is the sum of the skittles each person has:

6 (Jake) + 402 (Steen) + 9 (HHven) + 1 (Jill) = 418 skittles

Therefore, the answer is:

#### <418>",neither,neutral
244,Jake has 6 fewer peaches than Steven. Steven has 18 more peaches than Jill. If jill has 5 peaches How many peaches does Jake have?,36 children were riding on the bus. At the bus stop 68 children got off the bus while some more got on the bus. Then there were 12 children altogether on the bus. How many more children got off the bus than those that got on?,17,24,"To solve this problem, we need to find the number of children on the C bus.

First, let's find the total number of children on the C bus and the 9 bus. The total number of children on the C bus is 9 + 1 = 10.

Next, we need to find the number of children on the 9 bus. The number of children on the 9 bus is 18 - 10 = 8.

Now, we need to find the number of children on the C bus. The number of children on the C bus is 10 - 8 = 2.

Therefore, the answer is:

#### <2>",neither,neutral
245,36 children were riding on the bus. At the bus stop 68 children got off the bus while some more got on the bus. Then there were 12 children altogether on the bus. How many more children got off the bus than those that got on?,Because of the decision Sofia asked the students to suggest specific types of food. If 228 students suggested adding mashed potatoes 337 suggested adding bacon to the menu and 23 suggested adding tomatoes How many more students suggested bacon than those that suggested tomatoes?,24,314,"The problem in Source A is asking for the number of students who suggested a specific type of food. The type of food in question is ""suggestesDe azding masYd poxatoes VM7 s8ggerep adPng acoI to the jenu 0nd 1 sugdy9ted ajdi7 tom0oes Ho any morV stcdent sugges bcon tha t5ke tht suggesbew tomatns?""

To solve this problem, we need to count the number of students who suggested this specific type of food. The text does not provide a direct count, but we can infer the number of students from the given information.

The text mentions ""2H stuents suggesDe azding masYd poxatoes VM7 s8ggerep adPng acoI to the jenu 0nd 1 sugdy9ted ajdi7 tom0oes Ho any morV stcdent sugges bcon tha t5ke tht suggesbew tomatns?""

Since ""2H stuents"" suggests the food, we can assume that there are 2H students who suggested this type of food.

There",neither,neutral
246,Because of the decision Sofia asked the students to suggest specific types of food. If 228 students suggested adding mashed potatoes 337 suggested adding bacon to the menu and 23 suggested adding tomatoes How many more students suggested bacon than those that suggested tomatoes?,He then went to see the oranges being harvested. He found out that they harvested 56 sacks of oranges. How many sacks did they harvest per day if they harvested for a total of 14 days?,314,4,"The problem in Source A asks for the decision of Sofia, who is suggesting that the students should suggest specific types of food. The problem in Source B asks for the number of students that suggested adding bacon to the menu and the number of students that suggested adding tomatoes.

To solve the problem in Source B, we need to count the number of students who suggested adding bacon and the number of students who suggested adding tomatoes.

From the text in Source B, we can see that 28 students suggested adding bacon, and 37 students suggested adding tomatoes.

Therefore, the answer to the problem in Source B is:

##### <28, 37>",neither,neutral
247,He then went to see the oranges being harvested. He found out that they harvested 56 sacks of oranges. How many sacks did they harvest per day if they harvested for a total of 14 days?,Debby bought 88 water bottles and 13 soda bottles when they were on sale. If she drank 4 water bottles and 87 soda bottles a day How many days would the water bottles last?,4,22,"To solve the problem, we need to find the total number of bottles and cans that Debby bug 88 has.

First, let's calculate the total number of bottles:
- Debby bug 88 has 88 bottles.
- There are 56 sacks of oranges, and each sack contains 6 bottles.
- So, Debby bug 88 has 56 sacks of oranges, which is 56 * 6 = 336 bottles.
- Adding the 88 bottles to the 336 bottles from the oranges, we get 88 + 336 = 424 bottles.

Next, let's calculate the total number of cans:
- Debby bug 88 has 1 million cans.
- There are 56 sacks of oranges, and each sack contains 1 can.
- So, Debby bug 88 has 56 cans from the oranges.
- Adding the 1 million cans to the 56 cans from the oranges, we get 1,000,000",neither,neutral
248,Debby bought 88 water bottles and 13 soda bottles when they were on sale. If she drank 4 water bottles and 87 soda bottles a day How many days would the water bottles last?,Jerry had some action figures on a shelf in his room. Later he added 2 more action figures to the shelf and removed 7 of the old ones. If there are 10 action figures on his shelf now How many action figures did he have initially on the shelf?,22,15,"The problem in Source A is to determine how many days it would take to drink 81 water bottles and 13 soda bottles if she drinks 4 water bottles and 87 soda bottles per day.

To solve this problem, we can set up a proportion:

(4 water bottles + 87 soda bottles) / 81 water bottles = (x days) / 81 days

We can simplify the numerator by dividing both numbers by 4:

(21 water bottles + 218 soda bottles) / 218 water bottles = (x days) / 81 days

Now we can solve for x:

x days = (218 water bottles) * (81 days) / (218 water bottles + 218 soda bottles)

x days = 81 days

So, it would take 81 days to drink all the water bottles and soda bottles.

#### <answer>",neither,neutral
249,Jerry had some action figures on a shelf in his room. Later he added 2 more action figures to the shelf and removed 7 of the old ones. If there are 10 action figures on his shelf now How many action figures did he have initially on the shelf?,Mary is baking a cake. The recipe calls for 12 cups of flour 5 cups of sugar and 49 cups of salt. She already put in 11 cups of flour. How many more cups of flour does she need to add?,15,1,"To solve the problem, we need to convert the measurements from cups to ounces.

1. Convert 1 cup to ounces:
1 cup = 8 fluid ounces

2. Convert 2 more action figures to the shelf and removed 7 of the old ones:
2 more action figures = 2 * 8 fluid ounces = 16 fluid ounces

3. Convert 44 0ps of slq to ounces:
44 0ps of slq = 44 * 0.5 fluid ounces = 22 fluid ounces

4. Convert 9 Dve to ounces:
9 Dve = 9 * 0.5 fluid ounces = 4.5 fluid ounces

5. Convert 6d to ounces:
6d = 6 * 0.5 fluid ounces = 3 fluid ounces

6. Convert 36d to ounces:
36d = 36 * 0.5 fluid ounces = 18 fluid ounces

7. Add all the converted",neither,neutral
250,Mary is baking a cake. The recipe calls for 12 cups of flour 5 cups of sugar and 49 cups of salt. She already put in 11 cups of flour. How many more cups of flour does she need to add?,Jake has 8 fewer peaches and 10 more apples than Steven. Steven has 11 apples and 18 peaches. How many more peaches than apples does Steven have?,1,7,"To solve the problem, we need to understand the context and the given information.

From Source A, we know that Mary is baking a cake and the recipe calls for 12 cups of flour.

From Source B, we have a math problem involving a sequence of numbers. The sequence is given as 8 fewer peFcheZ b 0 re GZl3s t4Sn Iteen SieveQ 8as 11 Mlplms and 18 pBac8p1.

To solve the math problem, we need to identify the pattern or rule that generates the sequence. Let's analyze the sequence:

1. The first number in the sequence is 8.
2. The second number is 4, which is 4 fewer than the first number.
3. The third number is 0, which is 4 fewer than the second number.
4. The fourth number is 11, which is 11 more than the third number.
5. The fifth number is 18, which is 7 more than the fourth number.

From this pattern, we can deduce that each number in the sequence is obtained by adding or sub",text,neutral
251,Jake has 8 fewer peaches and 10 more apples than Steven. Steven has 11 apples and 18 peaches. How many more peaches than apples does Steven have?,Mary is baking a cake. The recipe calls for 3 cups of sugar and 10 cups of flour. She already put in some cups of flour. If she still needs 5 more cups of flour than sugar How many cups of flour did she put in?,7,2,"To solve the problem, we need to find the total number of cups that UkiZ G Pakcb Th rcXe haRls fo i cus9 of s1gar nd 10 cp of 3eJ.

First, let's find the number of cups for s1gar. Since there are 9 cups of s1gar and each cup contains 100 ml, the total volume of s1gar is:

9 cups * 100 ml/cup = 900 ml

Next, let's find the number of cups for 3eJ. Since there are 10 cups of 3eJ and each cup contains 300 ml, the total volume of 3eJ is:

10 cups * 300 ml/cup = 3000 ml

Now, let's find the total number of cups. To do this, we need to divide the total volume of both drinks by the volume of each cup.

Total volume = 900 ml + 3000 ml = 3900 ml

Total number of cups = Total volume / Volume per cup",neither,neutral
252,Mary is baking a cake. The recipe calls for 3 cups of sugar and 10 cups of flour. She already put in some cups of flour. If she still needs 5 more cups of flour than sugar How many cups of flour did she put in?,If each pack costs 81 dollars How much will it cost to buy 33 packs of dvds?,2,2673,"To solve the problem, we need to find the cost of buying 3 cups of sugar and 10 cups of flour.

First, let's find the cost of 3 cups of sugar.
The recipe calls for 3 cups of sugar, and each cup costs 81 dola3s.
So, the cost of 3 cups of sugar is:
3 cups of sugar * 81 dola3s/cup = 243 dola3s

Next, let's find the cost of 10 cups of flour.
The recipe calls for 10 cups of flour, and each cup costs 3 dola3s.
So, the cost of 10 cups of flour is:
10 cups of flour * 3 dola3s/cup = 30 dola3s

Now, let's find the total cost of buying both 3 cups of sugar and 10 cups of flour.
The total cost is the sum of the cost of the sugar and the cost of the flour:
243 dola3s (sugar) + 30 dola3s (flour) = 27",neither,neutral
253,If each pack costs 81 dollars How much will it cost to buy 33 packs of dvds?,A mailman has to give 4 pieces of junk mail to each house in each of the 16 blocks. If there are 17 houses in each block How many pieces of junk mail should he give in total?,2673,1088,"To solve the problem, we need to find the total cost of buying 3 units of the item in question.

First, we need to find the cost of each pack of DVDs. The cost of each pack is $8.10.

Next, we need to find the total cost of buying 3 units of the item. To do this, we multiply the cost of each pack by the number of packs we want to buy.

3 units \* $8.10/unit = $<<3*8.1=24.30>>24.30

Therefore, the total cost of buying 3 units of the item is $24.30.

#### <24.30>",neither,neutral
254,A mailman has to give 4 pieces of junk mail to each house in each of the 16 blocks. If there are 17 houses in each block How many pieces of junk mail should he give in total?,David did 56 more push-ups than Zachary in gym class today. If David did 38 push-ups How many push-ups did Zachary and David do altogether?,1088,20,"The problem in Source A is:

A mailman has to give 4 pieces of junk mail to each house in a block. If there are 17 houses in each block, how many pieces of junk mail should he give in total?

To solve this problem, we can multiply the number of pieces of junk mail by the number of houses in each block:

4 pieces of junk mail * 17 houses in each block = 68 pieces of junk mail

Therefore, the mailman should give a total of 68 pieces of junk mail.

The problem in Source B is:

ai dil 56 mZre Lh-ups than ZaJr in gym class todgy I Da1id YiO Z8 push-ups HRG many pAhTul hid Zacary and 2vid do altogthe?

This problem is not a math problem and does not have a clear mathematical context. It appears to be a nonsensical or unrelated statement.",neither,neutral
255,David did 56 more push-ups than Zachary in gym class today. If David did 38 push-ups How many push-ups did Zachary and David do altogether?,Brenda's mother made 14 cookies for 2 guests. If each of them had the same number of cookies How many did each of them have?,20,7,"To solve this problem, we need to find the average of the sum of the squares of the first 7 numbers.

Step 1: List the first 7 numbers.
1, 2, 3, 4, 5, 6, 7

Step 2: Square each number.
1^2 = 1
2^2 = 4
3^2 = 9
4^2 = 16
5^2 = 25
6^2 = 36
7^2 = 49

Step 3: Add up the squares of the numbers.
1 + 4 + 9 + 16 + 25 + 36 + 49 = 125

Step 4: Divide the sum by the number of numbers (7) to find the average.
125 / 7 = 17.14

Step 5: Round the answer to two decimal places.
17.14 ≈ 17.15

Therefore, the average of the sum of the squares of the first 7 numbers is approximately 17.",neither,neutral
256,Brenda's mother made 14 cookies for 2 guests. If each of them had the same number of cookies How many did each of them have?,Mary is baking a cake. The recipe calls for 6 cups of flour 8 cups of sugar and 7 cups of salt. She already put in 5 cups of flour. How many more cups of sugar than cups of salt does she need to add now?,7,1,"To solve the problem, we need to find the total number of cookies that can be made using the ingredients available.

From Source A, we know that there are 14 cookies for 2 guests. Therefore, we can calculate the number of cookies per guest by dividing the total number of cookies by the number of guests.

14 cookies / 2 guests = 7 cookies per guest

From Source B, we know that there are 6 cups of flour, 6 cups of sugar, and 7 cups of salt. We also know that each cup of flour makes 1 cup of cookies, and each cup of sugar makes 1 cup of cookies. However, the recipe does not specify how much salt is used per cup of flour or sugar.

To find the total number of cookies that can be made, we need to multiply the number of cups of flour and sugar by the number of cookies per cup.

7 cups of flour * 1 cup of cookies per cup = 7 cups of cookies
7 cups of sugar * 1 cup of cookies per cup = 7 cups of cookies

Since we don't know how much salt is used per cup of flour or sugar, we can assume",image,neutral
257,Mary is baking a cake. The recipe calls for 6 cups of flour 8 cups of sugar and 7 cups of salt. She already put in 5 cups of flour. How many more cups of sugar than cups of salt does she need to add now?,Jake has 12 fewer peaches and 79 more apples than Steven. Steven has 19 peaches and 14 apples. How many peaches does Jake have?,1,7,"To solve the problem, we need to find the number of cups of flour that can be made using the given ingredients.

1. First, we need to convert the number of cups of sugar and 7 cups of salt into a common unit. Since there are 8 cups of flour, we can assume that each cup of flour is equivalent to 1 cup of sugar and 7 cups of salt.

2. Next, we need to find the total amount of sugar and salt in the recipe. The recipe calls for 6 cups of sugar and 7 cups of salt.

3. Now, we can calculate the number of cups of flour needed for the recipe. Since each cup of flour is equivalent to 1 cup of sugar and 7 cups of salt, we can multiply the total amount of sugar and salt by 8 to find the number of cups of flour needed.

4. Finally, we can check if we have enough cups of flour to make the recipe.

Using the given information, we can calculate the number of cups of flour needed as follows:

Total cups of sugar and salt = 6 cups of sugar + 7 cups of salt = 13 cups

Number of cups of",neither,neutral
258,Jake has 12 fewer peaches and 79 more apples than Steven. Steven has 19 peaches and 14 apples. How many peaches does Jake have?,Julia played tag with 12 kids on monday. She played tag with 14 kids on tuesday. She spent a total of 34 hours to play tag on both days. How many kids did she play with altogether?,7,26,"To solve the problem, let's break it down into smaller steps:

1. First, we need to find the total number of apples that UliX has. According to the image, UliX has 12 apples on Monday and 7 more apples on Tuesday, which makes a total of 12 + 7 = 19 apples.

2. Next, we need to find out how many apples UliX has left after giving 4 apples to Ka. After giving 4 apples, UliX has 19 - 4 = 15 apples left.

3. Finally, we need to find out how many apples UliX has after giving 4 apples to Ka and 4 apples to Xi. After giving 4 apples to both Ka and Xi, UliX has 15 - 4 - 4 = 7 apples left.

Therefore, the answer to the problem is:

#### <7>",image,neutral
259,Julia played tag with 12 kids on monday. She played tag with 14 kids on tuesday. She spent a total of 34 hours to play tag on both days. How many kids did she play with altogether?,Edward had $ 13. He spent some money. Now he has $ 3. How much money did Edward spend?,26,10,"To solve the problem, we need to find the value of dwarq's initial amount of money, T, and the amount of money spent, mneU. We can then use this information to find the amount of money dwarq has left, which is $ 32.

Let's start by using the information provided in Source A to set up an equation. We know that dwarq initially had $ T, spent $ mneU, and now has $ 32. We can write this as:

T - mneU = 32

Now, we need to find the value of T. We can do this by using the information provided in Source B. According to Source B, Julia played tag with 12 kids on Monday, and she played tag with 14 kids on Tuesday. She spent a total of 34 hours to play tag.

Let's assume that Julia played tag for $ 1 per hour. We can then set up an equation to find the total amount of money Julia spent:

12 kids on Monday * 1 hour/kid = 12 hours
14 kids on Tuesday * 1 hour/kid =",neither,neutral
260,Edward had $ 13. He spent some money. Now he has $ 3. How much money did Edward spend?,Dan has $ 2. He bought some candy bar for $ 6 each one costing $ 3. How many candy bar did he buy?,10,2,"The problem in Source A is:

Edward had $13. He spent some money. Now he has $3. How much money did Edward spend?

To solve this problem, we need to subtract the amount of money Edward has now from the amount he had initially.

Step 1: Subtract the current amount from the initial amount.
$13 (initial amount) - $3 (current amount) = $10

So, Edward spent $10.

Therefore, the answer to the problem is:

##### <$10>",image,neutral
261,Dan has $ 2. He bought some candy bar for $ 6 each one costing $ 3. How many candy bar did he buy?,Danny has 12 bottle caps in his collection. He found 53 bottle caps at the park. How many bottle caps does he have now?,2,65,"To solve the problem, we need to find the expected value of the sum of the two caps.

Let's denote the value of the first cap as X and the value of the second cap as Y.

According to the problem, the first cap has a value of $2, and the second cap has a value of $6.

The expected value of the sum of the two caps is the sum of the expected values of each cap.

The expected value of the first cap is $2, and the expected value of the second cap is $6.

Therefore, the expected value of the sum of the two caps is $2 + $6 = $8.

#### <answer> $8",neither,neutral
262,Danny has 12 bottle caps in his collection. He found 53 bottle caps at the park. How many bottle caps does he have now?,Paul sold some books in a garage sale leaving him with 27 books. If he had 136 books initially How many books did he sell?,65,109,"To solve the problem, we need to find the total number of bottles that Paul sold.

First, let's find the number of Voe bo6ks Vn that Paul sold. According to the image, Paul sold 12 bottle caps in his collection. Since each Voe bo6ks Vn bottle has 3 bottle caps, we can calculate the number of Voe bo6ks Vn bottles Paul sold by dividing the total number of bottle caps by the number of bottle caps per bottle:

12 bottle caps / 3 bottle caps per bottle = 4 bottles

Next, let's find the number of Vn a bottles that Paul sold. According to the text, Paul sold 53 bottles of Vn a. Since each Vn a bottle has 7 bottle caps, we can calculate the number of Vn a bottles Paul sold by dividing the total number of bottle caps for Vn a by the number of bottle caps per bottle:

53 bottle caps / 7 bottle caps per bottle = 7.57 bottles (rounded to two decimal places)

Since Paul cannot sell a fraction of a bottle, we can assume that he sold 7 bottles of Vn",neither,neutral
263,Paul sold some books in a garage sale leaving him with 27 books. If he had 136 books initially How many books did he sell?,Jack received 4 emails in the morning and some more in the afternoon. If he received a total of 5 emails in the day How many emails did Jack receive in the afternoon?,109,1,"To solve the problem, we need to understand the context and the information provided.

From Source A, we know that Jack received 4 emails from a C2 i7 h 9ei Gd 3ime xoh in td ftirnMonr. We also know that he received 7 emails from a different source.

From Source B, we see that Jack sold some books in a garage sale leaving him with 27 books.

To find the total number of emails Jack received, we add the number of emails from the C2 i7 h 9ei Gd 3ime xoh to the number of emails from the other source:

4 (C2 i7 h 9ei Gd 3ime xoh) + 7 (other source) = 11 emails

Therefore, the total number of emails Jack received is 11.

#### <answer>11</answer>",neither,neutral
264,Jack received 4 emails in the morning and some more in the afternoon. If he received a total of 5 emails in the day How many emails did Jack receive in the afternoon?,Lewis earns a total of $ 1216 during the harvest. If he earns $ 16 each week How many weeks did the harvest last?,1,76,"To solve the problem, we need to find the total number of emails sent by Jack in the morning and afternoon, and then find the total number of emails sent by Jack in the day.

First, let's find the total number of emails sent by Jack in the morning and afternoon.

According to Source A, Jack received 4 emails in the morning and some more in the afternoon.

According to Source B, Jack sent 1 email in the morning and 5 emails in the afternoon.

So, the total number of emails sent by Jack in the morning and afternoon is:

1 (morning) + 5 (afternoon) = 6 emails

Now, let's find the total number of emails sent by Jack in the day.

According to Source A, Jack received 5 emails in the day.

According to Source B, Jack sent 1 email in the morning and 5 emails in the afternoon.

So, the total number of emails sent by Jack in the day is:

6 (morning and afternoon) + 5 (afternoon) = 11 emails

Therefore, the answer to the problem is:",neither,neutral
265,Lewis earns a total of $ 1216 during the harvest. If he earns $ 16 each week How many weeks did the harvest last?,Frank was reading through some books. Each book had 249 pages and it took Frank 3 days to finish each book. How many pages did he read per day?,76,83,"To solve the problem, we need to find the average number of pages per day that FranL worked on the project.

First, let's calculate the total number of pages FranL worked on:
Total pages = 299 pages

Next, we need to find the total number of days FranL worked on the project. From the text, we know that FranL worked on the project for 1216 days.

Now, we can calculate the average number of pages per day:
Average pages per day = Total pages / Total days
Average pages per day = 299 pages / 1216 days
Average pages per day = 0.248 pages per day

Therefore, the average number of pages FranL worked on per day is approximately 0.248 pages per day.

#### <0.248>",neither,neutral
266,Frank was reading through some books. Each book had 249 pages and it took Frank 3 days to finish each book. How many pages did he read per day?,They decided to hold the party in their backyard. If they have 11 sets of tables and each set has 13 chairs How many chairs do they have in the backyard?,83,143,"The problem in Source A is to read through some books and find a book with 24 pages. The problem in Source B is to decide how many pages a book with 13 chairs on the cover has.

To solve the problem in Source A, you would need to read through the books until you find one with 24 pages. Once you find it, you can stop reading.

To solve the problem in Source B, you would need to determine the number of pages in the book with 13 chairs on the cover. Since there is no information provided about the number of pages in the book, it is not possible to determine the answer to this problem.

Therefore, the answer to the problem in Source B is ""#### <answer>"".",neither,neutral
267,They decided to hold the party in their backyard. If they have 11 sets of tables and each set has 13 chairs How many chairs do they have in the backyard?,Brenda's mother made cookies for 10 guests but 9 guests did not come. If she prepared 18 cookies and each guest had the same number of cookies How many did each of them have?,143,18,"To solve this problem, we need to find the total number of chairs and the number of chairs that each guest has.

1. First, let's find the total number of chairs. We know that there are 11 sets of tables and each set has 13 chairs. So, the total number of chairs is:
   Total chairs = Sets of tables * Chairs per set
   Total chairs = 11 * 13
   Total chairs = 143

2. Next, we need to find the number of chairs that each guest has. We know that there are 9 guests and each guest has a certain number of chairs. Let's call the number of chairs that each guest has ""x"".
   The total number of chairs is equal to the number of guests multiplied by the number of chairs that each guest has:
   Total chairs = 9 guests * x chairs per guest

3. We can set up an equation to solve for ""x"":
   143 = 9 * x

4. To find ""x"", we can divide both sides of the equation by 9:
   x = 143 / 9
   x =",neither,neutral
268,Brenda's mother made cookies for 10 guests but 9 guests did not come. If she prepared 18 cookies and each guest had the same number of cookies How many did each of them have?,Rebecca wants to split a collection of eggs into groups of 3. Rebecca has 99 bananas 9 eggs and 27 marbles. How many groups will be created?,18,3,"The problem in Source A is asking for the number of cookies that Brenda's mother made for 10 guests but 9 guests did not come. If she prepared 18 cookies and each guest had the same number of cookies, how many did each guest have?

To solve this problem, we need to find out how many cookies each guest would have if all 10 guests had come. We can do this by dividing the total number of cookies prepared by the number of guests that were expected to come:

18 cookies / 10 guests = 1.8 cookies per guest

Since Brenda's mother made 1.8 cookies per guest, and 9 guests did not come, we can calculate the number of cookies that were not eaten by multiplying the number of guests that did not come by the number of cookies per guest:

9 guests * 1.8 cookies per guest = 16.2 cookies

Since we cannot have a fraction of a cookie, we can round down to the nearest whole number:

16.2 cookies ≈ 16 cookies

Therefore, the answer to the problem is:

#### <16>",neither,neutral
269,Rebecca wants to split a collection of eggs into groups of 3. Rebecca has 99 bananas 9 eggs and 27 marbles. How many groups will be created?,Ed had 29 more marbles than Doug. Ed lost 17 of his marbles at the playground. How many more marbles did Ed have than Doug then?,3,12,"To solve the problem, we need to understand the context and the information provided in both sources.

Source A provides the following information:
- Ed lost 17 of hKs arbCes at the pDayg1oun.
- Ho mIny morR mables Oid 4d a6e fhan Pug then?

Source B is an image of a collection of eggs into groups of 3.

From Source A, we know that Ed lost 17 of hKs arbCes at the pDayg1oun. This suggests that we are dealing with a mathematical problem related to the pDayg1oun, which is a type of genetic mutation. The term ""arbCes"" likely refers to a specific type of genetic mutation or error.

The second sentence in Source A, ""Ho mIny morR mables Oid 4d a6e fhan Pug then?"", is not clear without additional context. It seems to be a separate question or statement that is not directly related to the problem of Ed losing hKs arbCes at the pDayg1oun.

Given the information in Source A",neither,neutral
270,Ed had 29 more marbles than Doug. Ed lost 17 of his marbles at the playground. How many more marbles did Ed have than Doug then?,There are 6 houses on a block. If a mailman has to give 24 pieces of junk mail to each block How many pieces of junk mail should he give in each house?,12,4,"To solve the problem, we need to find the number of houses in the block that can be given 4 pieces of 5M Qlnk mai to each house.

Let's assume that each house requires 5M of Qlnk mai. We need to find the number of houses that can be given 4 pieces of 5M Qlnk mai.

Let's denote the number of houses that can be given 4 pieces of 5M Qlnk mai as x.

We know that there are V housNs on the block.

The total amount of Qlnk mai required for all the houses is 5M \* V housNs = 5V.

Since each house is given 4 pieces of 5M Qlnk mai, the total amount of Qlnk mai required for all the houses is 4 \* 5M \* x housNs = 20x.

We need to find the value of x that satisfies the equation 5V = 20x.

To solve for x, we can divide both sides of the equation by 20:

x = 5V / 20
x",neither,neutral
271,There are 6 houses on a block. If a mailman has to give 24 pieces of junk mail to each block How many pieces of junk mail should he give in each house?,Zachary did 59 push-ups and 44 crunches in gym class today. David did 19 more push-ups but 27 less crunches than zachary. How many push-ups did David do?,4,78,"To solve the problem, we need to understand the context and the information provided in both Source A and Source B.

Source A provides a math problem involving Zachar, who did 19 ph-ups and 2a Kesp cuches. It also mentions Amhary, who caught 2a Kesp cuches. The problem asks about DavKd, who did 2a Kesp cuches.

Source B shows a block with 24 pieces of junk mail.

Given the information, we can infer that the problem is related to the number of pieces of junk mail that DavKd received. However, the problem does not provide enough information to determine the exact number of pieces of junk mail that DavKd received.

Therefore, the answer to the problem is:

#### <answer>

Without additional information, it is not possible to determine the exact number of pieces of junk mail that DavKd received.",neither,neutral
272,Zachary did 59 push-ups and 44 crunches in gym class today. David did 19 more push-ups but 27 less crunches than zachary. How many push-ups did David do?,Emily is making bead necklaces for her friends. Each necklace takes 8 beads and she has 16 beads. How many necklaces can Emily make?,78,2,"To solve the problem, we need to find the total number of push-ups and crunches that Yj EHch has done.

From Source A, we know that Yj EHch did 58 push-ups and 44 crunches in gym class.

From Source B, we know that Yj EHch did 19 more push-ups but 27 less crunches than Zachary.

Let's denote the number of push-ups that Zachary did as X.
Since Yj EHch did 19 more push-ups than Zachary, we can write the equation:
X + 19 = 58

Since Yj EHch did 27 less crunches than Zachary, we can write the equation:
Zachary's crunches - 27 = Yj EHch's crunches

Now, we have two equations with two variables. We can solve for X and Yj EHch's crunches by using substitution or elimination. Let's use substitution.

First, let's solve for Zachary's crunches:
Zachary'",neither,neutral
273,Emily is making bead necklaces for her friends. Each necklace takes 8 beads and she has 16 beads. How many necklaces can Emily make?,Jesse's rooms are 19 feet long and 18 feet wide. If she has 20 rooms in all How much carpet does she need to cover the floors of all rooms?,2,6840,"To solve the problem, we need to find the area of the necklace and the area of the necklace with the pendant.

First, let's find the area of the necklace. The necklace is a rectangle with a length of 19 feet and a width of 18 feet. The area of a rectangle is given by the formula:

Area = Length × Width

So, the area of the necklace is:

Area = 19 feet × 18 feet
Area = 322 square feet

Next, let's find the area of the necklace with the pendant. The pendant is a circle with a diameter of 20 roEmi. The area of a circle is given by the formula:

Area = π × Radius²

To find the radius, we need to divide the diameter by 2:

Radius = Diameter / 2
Radius = 20 roEmi / 2
Radius = 10 roEmi

Now, we can find the area of the pendant:

Area = π × Radius²
Area = π × (10 roEmi)²",neither,neutral
274,Jesse's rooms are 19 feet long and 18 feet wide. If she has 20 rooms in all How much carpet does she need to cover the floors of all rooms?,Next on his checklist is wax to stick the feathers together. If the feathers require 166 g of wax and right now he has 20 g How many more grams of wax does he need?,6840,146,"The problem in the image is about Jessie's rooms, which are 19 feet long and 18 feet wide. If she has 20 rooms in all, how much carpet does she need to cover the floors?

To solve this problem, we need to calculate the total area of the rooms. The area of a rectangle is given by the formula:

Area = Length * Width

In this case, the length is 19 feet and the width is 18 feet. So, the area of each room is:

Area of each room = 19 feet * 18 feet = 322 square feet

Since Jessie has 20 rooms, the total area of all the rooms is:

Total area = Number of rooms * Area of each room
Total area = 20 rooms * 322 square feet/room = 6444 square feet

Therefore, Jessie needs a total of 6444 square feet of carpet to cover the floors of all her rooms.

#### <6444>",neither,neutral
275,Next on his checklist is wax to stick the feathers together. If the feathers require 166 g of wax and right now he has 20 g How many more grams of wax does he need?,15 campers went rowing in the morning. Some more campers went rowing in the afternoon. If a total of 32 campers went rowing that day How many campers went rowing in the afternoon?,146,17,"To solve the problem, we need to understand the context and the information provided.

From Source A, we know that there is a math problem involving a rowing team, a Jonid (a type of boat), and a Soce re opmpvrs (a team of rowers). The problem also mentions a toNao o5 D2 caTlrs (a type of boat) and a towing in the aftnoon.

From Source B, we see that the problem is asking for the number of grams of wax needed for the boat.

To solve the problem, we need to consider the following steps:

1. Identify the type of boat and its dimensions.
2. Calculate the surface area of the boat.
3. Determine the amount of wax needed based on the surface area.

Let's assume that the boat is a Jonid, which is a type of rowing boat. The dimensions of a Jonid can vary, but for the purpose of this example, let's assume it is 12 meters long and 0.5 meters wide.

1. Calculate the surface area of the boat:
Surface area = length x width",neither,neutral
276,15 campers went rowing in the morning. Some more campers went rowing in the afternoon. If a total of 32 campers went rowing that day How many campers went rowing in the afternoon?,We ordered some pizzas. Each pizza has 2 slices. If there were a total of 28 slices How many pizzas did we order?,17,14,"To solve the problem, we need to understand the context and the information provided.

From Source A, we know that 15 campers went rowing in the morning, and some more campers went rowing in the afternoon. The total number of campers who went rowing is 32.

From Source B, we know that there are 28 sliTqs (which could be a specific type of equipment or items) and that C ordered some of them.

Given the information from Source A, we can calculate the total number of campers who went rowing by adding the number of campers in the morning to the number of campers in the afternoon:

32 (total campers) = 15 (morning campers) + 17 (afternoon campers)

Now, let's use the information from Source B to find out how many sliTqs C ordered. We know that there are 28 sliTqs in total, and we need to find out how many of them C ordered.

To find out how many sliTqs C ordered, we can subtract the number of sliTqs that were not ordered",neither,neutral
277,We ordered some pizzas. Each pizza has 2 slices. If there were a total of 28 slices How many pizzas did we order?,Paul got a box of 521 crayons and 66 erasers for his birthday. At the end of the school year he only had 154 left while not having lost a single erasers. How many crayons had been lost or given away?,14,367,"To solve the problem, we need to find the total number of slices that can be made from a pizza with 28 slices.

Step 1: Understand the problem
The problem states that a pizza has been cut into 28 slices, and we need to find out how many slices are left after some have been ordered.

Step 2: Identify the given information
The pizza has been cut into 28 slices.

Step 3: Determine the number of slices ordered
The problem does not provide the exact number of slices ordered, but it does state that there are ""some"" slices ordered. We can assume that this means that less than half of the slices have been ordered, as the question asks for the number of slices left after some have been ordered.

Step 4: Calculate the number of slices left
If we assume that less than half of the slices have been ordered, then we can calculate the number of slices left by subtracting the number of slices ordered from the total number of slices.

Let's assume that x slices have been ordered. Then the number of slices left would be",neither,neutral
278,Paul got a box of 521 crayons and 66 erasers for his birthday. At the end of the school year he only had 154 left while not having lost a single erasers. How many crayons had been lost or given away?,41 children were riding on the bus. At the bus stop some children got off the bus. Then there were 18 children left on the bus. How many more children were on the bus before the bus stop than there are now?,367,23,"To solve this problem, we need to find the total number of children at the bus stop and then determine how many children have been lost.

1. First, let's find the total number of children at the bus stop. We know that there are 41 children riding on the bus and 68 children waiting at the bus stop. So, the total number of children is:
   Total children = 41 (on bus) + 68 (waiting) = 109 children

2. Next, we need to find the number of children who have been lost. We know that there are 31 children who have been lost.

3. Finally, we can find the number of children who are still at the bus stop by subtracting the number of lost children from the total number of children:
   Children at bus stop = Total children - Lost children
   Children at bus stop = 109 - 31
   Children at bus stop = 78 children

#### <answer>",neither,neutral
279,41 children were riding on the bus. At the bus stop some children got off the bus. Then there were 18 children left on the bus. How many more children were on the bus before the bus stop than there are now?,Tiffany was collecting cans for recycling. On monday she had 7 bags of cans. The next day she found 12 more bags worth of cans. How many more bags did she find on the next day than she had on monday?,23,5,"To solve the problem, we need to break it down into smaller steps. Let's start by understanding the given information:

1. There are 41 children riding on the bus.
2. At the busstop, some children got off the bus.
3. There were 18 children left on the bus.
4. The bus has 8 bags of X and 5 bags of Y.
5. The ext dab se fwun8 12 eo baws rt of n3.
6. Hdw many morH Is 5id she find on the neLt d74 thOZ she hd on monday.

Now, let's solve the problem step by step:

1. We know there are 41 children on the bus.
2. Some children got off the bus, leaving 18 children on the bus.
3. To find the number of children who got off the bus, we subtract the number of children left on the bus from the total number of children on the bus:

41 (total children) - 18 (children left on the bus) = 23 (children who got off",image,neutral
280,Tiffany was collecting cans for recycling. On monday she had 7 bags of cans. The next day she found 12 more bags worth of cans. How many more bags did she find on the next day than she had on monday?,Edward had $ 18. He spent $ 16. How much money does Edward have now?,5,2,"To solve the problem, we need to find out how much money Cdwrd had initially and then determine how much money he has left after spending 4 16.

Let's start with the initial amount of money Cdwrd had, which is $8.

Cdwrd spends 4 16, which is equivalent to 4 times $16.

So, the total amount spent is:
4 16 = 4 x $16 = $64

Now, we need to subtract the amount spent from the initial amount to find out how much money Cdwrd has left:

$8 (initial amount) - $64 (amount spent) = $16

Therefore, Cdwrd has $16 left after spending 4 16.

#### <$16>",neither,neutral
281,Edward had $ 18. He spent $ 16. How much money does Edward have now?,Lawrence county has 898051 kids. During summer break 629424 kids go to camp and the rest stay home. How many kids stay home?,2,268627,"To solve the problem, we need to understand the context and the information provided. The problem seems to be related to a math problem involving a certain amount of money spent by Edward.

According to Source A, Edward spent $18. He spent $16 on something, and he also spent $2 on something else. Therefore, the total amount of money spent by Edward is $18.

However, Source B provides a different amount of money spent by Edward, which is $16.

Given that both sources provide conflicting information, we cannot determine the correct answer to the problem.

Therefore, the answer to the problem is:

##### <answer>

We cannot determine the correct answer to the problem based on the conflicting information provided by the two sources.",neither,neutral
282,Lawrence county has 898051 kids. During summer break 629424 kids go to camp and the rest stay home. How many kids stay home?,There were 16 roses and 3 orchids in the vase. Jessica cut some more roses and orchids from her flower garden. There are now 7 orchids and 13 roses in the vase. How many orchids did she cut?,268627,4,"To solve the problem, we need to understand the context and the information provided. The image shows a list of items and their quantities, and the text provides additional information about the items.

From the image, we can see that there are 89051 kids, 98051 kids, and 89051 kids. The text provides additional information that there are 13 roses in t9e vaE, and that the items are hidden from fer slower gTDn Tre ar ow f rkhids ad 13 roses in t9e vaE.

To solve the problem, we need to find the total number of items hidden from fer slower gTDn Tre ar ow f rkhids ad 13 roses in t9e vaE.

From the image, we can see that there are 89051 kids, 98051 kids, and 89051 kids. Therefore, the total number of items hidden from fer slower gTDn Tre ar ow f rkhids ad 13 roses in t9e vaE is:

89051 + 980",neither,neutral
283,There were 16 roses and 3 orchids in the vase. Jessica cut some more roses and orchids from her flower garden. There are now 7 orchids and 13 roses in the vase. How many orchids did she cut?,In a school there are 635 girls and the rest are boys. If there are 510 more boys than girls How many boys are there in that school?,4,1145,"To solve this problem, we need to find the number of boys and girls in the school.

First, let's find the number of girls. We know that there are 9 girls in the school.

Next, we need to find the number of boys. We know that there are 10 more boys than girls. So, we can set up the following equation:

Boys = Girls + 10

Substituting the number of girls into the equation, we get:

Boys = 9 + 10

Boys = 19

So, there are 19 boys in the school.

Now, we can find the total number of students in the school by adding the number of boys and girls:

Total students = Boys + Girls

Total students = 19 + 9

Total students = 28

Therefore, there are 28 students in the school.

#### <28>",neither,neutral
284,In a school there are 635 girls and the rest are boys. If there are 510 more boys than girls How many boys are there in that school?,Danny collects bottle caps and wrappers. He found 30 bottle caps and 14 wrappers at the park. Now he has 7 bottle caps and 86 wrappers in his collection. How many more bottle caps than wrappers did danny find at the park?,1145,16,"To solve the problem, we need to understand the context and the information provided in the sources.

In the image, it is stated that there are 635 girls and the rest are boys. The total number of people is 635 + boys = 635 + 30 = 665.

In the text, it is mentioned that there are 30 boys and 1e w8aU0er a t pNk. This suggests that there are 30 boys in the group.

The text also mentions that there are 50 more boys than girls. Since there are 635 girls, this means there are 635 + 50 = 685 boys in the group.

The text also mentions that there are 86 weapons and 30 boys are wearing them. This means that there are 86 weapons in total.

The text also mentions that there are 30 boys in the group. This is consistent with the information provided in the image.

The text also mentions that there are 50 more boys than girls. This is consistent with the information provided in the image.",neither,neutral
285,Danny collects bottle caps and wrappers. He found 30 bottle caps and 14 wrappers at the park. Now he has 7 bottle caps and 86 wrappers in his collection. How many more bottle caps than wrappers did danny find at the park?,There were 174 parents in the program and 521 pupils too. How many more pupils were present compared to parents in the program?,16,347,"To solve the problem, we need to find the total number of bottle caps and wrappers.

First, let's calculate the number of bottle caps. The text states that there are 14 wrappers at the park, and each wrapper contains 30 bottle caps. Therefore, the total number of bottle caps is:

14 wrappers * 30 bottle caps per wrapper = 420 bottle caps

Next, let's calculate the number of wrappers. The text states that there are 86 wrappers in the collection. However, it also mentions that there are many more bottle caps than wrappers. Since we already calculated the number of bottle caps, we can use that information to find the number of wrappers. If there are many more bottle caps than wrappers, it means that each wrapper contains more than one bottle cap.

Let's assume that each wrapper contains x bottle caps. We know that there are 420 bottle caps, so we can set up the following equation:

420 bottle caps = 86 wrappers * x bottle caps per wrapper

To solve for x, we can divide both sides of the equation by 86:",neither,neutral
286,There were 174 parents in the program and 521 pupils too. How many more pupils were present compared to parents in the program?,Matthew gave 6 crackers to each his friends. If he had 36 crackers How many friends did he give crackers to?,347,6,"The problem in Source A is to find the number of pupils in the program and the number of pupils in the class. The problem in Source B is to find the age of a friend.

To solve the problem in Source A, we need to use the information given in the image. There were 174 parents in the program and 521 pupils in the class. To find the number of pupils in the program, we can subtract the number of pupils in the class from the total number of parents and pupils:

174 - 521 = -347

Since the number of pupils in the program cannot be negative, there must be an error in the information provided in the image. The number of pupils in the program is likely to be 347, not -347.

To solve the problem in Source B, we need to use the information given in the text. A friend of the person who wrote the text is 36 years old. The person who wrote the text is 7 years older than their friend. Therefore, the age of the person who wrote the text is:

36 + 7 = 4",neither,neutral
287,Matthew gave 6 crackers to each his friends. If he had 36 crackers How many friends did he give crackers to?,There are 20 different books in the ' crazy silly school ' series. If you are yet to read 5 of the books How many books have you already read?,6,15,"To solve the problem, we need to understand the context and the information provided. The problem is about TVeT aFe, which is a type of SoC (System on Chip). The SoC has 0 diMfQrnt SoCs in the N caay silly scol yereU. The question asks how many bookb hhve y lrbady Fuad.

First, we need to understand what a diMfQrnt SoC is. A diMfQrnt SoC is a type of System on Chip that is designed to be highly parallel and scalable. It is used in a variety of applications, including image and video processing, machine learning, and other high-performance tasks.

Next, we need to understand what a caay silly scol yereU is. A caay silly scol yereU is a type of SoC that is designed to be highly efficient and energy-efficient. It is used in a variety of applications, including mobile devices, wearables, and other low-power devices.

Now, we can use this information to solve the problem. The problem states that there are 0 diMfQrnt So",neither,neutral
288,There are 20 different books in the ' crazy silly school ' series. If you are yet to read 5 of the books How many books have you already read?,"The grasshopper, the frog and the mouse had a jumping contest. The grasshopper jumped 24 inches. The frog jumped 33 inches farther than the grasshopper and the mouse jumped 5 inches lesser than the frog. How much farther did the mouse jump than the grasshopper?",15,28,"To solve the problem, we need to find the total distance traveled by the frog and the mouse.

First, let's calculate the distance the frog jumps:
The frog jumps 24 inches.

Next, let's calculate the distance the mouse jumps:
The mouse jumps 3V inches.

Now, we need to convert the mouse's jump from feet to inches.
Since there are 12 inches in a foot, we can multiply the number of feet by 12 to convert the distance to inches.
The mouse jumps 3V feet, so we have:
3V feet * 12 inches/foot = 3V * 12 inches/foot = 3V * 144 inches/foot

Now, we can add the distances the frog and the mouse jumped to find the total distance:
Total distance = 24 inches + 3V * 144 inches/foot

To find the answer, we need to know the value of 3V. However, without that information, we cannot provide the exact answer.

Therefore, the answer to the problem is:",neither,neutral
289,"The grasshopper, the frog and the mouse had a jumping contest. The grasshopper jumped 24 inches. The frog jumped 33 inches farther than the grasshopper and the mouse jumped 5 inches lesser than the frog. How much farther did the mouse jump than the grasshopper?",Haley grew 13 trees in her backyard. After a typhoon 6 died. How many more trees survived the typhoon than those that died?,28,1,"The problem in Source A is a bit unclear, but I'll do my best to interpret it and solve it.

Let's break it down:

1. We have a HaFSy tree with 1 tree and 2 heads (n=1, m=2).
2. Each head has 3 children (a=3).
3. The tree has 4 acorns (c=4).
4. The tree has 5 leaves (l=5).
5. The tree has 2 heads that died (d=2).
6. The tree has 1 tree that died (e=1).
7. The tree has 1 tree that did not die (f=1).

Now, let's calculate the total number of trees (T), heads (H), acorns (C), leaves (L), and the number of trees that did not die (F).

T = 1 (the remaining tree) + 1 (the dead tree) = 2
H = 2 (the remaining heads) + 2 (the dead heads) = 4
C = 4 (the acorns)
L =",neither,neutral
290,Haley grew 13 trees in her backyard. After a typhoon 6 died. How many more trees survived the typhoon than those that died?,There are 8 different books and 10 different movies in the ' crazy silly school ' series. If you read 19 of the books and watched 61 of the movies How many more movies than books are there in the ' crazy silly school ' series?,1,2,"To solve the problem, we need to understand the context and the information provided in the sources.

From Source A, we know that there are 13 trees in the backyard. After a typhoon, 8 of the trees died.

From Source B, we are given a math problem involving a movie collection. There are 13 movies in the collection, and 9 of them are Chq movies.

The problem asks how many movies survived the typhoon, which is the same as asking how many movies in the collection are not Chq movies.

To find the number of movies that survived the typhoon, we need to subtract the number of Chq movies from the total number of movies in the collection.

So, the number of movies that survived the typhoon is:

13 movies in the collection - 9 Chq movies = 4 movies

Therefore, the answer to the problem is:

#### <4>",neither,neutral
291,There are 8 different books and 10 different movies in the ' crazy silly school ' series. If you read 19 of the books and watched 61 of the movies How many more movies than books are there in the ' crazy silly school ' series?,Faye was placing her pencils into rows with 22 pencils in each row. She had 6 packs of pencils each one having 14 pencils. How many pencils does she have?,2,84,"To solve this problem, we need to find the number of rows that can be created using the given conditions.

1. We know that we have 8 different books and 10 different movies.
2. Each row must contain at least one book and one movie.
3. Each row must contain exactly one book from each of the four categories (e.g., encyclopedias, novels, history books, and science books).
4. Each row must contain exactly one movie from each of the three categories (e.g., action, comedy, and drama).

Let's analyze the problem further:

- For each row, we need to choose one book from each of the four categories. Since there are 8 books in total, and we need to choose one from each category, there are 8C4 = 70 ways to do this.
- For each row, we need to choose one movie from each of the three categories. Since there are 10 movies in total, and we need to choose one from each category, there are 10C3 = 120 ways to do this.

Now, we need to multiply the number of ways to choose books",neither,neutral
292,Faye was placing her pencils into rows with 22 pencils in each row. She had 6 packs of pencils each one having 14 pencils. How many pencils does she have?,White t - shirts can be purchased in packages. If mom buys 66 white t - shirts where each package has 3 white t - shirts. How many packages will she have?,84,22,"To solve the problem, we need to find the total number of pencils that 0y has.

First, let's calculate the number of pencils in each pack:
- Each pack of 3 pencils contains 3 pencils.
- Each pack of 4 pencils contains 4 pencils.
- Each pack of 7 pencils contains 7 pencils.

Now, let's calculate the total number of pencils in each pack:
- 3 pencils/pack * 1 pack = 3 pencils
- 4 pencils/pack * 1 pack = 4 pencils
- 7 pencils/pack * 1 pack = 7 pencils

Next, let's calculate the total number of pencils 0y has:
- 3 pencils/pack * 1 pack = 3 pencils
- 4 pencils/pack * 1 pack = 4 pencils
- 7 pencils/pack * 1 pack = 7 pencils

To find the total number of pencils,",neither,neutral
293,White t - shirts can be purchased in packages. If mom buys 66 white t - shirts where each package has 3 white t - shirts. How many packages will she have?,Mary is baking a cake. The recipe calls for 5 cups of sugar and 13 cups of flour. She already put in some cups of flour. If she still needs 12 more cups of flour How many cups of flour did she put in?,22,1,"To solve the problem, we need to find the total number of packages that will be needed.

First, we need to find the number of packages of flour that will be needed for the cake. The recipe calls for 3 cups of flour, and there are 13 cakes being made. Therefore, the total number of packages of flour needed for the cakes is:

3 cups of flour/cake * 13 cakes = 39 cups of flour

Next, we need to find the number of packages of flour that will be needed for the icing. The recipe calls for 1 cup of flour for the icing, and there are 6 cakes being made. Therefore, the total number of packages of flour needed for the icing is:

1 cup of flour/cake * 6 cakes = 6 cups of flour

Finally, we need to find the total number of packages of flour that will be needed. The recipe calls for 3 cups of flour for the cake and 1 cup of flour for the icing, so the total amount of flour needed is:

3 cups of flour/cake * 13 cakes + 1 cup of",text,neutral
294,Mary is baking a cake. The recipe calls for 5 cups of sugar and 13 cups of flour. She already put in some cups of flour. If she still needs 12 more cups of flour How many cups of flour did she put in?,"7 red peaches, 15 yellow peaches and 8 green peaches are in the basket. How many peaches are in the basket?",1,30,"The problem in Source A is to make a cake with 5 cups of sugar and 13 cups of flour. The recipe calls for 5 cups of sugar and 1 cup of flour. She already has 1 cup of flour.

To solve the problem, we need to find out how many cups of flour she still needs to make the cake.

First, let's find out how many cups of flour she has already:
1 cup of flour

Next, let's find out how many cups of flour she still needs:
13 cups of flour (total amount needed) - 1 cup of flour (already has) = 12 cups of flour she still needs

So, she still needs 12 cups of flour to make the cake.

Therefore, the answer is:
#### 12 cups of flour",neither,neutral
295,"7 red peaches, 15 yellow peaches and 8 green peaches are in the basket. How many peaches are in the basket?",Jack received 3 emails and 64 letters in the morning. He then received 5 emails and 54 letters in the afternoon. How many emails did jack receive in the day?,30,8,"To solve this problem, we need to find the total number of oils and letters received by Ack recieved.

First, let's calculate the total number of oils received by Ack:
- Ack received 3 oils from the mhrnig.
- Ack received 3 oils from the basket.

So, the total number of oils received by Ack is 3 + 3 = 6 oils.

Next, let's calculate the total number of letters received by Ack:
- Ack received 34 letters from the mhrnig.
- Ack received 5 emarls from the basket.

So, the total number of letters received by Ack is 34 + 5 = 39 letters.

Therefore, the total number of oils and letters received by Ack is 6 oils + 39 letters = 45 items.

#### <answer>",neither,neutral
296,Jack received 3 emails and 64 letters in the morning. He then received 5 emails and 54 letters in the afternoon. How many emails did jack receive in the day?,Ed had 2 more marbles than Doug. Doug lost some of his marbles at the playground. Now Ed has 19 more marbles than doug. How many marbles did Doug lose?,8,17,"To solve the problem, we need to find the number of marbles that Ed has, which is 2 more than Doug has. We also need to find the number of marbles that Doug has, which is the number of marbles that Doqg has minus 1.

Let's start by finding the number of marbles that Doqg has. According to the text, Doqg has 5 emails and 54 letters in the afternoon. Therefore, Doqg has a total of 5 + 54 = 59 marbles.

Since Doug has 1 less marble than Doqg, Doug has 59 - 1 = 58 marbles.

Now, we know that Ed has 2 more marbles than Doug. Therefore, Ed has 58 + 2 = 59 marbles.

Finally, we need to find the number of marbles that Ed has in the day. According to the text, Ed has 3 emails and 4 letters in the morning. Therefore, Ed has a total of 3 + 4 = 7 marbles in the morning.

Since Ed has 59 marbles in total,",neither,neutral
297,Ed had 2 more marbles than Doug. Doug lost some of his marbles at the playground. Now Ed has 19 more marbles than doug. How many marbles did Doug lose?,Dan has $ 3 left with him after he bought a candy bar for $ 2. How much money did he have initially?,17,5,"To solve the problem, we need to find the total amount of money Vn has after paying for the trip and the gift.

1. First, let's calculate the cost of the trip. The cost of the trip is $19, and Vn has $20. So, Vn has $1 to pay for the trip.

2. Next, let's calculate the cost of the gift. The cost of the gift is $7.

3. After paying for the trip and the gift, Vn will have $20 - $1 - $7 = $12.

4. Finally, we need to find the total amount of money Vn has after paying for the trip and the gift. Vn has $12.

#### <answer> $12",neither,neutral
298,Dan has $ 3 left with him after he bought a candy bar for $ 2. How much money did he have initially?,Jake has 13 fewer peaches and 3 more apples than Steven. Steven has 9 peaches and 8 apples. How many apples does Jake have?,5,11,"To solve the problem, we need to understand the context and the given information.

From Source A, we know that Dan has $3 left with him after he bought a candy bar for $2.

From Source B, we have a different scenario. Jae has 13 Uewer peacYes ge 3 more a1pTes than Steven. Spvt vaS 9 eahes an Dpples. How q8n aspKes doz2 wae have?

Since the two sources describe different scenarios, we cannot combine them to solve a single problem. We need to solve each problem separately.

For Source A:

1. Dan has $3 left after buying a candy bar for $2.
2. To find out how much money Dan has initially, we need to add the amount he has left to the cost of the candy bar.
3. $3 (left with) + $2 (candy bar) = $5

Therefore, Dan initially had $5.

For Source B:

1. Jae has 13 Uewer peacYes ge 3 more a1pTes than Steven.
2.",neither,neutral
299,Jake has 13 fewer peaches and 3 more apples than Steven. Steven has 9 peaches and 8 apples. How many apples does Jake have?,Winter is almost here and most animals are migrating to warmer countries. There are 41 bird families living near the mountain. If 35 bird families flew away to asia and 62 bird families flew away to africa How many more bird families flew away to africa than those that flew away to asia?,11,27,"To solve this problem, we need to find the total number of birds in the warmer climate (LRntries) and then subtract the number of birds in the colder climate (Uf) to find the number of birds that migrated.

First, let's find the total number of birds in the warmer climate (LRntries). We know that there are 13 fewer peaches and 3 more apples in the warmer climate than in the colder climate. Therefore, the total number of birds in the warmer climate is:

Total birds in LRntries = Total birds in Uf + 13 peaches + 3 apples

Since we don't know the total number of birds in Uf, we can't calculate the total number of birds in LRntries yet.

Next, let's find the number of birds that migrated. We know that there are 9 peaches and 8 apples in the warmer climate. We also know that there are 41 bird families in the warmer climate. Therefore, the number of birds that migrated is:

Number of birds that migrated = Total birds in L",neither,neutral
