problem_id,image_question,text_question,image_reference,text_reference,prediction,follows
0,Winter is almost here and most animals are migrating to warmer countries. There are 41 bird families living near the mountain. If 35 bird families flew away to asia and 62 bird families flew away to africa How many more bird families flew away to africa than those that flew away to asia?,Paige raised 7 goldfish and 12 catfish in the pond but stray cats loved eating them. Now she has 15 left. How many fishes disappeared?,27,4,"To find out how many fishes disappeared, we need to calculate the total number of fishes Paige initially had and then subtract the number of fishes she has now.

1. Calculate the total number of fishes initially:
Paige had 7 goldfish + 12 catfish = 19 fishes.

2. Subtract the number of fishes she has now from the initial total:
19 fishes - 15 fishes = 4 fishes disappeared.

Therefore, 4 fishes disappeared.",text
1,Paige raised 7 goldfish and 12 catfish in the pond but stray cats loved eating them. Now she has 15 left. How many fishes disappeared?,Marco and his dad went strawberry picking. Together they collected strawberries that weighed 22 pounds. On the way back Marco ' dad found 30 more pounds of strawberries. Marco's strawberries now weighed 36 pounds. How much did his dad's strawberries weigh now?,4,16,"Marco's strawberries weighed 36 pounds. The total weight of strawberries collected by Marco and his dad was 22 pounds. On the way back, Marco's dad found 30 more pounds of strawberries. Therefore, the total weight of strawberries collected by Marco and his dad was 22 + 30 = 52 pounds. Since Marco's strawberries weighed 36 pounds, his dad's strawberries weighed 52 - 36 = 16 pounds. Therefore, Marco's dad's strawberries weighed 16 pounds now. Therefore, the answer is 16.",text
2,Marco and his dad went strawberry picking. Together they collected strawberries that weighed 22 pounds. On the way back Marco ' dad found 30 more pounds of strawberries. Marco's strawberries now weighed 36 pounds. How much did his dad's strawberries weigh now?,Debby bought 200 water bottles and 256 soda bottles when they were on sale. If she drank 312 water bottles and 4 soda bottles a day How many days would the soda bottles last?,16,64,"256 / 4 = 64
#### 64",text
3,Debby bought 200 water bottles and 256 soda bottles when they were on sale. If she drank 312 water bottles and 4 soda bottles a day How many days would the soda bottles last?,There were 106 dollars in Olivia's wallet. After she visited a supermarket and a showroom there were 26 dollars left. If she spent 49 dollars at the showroom How much did she spend at the supermarket?,64,31,"Let's denote the amount of money Olivia spent at the supermarket as S.

From the information given, we can write the following equation:

106 - S - 49 = 26

Solving for S:

106 - 49 - 26 = S
21 = S

So, Olivia spent 21 dollars at the supermarket.

Therefore, the answer is 21 dollars.",neither
4,There were 106 dollars in Olivia's wallet. After she visited a supermarket and a showroom there were 26 dollars left. If she spent 49 dollars at the showroom How much did she spend at the supermarket?,Faye was placing her pencils and crayons into 30 rows with 71 crayons and 24 pencils in each row. How many pencils does she have?,31,720,"To find the total number of pencils, we need to multiply the number of rows by the number of pencils in each row.

Number of rows = 30
Number of pencils in each row = 24

Total number of pencils = Number of rows × Number of pencils in each row
= 30 × 24
= 720

Therefore, Faye has 720 pencils. 

#### 720",text
5,Faye was placing her pencils and crayons into 30 rows with 71 crayons and 24 pencils in each row. How many pencils does she have?,Ed had 10 more marbles than Doug. Doug lost 11 of his marbles at the playground. If Ed had 45 marbles How many more marbles did Ed have than Doug then?,720,21,"Let's denote the number of marbles Doug had as D. According to the problem, Ed had 10 more marbles than Doug, so we can write the equation: E = D + 10. We are also told that Ed had 45 marbles, so E = 45. Now we can substitute the value of E in the equation: 45 = D + 10. Solving for D, we get D = 35. Doug lost 11 of his marbles, so now he has D - 11 = 35 - 11 = 24 marbles. To find out how many more marbles Ed has than Doug, we subtract the number of marbles Doug has from the number of marbles Ed has: E - D = 45 - 24 = 21. Therefore, Ed has 21 more marbles than Doug. The answer is 21.",text
6,Ed had 10 more marbles than Doug. Doug lost 11 of his marbles at the playground. If Ed had 45 marbles How many more marbles did Ed have than Doug then?,26 children were riding on the bus. At the bus stop 38 more children got on the bus. How many children are on the bus now?,21,64,26 + 38 = 64.,text
7,26 children were riding on the bus. At the bus stop 38 more children got on the bus. How many children are on the bus now?,Helen the hippo and her friends are preparing for thanksgiving at Helen's house. Helen baked 31 cookies yesterday 270 cookies this morning and 419 cookies the day before yesterday. How many cookies did Helen bake till last night?,64,450,"31 + 270 + 419 = 720 cookies
#### 720",neither
8,Helen the hippo and her friends are preparing for thanksgiving at Helen's house. Helen baked 31 cookies yesterday 270 cookies this morning and 419 cookies the day before yesterday. How many cookies did Helen bake till last night?,He then went to see the oranges being harvested. He found out that they harvest 66 sacks per day and that each sack containes 25 oranges. How many oranges will they have after 87 days of harvest?,450,143550,"To find the total number of oranges harvested after 87 days, we need to multiply the number of sacks harvested per day by the number of oranges in each sack, and then multiply that result by the number of days.

1. First, find the total number of sacks harvested after 87 days:
   \[
   \text{Total sacks} = 66 \times 87
   \]

2. Then, find the total number of oranges by multiplying the total number of sacks by the number of oranges in each sack:
   \[
   \text{Total oranges} = \text{Total sacks} \times 25
   \]

Let's calculate these step by step.

1. \[
   \text{Total sacks} = 66 \times 87 = 5778
   \]

2. \[
   \text{Total oranges} = 5778 \times 25 = 144450
   \]

Therefore, after 87 days of harvest, they will have 144,450 oranges.

\[
\boxed{144450}
\]",neither
9,He then went to see the oranges being harvested. He found out that they harvest 66 sacks per day and that each sack containes 25 oranges. How many oranges will they have after 87 days of harvest?,An industrial machine made 9 shirts yesterday and 44 shirts today. It can make 3 shirts a minute. How many minutes did the machine work yesterday?,143550,3,"To find out how many minutes the machine worked yesterday, we need to determine how many shirts it made yesterday and then calculate the time it took to make those shirts.

1. Calculate the total number of shirts made yesterday:
   The machine made 9 shirts yesterday.

2. Calculate the total number of shirts made today:
   The machine made 44 shirts today.

3. Calculate the total number of shirts made in two days:
   Total shirts = Shirts made yesterday + Shirts made today
   Total shirts = 9 + 44
   Total shirts = 53

4. Calculate the time it took to make the shirts:
   The machine can make 3 shirts a minute. To find out how many minutes it took to make 53 shirts, we divide the total number of shirts by the number of shirts made per minute.
   Time = Total shirts / Shirts per minute
   Time = 53 / 3
   Time = 17.67 minutes

Since the machine can't work for a fraction of a minute, we can round this to the nearest whole number if necessary. However, the question asks for the number of minutes worked yesterday, and since the machine was working continuously, we can assume it",neither
10,An industrial machine made 9 shirts yesterday and 44 shirts today. It can make 3 shirts a minute. How many minutes did the machine work yesterday?,Bryan took a look at his books and magazines. If he has 9 books and 46 magazines in each of his 10 bookshelves How many magazines does he have in total?,3,460,"46 * 10 = 460
9 * 10 = 90
460 + 90 = 550
#### 550",neither
11,Bryan took a look at his books and magazines. If he has 9 books and 46 magazines in each of his 10 bookshelves How many magazines does he have in total?,Dave had 17 apps on his phone. After adding some he had 18 left. How many apps did he add?,460,1,"17 + x = 18
x = 18 - 17
x = 1
Dave added 1 app.",text
12,Dave had 17 apps on his phone. After adding some he had 18 left. How many apps did he add?,Dan has $ 4. He bought a candy bar for $ 7 and a chocolate for $ 6. How much money did he spend buying the candy bar and chocolate?,1,13,"Add the price of a candy bar and the price of a chocolate:
$ 7 + $ 6 = $ 13
Dan spent $ 13. $ 13 is more than $ 4, so he does not have enough money.",neither
13,Dan has $ 4. He bought a candy bar for $ 7 and a chocolate for $ 6. How much money did he spend buying the candy bar and chocolate?,The bananas in Philip's collection are organized into 196 groups. If there are a total of 392 bananas in Philip's banana collection How big is each group?,13,2,"To find the size of each group, we need to divide the total number of bananas by the number of groups. So, we have:

392 ÷ 196 = 2

Therefore, each group has 2 bananas. 

#### 2",text
14,The bananas in Philip's collection are organized into 196 groups. If there are a total of 392 bananas in Philip's banana collection How big is each group?,The cave is 1218 feet deep and they are already at 849 feet. If they are travelling at speed of 17 How much farther until they reach the end of the cave?,2,369,"To find out how much farther they have to travel, we need to subtract the distance they have already travelled from the total depth of the cave.

Total depth of the cave = 1218 feet
Distance already travelled = 849 feet

Distance remaining = Total depth - Distance already travelled
= 1218 feet - 849 feet
= 369 feet

So, they have 369 feet more to travel until they reach the end of the cave.

Therefore, the answer is 369 feet.",text
15,The cave is 1218 feet deep and they are already at 849 feet. If they are travelling at speed of 17 How much farther until they reach the end of the cave?,The Ferris wheel in paradise park has 4 seats. If 20 people can ride the wheel at the same time How many people can each seat hold?,369,5,"20 / 4 = 5
#### 5",text
16,The Ferris wheel in paradise park has 4 seats. If 20 people can ride the wheel at the same time How many people can each seat hold?,A farmer had 177 tomatoes and 12 potatoes in his garden. If he picked 53 tomatoes How many tomatoes and potatoes does he have left?,5,136,"The farmer had 177 tomatoes and 12 potatoes.
He picked 53 tomatoes, so he has 177 - 53 = 124 tomatoes left.
He also has 12 potatoes, so in total, he has 124 + 12 = 136 tomatoes and potatoes left.
Therefore, the answer is 136.",text
17,A farmer had 177 tomatoes and 12 potatoes in his garden. If he picked 53 tomatoes How many tomatoes and potatoes does he have left?,Danny collects bottle caps. He lost 66 bottle caps at the park. Now he has 25 bottle caps in his collection. How many bottle caps did danny have at first?,136,91,"Let x be the number of bottle caps Danny had at first. Then, x - 66 = 25. Solving for x, we get x = 91. Therefore, Danny had 91 bottle caps at first.  Therefore, the answer is 91.",text
18,Danny collects bottle caps. He lost 66 bottle caps at the park. Now he has 25 bottle caps in his collection. How many bottle caps did danny have at first?,"Jack received 4 emails in the morning, 5 emails in the afternoon and 8 emails in the evening. How many emails did Jack receive in the afternoon and evening?",91,13,"5 + 8 = 13 emails
Jack received 13 emails in the afternoon and evening.
#### 13",text
19,"Jack received 4 emails in the morning, 5 emails in the afternoon and 8 emails in the evening. How many emails did Jack receive in the afternoon and evening?",Paco had 22 sweet cookies and 75 salty cookies. He ate 15 sweet cookies and 54 salty cookies. How many sweet cookies did Paco have left?,13,7,"Paco had 22 sweet cookies and ate 15 of them, so he has 22 - 15 = 7 sweet cookies left.
Paco had 75 salty cookies and ate 54 of them, so he has 75 - 54 = 21 salty cookies left.
Therefore, Paco has 7 sweet cookies and 21 salty cookies left.
The answer is 7.",text
20,Paco had 22 sweet cookies and 75 salty cookies. He ate 15 sweet cookies and 54 salty cookies. How many sweet cookies did Paco have left?,The ring toss game at the carnival made the same amount of money each day. In total in 5 days they earned 165 dollars. How much did they make per day?,7,33,"To find out how much money the ring toss game made per day, we need to divide the total amount of money earned by the number of days.

1. Total amount of money earned: $165
2. Number of days: 5

Now, we divide the total amount by the number of days:

$165 ÷ 5 = $33

So, the ring toss game made $33 per day.

Therefore, the answer is $33 per day.",text
21,The ring toss game at the carnival made the same amount of money each day. In total in 5 days they earned 165 dollars. How much did they make per day?,Dave had 24 files and 13 apps on his phone. After deleting some apps and files he had 17 apps and 21 files left. How many files did he delete?,33,3,"To find out how many files Dave deleted, we can use the information given to set up an equation. We know that Dave started with 24 files, and after deleting some, he had 21 files left. Let's denote the number of files Dave deleted as \(x\).

The equation to represent this situation is:
\[24 - x = 21\]

To solve for \(x\), we need to isolate \(x\) on one side of the equation. We can do this by subtracting 21 from both sides of the equation:
\[24 - 21 = x\]

Simplifying the left side of the equation gives us:
\[3 = x\]

Therefore, Dave deleted 3 files. The answer is:
\[
\boxed{3}
\]",text
22,Dave had 24 files and 13 apps on his phone. After deleting some apps and files he had 17 apps and 21 files left. How many files did he delete?,In a school there are 569 girls and 236 boys. How many more girls than boys does the school have?,3,333,"569 - 236 = 333
The school has 333 more girls than boys.
#### 333",text
23,In a school there are 569 girls and 236 boys. How many more girls than boys does the school have?,Rebecca wants to split a collection of eggs into groups of 11. If each group has 2 eggs How many eggs does Rebecca have?,333,22,"Let x be the number of eggs. Then x is divisible by 11 and x is divisible by 2. The least common multiple of 11 and 2 is 22. The smallest number that is divisible by both 11 and 2 is 22. Therefore, x = 22.  Therefore, the answer is 22.",text
24,Rebecca wants to split a collection of eggs into groups of 11. If each group has 2 eggs How many eggs does Rebecca have?,Mary is baking a cake. The recipe calls for 7 cups of sugar and 10 cups of flour. She already put in 4 cups of sugar. How many more cups of sugar does she need to add?,22,3,"To find out how many more cups of sugar Mary needs to add, we need to subtract the amount of sugar she has already added from the total amount required.

1. Start with the total amount of sugar required: 7 cups.
2. Subtract the amount of sugar already added: 4 cups.

7 cups - 4 cups = 3 cups

Mary needs to add 3 more cups of sugar to the cake. Therefore, the answer is 3.",text
25,Mary is baking a cake. The recipe calls for 7 cups of sugar and 10 cups of flour. She already put in 4 cups of sugar. How many more cups of sugar does she need to add?,Dave had 21 apps on his phone. He added 89 new apps. After deleting some he had 24 left. How many more apps did he add than he deleted?,3,3,"Step 1: Find the total number of apps Dave had after adding new ones.
21 + 89 = 110 apps

Step 2: Find the number of apps Dave deleted.
110 - 24 = 86 apps

Step 3: Find the difference between the number of apps added and deleted.
89 - 86 = 3 apps

Dave added 3 more apps than he deleted. Therefore, the answer is 3 apps.",ambiguous
26,Dave had 21 apps on his phone. He added 89 new apps. After deleting some he had 24 left. How many more apps did he add than he deleted?,During summer break 202958 kids from Lawrence county go to camp and the other 777622 kids stay home. How many more kids stayed home compared to those who went to the camp?,3,574664,"To find out how many more kids stayed home compared to those who went to the camp, we need to subtract the number of kids who went to camp from the number of kids who stayed home.

777622 (kids who stayed home) - 202958 (kids who went to camp) = 574664

So, 574,664 more kids stayed home compared to those who went to the camp.

#### 574664",text
27,During summer break 202958 kids from Lawrence county go to camp and the other 777622 kids stay home. How many more kids stayed home compared to those who went to the camp?,The grasshopper and the frog had a jumping contest. The grasshopper jumped 13 inches. The grasshopper jumped 2 inches farther than the grasshopper. How far did the frog jump?,574664,11,"The grasshopper jumped 13 inches.
The grasshopper jumped 2 inches farther than the frog.
So, the frog jumped 13 - 2 = 11 inches.
Therefore, the frog jumped 11 inches.
#### 11",text
28,The grasshopper and the frog had a jumping contest. The grasshopper jumped 13 inches. The grasshopper jumped 2 inches farther than the grasshopper. How far did the frog jump?,Allan brought 3 balloons and 20 balls while Jake brought 5 balloons and 59 balls to the park. How many balloons did Allan and Jake have in the park?,11,8,"Allan had 3 balloons and Jake had 5 balloons. So, the total number of balloons they had in the park is 3 + 5 = 8 balloons. Therefore, the answer is 8 balloons.",text
29,Allan brought 3 balloons and 20 balls while Jake brought 5 balloons and 59 balls to the park. How many balloons did Allan and Jake have in the park?,He then went to see the oranges being harvested. He found out that they harvest 8 sacks per day. How many days will it take to harvest 24 sacks of oranges?,8,3,"To find out how many days it will take to harvest 24 sacks of oranges, we need to divide the total number of sacks by the number of sacks harvested per day.

24 sacks ÷ 8 sacks/day = 3 days

Therefore, it will take 3 days to harvest 24 sacks of oranges.

#### 3",text
30,He then went to see the oranges being harvested. He found out that they harvest 8 sacks per day. How many days will it take to harvest 24 sacks of oranges?,Every day Ryan spends 6 hours on learning english and 5 hours on learning chinese. If he learns for 2 days How many hours does he spend on learning english in all?,3,12,"6 * 2 = 12 hours
Answer: 12",text
31,Every day Ryan spends 6 hours on learning english and 5 hours on learning chinese. If he learns for 2 days How many hours does he spend on learning english in all?,Baker made 144 cakes. He sold 71 of them. Then he made 111 more cakes. How many more cakes did baker make than those he sold?,12,184,"Baker made 144 cakes and sold 71 of them, so he has 144 - 71 = 73 cakes left.
Then he made 111 more cakes, so he has 73 + 111 = 184 cakes in total.
To find out how many more cakes he made than those he sold, we subtract the number of cakes he sold from the total number of cakes he made: 184 - 71 = 113.
So, baker made 113 more cakes than those he sold.
#### 113",neither
32,Baker made 144 cakes. He sold 71 of them. Then he made 111 more cakes. How many more cakes did baker make than those he sold?,There were 12 people on the bus. At the next stop 4 more people got on the bus. Each bus can not have more than 36 people. How many people are there on the bus now?,184,16,"12 + 4 = 16
16 is less than 36, so the number of people on the bus now is 16.
#### 16",text
33,There were 12 people on the bus. At the next stop 4 more people got on the bus. Each bus can not have more than 36 people. How many people are there on the bus now?,Allan brought 5 balloons and Jake brought 6 balloons to the park. Jake then bought 3 more balloons at the park. How many balloons did Jake bring to the park?,16,9,"Step 1: Find the total number of balloons Jake brought to the park by adding the balloons he initially brought and the balloons he bought at the park.
5 + 6 = 11 balloons
Step 2: Find the total number of balloons Jake brought to the park by adding the balloons he initially brought and the balloons he bought at the park.
11 + 3 = 14 balloons
So, Jake brought 14 balloons to the park.
#### 14",neither
34,Allan brought 5 balloons and Jake brought 6 balloons to the park. Jake then bought 3 more balloons at the park. How many balloons did Jake bring to the park?,An industrial machine worked for 5 minutes. It can make 4 shirts a minute. How many shirts did machine make?,9,20,"4 × 5 = 20
#### 20",text
35,An industrial machine worked for 5 minutes. It can make 4 shirts a minute. How many shirts did machine make?,Paco had 9 sweet cookies and 6 salty cookies. He ate 36 sweet cookies and 3 salty cookies. How many salty cookies did Paco have left?,20,3,"Paco started with 6 salty cookies. He ate 3 of them, so he has 6 - 3 = 3 salty cookies left. Therefore, Paco has 3 salty cookies left. The answer is 3.",text
36,Paco had 9 sweet cookies and 6 salty cookies. He ate 36 sweet cookies and 3 salty cookies. How many salty cookies did Paco have left?,A book has 3 chapters. The first chapter is 66 pages long the second chapter is 35 pages long and the third chapter is 24 pages long. How many pages does the book have altogether?,3,125,"66 + 35 + 24 = 125
The book has 125 pages.",text
37,A book has 3 chapters. The first chapter is 66 pages long the second chapter is 35 pages long and the third chapter is 24 pages long. How many pages does the book have altogether?,Some children were riding on the bus. At the bus stop 2 more children got on the bus. Then there were 41 children altogether on the bus. How many children were riding on the bus before the bus stop?,125,39,"Let x be the number of children on the bus before the bus stop.
x + 2 = 41
x = 41 - 2
x = 39
There were 39 children on the bus before the bus stop.  <ANSWER>",text
38,Some children were riding on the bus. At the bus stop 2 more children got on the bus. Then there were 41 children altogether on the bus. How many children were riding on the bus before the bus stop?,Rebecca wants to split a collection of eggs into 3 groups. Rebecca has 4 marbles and 15 eggs. How many eggs will each group have?,39,5,"To find out how many eggs each group will have, we need to divide the total number of eggs by the number of groups. In this case, we have 15 eggs and 3 groups. So, we will divide 15 by 3.

15 ÷ 3 = 5

Each group will have 5 eggs. Therefore, the answer is 5 eggs per group.

#### <5>",text
39,Rebecca wants to split a collection of eggs into 3 groups. Rebecca has 4 marbles and 15 eggs. How many eggs will each group have?,After finding some bottle caps at the park danny has 32 bottle caps in his collection. If he had 25 bottle caps in his collection earlier How many bottle caps did he find at the park?,5,7,"To find out how many bottle caps Danny found at the park, we need to subtract the number of bottle caps he had earlier from the total number of bottle caps he has now. So, we perform the following calculation: 32 - 25 = 7. Therefore, Danny found 7 bottle caps at the park. The answer is 7.",text
40,After finding some bottle caps at the park danny has 32 bottle caps in his collection. If he had 25 bottle caps in his collection earlier How many bottle caps did he find at the park?,"Julia played tag with 15 kids on monday, 18 kids on tuesday and 97 kids on wednesday. How many kids did she play with on monday and tuesday?",7,33,"15 + 18 = 33
#### <33>",text
41,"Julia played tag with 15 kids on monday, 18 kids on tuesday and 97 kids on wednesday. How many kids did she play with on monday and tuesday?",In Haley's class some boys love to play marbles. If Haley has 10 marbles and she gave 5 marbles to each boy How many boys did she give the marbles to?,33,2,"To find out how many boys Haley gave marbles to, we need to divide the total number of marbles she had by the number of marbles she gave to each boy.

10 ÷ 5 = 2

Haley gave marbles to 2 boys. Therefore, the answer is 2 boys.

#### 2",text
42,In Haley's class some boys love to play marbles. If Haley has 10 marbles and she gave 5 marbles to each boy How many boys did she give the marbles to?,After resting they decided to go for a swim. If the depth of the water is 10 times Dean's height and he stands at 9 feet How much deeper is the water than Dean's height?,2,81,"To find out how much deeper the water is than Dean's height, we need to calculate 10 times Dean's height and then subtract Dean's height from that result.

1. Calculate 10 times Dean's height:
\[ 10 \times 9 \text{ feet} = 90 \text{ feet} \]

2. Subtract Dean's height from the result:
\[ 90 \text{ feet} - 9 \text{ feet} = 81 \text{ feet} \]

Therefore, the water is 81 feet deeper than Dean's height.

\[
\boxed{81}
\]",text
43,After resting they decided to go for a swim. If the depth of the water is 10 times Dean's height and he stands at 9 feet How much deeper is the water than Dean's height?,A book has 3 chapters. The first chapter is 91 pages long the second chapter is 23 pages long and the third chapter is 25 pages long. How many more pages does the first chapter have than the second chapter?,81,68,"91 - 23 = 68
The first chapter has 68 more pages than the second chapter.
#### 68",text
44,A book has 3 chapters. The first chapter is 91 pages long the second chapter is 23 pages long and the third chapter is 25 pages long. How many more pages does the first chapter have than the second chapter?,"After eating a hearty meal they went to see the Buckingham palace. There, Rachel learned that 317 visitors came to the Buckingham palace that day. If there were 295 visitors the previous day How many more visitors visited the Buckingham palace on that day than on the previous day?",68,22,"317
- 295
22
22 more visitors visited the Buckingham palace on that day than on the previous day.
#### 22",text
45,"After eating a hearty meal they went to see the Buckingham palace. There, Rachel learned that 317 visitors came to the Buckingham palace that day. If there were 295 visitors the previous day How many more visitors visited the Buckingham palace on that day than on the previous day?",The Razorback t-shirt shop made $ 51 dollars from selling 3 t-shirt during the Arkansas and Texas tech game they. What is the cost of each t-shirt?,22,17,"To find the cost of each t-shirt, we need to divide the total amount of money made by the number of t-shirts sold.
$ 51 ÷ 3 = $ 17
Therefore, the cost of each t-shirt is $ 17.
#### <17>",text
46,The Razorback t-shirt shop made $ 51 dollars from selling 3 t-shirt during the Arkansas and Texas tech game they. What is the cost of each t-shirt?,"Jack received 3 emails in the morning, 4 emails in the afternoon and 8 emails in the evening. How many emails did Jack receive in the morning and evening?",17,11,"The number of emails Jack received in the morning and evening is 3 + 8 = 11. Therefore, Jack received 11 emails in the morning and evening.",text
47,"Jack received 3 emails in the morning, 4 emails in the afternoon and 8 emails in the evening. How many emails did Jack receive in the morning and evening?",Lawrence county has 313473 kids. During summer break 274865 kids stay home and the rest go to camp. How many kids go to the camp during the break?,11,38608,"To find out how many kids go to the camp, we need to subtract the number of kids who stay home from the total number of kids in Lawrence county.

Total number of kids = 313473
Number of kids who stay home = 274865

Number of kids who go to the camp = Total number of kids - Number of kids who stay home
= 313473 - 274865
= 38608

So, 38608 kids go to the camp during the break.

#### 38608",text
48,Lawrence county has 313473 kids. During summer break 274865 kids stay home and the rest go to camp. How many kids go to the camp during the break?,The grasshopper and the frog had a jumping contest. The grasshopper jumped 35 inches. The grasshopper jumped 4 inches farther than the frog. How much did they jump altogether?,38608,66,"The grasshopper jumped 35 inches. The grasshopper jumped 4 inches farther than the frog. So, the frog jumped 35 - 4 = 31 inches. The grasshopper and the frog jumped 35 + 31 = 66 inches altogether. Therefore, the answer is 66.",text
49,The grasshopper and the frog had a jumping contest. The grasshopper jumped 35 inches. The grasshopper jumped 4 inches farther than the frog. How much did they jump altogether?,Winter is almost here and most animals are migrating to warmer countries. There are 3 bird families living near the mountain. 26 new bird families came to live near the mountain from the arctic while 2 bird families flew away further south for winter. How many bird families were left near the mountain?,66,27,"There were 3 bird families living near the mountain.
26 new bird families came to live near the mountain from the arctic.
2 bird families flew away further south for winter.
To find out how many bird families were left near the mountain, we need to add the number of bird families that came to live near the mountain to the number of bird families that were already living there, and then subtract the number of bird families that flew away.
So, the number of bird families left near the mountain is 3 + 26 - 2 = 27.
Therefore, there were 27 bird families left near the mountain.
#### 27",text
50,Winter is almost here and most animals are migrating to warmer countries. There are 3 bird families living near the mountain. 26 new bird families came to live near the mountain from the arctic while 2 bird families flew away further south for winter. How many bird families were left near the mountain?,Adam could fit 8 action figures and 10 cabinets on each shelf in his room. His room has 4 shelves. How many total items could his shelves hold?,27,72,"To find the total number of items Adam's shelves could hold, we need to calculate the total number of action figures and cabinets he could fit on all the shelves.

First, let's find out how many action figures he could fit on all the shelves:
- He could fit 8 action figures on each shelf.
- His room has 4 shelves.
So, the total number of action figures he could fit is \(8 \times 4 = 32\).

Next, let's find out how many cabinets he could fit on all the shelves:
- He could fit 10 cabinets on each shelf.
- His room has 4 shelves.
So, the total number of cabinets he could fit is \(10 \times 4 = 40\).

Finally, to find the total number of items his shelves could hold, we add the total number of action figures and cabinets:
- Total action figures = 32
- Total cabinets = 40
So, the total number of items his shelves could hold is \(32 + 40 = 72\).

Therefore, Adam's shelves could hold a total of 72 items. The answer is \(72\).",text
51,Adam could fit 8 action figures and 10 cabinets on each shelf in his room. His room has 4 shelves. How many total items could his shelves hold?,Robin's hair was 16 inches long. He cut off 11 inches. Then it again grew by 12 inches. How long is his hair now?,72,17,"16 - 11 = 5
5 + 12 = 17
Robin's hair is now 17 inches long.
#### 17",text
52,Robin's hair was 16 inches long. He cut off 11 inches. Then it again grew by 12 inches. How long is his hair now?,Friends of Katie had 57 games and she had 63 ds games. How many more games does Katie have than her friends?,17,6,"57 + 63 = 120
120 - 57 = 63
Katie has 63 more games than her friends.
#### 63",neither
53,Friends of Katie had 57 games and she had 63 ds games. How many more games does Katie have than her friends?,Lucy went to the grocery store. She bought 10 packs of cookie and 4 packs of cake. How many more packs of cookie did she buy over cake?,6,6,"10 - 4 = 6
#### 6",ambiguous
54,Lucy went to the grocery store. She bought 10 packs of cookie and 4 packs of cake. How many more packs of cookie did she buy over cake?,"6 red peaches, 90 yellow peaches and 16 green peaches are in the basket. How many red and green peaches are in the basket?",6,22,"6 + 16 = 22
22 red and green peaches",text
55,"6 red peaches, 90 yellow peaches and 16 green peaches are in the basket. How many red and green peaches are in the basket?",Mary is baking a cake. The recipe calls for 10 cups of flour 2 cups of sugar and 80 cups of salt. She already put in 7 cups of flour. How many more cups of flour than cups of sugar does she need to add now?,22,1,"To find out how many more cups of flour than cups of sugar Mary needs to add, we first need to determine how many cups of flour and sugar she has already added.

She has already added 7 cups of flour. The recipe calls for a total of 10 cups of flour. So, she still needs to add 10 - 7 = 3 more cups of flour.

The recipe calls for 2 cups of sugar. Since she has already added 2 cups of sugar, she has used all the sugar required by the recipe.

To find out how many more cups of flour than cups of sugar she needs to add, we subtract the number of cups of sugar from the number of cups of flour she still needs to add:

3 (cups of flour) - 2 (cups of sugar) = 1 more cup of flour than cups of sugar.

Therefore, Mary needs to add 1 more cup of flour than cups of sugar. The answer is 1.",text
56,Mary is baking a cake. The recipe calls for 10 cups of flour 2 cups of sugar and 80 cups of salt. She already put in 7 cups of flour. How many more cups of flour than cups of sugar does she need to add now?,Paco had 17 cookies. He ate 14 cookies and gave 13 of them to his friend. How many more cookies did he eat than those he gave to his friend?,1,1,"Step 1: Find how many cookies Paco ate.
17 - 14 = 3 cookies

Step 2: Find how many cookies Paco gave to his friend.
13 cookies

Step 3: Find how many more cookies Paco ate than those he gave to his friend.
3 - 13 = -10 cookies

However, since we cannot have a negative number of cookies, Paco ate 10 more cookies than those he gave to his friend. 

Therefore, the answer is 10 cookies.",ambiguous
57,Paco had 17 cookies. He ate 14 cookies and gave 13 of them to his friend. How many more cookies did he eat than those he gave to his friend?,In a school there are 315 girls and 309 boys. There are also 772 teachers How many people are there in that school?,1,1396,"315 + 309 + 772 = 1396
#### 1396",text
58,In a school there are 315 girls and 309 boys. There are also 772 teachers How many people are there in that school?,There are some baskets of peaches. Each basket has 4 red peaches and 3 green peaches. If there are a total of 7 peaches in all baskets How many baskets of peaches are there?,1396,1,"Let x be the number of baskets of peaches.
4x + 3x = 7
7x = 7
x = 1
There is 1 basket of peaches. 
#### 1",text
59,There are some baskets of peaches. Each basket has 4 red peaches and 3 green peaches. If there are a total of 7 peaches in all baskets How many baskets of peaches are there?,Jessie currently weighs 27 kilograms. After she started to go jogging everyday she lost 101 kilograms. How much did she weigh before starting to jog?,1,128,"To find out how much Jessie weighed before starting to jog, we need to add the weight she lost to her current weight. The weight she lost is 101 kilograms, and her current weight is 27 kilograms. So, we add 101 and 27 together.

101 + 27 = 128

Therefore, Jessie weighed 128 kilograms before she started to jog. The answer is 128.",text
60,Jessie currently weighs 27 kilograms. After she started to go jogging everyday she lost 101 kilograms. How much did she weigh before starting to jog?,David did 51 push-ups in gym class today. David did 49 more push-ups than Zachary. How many push-ups did Zachary and David do altogether?,128,53,"Step 1: Find how many push-ups Zachary did.
David did 49 more push-ups than Zachary, so Zachary did 51 - 49 = 2 push-ups.
Step 2: Find how many push-ups Zachary and David did altogether.
Zachary did 2 push-ups and David did 51 push-ups, so they did 2 + 51 = 53 push-ups altogether.
The answer is 53.",text
61,David did 51 push-ups in gym class today. David did 49 more push-ups than Zachary. How many push-ups did Zachary and David do altogether?,In a school there are 362 boys and 257 girls. 403 more girls joined the school. How many more girls than boys does the school have?,53,298,"Step 1: Find the total number of girls in the school after 403 more girls joined.
257 (initial number of girls) + 403 (additional girls) = 660 girls

Step 2: Find the total number of students in the school.
362 (initial number of boys) + 660 (total number of girls) = 1022 students

Step 3: Find the difference between the number of girls and boys in the school.
660 (total number of girls) - 362 (initial number of boys) = 300

The school has 300 more girls than boys. Therefore, the answer is 300.",neither
62,In a school there are 362 boys and 257 girls. 403 more girls joined the school. How many more girls than boys does the school have?,Josh had 22 marbles in his collection. He found 13 marbles ones while he lost 5 marbles. How many marbles does he have now?,298,30,"Josh had 22 marbles.
He found 13 more marbles, so he had 22 + 13 = 35 marbles.
He lost 5 marbles, so he had 35 - 5 = 30 marbles now.
The answer is 30.",text
63,Josh had 22 marbles in his collection. He found 13 marbles ones while he lost 5 marbles. How many marbles does he have now?,"After eating a hearty meal they went to see the Buckingham palace. There were 39 paintings in the Buckingham palace. There, Rachel learned that 661 visitors came to the Buckingham palace that day. If there were 600 visitors the previous day How many more visitors visited the Buckingham palace on that day than on the previous day?",30,61,"661 visitors came to the Buckingham palace on that day.
600 visitors came to the Buckingham palace the previous day.
To find out how many more visitors came to the Buckingham palace on that day than on the previous day, we subtract the number of visitors on the previous day from the number of visitors on that day.
661 visitors - 600 visitors = 61 visitors
Therefore, 61 more visitors visited the Buckingham palace on that day than on the previous day. 
#### 61",text
64,"After eating a hearty meal they went to see the Buckingham palace. There were 39 paintings in the Buckingham palace. There, Rachel learned that 661 visitors came to the Buckingham palace that day. If there were 600 visitors the previous day How many more visitors visited the Buckingham palace on that day than on the previous day?",Nell collects baseball cards. She had 566 cards while Jeff had 234 cards. She gave some of her cards to Jeff and now has 535 cards left. How many cards does Jeff have now?,61,265,"To find out how many cards Jeff has now, we need to follow these steps:

1. Determine how many cards Nell gave to Jeff.
2. Add the number of cards Nell gave to Jeff to the number of cards Jeff initially had.
3. Subtract the number of cards Nell gave to Jeff from the number of cards she initially had.

Let's calculate:

1. Nell initially had 566 cards and now has 535 cards left. So, she gave away:
   \[
   566 - 535 = 31 \text{ cards}
   \]

2. Jeff initially had 234 cards. After receiving 31 cards from Nell, he now has:
   \[
   234 + 31 = 265 \text{ cards}
   \]

3. Therefore, Jeff now has 265 cards.

#### <265>",text
65,Nell collects baseball cards. She had 566 cards while Jeff had 234 cards. She gave some of her cards to Jeff and now has 535 cards left. How many cards does Jeff have now?,Randy uses 36 blocks to build a tower. If he had 59 blocks How many blocks are left?,265,23,"59 - 36 = 23
#### 23",text
66,Randy uses 36 blocks to build a tower. If he had 59 blocks How many blocks are left?,At the stop 8 more people got on the train. Initially there were 11 people on the train. How many people are there on the train now?,23,19,"11 + 8 = 19
#### 19",text
67,At the stop 8 more people got on the train. Initially there were 11 people on the train. How many people are there on the train now?,Rachel has 3 apple trees. She picked 8 apples from each of her trees. Now the trees have a total 9 apples still on them. How many apples were there on all trees initially?,19,33,"To find the total number of apples initially, we need to calculate the total number of apples picked and the number of apples remaining on the trees.

1. Calculate the total number of apples picked:
   Rachel picked 8 apples from each of her 3 apple trees.
   \( 8 \text{ apples/tree} \times 3 \text{ trees} = 24 \text{ apples} \)

2. Calculate the total number of apples initially:
   The trees have a total of 9 apples still on them.
   \( 24 \text{ apples (picked)} + 9 \text{ apples (remaining)} = 33 \text{ apples} \)

Therefore, there were initially 33 apples on all trees.

#### 33",text
68,Rachel has 3 apple trees. She picked 8 apples from each of her trees. Now the trees have a total 9 apples still on them. How many apples were there on all trees initially?,43 children were riding on the bus. At the bus stop some children got off the bus. Then there were 21 children left on the bus. How many children got off the bus at the bus stop?,33,22,"43 children were on the bus. After some children got off, there were 21 children left on the bus. To find out how many children got off the bus, we subtract the number of children left on the bus from the total number of children who were on the bus initially.

43 children - 21 children = 22 children

So, 22 children got off the bus at the bus stop. 

#### 22",text
69,43 children were riding on the bus. At the bus stop some children got off the bus. Then there were 21 children left on the bus. How many children got off the bus at the bus stop?,5 red peaches and 11 green peaches are in the basket. How many more green peaches than red peaches are in the basket?,22,6,"11 - 5 = 6
There are 6 more green peaches than red peaches in the basket.
#### 6",text
70,5 red peaches and 11 green peaches are in the basket. How many more green peaches than red peaches are in the basket?,Nell collects cards. She had 246 baseball cards and 214 Ace cards. She gave some of her cards to Jeff and now has 404 baseball cards and 495 Ace cards left. How many more Ace cards than baseball cards does Nell have?,6,91,"To find out how many more Ace cards than baseball cards Nell has, we need to follow these steps:

1. Determine how many baseball cards Nell gave to Jeff.
2. Determine how many Ace cards Nell gave to Jeff.
3. Calculate the difference between the number of Ace cards and baseball cards Nell has now.

Let's start with step 1:

Nell originally had 246 baseball cards. After giving some to Jeff, she has 404 baseball cards left. So, the number of baseball cards Nell gave to Jeff is:
\[ 246 - 404 = -158 \]

However, since we can't have a negative number of cards given away, this calculation indicates that Nell actually received 158 more baseball cards from Jeff, not gave them away. This means the original number of baseball cards Nell had was actually 404 (since she has 404 now and received 158 more).

Now, let's move to step 2:

Nell originally had 214 Ace cards. After giving some to Jeff, she has 495 Ace cards left. So, the number of Ace cards Nell gave to Jeff is:",neither
71,Nell collects cards. She had 246 baseball cards and 214 Ace cards. She gave some of her cards to Jeff and now has 404 baseball cards and 495 Ace cards left. How many more Ace cards than baseball cards does Nell have?,Each pack of dvds costs 76 dollars. If there is a discount of 25 dollars on each pack How much do you have to pay to buy each pack?,91,51,"To find the price of each pack after the discount, we need to subtract the discount from the original price of the pack.

Original price of each pack = $76
Discount on each pack = $25

Price after discount = Original price - Discount
= $76 - $25
= $51

Therefore, you have to pay $51 to buy each pack.

<ANSWER>",text
72,Each pack of dvds costs 76 dollars. If there is a discount of 25 dollars on each pack How much do you have to pay to buy each pack?,They decided to hold the party in their backyard. They have 14 chairs for each set of table. If they have 9 sets of tables How many more chairs than tables do they have?,51,117,"14 * 9 = 126
126 - 9 = 117
They have 117 more chairs than tables.
#### 117",text
73,They decided to hold the party in their backyard. They have 14 chairs for each set of table. If they have 9 sets of tables How many more chairs than tables do they have?,Next on his checklist is wax to stick the feathers together and colors to paint them. He needs a total of 57 g of colors to paint them. He needs 22 g of wax more. If the feathers require a total of 353 g of wax How many grams of wax does he already have?,117,331,"Let's denote the amount of wax the person already has as \(x\). According to the problem, the person needs a total of 353 grams of wax for the feathers, and they need 22 grams more than what they already have. This can be represented as:
\[x + 22 = 353\]

To find out how much wax the person already has, we need to solve for \(x\):
\[x = 353 - 22\]
\[x = 331\]

Therefore, the person already has 331 grams of wax. The answer is:
#### 331",text
74,Next on his checklist is wax to stick the feathers together and colors to paint them. He needs a total of 57 g of colors to paint them. He needs 22 g of wax more. If the feathers require a total of 353 g of wax How many grams of wax does he already have?,Frank was reading through his favorite book. The book had 2 chapters each with 405 pages. It took frank 664 days to finish the book. How many chapters did he read per day?,331,332,"To find out how many chapters Frank read per day, we first need to calculate the total number of chapters in the book. The book has 2 chapters, each with 405 pages. So, the total number of chapters is 2.

Next, we need to find out how many days it took Frank to read one chapter. We do this by dividing the total number of days he read the book by the total number of chapters.

Total number of days = 664 days
Total number of chapters = 2

Chapters read per day = Total number of days / Total number of chapters
Chapters read per day = 664 / 2
Chapters read per day = 332

So, Frank read 332 chapters per day.

#### <332>",text
75,Frank was reading through his favorite book. The book had 2 chapters each with 405 pages. It took frank 664 days to finish the book. How many chapters did he read per day?,Jerry had 5 action figures and 2 books on a shelf in his room. Later he added 9 more books to the shelf. How many more books than action figures were on his shelf?,332,6,"Step 1: Find the total number of books.
Jerry had 2 books and added 9 more books.
2 + 9 = 11 books

Step 2: Find the difference between the number of books and action figures.
Jerry had 11 books and 5 action figures.
11 - 5 = 6

There were 6 more books than action figures on the shelf. 
#### 6",text
76,Jerry had 5 action figures and 2 books on a shelf in his room. Later he added 9 more books to the shelf. How many more books than action figures were on his shelf?,Paul got a box of some crayons for his birthday. By the end of the school year he had either lost or given away 551 of them and only had 177 left. How many crayons did he get for his birthday?,6,728,"To find out how many crayons Paul got for his birthday, we need to add the number of crayons he lost or gave away to the number of crayons he has left. This is because the crayons he lost or gave away are no longer in his possession, and the crayons he has left are the ones he originally had minus the ones he lost or gave away.

So, we add 551 (the number of crayons he lost or gave away) and 177 (the number of crayons he has left):

551 + 177 = 728

Therefore, Paul got 728 crayons for his birthday. 

#### 728",text
77,Paul got a box of some crayons for his birthday. By the end of the school year he had either lost or given away 551 of them and only had 177 left. How many crayons did he get for his birthday?,Because of the decision Sofia asked the students to suggest specific types of food. If 324 students suggested adding mashed potatoes 374 suggested adding bacon to the menu and 128 suggested adding tomatoes How many students participated in the suggestion of new food items?,728,826,"Add the numbers of students who suggested each food item.
324 + 374 + 128 = 826
826 students participated in the suggestion of new food items.
#### 826",text
78,Because of the decision Sofia asked the students to suggest specific types of food. If 324 students suggested adding mashed potatoes 374 suggested adding bacon to the menu and 128 suggested adding tomatoes How many students participated in the suggestion of new food items?,A book has 31 chapters. Each chapter is 61 pages long. How many pages does the book have altogether?,826,1891,"To find the total number of pages in the book, we need to multiply the number of chapters by the number of pages per chapter.

Step 1: Identify the number of chapters and the number of pages per chapter.
- Number of chapters = 31
- Number of pages per chapter = 61

Step 2: Multiply the number of chapters by the number of pages per chapter.
- Total number of pages = Number of chapters × Number of pages per chapter
- Total number of pages = 31 × 61

Step 3: Perform the multiplication.
- 31 × 61 = 1891

Therefore, the book has 1891 pages altogether.

#### <1891>",text
79,A book has 31 chapters. Each chapter is 61 pages long. How many pages does the book have altogether?,The school is planning a field trip. The school has 67 classrooms. There are 66 students in each classroom in the school. If there are 6 seats on each school bus How many buses are needed to take the trip?,1891,737,67 * 66 = 4462 4462 / 6 = 744.6666666666667 745 / 6 = 124.16666666666667 125 / 6 = 21.666666666666667 22 / 6 = 3.6666666666666665 4 / 6 = 0.6666666666666666 1 / 6 = 0.16666666666666667 0.16666666666666667 * 6 = 1,neither
80,The school is planning a field trip. The school has 67 classrooms. There are 66 students in each classroom in the school. If there are 6 seats on each school bus How many buses are needed to take the trip?,Bobby ate 33 pieces of candy. Then he ate 4 more. He also ate 14 pieces of chocolate. How many pieces of candy and chocolate did Bobby eat altogether?,737,51,"33
+ 4
+ 14
------
51
#### 51",text
81,Bobby ate 33 pieces of candy. Then he ate 4 more. He also ate 14 pieces of chocolate. How many pieces of candy and chocolate did Bobby eat altogether?,Paco had 36 cookies. He gave 14 cookies to his friend and ate 10 cookies. How many cookies did Paco have left?,51,12,"Paco started with 36 cookies.
He gave away 14 cookies, so he had 36 - 14 = 22 cookies left.
Then he ate 10 cookies, so he had 22 - 10 = 12 cookies left.
Therefore, Paco had 12 cookies left.
#### 12",text
82,Paco had 36 cookies. He gave 14 cookies to his friend and ate 10 cookies. How many cookies did Paco have left?,Paige raised 15 goldfish in the pond but stray cats loved eating them. 5 were eaten. How many goldfish remained?,12,10,"15 - 5 = 10
#### 10",text
83,Paige raised 15 goldfish in the pond but stray cats loved eating them. 5 were eaten. How many goldfish remained?,During summer break 61619 kids from Lawrence county stayed home and the rest went to camp. The total number of kids in Lawrence county is 91676. About how many kids in Lawrence county went to camp?,10,30057,"To find out how many kids went to camp, we need to subtract the number of kids who stayed home from the total number of kids in Lawrence county.

Total number of kids in Lawrence county = 91676
Number of kids who stayed home = 61619

Number of kids who went to camp = Total number of kids - Number of kids who stayed home
= 91676 - 61619
= 30057

So, about 30057 kids in Lawrence county went to camp. 

Therefore, the answer is 30057.",text
84,During summer break 61619 kids from Lawrence county stayed home and the rest went to camp. The total number of kids in Lawrence county is 91676. About how many kids in Lawrence county went to camp?,2 children were riding on the bus. At the bus stop some more children got on the bus. Then there were 10 children altogether on the bus. How many more children are on the bus now than there were before the bus stop?,30057,8,10 children are on the bus now. 2 children were on the bus before the bus stop. 10 - 2 = 8 more children are on the bus now than there were before the bus stop. The answer is 8.,text
85,2 children were riding on the bus. At the bus stop some more children got on the bus. Then there were 10 children altogether on the bus. How many more children are on the bus now than there were before the bus stop?,3 birds were sitting on the fence. 2 more birds and 6 more storks came to join them. How many more storks than birds are sitting on the fence?,8,1,"2 birds + 6 storks = 8
3 birds + 8 = 11
11 - 8 = 3
#### 3",neither
86,3 birds were sitting on the fence. 2 more birds and 6 more storks came to join them. How many more storks than birds are sitting on the fence?,The Ferris wheel in paradise park has 6 seats. Each seat can hold 14 people. If there are 16 people on the wheel right now How many more people can join the wheel?,1,68,"14 * 6 = 84
84 - 16 = 68
68 people can join the wheel.
#### 68",text
87,The Ferris wheel in paradise park has 6 seats. Each seat can hold 14 people. If there are 16 people on the wheel right now How many more people can join the wheel?,He then went to see the oranges being harvested. He found out that they harvest 74 sacks per day and discard 71 of them. How many sacks of oranges will they have after 51 days of harvest?,68,153,"To find out how many sacks of oranges they will have after 51 days of harvest, we need to calculate the total number of sacks harvested and then subtract the number of sacks discarded.

1. Calculate the total number of sacks harvested in 51 days:
   \[
   \text{Total sacks harvested} = \text{Sacks per day} \times \text{Number of days}
   \]
   \[
   \text{Total sacks harvested} = 74 \times 51
   \]
   \[
   \text{Total sacks harvested} = 3784
   \]

2. Calculate the total number of sacks discarded in 51 days:
   \[
   \text{Total sacks discarded} = \text{Sacks per day} \times \text{Number of days}
   \]
   \[
   \text{Total sacks discarded} = 71 \times 51
   \]
   \[
   \text{Total sacks discarded} = 3631
   \]

3. Calculate the total number of sacks remaining after 51 days of harvest:
   \[
   \text{Total sacks remaining} = \text{Total sacks",neither
88,He then went to see the oranges being harvested. He found out that they harvest 74 sacks per day and discard 71 of them. How many sacks of oranges will they have after 51 days of harvest?,The Razorback shop makes $ 115 dollars off each jersey and $ 25 off each t-shirt. During the Arkansas and Texas tech game they sold 113 t-shirts and 78 jerseys. How much more does a jersey cost than a t-shirt?,153,90,"To find out how much more a jersey costs than a t-shirt, we need to calculate the total revenue from each type of item and then find the difference in their costs.

First, let's calculate the total revenue from the t-shirts:
- Each t-shirt makes $ 25.
- They sold 113 t-shirts.
So, the total revenue from t-shirts is $ 25 * 113 = $ 2825.

Next, let's calculate the total revenue from the jerseys:
- Each jersey makes $ 115.
- They sold 78 jerseys.
So, the total revenue from jerseys is $ 115 * 78 = $ 8970.

Now, we need to find out how much more a jersey costs than a t-shirt. To do this, we subtract the total revenue from t-shirts from the total revenue from jerseys:
$ 8970 (from jerseys) - $ 2825 (from t-shirts) = $ 6145.

However, this $ 6145 represents the total difference in revenue, not the difference in cost per item. To find the difference in cost per item, we need to divide this total difference",neither
89,The Razorback shop makes $ 115 dollars off each jersey and $ 25 off each t-shirt. During the Arkansas and Texas tech game they sold 113 t-shirts and 78 jerseys. How much more does a jersey cost than a t-shirt?,Next on his checklist is wax to stick the feathers together and colors to paint them. He needs a total of 49 g of colors to paint them. If the feathers require 288 g of wax and right now he just needs 260 g How many grams of wax does he already have?,90,28,"To find out how many grams of wax the man already has, we need to subtract the amount of wax he needs from the total amount of wax he has. 

The man needs a total of 49 grams of colors to paint the feathers. If he has 288 grams of wax in total and needs 260 grams of it, we can calculate the amount of wax he already has by subtracting the amount he needs from the total amount he has.

So, the amount of wax he already has is:

288 grams (total wax) - 260 grams (wax needed) = 28 grams

Therefore, the man already has 28 grams of wax. 

#### 28",text
90,Next on his checklist is wax to stick the feathers together and colors to paint them. He needs a total of 49 g of colors to paint them. If the feathers require 288 g of wax and right now he just needs 260 g How many grams of wax does he already have?,Paul had 21 books. After selling some in a garage sale he bought 42 new ones. If he has 15 books now How many more books did he sell than he bought?,28,6,"Let's denote the number of books Paul sold as S. We know that Paul initially had 21 books, then he bought 42 new ones, and now he has 15 books. We can set up the following equation to represent this situation:

21 (initial books) - S (sold books) + 42 (bought books) = 15 (current books)

Simplifying the equation, we get:

63 - S = 15

Subtracting 63 from both sides, we get:

-S = 15 - 63

Simplifying further:

-S = -48

Multiplying both sides by -1, we get:

S = 48

So, Paul sold 48 books. The question asks how many more books he sold than he bought. Since he bought 42 books, the difference is:

48 (sold books) - 42 (bought books) = 6

Therefore, Paul sold 6 more books than he bought. The answer is 6.

#### <6>",text
91,Paul had 21 books. After selling some in a garage sale he bought 42 new ones. If he has 15 books now How many more books did he sell than he bought?,"Julia played tag with 9 kids on monday, 7 kids on tuesday and 96 kids on wednesday. How many more kids did she play with on monday than on tuesday?",6,2,"9 - 7 = 2
#### 2",text
92,"Julia played tag with 9 kids on monday, 7 kids on tuesday and 96 kids on wednesday. How many more kids did she play with on monday than on tuesday?",There are 65 baskets of peaches. Each basket has 7 red peaches and 3 green peaches. How many peaches are in each basket?,2,10,"To find the total number of peaches in each basket, we need to add the number of red peaches and the number of green peaches.
7 + 3 = 10
So, there are 10 peaches in each basket.
#### <10>",text
93,There are 65 baskets of peaches. Each basket has 7 red peaches and 3 green peaches. How many peaches are in each basket?,You had 14 bags with equal number of cookies. If you had 28 cookies and 86 candies in total How many bags of cookies do you have?,10,2,"Let's denote the number of cookies in each bag as \(x\). Since there are 14 bags, the total number of cookies is \(14x\). We are given that the total number of cookies is 28, so we can write the equation:

\[14x = 28\]

To find \(x\), we divide both sides of the equation by 14:

\[x = \frac{28}{14}\]

\[x = 2\]

So, each bag contains 2 cookies. Since there are 14 bags, the total number of cookies is:

\[14 \times 2 = 28\]

The problem also states that there are 86 candies in total. However, the number of candies is not relevant to the question of how many bags of cookies there are. Therefore, the answer to the question ""How many bags of cookies do you have?"" is:

\[14\]

#### 14",neither
94,You had 14 bags with equal number of cookies. If you had 28 cookies and 86 candies in total How many bags of cookies do you have?,Carol was sending out birthday invitations to her friends. Each package of invitations she bought had 14 invitations in it and she bought 6 packs. Then she bought 11 extra invitations. How many friends can she invite?,2,95,"Step 1: Find the total number of invitations Carol bought.
14 invitations per package * 6 packages = 84 invitations
Step 2: Add the extra invitations she bought.
84 invitations + 11 invitations = 95 invitations
Step 3: Find out how many friends she can invite.
95 invitations / 1 invitation per friend = 95 friends
#### Carol can invite 95 friends.",text
95,Carol was sending out birthday invitations to her friends. Each package of invitations she bought had 14 invitations in it and she bought 6 packs. Then she bought 11 extra invitations. How many friends can she invite?,Baker made 155 cakes. If his friend bought 140 cakes from him How many cakes would baker still have?,95,15,"155 - 140 = 15
baker still have 15 cakes
#### 15",text
96,Baker made 155 cakes. If his friend bought 140 cakes from him How many cakes would baker still have?,A grocery store had 22 bottles of regular soda and 61 bottles of diet soda. How many more bottles of diet soda than regular soda did they have?,15,39,"61 - 22 = 39
The grocery store had 39 more bottles of diet soda than regular soda. 
#### 39",text
97,A grocery store had 22 bottles of regular soda and 61 bottles of diet soda. How many more bottles of diet soda than regular soda did they have?,"A grocery store had 36 apples, 80 bottles of regular soda and 54 bottles of diet soda. How many more bottles than apple did they have?",39,98,"80 - 36 = 44
They had 44 more bottles than apple.",neither
98,"A grocery store had 36 apples, 80 bottles of regular soda and 54 bottles of diet soda. How many more bottles than apple did they have?",Ryan learns english and chinese for 7 days. Every day he spends 4 hours on learning english and 5 hours on learning chinese. How many hours does he spend on learning english and chinese in all?,98,63,"4 × 7 = 28
5 × 7 = 35
28 + 35 = 63
He spends 63 hours on learning english and chinese in all.
#### 63",text
99,Ryan learns english and chinese for 7 days. Every day he spends 4 hours on learning english and 5 hours on learning chinese. How many hours does he spend on learning english and chinese in all?,Debby drinks 6 bottles a day. If she bought a total of 12 water bottles How many days would they last her?,63,2,"12 / 6 = 2
Debby would last her 2 days
#### 2",text
100,Debby drinks 6 bottles a day. If she bought a total of 12 water bottles How many days would they last her?,David did 44 push-ups in gym class today. David did 9 more push-ups than Zachary. How many push-ups did Zachary do?,2,35,"Let x be the number of push-ups Zachary did. Then, x + 9 = 44. Subtracting 9 from both sides gives x = 35. Therefore, Zachary did 35 push-ups.  Therefore, the answer is 35.
#### 35",text
101,David did 44 push-ups in gym class today. David did 9 more push-ups than Zachary. How many push-ups did Zachary do?,Mom buys 51 white t - shirts. If white t - shirts can be purchased in packages of 3 How many packages will she have?,35,17,"To find out how many packages of 3 white t-shirts Mom will have, we need to divide the total number of t-shirts by 3.

51 ÷ 3 = 17

So, Mom will have 17 packages of 3 white t-shirts.

#### 17",text
102,Mom buys 51 white t - shirts. If white t - shirts can be purchased in packages of 3 How many packages will she have?,During summer break 907611 kids from Lawrence county stay home and the other 455682 kids go to camp. About how many kids are in Lawrence county?,17,1363293,"907611 + 455682 = 1363293
1363293 / 2 = 681646.5
#### 681647",neither
103,During summer break 907611 kids from Lawrence county stay home and the other 455682 kids go to camp. About how many kids are in Lawrence county?,Danny collects bottle caps and wrappers. He found 66 wrappers and 39 bottle caps at the park. Now he has 16 bottle caps and 68 wrappers in his collection. How many wrappers did danny have at first?,1363293,2,"To find the number of wrappers Danny had at first, we can use the information given to set up an equation. Let's denote the number of wrappers Danny had at first as \(W\).

From the problem, we know that Danny found 39 bottle caps and 66 wrappers at the park. After finding these, he now has 16 bottle caps and 68 wrappers in his collection.

The number of wrappers he has now is the sum of the wrappers he had at first and the wrappers he found at the park. Similarly, the number of bottle caps he has now is the sum of the bottle caps he had at first and the bottle caps he found at the park.

So, we can write the following equations:

\[W + 66 = 68\]
\[39 + 66 = 16 + W\]

Let's solve these equations step by step.

First, solve the first equation for \(W\):

\[W + 66 = 68\]

Subtract 66 from both sides:

\[W = 68 - 66\]

\[W = 2\]

So, Danny had 2 wrappers at first.

Now, let's check the second equation to ensure",text
104,Danny collects bottle caps and wrappers. He found 66 wrappers and 39 bottle caps at the park. Now he has 16 bottle caps and 68 wrappers in his collection. How many wrappers did danny have at first?,After Jessie started to go jogging everyday she lost 35 kilograms. She weighed 69 kilograms before beginning jogging. How much does she weigh now?,2,34,"To find out how much Jessie weighs now, we need to subtract the weight she lost from her initial weight. 

Initial weight: 69 kilograms
Weight lost: 35 kilograms

Weight now = Initial weight - Weight lost
Weight now = 69 kg - 35 kg
Weight now = 34 kg

So, Jessie now weighs 34 kilograms. 

#### 34",text
105,After Jessie started to go jogging everyday she lost 35 kilograms. She weighed 69 kilograms before beginning jogging. How much does she weigh now?,Josh had 20 marbles in his collection. He gave 2 marbles to Jack. How many marbles does Josh have now?,34,18,"Josh had 20 marbles.
He gave 2 marbles to Jack.
To find out how many marbles Josh has now, we subtract the number of marbles he gave to Jack from the number of marbles he had originally.
20 - 2 = 18
Josh has 18 marbles now.
#### 18",text
106,Josh had 20 marbles in his collection. He gave 2 marbles to Jack. How many marbles does Josh have now?,Zachary did 15 push-ups in gym class today. David did 39 more push-ups than Zachary. John did 9 push-ups less than David. How many more push-ups did Zachary do than John?,18,30,"Step 1: Find how many push-ups David did.
David did 39 more push-ups than Zachary, so David did 15 + 39 = 54 push-ups.

Step 2: Find how many push-ups John did.
John did 9 push-ups less than David, so John did 54 - 9 = 45 push-ups.

Step 3: Find how many more push-ups Zachary did than John.
Zachary did 15 push-ups, and John did 45 push-ups, so Zachary did 15 - 45 = -30 more push-ups than John.

However, since we are asked how many more push-ups Zachary did than John, and the result is negative, it means Zachary did 30 fewer push-ups than John, not more. Therefore, the answer is 0.

#### 0",neither
107,Zachary did 15 push-ups in gym class today. David did 39 more push-ups than Zachary. John did 9 push-ups less than David. How many more push-ups did Zachary do than John?,Lewis earns $ 368 every week during the 1359 weeks of harvest. If he has to pay $ 388 rent every week How much money does he pay as rent during the harvest season?,30,527292,"To find out how much money Lewis pays as rent during the harvest season, we need to multiply the weekly rent by the number of weeks in the harvest season.

1. First, we find the total amount Lewis earns during the harvest season:
   \[
   \text{Total earnings} = \text{Weekly earnings} \times \text{Number of weeks}
   \]
   \[
   \text{Total earnings} = 368 \times 1359
   \]
   \[
   \text{Total earnings} = 499,962
   \]

2. Next, we find out how much Lewis pays in rent during the harvest season:
   \[
   \text{Total rent} = \text{Weekly rent} \times \text{Number of weeks}
   \]
   \[
   \text{Total rent} = 388 \times 1359
   \]
   \[
   \text{Total rent} = 52,380.2
   \]

Therefore, Lewis pays approximately $ 52,380.2 as rent during the harvest season. However, since we usually don't deal with fractions of",neither
108,Lewis earns $ 368 every week during the 1359 weeks of harvest. If he has to pay $ 388 rent every week How much money does he pay as rent during the harvest season?,Winter is almost here and most animals are migrating to warmer countries. There are 18 bird families living near the mountain. If 38 bird families flew away to africa and 80 bird families flew away to asia How many bird families flew away for the winter?,527292,118,"To find the total number of bird families that flew away for the winter, we need to add the number of families that flew to Africa and the number of families that flew to Asia.

Number of families that flew to Africa: 38
Number of families that flew to Asia: 80

Total number of families that flew away for the winter = 38 + 80 = 118

Therefore, 118 bird families flew away for the winter.

#### 118",text
109,Winter is almost here and most animals are migrating to warmer countries. There are 18 bird families living near the mountain. If 38 bird families flew away to africa and 80 bird families flew away to asia How many bird families flew away for the winter?,Mary is baking a cake. The recipe calls for 11 cups of sugar 6 cups of flour and 9 cups of salt. She already put in 12 cups of flour. How many more cups of sugar than cups of salt does she need to add now?,118,2,"To find out how many more cups of sugar than cups of salt Mary needs to add, we first need to determine how much sugar and salt she has already used. The recipe calls for 11 cups of sugar and 9 cups of salt. She has already put in 12 cups of flour, but the amount of flour used is not relevant to the question.

So, she has already used 11 cups of sugar and 9 cups of salt.

To find out how many more cups of sugar she needs to add, we subtract the amount of salt from the amount of sugar:

11 cups of sugar - 9 cups of salt = 2 cups of sugar

Therefore, Mary needs to add 2 more cups of sugar than cups of salt. The answer is 2.

#### <2>",text
110,Mary is baking a cake. The recipe calls for 11 cups of sugar 6 cups of flour and 9 cups of salt. She already put in 12 cups of flour. How many more cups of sugar than cups of salt does she need to add now?,Jessie weighed 114 kilograms. After she started to go jogging everyday she lost 50 kilograms in the first week and 60 kilograms in the second week. How much does she weigh now?,2,4,"114 - 50 = 64
64 - 60 = 4
She weighs 4 kilograms now.
#### 4",text
111,Jessie weighed 114 kilograms. After she started to go jogging everyday she lost 50 kilograms in the first week and 60 kilograms in the second week. How much does she weigh now?,Jesse's room is 7 feet long. If she needs a carpet of size 14 square feet What is the width of her room?,4,2,"To find the width of Jesse's room, we can use the formula for the area of a rectangle, which is length times width. We know the area of the carpet she needs is 14 square feet and the length of the room is 7 feet. So, we can set up the equation:

\[ \text{Area} = \text{length} \times \text{width} \]

\[ 14 = 7 \times \text{width} \]

To find the width, we divide both sides of the equation by 7:

\[ \text{width} = \frac{14}{7} \]

\[ \text{width} = 2 \]

So, the width of Jesse's room is 2 feet. Therefore, the answer is:

\[ \boxed{2} \]",text
112,Jesse's room is 7 feet long. If she needs a carpet of size 14 square feet What is the width of her room?,A farmer had 175 tomatoes and 77 potatoes in his garden. If he picked 172 potatoes How many tomatoes and potatoes does he have left?,2,80,"Step 1: Find the number of potatoes left after picking.
77 potatoes - 172 potatoes = -95 potatoes

Since it's not possible to have a negative number of potatoes, the farmer cannot have picked 172 potatoes from his garden. Therefore, the problem is unsolvable as stated.

#### The problem is unsolvable",neither
113,A farmer had 175 tomatoes and 77 potatoes in his garden. If he picked 172 potatoes How many tomatoes and potatoes does he have left?,The Ferris wheel in paradise park has 3 small seats and 7 large seats. Each small seat can hold 16 people and large seat can hold 12 people. How many people can ride the Ferris wheel on large seats?,80,84,"7 * 12 = 84
#### 84",text
114,The Ferris wheel in paradise park has 3 small seats and 7 large seats. Each small seat can hold 16 people and large seat can hold 12 people. How many people can ride the Ferris wheel on large seats?,Bobby had 22 pieces of candy. He ate some pieces of candy. Then he ate 5 more. If he still has 8 pieces of candy left How many pieces of candy had he eaten at the start?,84,9,"Let's denote the number of pieces of candy Bobby ate at the start as x. According to the problem, we have the equation: 22 - x - 5 = 8. Simplifying this equation, we get: 17 - x = 8. Subtracting 17 from both sides, we have: -x = -9. Multiplying both sides by -1, we get: x = 9. Therefore, Bobby had eaten 9 pieces of candy at the start. The answer is: 9",text
115,Bobby had 22 pieces of candy. He ate some pieces of candy. Then he ate 5 more. If he still has 8 pieces of candy left How many pieces of candy had he eaten at the start?,There are 2 baskets of peaches. Each basket has 4 red peaches and some more green peaches. If there are a total of 12 peaches in all baskets How many green peaches are in each basket?,9,2,"Let's denote the number of green peaches in each basket as x. Since there are 2 baskets, the total number of green peaches is 2x. We know that each basket has 4 red peaches, so the total number of red peaches is 2 * 4 = 8. The total number of peaches is 12, so we can write the equation 8 + 2x = 12. Solving for x, we get 2x = 4, which means x = 2. Therefore, there are 2 green peaches in each basket. The answer is 2.",text
116,There are 2 baskets of peaches. Each basket has 4 red peaches and some more green peaches. If there are a total of 12 peaches in all baskets How many green peaches are in each basket?,Baker made some cakes. He sold 145 of them. If he still has 72 cakes left How many cakes did baker make?,2,217,"Let's denote the number of cakes baker made as x. According to the problem, we have the equation x - 145 = 72. To find the value of x, we need to add 145 to both sides of the equation. This gives us x = 145 + 72. Simplifying this, we get x = 217. Therefore, baker made 217 cakes. Hence, the answer is 217.",text
117,Baker made some cakes. He sold 145 of them. If he still has 72 cakes left How many cakes did baker make?,David did 40 more push-ups but 17 less crunches than Zachary in gym class today. If Zachary did 34 push-ups and 62 crunches How many crunches did David do?,217,45,"Let's denote the number of push-ups David did as P and the number of crunches as C.

From the problem, we know that:
1. P = 34 + 40 (David did 40 more push-ups than Zachary)
2. C = 62 - 17 (David did 17 less crunches than Zachary)

Now, let's calculate the number of push-ups David did:
P = 34 + 40
P = 74

Next, let's calculate the number of crunches David did:
C = 62 - 17
C = 45

So, David did 74 push-ups and 45 crunches.

#### <45>",text
118,David did 40 more push-ups but 17 less crunches than Zachary in gym class today. If Zachary did 34 push-ups and 62 crunches How many crunches did David do?,Olivia spent 78 dollars at a supermarket. If she has 33 dollars left with her How much money did she have initially?,45,111,"Let's denote the initial amount of money Olivia had as X. According to the problem, we have the equation X - 78 = 33. To find the initial amount of money, we need to solve for X. We can do this by adding 78 to both sides of the equation: X - 78 + 78 = 33 + 78. This simplifies to X = 111. Therefore, Olivia initially had 111 dollars. Hence, the answer is 111 dollars.",text
119,Olivia spent 78 dollars at a supermarket. If she has 33 dollars left with her How much money did she have initially?,Bobby ate 17 pieces of candy. Then he ate 15 more. If he initially had 36 pieces of candy How many pieces of candy does he still have left?,111,4,"Step 1: Find the total number of candies Bobby ate.
17 + 15 = 32
Step 2: Find the number of candies left.
36 - 32 = 4
Bobby has 4 pieces of candy left.",text
120,Bobby ate 17 pieces of candy. Then he ate 15 more. If he initially had 36 pieces of candy How many pieces of candy does he still have left?,An industrial machine made 13 shirts yesterday and 3 shirts today. It can make 8 shirts a minute. How many minutes did the machine work in all?,4,2,"Step 1: Find the total number of shirts made.
13 shirts + 3 shirts = 16 shirts

Step 2: Find the total number of minutes the machine worked.
16 shirts ÷ 8 shirts/minute = 2 minutes

The machine worked for 2 minutes. Therefore, the answer is 2 minutes.",text
121,An industrial machine made 13 shirts yesterday and 3 shirts today. It can make 8 shirts a minute. How many minutes did the machine work in all?,They decided to hold the party in their backyard. They have 12 sets of tables and each set has 14 chairs. There are also 6 chairs extra. How many chairs do they have for the guests?,2,174,"12 * 14 + 6 = 174
#### 174",text
122,They decided to hold the party in their backyard. They have 12 sets of tables and each set has 14 chairs. There are also 6 chairs extra. How many chairs do they have for the guests?,Adam has 10 apples. Jackie has 2 apples. How many more apples does Adam have than Jackie?,174,8,"10 - 2 = 8
Adam has 8 more apples than Jackie.
#### 8",text
123,Adam has 10 apples. Jackie has 2 apples. How many more apples does Adam have than Jackie?,Jake has 7 fewer peaches than Steven and 9 more peaches than Jill. Steven has 16 peaches. How many peaches does Jake have?,8,9,"Step 1: Find the number of peaches Steven has.
Steven has 16 peaches.

Step 2: Find the number of peaches Jake has.
Jake has 7 fewer peaches than Steven, so Jake has 16 - 7 = 9 peaches.

Step 3: Check if Jake has 9 more peaches than Jill.
Since the problem does not provide information about the number of peaches Jill has, we cannot verify this step.

Therefore, Jake has 9 peaches. 
#### <9>",text
124,Jake has 7 fewer peaches than Steven and 9 more peaches than Jill. Steven has 16 peaches. How many peaches does Jake have?,Dan has $ 5. He bought a candy bar for $ 2 and a chocolate for $ 3. How much money did he spend to buy chocolate than he did to buy candy bar?,9,1,"Step 1: Find the total amount of money Dan spent.
Step 2: Subtract the amount spent on the candy bar from the amount spent on the chocolate.
Step 3: The result is the amount of money Dan spent to buy the chocolate than he did to buy the candy bar.
Step 1: $ 5 - $ 2 = $ 3
Step 2: $ 3 - $ 2 = $ 1
Step 3: $ 1
#### 1",text
125,Dan has $ 5. He bought a candy bar for $ 2 and a chocolate for $ 3. How much money did he spend to buy chocolate than he did to buy candy bar?,There are 8 different movies and 21 different books in the ' crazy silly school ' series. If you read 7 of the books and watched 4 of the movies How many more movies do you still have to watch?,1,4,"8 - 4 = 4
21 - 7 = 14
14 - 4 = 10
#### 10",neither
126,There are 8 different movies and 21 different books in the ' crazy silly school ' series. If you read 7 of the books and watched 4 of the movies How many more movies do you still have to watch?,White t - shirts can be purchased in packages of 13. If mom buys 39 white t - shirts How many packages will she have?,4,3,"To find out how many packages of 13 t-shirts mom will have if she buys 39 t-shirts, we need to divide the total number of t-shirts by the number of t-shirts in each package.

39 ÷ 13 = 3

So, mom will have 3 packages of t-shirts. 

Therefore, the answer is 3 packages.",text
127,White t - shirts can be purchased in packages of 13. If mom buys 39 white t - shirts How many packages will she have?,Julia played tag with 19 kids on monday. She played tag with 18 kids on tuesday. She spent a total of 38 hours to play tag on both days. How many more kids did she play with on monday than on tuesday?,3,1,"19 - 18 = 1
#### 1",text
128,Julia played tag with 19 kids on monday. She played tag with 18 kids on tuesday. She spent a total of 38 hours to play tag on both days. How many more kids did she play with on monday than on tuesday?,3 birds and 4 storks were sitting on the fence. 6 more storks came to join them. How many birds and storks are sitting on the fence?,1,13,"There are 3 birds and 4 storks initially.
6 more storks come to join them.
So, the total number of storks is 4 + 6 = 10.
The total number of birds and storks sitting on the fence is 3 + 10 = 13.
Therefore, there are 13 birds and storks sitting on the fence.
#### 13",text
129,3 birds and 4 storks were sitting on the fence. 6 more storks came to join them. How many birds and storks are sitting on the fence?,He then went to see the oranges being harvested. He found out that they harvest 16 sacks per day and that each sack containes 57 oranges. How many days will it take to harvest 80 sacks of oranges?,13,5,"To find out how many days it will take to harvest 80 sacks of oranges, we need to divide the total number of sacks by the number of sacks harvested per day.

1. Total number of sacks: 80
2. Sacks harvested per day: 16

Now, we divide the total number of sacks by the number of sacks harvested per day:

\[ \text{Days} = \frac{\text{Total number of sacks}}{\text{Sacks harvested per day}} \]

\[ \text{Days} = \frac{80}{16} \]

\[ \text{Days} = 5 \]

So, it will take 5 days to harvest 80 sacks of oranges.

Therefore, the answer is **5 days**.",text
130,He then went to see the oranges being harvested. He found out that they harvest 16 sacks per day and that each sack containes 57 oranges. How many days will it take to harvest 80 sacks of oranges?,Adam has 3 more apples than jackie. Adam has 9 apples. How many apples does Jackie have?,5,6,"Let's denote the number of apples Jackie has as 'J'. According to the problem, Adam has 3 more apples than Jackie, and Adam has 9 apples. Therefore, we can write the equation: J + 3 = 9. To find the number of apples Jackie has, we need to solve this equation. Subtracting 3 from both sides of the equation, we get: J = 9 - 3. Therefore, J equals 6. So, Jackie has 6 apples. Therefore, the answer is 6.",text
131,Adam has 3 more apples than jackie. Adam has 9 apples. How many apples does Jackie have?,An industrial machine can make 3 shirts per minute. It made 6 shirts in all. How many minutes was the machine working?,6,2,"To find out how many minutes the machine was working, we need to divide the total number of shirts made by the number of shirts made per minute.

1. Total number of shirts made: 6
2. Number of shirts made per minute: 3

Now, we divide the total number of shirts by the number of shirts made per minute:

6 ÷ 3 = 2

So, the machine was working for 2 minutes.

Therefore, the answer is 2 minutes.",text
132,An industrial machine can make 3 shirts per minute. It made 6 shirts in all. How many minutes was the machine working?,Allan brought 5 balloons. If Allan and Jake brought total of 6 balloons to the park How many balloons did Jake bring to the park?,2,1,"Step 1: Find the number of balloons Jake brought to the park.
Step 2: Subtract the number of balloons Allan brought from the total number of balloons.
Step 3: Simplify the expression.
Step 4: Write the answer in a complete sentence.
Step 5: Write the answer in a complete sentence.
Step 6: Write the answer in a complete sentence.
Step 7: Write the answer in a complete sentence.
Step 8: Write the answer in a complete sentence.
Step 9: Write the answer in a complete sentence.
Step 10: Write the answer in a complete sentence.
Step 11: Write the answer in a complete sentence.
Step 12: Write the answer in a complete sentence.
Step 13: Write the answer in a complete sentence.
Step 14: Write the answer in a complete sentence.
Step 15: Write the answer in a complete sentence.
Step 16: Write the answer in a complete sentence.
Step 17: Write the answer in a complete sentence.
Step 18: Write the answer in a complete sentence.
Step 19: Write the answer in a complete sentence.
Step 20: Write the answer in a complete sentence",neither
133,Allan brought 5 balloons. If Allan and Jake brought total of 6 balloons to the park How many balloons did Jake bring to the park?,After resting they decided to go for a swim. The depth of the water is 9 times Dean's height. If Ron is 15 feet tall and Dean is 6 feet shorter than Ron How deep was the water?,1,81,"Step 1: Find Dean's height.
Dean is 6 feet shorter than Ron, so Dean's height is 15 feet - 6 feet = 9 feet.

Step 2: Find the depth of the water.
The depth of the water is 9 times Dean's height, so the depth is 9 * 9 feet = 81 feet.

Therefore, the water was 81 feet deep. 
#### <81>",text
134,After resting they decided to go for a swim. The depth of the water is 9 times Dean's height. If Ron is 15 feet tall and Dean is 6 feet shorter than Ron How deep was the water?,"The grasshopper, the frog and the mouse had a jumping contest. The grasshopper jumped 39 inches. The grasshopper jumped 19 inches farther than the frog and the mouse jumped 12 inches lesser than the frog. How far did the mouse jump?",81,8,"The grasshopper jumped 39 inches.
The grasshopper jumped 19 inches farther than the frog, so the frog jumped 39 - 19 = 20 inches.
The mouse jumped 12 inches lesser than the frog, so the mouse jumped 20 - 12 = 8 inches.
Therefore, the mouse jumped 8 inches.
#### <8>",text
135,"The grasshopper, the frog and the mouse had a jumping contest. The grasshopper jumped 39 inches. The grasshopper jumped 19 inches farther than the frog and the mouse jumped 12 inches lesser than the frog. How far did the mouse jump?",Tiffany was collecting cans for recycling. On monday she had 3 bags of cans. The next day she found 7 more bags of cans and 44 bags of bottles. How many bags of cans did she have altogether?,8,10,"Step 1: Find the total number of bags of cans.
Tiffany had 3 bags of cans on Monday.
The next day, she found 7 more bags of cans.
So, the total number of bags of cans is 3 + 7 = 10 bags.
Therefore, Tiffany had 10 bags of cans altogether. 
#### 10",text
136,Tiffany was collecting cans for recycling. On monday she had 3 bags of cans. The next day she found 7 more bags of cans and 44 bags of bottles. How many bags of cans did she have altogether?,Jerry had 2 action figures and 10 books on a shelf in his room. Later he added 4 more action figures to the shelf. How many more books than action figures were on his shelf?,10,4,"2 + 4 = 6
10 - 6 = 4
There are 4 more books than action figures on the shelf.",text
137,Jerry had 2 action figures and 10 books on a shelf in his room. Later he added 4 more action figures to the shelf. How many more books than action figures were on his shelf?,Winter is almost here and most animals are migrating to warmer countries. 86 bird families flew away for the winter from near a mountain. If there were 45 bird families living near the mountain initially How many more bird families flew away for the winter than those that stayed behind?,4,127,"To find out how many more bird families flew away for the winter than those that stayed behind, we need to subtract the number of bird families that stayed from the number of bird families that flew away.

Number of bird families that flew away: 86
Number of bird families that stayed: 45

Difference = Number of bird families that flew away - Number of bird families that stayed
Difference = 86 - 45
Difference = 41

So, 41 more bird families flew away for the winter than those that stayed behind.

#### 41",neither
138,Winter is almost here and most animals are migrating to warmer countries. 86 bird families flew away for the winter from near a mountain. If there were 45 bird families living near the mountain initially How many more bird families flew away for the winter than those that stayed behind?,There are 11 baskets of peaches. Each basket has 10 red peaches and 18 green peaches. How many peaches are in the baskets altogether?,127,308,"11 * 10 + 11 * 18 = 110 + 198 = 308 peaches
#### 308",text
139,There are 11 baskets of peaches. Each basket has 10 red peaches and 18 green peaches. How many peaches are in the baskets altogether?,Adam has 9 apples. Jackie has 10 apples. How many more apples does Jackie have than Adam?,308,1,"Jackie has 10 apples and Adam has 9 apples. To find out how many more apples Jackie has than Adam, we subtract the number of apples Adam has from the number of apples Jackie has: 10 - 9 = 1. Therefore, Jackie has 1 more apple than Adam. The answer is 1.",text
140,Adam has 9 apples. Jackie has 10 apples. How many more apples does Jackie have than Adam?,The school is planning a field trip. The school has 72 classrooms. There are 3 seats on each school bus. If there are a total of 111 students in the school How many buses are needed to take the trip?,1,37,"To find the number of buses needed, we first need to find the total number of students that can be transported in one bus. Since each bus has 3 seats, the number of students that can be transported in one bus is 3.

Next, we need to find the total number of students that can be transported in all the buses. Since there are 72 classrooms, and each classroom has 3 students, the total number of students in the school is 72 * 3 = 216.

Finally, we need to find the number of buses needed to transport all the students. To do this, we divide the total number of students by the number of students that can be transported in one bus. So, the number of buses needed is 216 / 3 = 72.

Therefore, the school needs 72 buses to take all the students on the trip. 

#### 72",neither
141,The school is planning a field trip. The school has 72 classrooms. There are 3 seats on each school bus. If there are a total of 111 students in the school How many buses are needed to take the trip?,Kelly has 80 nintendo games. She found 31 more nintendo games. How many does she need to give away so that she will have 6 games left?,37,105,"Step 1: Find the total number of games Kelly has after finding more.
80 + 31 = 111 games

Step 2: Find out how many games Kelly needs to give away to have 6 games left.
111 - 6 = 105 games

So, Kelly needs to give away 105 games. 
#### 105",text
142,Kelly has 80 nintendo games. She found 31 more nintendo games. How many does she need to give away so that she will have 6 games left?,Paco had 40 cookies. He ate 2 of them. Then he bought 37 more cookies How many cookies did Paco have left?,105,75,"Paco started with 40 cookies.
He ate 2 cookies, so he had 40 - 2 = 38 cookies left.
Then he bought 37 more cookies, so he had 38 + 37 = 75 cookies in total.
Therefore, Paco had 75 cookies left.
#### 75",text
143,Paco had 40 cookies. He ate 2 of them. Then he bought 37 more cookies How many cookies did Paco have left?,Mary is baking a cake. The recipe calls for 6 cups of sugar and 9 cups of flour. She already put in 2 cups of flour. How many more cups of flour than cups of sugar does she need to add now?,75,1,"To find out how many more cups of flour than cups of sugar Mary needs to add, we first need to determine how many cups of sugar and flour she has already used.

She has already used 2 cups of flour out of the 9 cups required. This means she has 9 - 2 = 7 cups of flour left to add.

The recipe calls for 6 cups of sugar, and she has already used 0 cups of sugar (since the problem doesn't specify how much sugar she has used yet). Therefore, she needs to add 6 cups of sugar.

Now, to find out how many more cups of flour than cups of sugar she needs to add, we subtract the amount of sugar she needs from the amount of flour she has left:

7 cups of flour - 6 cups of sugar = 1 cup of flour

So, Mary needs to add 1 more cup of flour than cups of sugar. The answer is:

#### 1",text
144,Mary is baking a cake. The recipe calls for 6 cups of sugar and 9 cups of flour. She already put in 2 cups of flour. How many more cups of flour than cups of sugar does she need to add now?,Paul got a box of 457 erasers and 617 crayons for his birthday. At the end of the school year he only had 523 crayons left while not having lost a single eraser. How many more crayons than erasers did he have left?,1,66,"To find out how many more crayons than erasers Paul had left, we need to subtract the number of erasers from the number of crayons.

Given:
- Number of erasers = 457
- Number of crayons = 617

Step 1: Subtract the number of erasers from the number of crayons.
617 (crayons) - 457 (erasers) = 160

So, Paul had 160 more crayons than erasers left.

The answer is 160.",neither
145,Paul got a box of 457 erasers and 617 crayons for his birthday. At the end of the school year he only had 523 crayons left while not having lost a single eraser. How many more crayons than erasers did he have left?,There are 4 different books and 17 different movies in the ' crazy silly school ' series. If you read 19 of the books and watched 7 of the movies How many more movies do you still have to watch?,66,10,"17 - 7 = 10
10 - 10 = 0
0 + 19 = 19
19 - 19 = 0
0 + 17 = 17
17 - 17 = 0
0 + 19 = 19
19 - 19 = 0
0 + 17 = 17
17 - 17 = 0
0 + 19 = 19
19 - 19 = 0
0 + 17 = 17
17 - 17 = 0
0 + 19 = 19
19 - 19 = 0
0 + 17 = 17
17 - 17 = 0
0 + 19 = 19
19 - 19 = 0
0 + 17 = 17
17 - 17 = 0
0 + 19 = 19
19 - 19 = 0
0 + 17 = 17
17 - 17",neither
146,There are 4 different books and 17 different movies in the ' crazy silly school ' series. If you read 19 of the books and watched 7 of the movies How many more movies do you still have to watch?,Debby bought some water bottles when they were on sale. She drank 109 bottles a day. If the bottles lasted for 74 days How many bottles had she bought?,10,8066,"Step 1: Find the total number of bottles Debby drank.
109 bottles/day * 74 days = 8006 bottles

Step 2: Find the number of bottles Debby bought.
8006 bottles / 109 bottles/day = 74 bottles

Therefore, Debby bought 74 bottles. 
#### 74",neither
147,Debby bought some water bottles when they were on sale. She drank 109 bottles a day. If the bottles lasted for 74 days How many bottles had she bought?,Katie had 62 new games and 80 old games. Her friends had 73 new games and 41 old games. How many old games do they have 3,8066,121,62 + 80 + 73 + 41 = 256 256 old games,neither
148,Katie had 62 new games and 80 old games. Her friends had 73 new games and 41 old games. How many old games do they have 3,We ordered 9 pizzas. Each pizza has 10 slices. If there are 2 of us How many slices of pizza does each of us get if distributed equally?,121,45,"9 pizzas * 10 slices = 90 slices
90 slices / 2 people = 45 slices per person
#### 45",text
149,We ordered 9 pizzas. Each pizza has 10 slices. If there are 2 of us How many slices of pizza does each of us get if distributed equally?,6 storks and 2 birds were sitting on the fence. 3 more birds came to join them. How many more storks than birds are sitting on the fence?,45,1,6 storks - 2 birds = 4 more storks than birds. The answer is 4.,neither
150,6 storks and 2 birds were sitting on the fence. 3 more birds came to join them. How many more storks than birds are sitting on the fence?,During summer break 819058 kids from Lawrence county go to camp and the other 668278 kids stay home. How many more kids spent their summer break at the camp compared to those who stayed home?,1,150780,"To find out how many more kids spent their summer break at the camp compared to those who stayed home, we need to subtract the number of kids who stayed home from the number of kids who went to camp.

819058 (kids at camp) - 668278 (kids at home) = 150780

So, 150,780 more kids spent their summer break at the camp compared to those who stayed home.

#### 150780",text
151,During summer break 819058 kids from Lawrence county go to camp and the other 668278 kids stay home. How many more kids spent their summer break at the camp compared to those who stayed home?,At the arcade Dave had won 7 tickets. He used some tickets to buy toys. If he still has 2 tickets left How many tickets did Dave use to buy toys?,150780,5,"Dave started with 7 tickets. After buying toys, he has 2 tickets left. To find out how many tickets he used, we subtract the number of tickets he has left from the total number of tickets he started with.

7 tickets (initial tickets) - 2 tickets (remaining tickets) = 5 tickets (used tickets)

So, Dave used 5 tickets to buy toys.

#### 5",text
152,At the arcade Dave had won 7 tickets. He used some tickets to buy toys. If he still has 2 tickets left How many tickets did Dave use to buy toys?,Jerry had some action figures on a shelf in his room. Later he added 7 more action figures to the shelf. If there are a total of 10 action figures on his shelf now How many action figures did he have initially on the shelf?,5,3,"Let x be the initial number of action figures on the shelf. Then, x + 7 = 10. Subtracting 7 from both sides gives x = 3. Therefore, Jerry had 3 action figures initially on the shelf.  Therefore, the answer is 3.
#### 3",text
153,Jerry had some action figures on a shelf in his room. Later he added 7 more action figures to the shelf. If there are a total of 10 action figures on his shelf now How many action figures did he have initially on the shelf?,Paul had 71 books. After selling some in a garage sale he bought 38 new ones. If he has 116 books now How many more books did he buy than he sold?,3,45,"Let's denote the number of books Paul sold as S. According to the problem, we have the equation:

71 - S + 38 = 116

Solving for S:

109 - S = 116
S = 109 - 116
S = -7

However, the number of books sold cannot be negative. It seems there might be a mistake in the problem statement or in the interpretation of the problem. Let's assume the problem meant to say that Paul had 71 books, sold some, and now has 116 books. In that case, we would have:

71 - S + 38 = 116

Solving for S:

109 - S = 116
S = 109 - 116
S = -7

This result doesn't make sense in the context of the problem, as the number of books sold cannot be negative. Therefore, the problem as stated is incorrect or incomplete. If the problem is meant to be solved with the given numbers, then the answer would be that Paul sold 7 books, but the question asks how many more books he bought than he sold, which",neither
154,Paul had 71 books. After selling some in a garage sale he bought 38 new ones. If he has 116 books now How many more books did he buy than he sold?,Paul got a box of some crayons for his birthday. During the school year he gave 52 crayons to his friends while he lost 535 crayons. If he only had 492 crayons left How many crayons had been lost or given away?,45,587,"To find the total number of crayons lost or given away, we need to add the number of crayons given away and the number of crayons lost.

Crayons given away: 52
Crayons lost: 535

Total crayons lost or given away = Crayons given away + Crayons lost
= 52 + 535
= 587

So, Paul lost or gave away a total of 587 crayons.

#### 587",text
155,Paul got a box of some crayons for his birthday. During the school year he gave 52 crayons to his friends while he lost 535 crayons. If he only had 492 crayons left How many crayons had been lost or given away?,Adam could fit 11 action figures on each shelf in his room. His room has 4 shelves and 40 cabinets. How many total action figures could his shelves hold?,587,44,"To find the total number of action figures Adam's shelves can hold, we need to calculate the number of action figures that can fit on all the shelves combined.

1. First, we find out how many action figures can fit on all the shelves:
   - Adam can fit 11 action figures on each shelf.
   - He has 4 shelves.
   - So, the total number of action figures that can fit on all the shelves is \(11 \times 4 = 44\).

2. Next, we need to consider the 40 cabinets. However, the problem does not specify how many action figures can fit in each cabinet, so we will assume that the question is only asking about the shelves.

Therefore, the total number of action figures that Adam's shelves can hold is 44.

#### <44>",text
156,Adam could fit 11 action figures on each shelf in his room. His room has 4 shelves and 40 cabinets. How many total action figures could his shelves hold?,The ring toss game at the carnival made 144 dollars per day. They were at the carnival for 22 days. How much money did they make?,44,3168,"144 * 22 = 3168
#### 3168",text
157,The ring toss game at the carnival made 144 dollars per day. They were at the carnival for 22 days. How much money did they make?,Brenda's mother made cookies for 5. She prepared 22 cookies but had to throw away 17 cookies. If each of them had the same number of cookies How many did each of them have?,3168,1,"Step 1: Find the number of cookies that were not thrown away.
22 - 17 = 5 cookies

Step 2: Find the number of people who had the same number of cookies.
5 ÷ 2 = 2.5

Since the number of people cannot be a fraction, we round down to the nearest whole number.
2.5 rounds down to 2

So, each of them had 2 cookies.

#### <2>",neither
158,Brenda's mother made cookies for 5. She prepared 22 cookies but had to throw away 17 cookies. If each of them had the same number of cookies How many did each of them have?,White t - shirts can be purchased in packages of 53. If mom buys 57 packages of white t - shirts and 34 trousers How many white t - shirts will she have?,1,3021,57 * 53 = 3039 3039 + 34 = 3073 t-shirts,neither
159,White t - shirts can be purchased in packages of 53. If mom buys 57 packages of white t - shirts and 34 trousers How many white t - shirts will she have?,He then went to see the oranges being harvested. He found out that they harvest 5 sacks of ripe oranges and 74 sacks of unripe oranges per day. How many more sacks of unripe oranges than ripe oranges are harvested per day?,3021,69,"To find out how many more sacks of unripe oranges than ripe oranges are harvested per day, we need to subtract the number of sacks of ripe oranges from the number of sacks of unripe oranges.

Given:
- Number of sacks of ripe oranges per day = 5
- Number of sacks of unripe oranges per day = 74

Difference = Number of sacks of unripe oranges - Number of sacks of ripe oranges
Difference = 74 - 5
Difference = 69

Therefore, 69 more sacks of unripe oranges than ripe oranges are harvested per day. 

#### 69",text
160,He then went to see the oranges being harvested. He found out that they harvest 5 sacks of ripe oranges and 74 sacks of unripe oranges per day. How many more sacks of unripe oranges than ripe oranges are harvested per day?,"Julia played tag with 14 kids on monday, 2 kids on tuesday and 8 kids on wednesday. How many more kids did she play with on monday than on wednesday?",69,6,"14 - 8 = 6
#### 6",text
161,"Julia played tag with 14 kids on monday, 2 kids on tuesday and 8 kids on wednesday. How many more kids did she play with on monday than on wednesday?",Paco had 13 cookies. He ate 2 of them. Then he bought 36 more cookies How many more cookies did he buy than those he ate?,6,34,"Step 1: Find how many cookies Paco had left after eating 2.
13 - 2 = 11 cookies
Step 2: Find how many more cookies Paco bought than those he ate.
36 - 2 = 34 cookies
Step 3: Find how many more cookies Paco bought than those he ate.
34 - 11 = 23 cookies
So, Paco bought 23 more cookies than those he ate.
#### 23",neither
162,Paco had 13 cookies. He ate 2 of them. Then he bought 36 more cookies How many more cookies did he buy than those he ate?,White t - shirts can be purchased in packages. If mom buys 28 packages which contain 56 white t - shirts in total How many white t - shirts does each package have?,34,2,"28 ÷ 56 = 0.5
#### 0.5",neither
163,White t - shirts can be purchased in packages. If mom buys 28 packages which contain 56 white t - shirts in total How many white t - shirts does each package have?,The school has 304 grades and each grade has 75 students How many students were there in total?,2,22800,"304 * 75 = 22,800
#### 22,800",text
164,The school has 304 grades and each grade has 75 students How many students were there in total?,He then went to see the oranges being harvested. He found out that they harvest 25 sacks of unripe oranges and 5 sacks of ripe oranges per day. How many sacks of ripe oranges will they have after 73 days of harvest?,22800,365,"To find out how many sacks of ripe oranges will be harvested after 73 days, we need to multiply the number of sacks of ripe oranges harvested per day by the number of days they harvest.

Given:
- Number of sacks of ripe oranges harvested per day = 5
- Number of days they harvest = 73

Step 1: Multiply the number of sacks of ripe oranges per day by the number of days.
\[ \text{Total sacks of ripe oranges} = 5 \times 73 \]

Step 2: Calculate the total number of sacks of ripe oranges.
\[ \text{Total sacks of ripe oranges} = 365 \]

Therefore, after 73 days of harvest, they will have 365 sacks of ripe oranges.

#### 365",text
165,He then went to see the oranges being harvested. He found out that they harvest 25 sacks of unripe oranges and 5 sacks of ripe oranges per day. How many sacks of ripe oranges will they have after 73 days of harvest?,The Razorback shop makes $ 192 dollars off each t-shirt and $ 34 off each jersey. During the Arkansas and Texas tech game they sold 157 t-shirts and 19 jerseys. How much more does a t-shirt cost than a jersey?,365,158,"To find out how much more a t-shirt costs than a jersey, we need to calculate the total cost of each type of item sold and then find the difference.

First, let's calculate the total cost of t-shirts sold:
- Each t-shirt costs $192.
- They sold 157 t-shirts.
- Total cost of t-shirts = 157 * $192 = $30,384.

Next, let's calculate the total cost of jerseys sold:
- Each jersey costs $34.
- They sold 19 jerseys.
- Total cost of jerseys = 19 * $34 = $646.

Now, to find out how much more a t-shirt costs than a jersey, we subtract the total cost of jerseys from the total cost of t-shirts:
- Difference = Total cost of t-shirts - Total cost of jerseys = $30,384 - $646 = $29,738.

However, the question asks for the difference in cost between a t-shirt and a jersey, not the total difference in sales. Since the question is asking for the difference in cost, we need to consider the cost of a single t-shirt and a single jersey:",neither
166,The Razorback shop makes $ 192 dollars off each t-shirt and $ 34 off each jersey. During the Arkansas and Texas tech game they sold 157 t-shirts and 19 jerseys. How much more does a t-shirt cost than a jersey?,Steven has 14 peaches. Jake has 6 fewer peaches than Steven and 3 more peaches than Jill. How many peaches does Jill have?,158,5,"Let's denote the number of peaches Jill has as \(J\). According to the problem, Jake has 6 fewer peaches than Steven, so Jake has \(S - 6\) peaches. It's also given that Jake has 3 more peaches than Jill, so we can write the equation \(S - 6 = J + 3\).

We know that Steven has 14 peaches, so \(S = 14\). Substituting this value into the equation, we get:

\[14 - 6 = J + 3\]

Simplifying the left side of the equation:

\[8 = J + 3\]

To find the number of peaches Jill has, we subtract 3 from both sides of the equation:

\[8 - 3 = J\]

\[5 = J\]

Therefore, Jill has 5 peaches. The answer is \(\boxed{5}\).",text
167,Steven has 14 peaches. Jake has 6 fewer peaches than Steven and 3 more peaches than Jill. How many peaches does Jill have?,A waiter had 12 customers. While 15 customers left he got 14 new customers. How many customers does he still have?,5,11,"The waiter started with 12 customers. 15 customers left, so he lost 15 customers. Then he got 14 new customers. To find out how many customers he still has, we need to subtract the number of customers who left from the number of customers he started with and then add the number of new customers he got.

12 (initial customers) - 15 (customers who left) + 14 (new customers) = 11

So, the waiter still has 11 customers. Therefore, the answer is 11.",text
168,A waiter had 12 customers. While 15 customers left he got 14 new customers. How many customers does he still have?,Allan brought 2 balloons and Jake brought 4 balloons to the park. Allan then bought 3 more balloons at the park. How many more balloons did Allan have than Jake in the park?,11,1,Allan had 2 balloons. Jake had 4 balloons. Allan bought 3 more balloons. Allan had 2 + 3 = 5 balloons. Jake had 4 balloons. Allan had 5 - 4 = 1 more balloon than Jake. The answer is 1.,text
169,Allan brought 2 balloons and Jake brought 4 balloons to the park. Allan then bought 3 more balloons at the park. How many more balloons did Allan have than Jake in the park?,"Being his favorite, he saved checking on the grapevines for his last stop. He was told by 235 of the pickers that they fill 100 drums of raspberries per day and 221 drums of grapes per day. How many drums of grapes would be filled in 77 days?",1,17017,"To find out how many drums of grapes would be filled in 77 days, we need to multiply the number of drums filled per day by the number of days.

Given:
- Number of drums of raspberries filled per day = 100
- Number of drums of grapes filled per day = 221
- Number of days = 77

First, we find the total number of drums of grapes filled in one day:
\[ \text{Total drums of grapes per day} = 221 \]

Then, we find the total number of drums of grapes filled in 77 days:
\[ \text{Total drums of grapes in 77 days} = 221 \times 77 \]

\[ \text{Total drums of grapes in 77 days} = 16927 \]

Therefore, the number of drums of grapes filled in 77 days is 16,927.

#### <16927>",neither
170,"Being his favorite, he saved checking on the grapevines for his last stop. He was told by 235 of the pickers that they fill 100 drums of raspberries per day and 221 drums of grapes per day. How many drums of grapes would be filled in 77 days?",Ed had 6 more marbles than Doug. Doug lost 7 of his marbles at the playground. If Ed had 22 marbles How many marbles does Doug have now?,17017,9,"Step 1: Find out how many marbles Ed had before he lost any.
Ed had 22 marbles and he had 6 more than Doug, so Doug had 22 - 6 = 16 marbles.

Step 2: Find out how many marbles Doug has now after losing 7.
Doug lost 7 marbles, so he now has 16 - 7 = 9 marbles.

Therefore, Doug has 9 marbles now. 
#### <9>",text
171,Ed had 6 more marbles than Doug. Doug lost 7 of his marbles at the playground. If Ed had 22 marbles How many marbles does Doug have now?,At the arcade Dave had won 18 tickets. If he used 5 to buy some toys and 11 more to buy some clothes How many tickets did Dave have left?,9,2,"Dave started with 18 tickets. He used 5 tickets to buy some toys, so he had 18 - 5 = 13 tickets left. Then he used 11 tickets to buy some clothes, so he had 13 - 11 = 2 tickets left. Therefore, Dave had 2 tickets left. The answer is 2.",text
172,At the arcade Dave had won 18 tickets. If he used 5 to buy some toys and 11 more to buy some clothes How many tickets did Dave have left?,Danny has 21 bottle caps in his collection. He found some more bottle caps at the park. If he has 53 bottle caps now How many bottle caps did he find at the park?,2,32,"To find out how many bottle caps Danny found at the park, we need to subtract the number of bottle caps he already had from the total number of bottle caps he has now.

Starting with the total number of bottle caps he has now: 53
Subtract the number of bottle caps he already had: 21

53 - 21 = 32

So, Danny found 32 bottle caps at the park.

Therefore, the answer is: 32 bottle caps.",text
173,Danny has 21 bottle caps in his collection. He found some more bottle caps at the park. If he has 53 bottle caps now How many bottle caps did he find at the park?,Paul got a box of 65 crayons for his birthday. During the school year he gave 213 crayons to his friends while he lost 16 crayons. How many crayons had been lost or given away?,32,229,"213 + 16 = 229
65 - 229 = -164
-164 crayons
#### <164>",neither
174,Paul got a box of 65 crayons for his birthday. During the school year he gave 213 crayons to his friends while he lost 16 crayons. How many crayons had been lost or given away?,At the arcade Dave had won 14 tickets and lost 2 tickets. If he used 10 to buy some toys How many tickets did Dave have left?,229,2,"14 - 2 = 12 12 - 10 = 2 tickets left.  Therefore, the answer is 2.",text
175,At the arcade Dave had won 14 tickets and lost 2 tickets. If he used 10 to buy some toys How many tickets did Dave have left?,"A grocery store had 72 bottles of regular soda, 32 bottles of diet soda and 78 apples. How many more bottles than apple did they have?",2,26,"72 - 78 = -6
The grocery store had 6 fewer bottles than apples. 
Therefore, the answer is -6.",neither
176,"A grocery store had 72 bottles of regular soda, 32 bottles of diet soda and 78 apples. How many more bottles than apple did they have?",Because of the decision Sofia asked the students to suggest specific types of food. If 269 students suggested adding bacon 330 suggested adding mashed potatoes to the menu and 76 suggested adding tomatoes How many more students suggested mashed potatoes than those that suggested bacon?,26,61,"Step 1: Find the difference between the number of students who suggested mashed potatoes and bacon.
330 - 269 = 61
Step 2: Find the difference between the number of students who suggested mashed potatoes and tomatoes.
330 - 76 = 254
Step 3: Compare the two differences.
61 is less than 254.
So, 254 more students suggested mashed potatoes than those that suggested bacon.
#### 254",neither
177,Because of the decision Sofia asked the students to suggest specific types of food. If 269 students suggested adding bacon 330 suggested adding mashed potatoes to the menu and 76 suggested adding tomatoes How many more students suggested mashed potatoes than those that suggested bacon?,Because of the decision Sofia asked 310 students to suggest specific types of food. 185 students suggested adding mashed potatoes while others suggested adding bacon to the menu. How many students suggested bacon?,61,125,"To find the number of students who suggested bacon, we subtract the number of students who suggested mashed potatoes from the total number of students who suggested specific types of food.

1. Total number of students who suggested specific types of food: 310
2. Number of students who suggested mashed potatoes: 185
3. Number of students who suggested bacon: Total - Mashed potatoes

Number of students who suggested bacon = 310 - 185 = 125

Therefore, 125 students suggested bacon. 

#### 125",text
178,Because of the decision Sofia asked 310 students to suggest specific types of food. 185 students suggested adding mashed potatoes while others suggested adding bacon to the menu. How many students suggested bacon?,Lewis earns $ 403 every week during the 233 weeks of harvest. If he has to pay $ 49 rent every week How much money does he earn during harvest season?,125,93899,"To find out how much money Lewis earns during the harvest season, we need to calculate his total earnings and then subtract the total amount he pays in rent.

1. Calculate the total earnings during the harvest season:
   \[
   \text{Total earnings} = \text{Weekly earnings} \times \text{Number of weeks}
   \]
   \[
   \text{Total earnings} = 403 \times 233
   \]
   \[
   \text{Total earnings} = 93,899
   \]

2. Calculate the total amount he pays in rent during the harvest season:
   \[
   \text{Total rent} = \text{Weekly rent} \times \text{Number of weeks}
   \]
   \[
   \text{Total rent} = 49 \times 233
   \]
   \[
   \text{Total rent} = 11,417
   \]

3. Subtract the total rent from the total earnings to find out how much money he earns during the harvest season:
   \[
   \text{Money earned during harvest season} = \text{Total earnings} - \text{Total",neither
179,Lewis earns $ 403 every week during the 233 weeks of harvest. If he has to pay $ 49 rent every week How much money does he earn during harvest season?,"They decided to hold the party in their backyard. They have some sets of tables, each having the 3 chairs. If there are a total of 9 chairs in the backyard How many sets of tables do they have?",93899,3,"To find the number of sets of tables, we need to divide the total number of chairs by the number of chairs per set.
9 ÷ 3 = 3
Therefore, they have 3 sets of tables. 
#### 3",text
180,"They decided to hold the party in their backyard. They have some sets of tables, each having the 3 chairs. If there are a total of 9 chairs in the backyard How many sets of tables do they have?","After eating a hearty meal they went to see the Buckingham palace. There, Rachel learned that 705 visitors came to the Buckingham palace that day. If there were 191 visitors the previous day and 457 visitors the day before that How many more visitors visited the Buckingham palace on that day than on the previous 245 days?",3,57,"To find out how many more visitors visited the Buckingham palace on that day than on the previous 245 days, we need to add the number of visitors from the previous two days and then subtract that total from the number of visitors on the current day.

Visitors on the current day: 705
Visitors on the previous day: 191
Visitors on the day before that: 457

First, we add the number of visitors from the previous two days:
191 (previous day) + 457 (day before that) = 648

Next, we subtract the total number of visitors from the previous two days from the number of visitors on the current day:
705 (current day) - 648 (previous two days) = 57

So, 57 more visitors visited the Buckingham palace on that day than on the previous 245 days.

#### 57",text
181,"After eating a hearty meal they went to see the Buckingham palace. There, Rachel learned that 705 visitors came to the Buckingham palace that day. If there were 191 visitors the previous day and 457 visitors the day before that How many more visitors visited the Buckingham palace on that day than on the previous 245 days?",There are 11 different books and 17 different movies in the ' crazy silly school ' series. If you read 7 of the books and watched 21 of the movies How many more movies than books have you read?,57,14,"To find out how many more movies than books you have read, you need to subtract the number of books from the number of movies.

17 (movies) - 7 (books) = 10

So, you have read 10 more movies than books. 

Therefore, the answer is 10.",neither
182,There are 11 different books and 17 different movies in the ' crazy silly school ' series. If you read 7 of the books and watched 21 of the movies How many more movies than books have you read?,For the walls of the house he would use 12 large planks of wood and 10 small planks. If large planks together need 15 pieces of nails to be secured and small planks together need 5 nails. How many nails does John need for the house wall?,14,20,"15 + 5 = 20
#### <20>",text
183,For the walls of the house he would use 12 large planks of wood and 10 small planks. If large planks together need 15 pieces of nails to be secured and small planks together need 5 nails. How many nails does John need for the house wall?,Matthew gave equal numbers of crackers and cakes to his 28 friends. If he had 13 crackers and 15 cakes initially How many crackers and cakes did each person eat?,20,1,"To find out how many crackers and cakes each person ate, we need to divide the total number of crackers and cakes by the number of friends.

1. First, let's find out how many crackers each person ate:
   - Total crackers = 13
   - Number of friends = 28
   - Crackers per person = Total crackers / Number of friends
   - Crackers per person = 13 / 28
   - Crackers per person = 0.4642857142857143

2. Next, let's find out how many cakes each person ate:
   - Total cakes = 15
   - Number of friends = 28
   - Cakes per person = Total cakes / Number of friends
   - Cakes per person = 15 / 28
   - Cakes per person = 0.5357142857142857

So, each person ate approximately 0.46 crackers and 0.54 cakes.

#### <0.46 crackers and 0.54 cakes>",text
184,Matthew gave equal numbers of crackers and cakes to his 28 friends. If he had 13 crackers and 15 cakes initially How many crackers and cakes did each person eat?,Winter is almost here and most animals are migrating to warmer countries. 27 bird families flew away for the winter from near a mountain. If there were 41 bird families living near the mountain initially How many bird families were left near the mountain?,1,14,"To find out how many bird families were left near the mountain, we need to subtract the number of bird families that flew away from the initial number of bird families.

Initial number of bird families: 41
Number of bird families that flew away: 27

Number of bird families left near the mountain = Initial number of bird families - Number of bird families that flew away
= 41 - 27
= 14

Therefore, there were 14 bird families left near the mountain. The answer is 14.",text
185,Winter is almost here and most animals are migrating to warmer countries. 27 bird families flew away for the winter from near a mountain. If there were 41 bird families living near the mountain initially How many bird families were left near the mountain?,Rebecca wants to split a collection of eggs into groups of 20. Rebecca has 5 marbles and 12 eggs. How many more eggs does Rebecca have than marbles?,14,7,"Rebecca has 12 eggs and 5 marbles. To find out how many more eggs she has than marbles, we subtract the number of marbles from the number of eggs: 12 - 5 = 7. Therefore, Rebecca has 7 more eggs than marbles. The answer is 7.",text
186,Rebecca wants to split a collection of eggs into groups of 20. Rebecca has 5 marbles and 12 eggs. How many more eggs does Rebecca have than marbles?,A mailman has to give 32 pieces of junk mail to each of the 55 blocks. If he gives 8 mails to each house in a block How many houses are there in a block?,7,4,"32 * 55 = 1760
1760 / 8 = 220
220 houses
#### 220",neither
187,A mailman has to give 32 pieces of junk mail to each of the 55 blocks. If he gives 8 mails to each house in a block How many houses are there in a block?,"After eating a hearty meal they went to see the Buckingham palace. There, Rachel learned that 92 visitors came to the Buckingham palace that day. If there were 419 visitors the previous day and 103 visitors the day before that How many visited the Buckingham palace before that day?",4,522,"To find the number of visitors before the day in question, we need to add the number of visitors from the previous two days and subtract the number of visitors on the current day.

Visitors the day before the day in question: 103
Visitors the day before that: 419
Visitors on the day in question: 92

Total visitors before the day in question = (Visitors the day before the day in question) + (Visitors the day before that) - (Visitors on the day in question)

Total visitors before the day in question = 103 + 419 - 92

Total visitors before the day in question = 520 - 92

Total visitors before the day in question = 428

Therefore, 428 visitors visited the Buckingham palace before the day in question.

#### 428",neither
188,"After eating a hearty meal they went to see the Buckingham palace. There, Rachel learned that 92 visitors came to the Buckingham palace that day. If there were 419 visitors the previous day and 103 visitors the day before that How many visited the Buckingham palace before that day?",Danny collects bottle caps and wrappers. He found 65 wrappers and 5 bottle caps at the park. Now he has 31 bottle caps and 9 wrappers in his collection. How many more wrappers than bottle caps did danny find at the park?,522,60,"To find out how many more wrappers than bottle caps Danny found at the park, we need to subtract the number of bottle caps from the number of wrappers. 

Starting with the total number of wrappers Danny found at the park, which is 65, and the number of bottle caps he found, which is 5, we can calculate the difference as follows:

65 wrappers - 5 bottle caps = 60 wrappers

So, Danny found 60 more wrappers than bottle caps at the park. 

Therefore, the answer is 60.",text
189,Danny collects bottle caps and wrappers. He found 65 wrappers and 5 bottle caps at the park. Now he has 31 bottle caps and 9 wrappers in his collection. How many more wrappers than bottle caps did danny find at the park?,The Razorback t-shirt shop makes $ 87 dollars off each t-shirt sold. During the Arkansas game and the Texas tech game they sold a total of 95 t-shirts. If they sold 47 t-shirts during the Arkansas game How much money did they make from selling the t-shirts?,60,8265,"Solution: Let x be the number of t-shirts sold during the Texas Tech game.
We know that x + 47 = 95.
Solving for x, we get x = 48.
The total revenue from selling t-shirts is 87 * (47 + 48) = 87 * 95 = 8,265.
Therefore, the Razorback t-shirt shop made $8,265 from selling the t-shirts.
#### <8265>",text
190,The Razorback t-shirt shop makes $ 87 dollars off each t-shirt sold. During the Arkansas game and the Texas tech game they sold a total of 95 t-shirts. If they sold 47 t-shirts during the Arkansas game How much money did they make from selling the t-shirts?,Paco had 41 cookies. He gave 9 cookies to his friend and ate 18 cookies. How many more cookies did he eat than those he gave to his friend?,8265,9,"To find out how many more cookies Paco ate than those he gave to his friend, we need to subtract the number of cookies he gave away from the number of cookies he ate.

1. Start with the total number of cookies Paco had: 41 cookies.
2. Subtract the number of cookies he gave to his friend: 41 - 9 = 32 cookies.
3. Subtract the number of cookies he ate: 32 - 18 = 14 cookies.

So, Paco ate 14 more cookies than those he gave to his friend. The answer is 14 cookies.

#### 14",neither
191,Paco had 41 cookies. He gave 9 cookies to his friend and ate 18 cookies. How many more cookies did he eat than those he gave to his friend?,In a school there are 402 more girls than boys. If there are 739 girls How many boys are there in that school?,9,337,"Let the number of boys be x. Then the number of girls is x + 402. It is given that the number of girls is 739. So we can write the equation as follows: x + 402 = 739. Solving for x, we get x = 739 - 402 = 337. Therefore, the number of boys in the school is 337.  Therefore, the answer is 337.",text
192,In a school there are 402 more girls than boys. If there are 739 girls How many boys are there in that school?,Because of the decision Sofia asked the students to suggest specific types of food. 182 students suggested adding mashed potatoes while others suggested adding bacon to the menu. If 166 more students suggested adding bacon than those that suggested mashed potatoes How many students suggested bacon?,337,348,"Let's denote the number of students who suggested mashed potatoes as x. According to the problem, 166 more students suggested bacon than those that suggested mashed potatoes, so the number of students who suggested bacon is x + 166. The total number of students who suggested either mashed potatoes or bacon is 182. Therefore, we can write the equation x + (x + 166) = 182. Simplifying this equation, we get 2x + 166 = 182. Subtracting 166 from both sides, we get 2x = 16. Dividing both sides by 2, we get x = 8. Therefore, the number of students who suggested mashed potatoes is 8, and the number of students who suggested bacon is 8 + 166 = 174. So, the answer is 174 students suggested bacon.",neither
193,Because of the decision Sofia asked the students to suggest specific types of food. 182 students suggested adding mashed potatoes while others suggested adding bacon to the menu. If 166 more students suggested adding bacon than those that suggested mashed potatoes How many students suggested bacon?,"The grasshopper, the frog and the mouse had a jumping contest. The grasshopper jumped 9 inches. The mouse jumped 3 inches lesser than the frog who jumped 33 inches farther than the grasshopper. How far did the mouse jump?",348,39,"The frog jumped 33 inches farther than the grasshopper, so the frog jumped 9 + 33 = 42 inches.
The mouse jumped 3 inches lesser than the frog, so the mouse jumped 42 - 3 = 39 inches.
Therefore, the mouse jumped 39 inches.
#### 39",text
194,"The grasshopper, the frog and the mouse had a jumping contest. The grasshopper jumped 9 inches. The mouse jumped 3 inches lesser than the frog who jumped 33 inches farther than the grasshopper. How far did the mouse jump?",Ed had 30 more marbles than Doug. Ed lost 21 of his marbles at the playground. If Ed had 91 marbles How many more marbles did Ed have than Doug then?,39,9,"Step 1: Find out how many marbles Doug had.
Step 2: Subtract the number of marbles Ed lost from the total number of marbles Ed had.
Step 3: Calculate how many more marbles Ed had than Doug.
Let's do the math:
1. Ed had 91 marbles and lost 21, so he had 91 - 21 = 70 marbles left.
2. If Ed had 30 more marbles than Doug, then Doug had 70 - 30 = 40 marbles.
3. To find out how many more marbles Ed had than Doug, we subtract the number of marbles Doug had from the number of marbles Ed had: 70 - 40 = 30.
So, Ed had 30 more marbles than Doug. 
#### <30>",neither
195,Ed had 30 more marbles than Doug. Ed lost 21 of his marbles at the playground. If Ed had 91 marbles How many more marbles did Ed have than Doug then?,Danny collects bottle caps. He found 30 bottle caps at the park while he threw away 63 old ones. Now he has 42 bottle caps in his collection. How many more bottle caps did danny throw away than those he found at the park?,9,33,"Danny threw away 63 old bottle caps and found 30 new ones at the park. To find out how many more bottle caps he threw away than those he found, we subtract the number of bottle caps he found from the number of bottle caps he threw away.

63 (bottle caps thrown away) - 30 (bottle caps found) = 33

So, Danny threw away 33 more bottle caps than those he found at the park.

#### 33",text
196,Danny collects bottle caps. He found 30 bottle caps at the park while he threw away 63 old ones. Now he has 42 bottle caps in his collection. How many more bottle caps did danny throw away than those he found at the park?,There are 384 oranges and 192 bananas in Philip's collection. If the bananas are organized into 345 groups and oranges are organized into 16 groups How big is each group of oranges?,33,24,"To find out how many oranges are in each group, we need to divide the total number of oranges by the number of groups. So, we have:

384 oranges ÷ 16 groups = 24 oranges per group

Therefore, each group of oranges has 24 oranges. 

#### 24",text
197,There are 384 oranges and 192 bananas in Philip's collection. If the bananas are organized into 345 groups and oranges are organized into 16 groups How big is each group of oranges?,Paul got a box of 253 crayons for his birthday. By the end of the school year he had either lost or given away 70 of them. How many crayons did he have left by the end of the school year?,24,183,"To find out how many crayons Paul had left by the end of the school year, we need to subtract the number of crayons he lost or gave away from the total number of crayons he started with.

Starting number of crayons: 253
Number of crayons lost or given away: 70

Crayons left = Starting number of crayons - Number of crayons lost or given away
Crayons left = 253 - 70
Crayons left = 183

So, Paul had 183 crayons left by the end of the school year.

#### 183",text
198,Paul got a box of 253 crayons for his birthday. By the end of the school year he had either lost or given away 70 of them. How many crayons did he have left by the end of the school year?,Josh had 15 marbles in his collection. He found 9 marbles while he lost 23 marbles. How many more marbles did he lose than those he found?,183,14,"To find out how many more marbles Josh lost than those he found, we need to subtract the number of marbles he found from the number of marbles he lost.

Josh lost 23 marbles and found 9 marbles.

So, the difference is 23 - 9 = 14 marbles.

Josh lost 14 more marbles than those he found.

Therefore, the answer is 14.",text
199,Josh had 15 marbles in his collection. He found 9 marbles while he lost 23 marbles. How many more marbles did he lose than those he found?,An industrial machine can make 6 shirts a minute. It worked for 12 minutes yesterday and for 14 shirts today. How many shirts did machine make altogether?,14,156,"To find out how many shirts the machine made altogether, we need to calculate the number of shirts made yesterday and today separately and then add them together.

1. Calculate the number of shirts made yesterday:
   The machine makes 6 shirts a minute and worked for 12 minutes yesterday.
   So, the number of shirts made yesterday = 6 shirts/minute * 12 minutes = 72 shirts.

2. Calculate the number of shirts made today:
   The machine made 14 shirts today.

3. Add the number of shirts made yesterday and today to find the total number of shirts made:
   Total shirts = Shirts made yesterday + Shirts made today
   Total shirts = 72 shirts + 14 shirts = 86 shirts.

Therefore, the machine made 86 shirts altogether. 

#### <86>",neither
200,An industrial machine can make 6 shirts a minute. It worked for 12 minutes yesterday and for 14 shirts today. How many shirts did machine make altogether?,A grocery store had 67 bottles of regular soda and 9 bottles of diet soda. How many more bottles of regular soda than diet soda did they have?,156,58,"67 - 9 = 58
#### 58",text
201,A grocery store had 67 bottles of regular soda and 9 bottles of diet soda. How many more bottles of regular soda than diet soda did they have?,Lewis earns $ 21 every week during the 216 weeks of harvest. If he has to pay $ 702 tax How much money will have at the end of the harvest season?,58,3834,"Step 1: Calculate the total earnings of Lewis during the harvest season.
Lewis earns $ 21 every week for 216 weeks, so his total earnings are $ 21 * 216 = $ 4,536.

Step 2: Calculate the amount of tax Lewis has to pay.
Lewis has to pay $ 702 in tax.

Step 3: Calculate the amount of money Lewis will have at the end of the harvest season.
To find out how much money Lewis will have at the end of the harvest season, we subtract the tax from his total earnings.
$ 4,536 (total earnings) - $ 702 (tax) = $ 3,834.

Therefore, Lewis will have $ 3,834 at the end of the harvest season.
#### $ 3,834",text
202,Lewis earns $ 21 every week during the 216 weeks of harvest. If he has to pay $ 702 tax How much money will have at the end of the harvest season?,Jessie weighed 92 kilograms. After she started to go jogging everyday she lost 56 kilograms in the first week and 99 kilograms in the second week. How much did she weigh after the first week of jogging?,3834,36,"92 - 56 = 36
36 - 99 = -63
She lost 63 kilograms in the second week, so she weighed 36 - 63 = -27 kilograms after the second week. However, it's not possible to weigh negative kilograms, so she must have weighed 0 kilograms after the second week. Therefore, she weighed 36 kilograms after the first week of jogging. 
#### 36",text
203,Jessie weighed 92 kilograms. After she started to go jogging everyday she lost 56 kilograms in the first week and 99 kilograms in the second week. How much did she weigh after the first week of jogging?,There were 21 roses in the vase. Jessica threw away 34 roses from the vase and cut some more new roses from her flower garden to put in the vase. There are now 15 roses in the vase. How many more roses did she throw away than those she cut from her garden?,36,6,"Step 1: Find the number of roses Jessica cut from her garden.
Jessica threw away 34 roses and now there are 15 roses in the vase. So, the number of roses she cut from her garden is 34 - 15 = 19 roses.

Step 2: Find the difference between the number of roses she threw away and those she cut from her garden.
Jessica threw away 34 roses and cut 19 roses from her garden. So, the difference is 34 - 19 = 15 roses.

Therefore, Jessica threw away 15 more roses than those she cut from her garden. The answer is 15.

#### 15",neither
204,There were 21 roses in the vase. Jessica threw away 34 roses from the vase and cut some more new roses from her flower garden to put in the vase. There are now 15 roses in the vase. How many more roses did she throw away than those she cut from her garden?,Paco had 25 cookies. He ate 5 of them. Then he bought 3 more cookies How many more cookies did he eat than those he bought?,6,2,"Paco started with 25 cookies.
He ate 5 of them, so he had 25 - 5 = 20 cookies left.
Then he bought 3 more cookies, so he had 20 + 3 = 23 cookies in total.
To find out how many more cookies he ate than those he bought, we need to subtract the number of cookies he bought from the number of cookies he ate.
He ate 5 cookies and bought 3 cookies, so he ate 5 - 3 = 2 more cookies than those he bought.
Therefore, Paco ate 2 more cookies than those he bought.
The answer is 2.",text
205,Paco had 25 cookies. He ate 5 of them. Then he bought 3 more cookies How many more cookies did he eat than those he bought?,Melissa scored a total of 21 points playing some games. Is she scored 7 points in each game. How many games did she play?,2,3,"To find the number of games Melissa played, we can use the formula:

Number of games = Total points / Points per game

Given that Melissa scored a total of 21 points and she scored 7 points in each game, we can substitute these values into the formula:

Number of games = 21 / 7

Now, we can perform the division:

21 ÷ 7 = 3

So, Melissa played 3 games. Therefore, the answer is:

#### 3",text
206,Melissa scored a total of 21 points playing some games. Is she scored 7 points in each game. How many games did she play?,Paige was helping her mom plant flowers and together they planted 45 seeds in 9 flowerbeds. If they put same number of seeds in each flower bed How many seeds did they plant in each flowerbed?,3,5,"To find out how many seeds they planted in each flowerbed, we need to divide the total number of seeds by the number of flowerbeds.

45 seeds ÷ 9 flowerbeds = 5 seeds per flowerbed

So, they planted 5 seeds in each flowerbed.

#### 5",text
207,Paige was helping her mom plant flowers and together they planted 45 seeds in 9 flowerbeds. If they put same number of seeds in each flower bed How many seeds did they plant in each flowerbed?,Jake has 11 fewer peaches than Steven. If Jake has 17 peaches. How many peaches does Steven have?,5,28,"Let x be the number of peaches Steven has. Then Jake has x - 11 peaches. We know that Jake has 17 peaches, so we can set up the equation x - 11 = 17. Solving for x, we get x = 28. Therefore, Steven has 28 peaches.  Therefore, the answer is 28.",text
208,Jake has 11 fewer peaches than Steven. If Jake has 17 peaches. How many peaches does Steven have?,Frank was reading through his favorite book. The book had 193 pages equally distributed over 15 chapters. It took Frank 660 days to finish the book. How many chapters did he read per day?,28,44,"To find out how many chapters Frank read per day, we first need to determine the number of chapters in the book. Given that the book has 193 pages and is equally distributed over 15 chapters, we can calculate the number of pages per chapter by dividing the total number of pages by the number of chapters.

Number of pages per chapter = Total number of pages / Number of chapters
Number of pages per chapter = 193 pages / 15 chapters
Number of pages per chapter = 12.8667 pages

Since the number of pages per chapter must be a whole number, we can round this to 13 pages per chapter (assuming the book is not perfectly divisible into chapters).

Next, we need to find out how many chapters Frank read in total. Since he read the entire book, the number of chapters he read is equal to the total number of chapters in the book.

Total number of chapters read = Total number of chapters in the book
Total number of chapters read = 15 chapters

Now, we can calculate how many chapters Frank read per day by dividing the total number of chapters read by the number of days it took him to finish the book.

Chapters read per day = Total number of",neither
209,Frank was reading through his favorite book. The book had 193 pages equally distributed over 15 chapters. It took Frank 660 days to finish the book. How many chapters did he read per day?,Rachel had to complete 5 pages of math homework and 2 pages of reading homework. How many more pages of math homework than reading homework did she have?,44,3,"5 - 2 = 3
#### 3",text
210,Rachel had to complete 5 pages of math homework and 2 pages of reading homework. How many more pages of math homework than reading homework did she have?,Frank put some pieces of candy equally into 2 bags. If he had 16 pieces of candy How many pieces of candy are in each bag?,3,8,"To find out how many pieces of candy are in each bag, we need to divide the total number of pieces of candy by the number of bags.
16 ÷ 2 = 8
So, there are 8 pieces of candy in each bag.
#### 8",text
211,Frank put some pieces of candy equally into 2 bags. If he had 16 pieces of candy How many pieces of candy are in each bag?,Jerry had 8 action figures on a shelf in his room. Later he added 4 more action figures to the shelf and removed 5 old ones. How many action figures were on his shelf in all?,8,7,"8 + 4 - 5 = 7
7 action figures were on his shelf in all.
#### 7",text
212,Jerry had 8 action figures on a shelf in his room. Later he added 4 more action figures to the shelf and removed 5 old ones. How many action figures were on his shelf in all?,Baker made 110 cakes. He sold 75 of them. Then he made 76 more cakes. How many cakes would baker still have?,7,111,"Baker started with 110 cakes.
He sold 75 cakes, so he had 110 - 75 = 35 cakes left.
Then he made 76 more cakes, so he had 35 + 76 = 111 cakes in total.
Therefore, the baker would still have 111 cakes. 
#### <111>",text
213,Baker made 110 cakes. He sold 75 of them. Then he made 76 more cakes. How many cakes would baker still have?,Paco ate 19 cookies and had 35 cookies left. How many cookies did he have in the beginning?,111,54,"To find out how many cookies Paco had in the beginning, we need to add the number of cookies he ate to the number of cookies he had left. So, we have:

19 (cookies eaten) + 35 (cookies left) = 54 (cookies in the beginning)

Therefore, Paco had 54 cookies in the beginning. 

#### 54",text
214,Paco ate 19 cookies and had 35 cookies left. How many cookies did he have in the beginning?,Dan has $ 4. He had $ 3 left with him after he bought a candy bar. How much did the candy bar cost?,54,1,"Step 1: Subtract the amount of money Dan had left from the amount of money he had initially.
$ 4 - $ 3 = $ 1
Step 2: The result is the cost of the candy bar.
The candy bar cost $ 1.
#### $ 1",text
215,Dan has $ 4. He had $ 3 left with him after he bought a candy bar. How much did the candy bar cost?,For the walls of the house he would use 11 nails in all to secure large planks of wood. If each plank needs 3 pieces of nails to be secured and an additional 8 nails were used. How many planks does John need for the house wall?,1,1,"To find out how many planks John needs for the house wall, we can follow these steps:

1. First, we need to determine the total number of nails used for the planks. We know that each plank requires 3 nails and that an additional 8 nails were used. So, the total number of nails used for the planks is:
   \[
   11 \text{ (nails for the planks)} + 8 \text{ (additional nails)} = 19 \text{ nails}
   \]

2. Next, we need to find out how many planks John needs. Since each plank requires 3 nails, we can divide the total number of nails used by the number of nails required per plank:
   \[
   \frac{19 \text{ nails}}{3 \text{ nails per plank}} = 6.3333...
   \]

3. Since John can't use a fraction of a plank, we need to round up to the nearest whole number. Therefore, John needs 7 planks for the house wall.

#### 7",ambiguous
216,For the walls of the house he would use 11 nails in all to secure large planks of wood. If each plank needs 3 pieces of nails to be secured and an additional 8 nails were used. How many planks does John need for the house wall?,Paige raised 16 goldfish and 71 catfish in the pond but stray cats loved eating them. Now she has 2 left. How many goldfish disappeared?,1,14,"Let's denote the number of goldfish that disappeared as \(x\). We know that Paige initially had 16 goldfish and 71 catfish. The total number of fish she had was \(16 + 71 = 87\). Now, she has 2 fish left. This means that the total number of fish that disappeared is \(87 - 2 = 85\). Since the problem states that the number of goldfish that disappeared is equal to the number of catfish that disappeared, we can set up the equation \(x = 85\). Therefore, the number of goldfish that disappeared is 85. However, this result doesn't make sense in the context of the problem because it's not possible for 85 goldfish to disappear while only 71 catfish were present. The problem might be misstated or there might be a misunderstanding in the interpretation. Given the information provided, the number of goldfish that disappeared cannot be determined accurately. The answer is that the problem as stated does not provide enough information to solve for the number of goldfish that disappeared.",neither
217,Paige raised 16 goldfish and 71 catfish in the pond but stray cats loved eating them. Now she has 2 left. How many goldfish disappeared?,Baker sold 44 cakes. If he had made 48 cakes initially How many cakes would baker still have?,14,4,"48 - 44 = 4
Baker would still have 4 cakes.
#### 4",text
218,Baker sold 44 cakes. If he had made 48 cakes initially How many cakes would baker still have?,The ring toss game at the carnival made 325 dollars in the first 154 days and 114 dollars in the remaining 57 days. How much did they make per day in the remaining 57 days at the carnival?,4,2,"To find out how much the ring toss game made per day in the remaining 57 days, we need to divide the total amount made in those days by the number of days.

First, let's find the total amount made in the remaining 57 days:
\[ \text{Total amount made in remaining 57 days} = 114 \, \text{dollars} \]

Now, we divide this amount by the number of days (57) to find the daily average:
\[ \text{Daily average} = \frac{114 \, \text{dollars}}{57 \, \text{days}} \]

\[ \text{Daily average} = 2 \, \text{dollars per day} \]

Therefore, the ring toss game made 2 dollars per day in the remaining 57 days at the carnival. The answer is:
\[ \boxed{2} \]",text
219,The ring toss game at the carnival made 325 dollars in the first 154 days and 114 dollars in the remaining 57 days. How much did they make per day in the remaining 57 days at the carnival?,Rachel had to complete 10 pages of math homework. If she had to complete 3 more pages of reading homework than math homework How many pages did she have to complete in all?,2,23,"To find the total number of pages Rachel had to complete, we need to add the number of pages of math homework to the number of pages of reading homework.

Given that Rachel had to complete 10 pages of math homework and 3 more pages of reading homework than math homework, we can calculate the number of pages of reading homework as follows:

Number of pages of reading homework = Number of pages of math homework + 3
Number of pages of reading homework = 10 + 3
Number of pages of reading homework = 13

Now, we can find the total number of pages Rachel had to complete by adding the number of pages of math homework and the number of pages of reading homework:

Total number of pages = Number of pages of math homework + Number of pages of reading homework
Total number of pages = 10 + 13
Total number of pages = 23

Therefore, Rachel had to complete 23 pages in all. 

<ANSWER>",text
220,Rachel had to complete 10 pages of math homework. If she had to complete 3 more pages of reading homework than math homework How many pages did she have to complete in all?,"Being his favorite, he saved checking on the grapevines for his last stop. He was told by 36 of the pickers that they fill 8 drums of grapes per day. How many days will it take to fill 240 drums of grapes?",23,30,"To find out how many days it will take to fill 240 drums of grapes, we need to divide the total number of drums by the number of drums filled per day.

Given:
- Total number of drums = 240
- Number of drums filled per day = 8

We can set up the equation as follows:
\[ \text{Number of days} = \frac{\text{Total number of drums}}{\text{Number of drums filled per day}} \]

Substituting the given values:
\[ \text{Number of days} = \frac{240}{8} \]

Solving for the number of days:
\[ \text{Number of days} = 30 \]

Therefore, it will take 30 days to fill 240 drums of grapes.

The answer is 30 days.",text
221,"Being his favorite, he saved checking on the grapevines for his last stop. He was told by 36 of the pickers that they fill 8 drums of grapes per day. How many days will it take to fill 240 drums of grapes?",Nell collects cards. She had 438 baseball cards and 18 Ace cards. She gave some of her cards to Jeff and now has 55 Ace cards and 178 baseball cards left. How many more baseball cards than Ace cards does Nell have?,30,123,"To find out how many more baseball cards than Ace cards Nell has, we need to determine the number of cards she gave to Jeff and then subtract the number of Ace cards from the number of baseball cards.

First, let's find out how many cards Nell gave to Jeff. We know she had 438 baseball cards and 18 Ace cards initially, and now she has 178 baseball cards and 55 Ace cards left.

Initial number of baseball cards: 438
Initial number of Ace cards: 18
Current number of baseball cards: 178
Current number of Ace cards: 55

The difference in the number of baseball cards is: 438 - 178 = 260
The difference in the number of Ace cards is: 18 - 55 = -37 (This indicates she gave away 37 Ace cards, but we are interested in the difference, so we take the absolute value: 37)

Now, we need to find out how many cards she gave away in total. Since she gave away 37 Ace cards and we don't know the total number of cards she gave away, we can't directly calculate",neither
222,Nell collects cards. She had 438 baseball cards and 18 Ace cards. She gave some of her cards to Jeff and now has 55 Ace cards and 178 baseball cards left. How many more baseball cards than Ace cards does Nell have?,There were 15 roses in the vase. Jessica threw away 33 roses from the vase and cut some more new roses from her flower garden to put in the vase. There are now 17 roses in the vase. How many more roses did she cut than those she threw away?,123,2,"Let's denote the number of roses Jessica cut from her flower garden as \(x\).

From the problem, we know that:
- Initially, there were 15 roses in the vase.
- Jessica threw away 33 roses.
- After throwing away the roses, there were 17 roses left in the vase.

The equation representing the situation after throwing away the roses is:
\[15 - 33 = 17\]

However, this equation doesn't make sense as it implies that after throwing away 33 roses, there would be 17 roses left, which is not possible since 15 - 33 = -18, meaning there would be a deficit of 18 roses, not 17.

The correct interpretation should be that after throwing away 33 roses, the number of roses in the vase became 17. This means that before throwing away the roses, the vase had:
\[17 + 33 = 50\] roses.

Now, we know that there were initially 15 roses, so the number of roses Jessica cut from her flower garden is:
\[50 - 15 = 35\] roses.

Therefore, Jessica cut 35",neither
223,There were 15 roses in the vase. Jessica threw away 33 roses from the vase and cut some more new roses from her flower garden to put in the vase. There are now 17 roses in the vase. How many more roses did she cut than those she threw away?,Dan has $ 4. For a total of $ 3 he bought 10 candy bar each one costing the same amount of money. How much money is left?,2,1,"Step 1: Find the cost of one candy bar.
$ 3 / 10 = $ 0.30
Step 2: Find the total cost of the candy bars.
$ 0.30 * 10 = $ 3
Step 3: Find the amount of money left.
$ 4 - $ 3 = $ 1
Answer: $ 1",text
224,Dan has $ 4. For a total of $ 3 he bought 10 candy bar each one costing the same amount of money. How much money is left?,If they are already at 659 feet and the cave is 762 feet deep How much farther until they reach the end of the cave?,1,103,"To find out how much farther they have to go, we need to subtract the current depth of the cave from the total depth of the cave. 
762 feet (total depth) - 659 feet (current depth) = 103 feet
So, they have 103 feet more to go until they reach the end of the cave. 
Therefore, the answer is 103 feet. 
#### 103",text
225,If they are already at 659 feet and the cave is 762 feet deep How much farther until they reach the end of the cave?,Faye was placing her pencils into 14 rows with 11 pencils in each row. How many pencils does she have?,103,154,"To find the total number of pencils, we need to multiply the number of rows by the number of pencils in each row.
14 rows * 11 pencils per row = 154 pencils
Therefore, Faye has 154 pencils. 
#### 154",text
226,Faye was placing her pencils into 14 rows with 11 pencils in each row. How many pencils does she have?,There were 6 roses and 20 orchids in the vase. Jessica cut some more roses and orchids from her flower garden. There are now 21 orchids and 22 roses in the vase. How many more roses than orchids are there in the vase now?,154,1,There were 20 orchids and 6 roses in the vase. Now there are 21 orchids and 22 roses in the vase. The difference between the number of roses and orchids is 22 - 21 = 1. There is 1 more rose than orchid in the vase now.,text
227,There were 6 roses and 20 orchids in the vase. Jessica cut some more roses and orchids from her flower garden. There are now 21 orchids and 22 roses in the vase. How many more roses than orchids are there in the vase now?,If Lewis earns $ 1357 every week during the 223 weeks of a harvest season. How much money will he earn if he works for 73 harvest seasons?,1,22090603,"To find out how much money Lewis will earn if he works for 73 harvest seasons, we need to follow these steps:

1. Calculate the total number of weeks he will work during the 73 harvest seasons.
2. Multiply the total number of weeks by his weekly earnings.

Let's start with step 1:

1. Total number of weeks = Number of harvest seasons * Number of weeks per harvest season
   = 73 * 223
   = 16,329 weeks

Now, let's move on to step 2:

2. Total earnings = Total number of weeks * Weekly earnings
   = 16,329 weeks * $ 1357
   = $ 21,941,503

Therefore, if Lewis works for 73 harvest seasons, he will earn $ 21,941,503.

#### $ 21,941,503",neither
228,If Lewis earns $ 1357 every week during the 223 weeks of a harvest season. How much money will he earn if he works for 73 harvest seasons?,A farmer had 171 tomatoes in his garden. If he picked 134 of them yesterday and 30 today. How many will he have left after today?,22090603,7,"171 - 134 = 37
37 - 30 = 7
He will have 7 left.",text
229,A farmer had 171 tomatoes in his garden. If he picked 134 of them yesterday and 30 today. How many will he have left after today?,Mary is baking a cake. The recipe calls for 11 cups of sugar and 9 cups of flour. She already put in 12 cups of flour and 10 cups of sugar. How many more cups of sugar does she need to add?,7,1,"11 - 10 = 1
She needs to add 1 more cup of sugar.
#### 1",text
230,Mary is baking a cake. The recipe calls for 11 cups of sugar and 9 cups of flour. She already put in 12 cups of flour and 10 cups of sugar. How many more cups of sugar does she need to add?,Winter is almost here and most animals are migrating to warmer countries. There were 89 bird families living near the mountain. If 60 bird families flew away for winter How many more bird families flew away for the winter than those that stayed behind?,1,31,"To find out how many more bird families flew away for the winter than those that stayed behind, we need to subtract the number of bird families that stayed behind from the number of bird families that flew away.

Given:
- Total bird families = 89
- Bird families that flew away = 60

Number of bird families that stayed behind = Total bird families - Bird families that flew away
= 89 - 60
= 29

Number of bird families that flew away for the winter more than those that stayed behind = Bird families that flew away - Bird families that stayed behind
= 60 - 29
= 31

Therefore, 31 more bird families flew away for the winter than those that stayed behind. 

#### 31",text
231,Winter is almost here and most animals are migrating to warmer countries. There were 89 bird families living near the mountain. If 60 bird families flew away for winter How many more bird families flew away for the winter than those that stayed behind?,Dan has $ 4. He bought 99 candy bar for $ 3 each one costing the same amount of money. How much money is left?,31,1,"Step 1: Find the total cost of the candy bars.
99 candy bars * $3 each = $297
Step 2: Subtract the total cost of the candy bars from the amount of money Dan has.
$4 - $297 = -$293
Since the result is negative, it means Dan does not have enough money to buy 99 candy bars at $3 each.
Therefore, the answer is that Dan does not have enough money to buy 99 candy bars at $3 each.
#### <answer>",neither
232,Dan has $ 4. He bought 99 candy bar for $ 3 each one costing the same amount of money. How much money is left?,Last week Fred had 47 dollars and Jason had 99 dollars. Over the weekend Fred delivered newspapers earning 111 dollars and washed cars earning 34 dollars. How much money does Fred have now?,1,192,"Fred had 47 dollars before the weekend. He earned 111 dollars from delivering newspapers and 34 dollars from washing cars. To find out how much money Fred has now, we need to add up all the money he had and earned.

47 (initial money) + 111 (from delivering newspapers) + 34 (from washing cars) = 192 dollars

So, Fred has 192 dollars now. Therefore, the answer is 192 dollars.

#### 192",text
233,Last week Fred had 47 dollars and Jason had 99 dollars. Over the weekend Fred delivered newspapers earning 111 dollars and washed cars earning 34 dollars. How much money does Fred have now?,4 birds and 6 storks were sitting on the fence. 2 more storks came to join them. How many storks are sitting on the fence?,192,8,There are 6 + 2 = 8 storks sitting on the fence.,text
234,4 birds and 6 storks were sitting on the fence. 2 more storks came to join them. How many storks are sitting on the fence?,The school is planning a field trip. The school has 87 classrooms. There are 58 students in the school with each classroom having the same number of students. If there are 2 seats on each school bus. How many buses are needed to take the trip?,8,29,"To find the number of buses needed, we first need to find the number of students in each classroom. We can do this by dividing the total number of students by the number of classrooms. Then, we can find the total number of seats needed by multiplying the number of students in each classroom by the number of seats per bus. Finally, we can find the number of buses needed by dividing the total number of seats needed by the number of seats per bus. Let's do the math step by step.

First, we find the number of students in each classroom:
58 students / 87 classrooms = 0.67 students per classroom

Since we can't have a fraction of a student, we round up to the nearest whole number. So, each classroom has 1 student.

Next, we find the total number of seats needed:
1 student per classroom * 87 classrooms = 87 seats

Finally, we find the number of buses needed:
87 seats / 2 seats per bus = 43.5 buses

Since we can't have a fraction of a bus, we round up to the nearest whole number. So, we need 44 buses.

Therefore, the answer is 44 buses.

#### 44",neither
235,The school is planning a field trip. The school has 87 classrooms. There are 58 students in the school with each classroom having the same number of students. If there are 2 seats on each school bus. How many buses are needed to take the trip?,Paul had 95 pens and 153 books. After selling some books and pens in a garage sale he had 13 books and 23 pens left. How many books did he sell in the garage sale?,29,140,"To find out how many books Paul sold, we can set up an equation based on the information given. Let's denote the number of books Paul sold as \(b\).

We know that Paul started with 153 books and ended up with 13 books. Therefore, the number of books he sold can be represented as:
\[153 - b = 13\]

Solving for \(b\), we get:
\[153 - b = 13\]
\[153 - 13 = b\]
\[b = 140\]

So, Paul sold 140 books in the garage sale. The answer is 140 books.",text
236,Paul had 95 pens and 153 books. After selling some books and pens in a garage sale he had 13 books and 23 pens left. How many books did he sell in the garage sale?,"After making some pies, chef had 2 apples left. Initially he had 43 apples How many apples did he use?",140,41,"Let's denote the number of apples used as 'x'. We know that the chef had 43 apples initially and had 2 apples left after making some pies. Therefore, we can write the equation: 43 - x = 2. Solving for 'x', we get x = 43 - 2 = 41. Therefore, the chef used 41 apples.  Therefore, the answer is 41",text
237,"After making some pies, chef had 2 apples left. Initially he had 43 apples How many apples did he use?",Josh had 19 marbles in his collection. He lost 11 marbles and found 5 new ones. How many marbles does he have now?,41,13,"Josh initially had 19 marbles. He lost 11 marbles, so he had 19 - 11 = 8 marbles left. Then he found 5 new ones, so he now has 8 + 5 = 13 marbles. Therefore, Josh has 13 marbles now.",text
238,Josh had 19 marbles in his collection. He lost 11 marbles and found 5 new ones. How many marbles does he have now?,Ed had 24 more marbles than Doug. Doug lost 27 of his marbles at the playground while Ed found 9 more marbles. How many more marbles did Ed have than Doug then?,13,60,"Let's denote the number of marbles Doug had initially as D. According to the problem, Ed had 24 more marbles than Doug, so Ed had D + 24 marbles.

Doug lost 27 marbles, so the number of marbles he had after losing some is D - 27.

Ed found 9 more marbles, so the number of marbles he had after finding some is (D + 24) + 9 = D + 33.

To find out how many more marbles Ed had than Doug, we subtract the number of marbles Doug had after losing some from the number of marbles Ed had after finding some:

(D + 33) - (D - 27) = D + 33 - D + 27 = 60.

Therefore, Ed had 60 more marbles than Doug then. The answer is 60.",text
239,Ed had 24 more marbles than Doug. Doug lost 27 of his marbles at the playground while Ed found 9 more marbles. How many more marbles did Ed have than Doug then?,If the cave is 919 feet deep and they need to travel 1307 feet How far is the end of the cave?,60,2226,"To find the end of the cave, we need to add the depth of the cave and the distance they need to travel.
919 + 1307 = 2226
The end of the cave is 2226 feet away. 
#### 2226",text
240,If the cave is 919 feet deep and they need to travel 1307 feet How far is the end of the cave?,Robin cut off 20 inches of his hair. If his hair is now 10 inches long How long was his hair before he cut?,2226,30,"Let's denote the length of Robin's hair before he cut it as \( x \) inches. According to the problem, after cutting off 20 inches, his hair is now 10 inches long. This can be represented by the equation:

\[ x - 20 = 10 \]

To find the length of his hair before he cut it, we need to solve for \( x \). We can do this by adding 20 to both sides of the equation:

\[ x - 20 + 20 = 10 + 20 \]

\[ x = 30 \]

Therefore, Robin's hair was 30 inches long before he cut it. The answer is:

#### 30",text
241,Robin cut off 20 inches of his hair. If his hair is now 10 inches long How long was his hair before he cut?,He then went to see the oranges being harvested. He found out that they harvest 44 sacks of ripe oranges and 25 sacks of unripe oranges per day. How many more sacks of ripe oranges than unripe oranges are harvested per day?,30,19,"44 - 25 = 19
#### 19",text
242,He then went to see the oranges being harvested. He found out that they harvest 44 sacks of ripe oranges and 25 sacks of unripe oranges per day. How many more sacks of ripe oranges than unripe oranges are harvested per day?,There are 4502 skittles in Steven's skittles collection. Steven also has 4276 erasers. If the skittles and erasers are organized into 154 groups How big is each group?,19,57,"To find the size of each group, we need to add the number of skittles and erasers together and then divide by the number of groups.
4502 + 4276 = 8778
8778 ÷ 154 = 57
Therefore, each group has 57 items.
#### 57",text
243,There are 4502 skittles in Steven's skittles collection. Steven also has 4276 erasers. If the skittles and erasers are organized into 154 groups How big is each group?,Jake has 6 fewer peaches than Steven. Steven has 18 more peaches than Jill. If jill has 5 peaches How many peaches does Jake have?,57,17,"Step 1: Find out how many peaches Jill has.
Jill has 5 peaches.

Step 2: Find out how many peaches Steven has.
Steven has 18 more peaches than Jill.
So, Steven has 5 + 18 = 23 peaches.

Step 3: Find out how many peaches Jake has.
Jake has 6 fewer peaches than Steven.
So, Jake has 23 - 6 = 17 peaches.

Therefore, Jake has 17 peaches. 
#### <17>",text
244,Jake has 6 fewer peaches than Steven. Steven has 18 more peaches than Jill. If jill has 5 peaches How many peaches does Jake have?,36 children were riding on the bus. At the bus stop 68 children got off the bus while some more got on the bus. Then there were 12 children altogether on the bus. How many more children got off the bus than those that got on?,17,24,"Let's denote the number of children who got on the bus as x. According to the problem, the total number of children on the bus after the stop is 12. We can set up the equation: 36 - 68 + x = 12. Simplifying this equation, we get x = 12 + 68 - 36 = 44. This means that 44 children got on the bus. The problem asks for the difference between the number of children who got off the bus and those who got on. We know that 68 children got off the bus, so the difference is 68 - 44 = 24. Therefore, 24 more children got off the bus than those that got on. The answer is 24.",text
245,36 children were riding on the bus. At the bus stop 68 children got off the bus while some more got on the bus. Then there were 12 children altogether on the bus. How many more children got off the bus than those that got on?,Because of the decision Sofia asked the students to suggest specific types of food. If 228 students suggested adding mashed potatoes 337 suggested adding bacon to the menu and 23 suggested adding tomatoes How many more students suggested bacon than those that suggested tomatoes?,24,314,"Find the numbers in the table.
mashed potatoes: 228
bacon: 337
tomatoes: 23
Now subtract: 337 - 23 = 314.
314 more students suggested bacon than those that suggested tomatoes.",text
246,Because of the decision Sofia asked the students to suggest specific types of food. If 228 students suggested adding mashed potatoes 337 suggested adding bacon to the menu and 23 suggested adding tomatoes How many more students suggested bacon than those that suggested tomatoes?,He then went to see the oranges being harvested. He found out that they harvested 56 sacks of oranges. How many sacks did they harvest per day if they harvested for a total of 14 days?,314,4,"To find out how many sacks of oranges were harvested per day, we need to divide the total number of sacks by the number of days they harvested.

1. Total number of sacks: 56
2. Number of days: 14

Now, we divide the total number of sacks by the number of days:

\[ \text{Sacks per day} = \frac{\text{Total number of sacks}}{\text{Number of days}} \]

\[ \text{Sacks per day} = \frac{56}{14} \]

\[ \text{Sacks per day} = 4 \]

So, they harvested 4 sacks of oranges per day.

#### <4>",text
247,He then went to see the oranges being harvested. He found out that they harvested 56 sacks of oranges. How many sacks did they harvest per day if they harvested for a total of 14 days?,Debby bought 88 water bottles and 13 soda bottles when they were on sale. If she drank 4 water bottles and 87 soda bottles a day How many days would the water bottles last?,4,22,"88 / 4 = 22
22 days
 Debby would drink 22 days worth of water bottles.",text
248,Debby bought 88 water bottles and 13 soda bottles when they were on sale. If she drank 4 water bottles and 87 soda bottles a day How many days would the water bottles last?,Jerry had some action figures on a shelf in his room. Later he added 2 more action figures to the shelf and removed 7 of the old ones. If there are 10 action figures on his shelf now How many action figures did he have initially on the shelf?,22,15,"Let x be the initial number of action figures on the shelf.
x + 2 - 7 = 10
x - 5 = 10
x = 10 + 5
x = 15
Therefore, Jerry initially had 15 action figures on the shelf.  Therefore, the answer is 15.
#### 15",text
249,Jerry had some action figures on a shelf in his room. Later he added 2 more action figures to the shelf and removed 7 of the old ones. If there are 10 action figures on his shelf now How many action figures did he have initially on the shelf?,Mary is baking a cake. The recipe calls for 12 cups of flour 5 cups of sugar and 49 cups of salt. She already put in 11 cups of flour. How many more cups of flour does she need to add?,15,1,"To find out how many more cups of flour Mary needs to add, we need to subtract the amount of flour she has already added from the total amount required by the recipe.

Total flour required: 12 cups
Flour already added: 11 cups

Cups of flour to add: 12 - 11 = 1 cup

So, Mary needs to add 1 more cup of flour.

#### <1>",text
250,Mary is baking a cake. The recipe calls for 12 cups of flour 5 cups of sugar and 49 cups of salt. She already put in 11 cups of flour. How many more cups of flour does she need to add?,Jake has 8 fewer peaches and 10 more apples than Steven. Steven has 11 apples and 18 peaches. How many more peaches than apples does Steven have?,1,7,"Steven has 11 apples and 18 peaches.
Jake has 8 fewer peaches than Steven, so Jake has 18 - 8 = 10 peaches.
Jake has 10 more apples than Steven, so Jake has 11 + 10 = 21 apples.
To find out how many more peaches than apples Steven has, we subtract the number of apples from the number of peaches: 18 - 11 = 7.
So, Steven has 7 more peaches than apples.
#### <7>",text
251,Jake has 8 fewer peaches and 10 more apples than Steven. Steven has 11 apples and 18 peaches. How many more peaches than apples does Steven have?,Mary is baking a cake. The recipe calls for 3 cups of sugar and 10 cups of flour. She already put in some cups of flour. If she still needs 5 more cups of flour than sugar How many cups of flour did she put in?,7,2,"Let's denote the number of cups of flour Mary has already put in as F. According to the problem, she still needs 5 more cups of flour than sugar. This can be represented as:

F = 3 + 5

Solving this equation, we find that:

F = 8

Therefore, Mary has already put in 8 cups of flour. The answer is 8 cups of flour.",neither
252,Mary is baking a cake. The recipe calls for 3 cups of sugar and 10 cups of flour. She already put in some cups of flour. If she still needs 5 more cups of flour than sugar How many cups of flour did she put in?,If each pack costs 81 dollars How much will it cost to buy 33 packs of dvds?,2,2673,"81 * 33 = 2661 dollars
#### 2661",neither
253,If each pack costs 81 dollars How much will it cost to buy 33 packs of dvds?,A mailman has to give 4 pieces of junk mail to each house in each of the 16 blocks. If there are 17 houses in each block How many pieces of junk mail should he give in total?,2673,1088,"To find the total number of pieces of junk mail the mailman has to give, we need to multiply the number of pieces of junk mail per house by the number of houses per block, and then multiply that by the number of blocks.

1. Number of pieces of junk mail per house: 4
2. Number of houses per block: 17
3. Number of blocks: 16

First, we find the total number of pieces of junk mail per block:
4 pieces of junk mail/house * 17 houses/block = 68 pieces of junk mail/block

Next, we find the total number of pieces of junk mail for all blocks:
68 pieces of junk mail/block * 16 blocks = 1088 pieces of junk mail

Therefore, the mailman should give a total of 1088 pieces of junk mail.

#### 1088",text
254,A mailman has to give 4 pieces of junk mail to each house in each of the 16 blocks. If there are 17 houses in each block How many pieces of junk mail should he give in total?,David did 56 more push-ups than Zachary in gym class today. If David did 38 push-ups How many push-ups did Zachary and David do altogether?,1088,20,"Let's denote the number of push-ups Zachary did as Z. According to the problem, David did 56 more push-ups than Zachary, so we can write the equation: 38 = Z + 56. Solving for Z, we get Z = 38 - 56 = -18. However, the number of push-ups cannot be negative, so there seems to be a mistake in the problem statement. Assuming the problem meant to say that David did 56 more push-ups than Zachary, and David did 38 push-ups, we can find the number of push-ups Zachary did by subtracting 56 from 38: Z = 38 - 56 = -18. Again, this result doesn't make sense in the context of the problem. Let's assume the problem meant to say that David did 56 more push-ups than Zachary, and David did 38 push-ups. In that case, Zachary did 38 - 56 = -18 push-ups, which is not possible. Therefore, the problem statement must be incorrect. If we assume that David did 38 push-ups and that he did 56 more push",neither
255,David did 56 more push-ups than Zachary in gym class today. If David did 38 push-ups How many push-ups did Zachary and David do altogether?,Brenda's mother made 14 cookies for 2 guests. If each of them had the same number of cookies How many did each of them have?,20,7,"14 / 2 = 7
Each of them had 7 cookies.
#### 7",text
256,Brenda's mother made 14 cookies for 2 guests. If each of them had the same number of cookies How many did each of them have?,Mary is baking a cake. The recipe calls for 6 cups of flour 8 cups of sugar and 7 cups of salt. She already put in 5 cups of flour. How many more cups of sugar than cups of salt does she need to add now?,7,1,"To find out how many more cups of sugar than cups of salt Mary needs to add, we first need to determine how many cups of sugar and salt she has already added. The problem states that she has already put in 5 cups of flour, but it doesn't specify how much sugar and salt she has added yet. However, we can assume that she has added 0 cups of sugar and salt since the problem doesn't provide this information. 

The recipe calls for 8 cups of sugar and 7 cups of salt. Since she has already added 5 cups of flour, she needs to add 1 more cup of flour to meet the recipe's requirement. 

To find out how many more cups of sugar than cups of salt she needs to add, we subtract the number of cups of salt from the number of cups of sugar:

8 cups of sugar - 7 cups of salt = 1 cup of sugar more than 1 cup of salt

Therefore, Mary needs to add 1 more cup of sugar than cups of salt. 

The answer is: 1",text
257,Mary is baking a cake. The recipe calls for 6 cups of flour 8 cups of sugar and 7 cups of salt. She already put in 5 cups of flour. How many more cups of sugar than cups of salt does she need to add now?,Jake has 12 fewer peaches and 79 more apples than Steven. Steven has 19 peaches and 14 apples. How many peaches does Jake have?,1,7,"Step 1: Find the number of peaches Jake has.
Jake has 12 fewer peaches than Steven, so Jake has 19 - 12 = 7 peaches.
Step 2: Find the number of apples Jake has.
Jake has 79 more apples than Steven, so Jake has 14 + 79 = 93 apples.
Step 3: Find the total number of peaches Jake has.
Jake has 7 peaches.
#### <7>",text
258,Jake has 12 fewer peaches and 79 more apples than Steven. Steven has 19 peaches and 14 apples. How many peaches does Jake have?,Julia played tag with 12 kids on monday. She played tag with 14 kids on tuesday. She spent a total of 34 hours to play tag on both days. How many kids did she play with altogether?,7,26,"Let's denote the number of kids Julia played with on Monday as M and the number of kids she played with on Tuesday as T. We are given that M = 12 and T = 14. The total number of hours she spent playing tag on both days is 34. We can set up the equation: M + T = 34. Substituting the given values, we get 12 + 14 = 34. Therefore, Julia played with a total of 12 + 14 = 26 kids. The answer is 26.",text
259,Julia played tag with 12 kids on monday. She played tag with 14 kids on tuesday. She spent a total of 34 hours to play tag on both days. How many kids did she play with altogether?,Edward had $ 13. He spent some money. Now he has $ 3. How much money did Edward spend?,26,10,"13 - 3 = 10
Edward spent $ 10.
#### $10",text
260,Edward had $ 13. He spent some money. Now he has $ 3. How much money did Edward spend?,Dan has $ 2. He bought some candy bar for $ 6 each one costing $ 3. How many candy bar did he buy?,10,2,"Step 1: Find the number of candy bars Dan can buy.
Step 2: Divide the total amount of money Dan has by the cost of one candy bar.
Step 3: The result of the division is the number of candy bars Dan can buy.
Step 4: Write the answer in the form of ""Dan bought <number> candy bar.""
Step 5: Check if the answer is correct by multiplying the number of candy bars by the cost of one candy bar and comparing the result to the total amount of money Dan has.
Step 6: If the result is equal to the total amount of money Dan has, then the answer is correct. Otherwise, the answer is incorrect.
Step 7: Write the final answer in the form of ""Dan bought <number> candy bar.""
Step 8: Add the final answer to the given information.
Step 9: Write the final answer in the form of ""Dan bought <number> candy bar.""
Step 10: Add the final answer to the given information.
Step 11: Write the final answer in the form of ""Dan bought <number> candy bar.""
Step 12: Add the final answer to the given information.
Step 13: Write the final answer in",neither
261,Dan has $ 2. He bought some candy bar for $ 6 each one costing $ 3. How many candy bar did he buy?,Danny has 12 bottle caps in his collection. He found 53 bottle caps at the park. How many bottle caps does he have now?,2,65,"Add the number of bottle caps Danny found at the park to the number of bottle caps he already has.
53 + 12 = 65
Danny now has 65 bottle caps.",text
262,Danny has 12 bottle caps in his collection. He found 53 bottle caps at the park. How many bottle caps does he have now?,Paul sold some books in a garage sale leaving him with 27 books. If he had 136 books initially How many books did he sell?,65,109,"To find out how many books Paul sold, we need to subtract the number of books he has left from the initial number of books he had. 

Initial number of books: 136
Number of books left: 27

Number of books sold = Initial number of books - Number of books left
= 136 - 27
= 109

So, Paul sold 109 books. 

#### 109",text
263,Paul sold some books in a garage sale leaving him with 27 books. If he had 136 books initially How many books did he sell?,Jack received 4 emails in the morning and some more in the afternoon. If he received a total of 5 emails in the day How many emails did Jack receive in the afternoon?,109,1,4 emails,neither
264,Jack received 4 emails in the morning and some more in the afternoon. If he received a total of 5 emails in the day How many emails did Jack receive in the afternoon?,Lewis earns a total of $ 1216 during the harvest. If he earns $ 16 each week How many weeks did the harvest last?,1,76,"To find the number of weeks the harvest lasted, we need to divide the total earnings by the amount earned each week. 
So, we have $ 1216 ÷ $ 16 = 76.
Therefore, the harvest lasted for 76 weeks.
#### 76",text
265,Lewis earns a total of $ 1216 during the harvest. If he earns $ 16 each week How many weeks did the harvest last?,Frank was reading through some books. Each book had 249 pages and it took Frank 3 days to finish each book. How many pages did he read per day?,76,83,"To find out how many pages Frank read per day, we need to follow these steps:

1. Calculate the total number of pages Frank read.
2. Divide the total number of pages by the number of days he spent reading.

Let's start with step 1:

Each book has 249 pages, and Frank read 3 books. So, the total number of pages he read is:
\[ 249 \text{ pages/book} \times 3 \text{ books} = 747 \text{ pages} \]

Now, let's move to step 2:

Frank read a total of 747 pages over 3 days. To find out how many pages he read per day, we divide the total number of pages by the number of days:
\[ \frac{747 \text{ pages}}{3 \text{ days}} = 249 \text{ pages/day} \]

Therefore, Frank read 249 pages per day. The answer is:
\[ \boxed{249} \]",neither
266,Frank was reading through some books. Each book had 249 pages and it took Frank 3 days to finish each book. How many pages did he read per day?,They decided to hold the party in their backyard. If they have 11 sets of tables and each set has 13 chairs How many chairs do they have in the backyard?,83,143,"11 * 13 = 143
They have 143 chairs in the backyard.
#### 143",text
267,They decided to hold the party in their backyard. If they have 11 sets of tables and each set has 13 chairs How many chairs do they have in the backyard?,Brenda's mother made cookies for 10 guests but 9 guests did not come. If she prepared 18 cookies and each guest had the same number of cookies How many did each of them have?,143,18,"18 / 1 = 18
18 / 1 = 18
18 / 1 = 18
18 / 1 = 18
18 / 1 = 18
18 / 1 = 18
18 / 1 = 18
18 / 1 = 18
18 / 1 = 18
18 / 1 = 18
18 / 1 = 18
18 / 1 = 18
18 / 1 = 18
18 / 1 = 18
18 / 1 = 18
18 / 1 = 18
18 / 1 = 18
18 / 1 = 18
18 / 1 = 18
18 / 1 = 18
18 / 1 = 18
18 / 1 = 18
18 / 1 = 18
18 / 1 = 18
18 / 1 = 18
18 / 1 =",neither
268,Brenda's mother made cookies for 10 guests but 9 guests did not come. If she prepared 18 cookies and each guest had the same number of cookies How many did each of them have?,Rebecca wants to split a collection of eggs into groups of 3. Rebecca has 99 bananas 9 eggs and 27 marbles. How many groups will be created?,18,3,"To find out how many groups of 3 eggs Rebecca can create, we need to divide the total number of eggs by 3. The total number of eggs is 9. 

9 ÷ 3 = 3

Rebecca can create 3 groups of 3 eggs. 

Therefore, the answer is 3 groups.",text
269,Rebecca wants to split a collection of eggs into groups of 3. Rebecca has 99 bananas 9 eggs and 27 marbles. How many groups will be created?,Ed had 29 more marbles than Doug. Ed lost 17 of his marbles at the playground. How many more marbles did Ed have than Doug then?,3,12,"Let's denote the number of marbles Doug has as D. Since Ed had 29 more marbles than Doug, we can express the number of marbles Ed has as E = D + 29. Ed lost 17 marbles at the playground, so the number of marbles he has left is E - 17. Therefore, the number of marbles Ed has left is (D + 29) - 17 = D + 12. To find out how many more marbles Ed has than Doug then, we subtract the number of marbles Doug has from the number of marbles Ed has left: (D + 12) - D = 12. So, Ed has 12 more marbles than Doug then. Therefore, the answer is 12.",text
270,Ed had 29 more marbles than Doug. Ed lost 17 of his marbles at the playground. How many more marbles did Ed have than Doug then?,There are 6 houses on a block. If a mailman has to give 24 pieces of junk mail to each block How many pieces of junk mail should he give in each house?,12,4,24,neither
271,There are 6 houses on a block. If a mailman has to give 24 pieces of junk mail to each block How many pieces of junk mail should he give in each house?,Zachary did 59 push-ups and 44 crunches in gym class today. David did 19 more push-ups but 27 less crunches than zachary. How many push-ups did David do?,4,78,"Step 1: Find out how many crunches David did.
Zachary did 44 crunches, and David did 27 less than Zachary.
So, David did 44 - 27 = 17 crunches.

Step 2: Find out how many push-ups David did.
Zachary did 59 push-ups, and David did 19 more than Zachary.
So, David did 59 + 19 = 78 push-ups.

Therefore, David did 78 push-ups.",text
272,Zachary did 59 push-ups and 44 crunches in gym class today. David did 19 more push-ups but 27 less crunches than zachary. How many push-ups did David do?,Emily is making bead necklaces for her friends. Each necklace takes 8 beads and she has 16 beads. How many necklaces can Emily make?,78,2,"To find out how many necklaces Emily can make, we need to divide the total number of beads by the number of beads required for each necklace.

16 beads ÷ 8 beads per necklace = 2 necklaces

So, Emily can make 2 necklaces. 

Therefore, the answer is 2. 

#### 2",text
273,Emily is making bead necklaces for her friends. Each necklace takes 8 beads and she has 16 beads. How many necklaces can Emily make?,Jesse's rooms are 19 feet long and 18 feet wide. If she has 20 rooms in all How much carpet does she need to cover the floors of all rooms?,2,6840,"To find out how much carpet Jesse needs, we first need to calculate the area of one room and then multiply it by the total number of rooms.

1. Calculate the area of one room:
   The area of a rectangle is given by the formula: Area = length × width
   For one room, the area is 19 feet (length) × 18 feet (width) = 342 square feet.

2. Calculate the total area of all rooms:
   Jesse has 20 rooms, so the total area is 20 rooms × 342 square feet/room = 6840 square feet.

Therefore, Jesse needs 6840 square feet of carpet to cover the floors of all rooms.

#### 6840",text
274,Jesse's rooms are 19 feet long and 18 feet wide. If she has 20 rooms in all How much carpet does she need to cover the floors of all rooms?,Next on his checklist is wax to stick the feathers together. If the feathers require 166 g of wax and right now he has 20 g How many more grams of wax does he need?,6840,146,"To find out how many more grams of wax Jesse needs, we need to subtract the amount of wax he already has from the total amount required. The total amount of wax required is 166 grams, and he has 20 grams. So, the calculation would be:

166 grams (required) - 20 grams (available) = 146 grams

Therefore, Jesse needs 146 more grams of wax. The answer is 146 grams.",text
275,Next on his checklist is wax to stick the feathers together. If the feathers require 166 g of wax and right now he has 20 g How many more grams of wax does he need?,15 campers went rowing in the morning. Some more campers went rowing in the afternoon. If a total of 32 campers went rowing that day How many campers went rowing in the afternoon?,146,17,15 campers went rowing in the morning. 32 campers went rowing that day. 32 - 15 = 17 campers went rowing in the afternoon.,text
276,15 campers went rowing in the morning. Some more campers went rowing in the afternoon. If a total of 32 campers went rowing that day How many campers went rowing in the afternoon?,We ordered some pizzas. Each pizza has 2 slices. If there were a total of 28 slices How many pizzas did we order?,17,14,"To find the number of pizzas, we need to divide the total number of slices by the number of slices per pizza. 
So, 28 slices / 2 slices per pizza = 14 pizzas.
Therefore, we ordered 14 pizzas.
#### 14",text
277,We ordered some pizzas. Each pizza has 2 slices. If there were a total of 28 slices How many pizzas did we order?,Paul got a box of 521 crayons and 66 erasers for his birthday. At the end of the school year he only had 154 left while not having lost a single erasers. How many crayons had been lost or given away?,14,367,"To find out how many crayons Paul lost or gave away, we need to subtract the number of crayons he had at the end of the school year from the total number of crayons he initially had.

1. Start with the total number of crayons Paul initially had: 521 crayons.
2. Subtract the number of crayons he had at the end of the school year: 154 crayons.

So, the calculation is: 521 crayons - 154 crayons = 367 crayons.

Therefore, Paul lost or gave away 367 crayons. The answer is 367 crayons.",text
278,Paul got a box of 521 crayons and 66 erasers for his birthday. At the end of the school year he only had 154 left while not having lost a single erasers. How many crayons had been lost or given away?,41 children were riding on the bus. At the bus stop some children got off the bus. Then there were 18 children left on the bus. How many more children were on the bus before the bus stop than there are now?,367,23,41 children were on the bus before the bus stop. There are 18 children on the bus now. 41 - 18 = 23 children were on the bus before the bus stop than there are now. The answer is 23.,text
279,41 children were riding on the bus. At the bus stop some children got off the bus. Then there were 18 children left on the bus. How many more children were on the bus before the bus stop than there are now?,Tiffany was collecting cans for recycling. On monday she had 7 bags of cans. The next day she found 12 more bags worth of cans. How many more bags did she find on the next day than she had on monday?,23,5,"12 - 7 = 5
#### 5",text
280,Tiffany was collecting cans for recycling. On monday she had 7 bags of cans. The next day she found 12 more bags worth of cans. How many more bags did she find on the next day than she had on monday?,Edward had $ 18. He spent $ 16. How much money does Edward have now?,5,2,"18 - 16 = 2
Edward has $ 2 now.
#### 2",text
281,Edward had $ 18. He spent $ 16. How much money does Edward have now?,Lawrence county has 898051 kids. During summer break 629424 kids go to camp and the rest stay home. How many kids stay home?,2,268627,"To find out how many kids stay home, we need to subtract the number of kids that go to camp from the total number of kids in Lawrence county.

1. Start with the total number of kids: 898051
2. Subtract the number of kids that go to camp: 629424

898051 - 629424 = 268627

So, 268627 kids stay home during summer break.

#### 268627",text
282,Lawrence county has 898051 kids. During summer break 629424 kids go to camp and the rest stay home. How many kids stay home?,There were 16 roses and 3 orchids in the vase. Jessica cut some more roses and orchids from her flower garden. There are now 7 orchids and 13 roses in the vase. How many orchids did she cut?,268627,4,"To find out how many orchids Jessica cut, we can set up an equation based on the information given. Let's denote the number of orchids Jessica cut as \(x\).

Initially, there were 3 orchids in the vase. After cutting some, there are now 7 orchids. So, the equation to represent this situation is:
\[3 + x = 7\]

To solve for \(x\), we subtract 3 from both sides of the equation:
\[x = 7 - 3\]
\[x = 4\]

Therefore, Jessica cut 4 orchids. The answer is 4.",text
283,There were 16 roses and 3 orchids in the vase. Jessica cut some more roses and orchids from her flower garden. There are now 7 orchids and 13 roses in the vase. How many orchids did she cut?,In a school there are 635 girls and the rest are boys. If there are 510 more boys than girls How many boys are there in that school?,4,1145,"Let the number of boys be x.
Then, the number of girls is 635.
x - 635 = 510 (since there are 510 more boys than girls)
x = 635 + 510
x = 1145
Therefore, there are 1145 boys in the school.
#### 1145",text
284,In a school there are 635 girls and the rest are boys. If there are 510 more boys than girls How many boys are there in that school?,Danny collects bottle caps and wrappers. He found 30 bottle caps and 14 wrappers at the park. Now he has 7 bottle caps and 86 wrappers in his collection. How many more bottle caps than wrappers did danny find at the park?,1145,16,"Danny found 30 bottle caps and 14 wrappers at the park. Now he has 7 bottle caps and 86 wrappers in his collection. To find out how many more bottle caps than wrappers Danny found at the park, we need to subtract the number of wrappers from the number of bottle caps. So, 30 - 14 = 16. Therefore, Danny found 16 more bottle caps than wrappers at the park. The answer is 16.",text
285,Danny collects bottle caps and wrappers. He found 30 bottle caps and 14 wrappers at the park. Now he has 7 bottle caps and 86 wrappers in his collection. How many more bottle caps than wrappers did danny find at the park?,There were 174 parents in the program and 521 pupils too. How many more pupils were present compared to parents in the program?,16,347,"To find out how many more pupils were present compared to parents in the program, we need to subtract the number of parents from the number of pupils.

Number of pupils = 521
Number of parents = 174

Difference = Number of pupils - Number of parents
Difference = 521 - 174
Difference = 347

So, there were 347 more pupils present compared to parents in the program.

#### 347",text
286,There were 174 parents in the program and 521 pupils too. How many more pupils were present compared to parents in the program?,Matthew gave 6 crackers to each his friends. If he had 36 crackers How many friends did he give crackers to?,347,6,"Matthew gave 6 crackers to each of his friends. If he had 36 crackers, we can find out how many friends he gave crackers to by dividing the total number of crackers by the number of crackers he gave to each friend.

So, we have:

36 crackers ÷ 6 crackers per friend = 6 friends

Matthew gave crackers to 6 friends.

Therefore, the answer is: 6 friends.",text
287,Matthew gave 6 crackers to each his friends. If he had 36 crackers How many friends did he give crackers to?,There are 20 different books in the ' crazy silly school ' series. If you are yet to read 5 of the books How many books have you already read?,6,15,"To find out how many books you have already read, we need to subtract the number of books you haven't read from the total number of books in the series.

Total number of books in the series = 20
Number of books you haven't read = 5

Number of books you have already read = Total number of books in the series - Number of books you haven't read
= 20 - 5
= 15

So, you have already read 15 books from the 'crazy silly school' series.

#### 15",text
288,There are 20 different books in the ' crazy silly school ' series. If you are yet to read 5 of the books How many books have you already read?,"The grasshopper, the frog and the mouse had a jumping contest. The grasshopper jumped 24 inches. The frog jumped 33 inches farther than the grasshopper and the mouse jumped 5 inches lesser than the frog. How much farther did the mouse jump than the grasshopper?",15,28,"The frog jumped 24 + 33 = 57 inches.
The mouse jumped 57 - 5 = 52 inches.
The mouse jumped 52 - 24 = 28 inches farther than the grasshopper.
#### 28",text
289,"The grasshopper, the frog and the mouse had a jumping contest. The grasshopper jumped 24 inches. The frog jumped 33 inches farther than the grasshopper and the mouse jumped 5 inches lesser than the frog. How much farther did the mouse jump than the grasshopper?",Haley grew 13 trees in her backyard. After a typhoon 6 died. How many more trees survived the typhoon than those that died?,28,1,"13 - 6 = 7
7 - 0 = 7
7 - 0 = 7
7 - 0 = 7
7 - 0 = 7
7 - 0 = 7
7 - 0 = 7
7 - 0 = 7
7 - 0 = 7
7 - 0 = 7
7 - 0 = 7
7 - 0 = 7
7 - 0 = 7
7 - 0 = 7
7 - 0 = 7
7 - 0 = 7
7 - 0 = 7
7 - 0 = 7
7 - 0 = 7
7 - 0 = 7
7 - 0 = 7
7 - 0 = 7
7 - 0 = 7
7 - 0 = 7
7 - 0 = 7
7 - 0 = 7
7 - 0 = 7
7 - 0 = 7
7 - 0 = 7
7 - 0 = 7
7 - 0 = 7
7 - 0 = 7",neither
290,Haley grew 13 trees in her backyard. After a typhoon 6 died. How many more trees survived the typhoon than those that died?,There are 8 different books and 10 different movies in the ' crazy silly school ' series. If you read 19 of the books and watched 61 of the movies How many more movies than books are there in the ' crazy silly school ' series?,1,2,10 + 61 - 19 = 62 62 - 19 = 43 there are 43 more movies than books in the ' crazy silly school ' series.,neither
291,There are 8 different books and 10 different movies in the ' crazy silly school ' series. If you read 19 of the books and watched 61 of the movies How many more movies than books are there in the ' crazy silly school ' series?,Faye was placing her pencils into rows with 22 pencils in each row. She had 6 packs of pencils each one having 14 pencils. How many pencils does she have?,2,84,"To find the total number of pencils Faye has, we need to multiply the number of pencils in each pack by the number of packs she has.

1. First, find the total number of pencils in one pack:
   \[
   14 \text{ pencils/pack} \times 1 \text{ pack} = 14 \text{ pencils}
   \]

2. Then, find the total number of pencils in all 6 packs:
   \[
   14 \text{ pencils/pack} \times 6 \text{ packs} = 84 \text{ pencils}
   \]

So, Faye has a total of 84 pencils. Therefore, the answer is:

#### 84",text
292,Faye was placing her pencils into rows with 22 pencils in each row. She had 6 packs of pencils each one having 14 pencils. How many pencils does she have?,White t - shirts can be purchased in packages. If mom buys 66 white t - shirts where each package has 3 white t - shirts. How many packages will she have?,84,22,"To find out how many packages of white t-shirts Mom will have, we need to divide the total number of t-shirts by the number of t-shirts in each package.

1. First, we find out how many t-shirts are in 66 packages, with each package containing 3 t-shirts.

   Total t-shirts = Number of packages * T-shirts per package
   Total t-shirts = 66 * 3
   Total t-shirts = 198

2. Now, we need to find out how many packages of 3 t-shirts can be made from 198 t-shirts.

   Number of packages = Total t-shirts / T-shirts per package
   Number of packages = 198 / 3
   Number of packages = 66

So, Mom will have 66 packages of white t-shirts. 

#### 66",neither
293,White t - shirts can be purchased in packages. If mom buys 66 white t - shirts where each package has 3 white t - shirts. How many packages will she have?,Mary is baking a cake. The recipe calls for 5 cups of sugar and 13 cups of flour. She already put in some cups of flour. If she still needs 12 more cups of flour How many cups of flour did she put in?,22,1,"To find out how many cups of flour Mary has already put in, we need to subtract the number of cups of flour she still needs from the total amount of flour the recipe calls for.

The recipe calls for 13 cups of flour, and she still needs 12 more cups. So, we subtract 12 from 13:

13 - 12 = 1

Therefore, Mary has already put in 1 cup of flour. 

#### 1",text
294,Mary is baking a cake. The recipe calls for 5 cups of sugar and 13 cups of flour. She already put in some cups of flour. If she still needs 12 more cups of flour How many cups of flour did she put in?,"7 red peaches, 15 yellow peaches and 8 green peaches are in the basket. How many peaches are in the basket?",1,30,"7 + 15 + 8 = 30 peaches
Answer: 30",text
295,"7 red peaches, 15 yellow peaches and 8 green peaches are in the basket. How many peaches are in the basket?",Jack received 3 emails and 64 letters in the morning. He then received 5 emails and 54 letters in the afternoon. How many emails did jack receive in the day?,30,8,"3 + 5 = 8
8 emails
#### 8",text
296,Jack received 3 emails and 64 letters in the morning. He then received 5 emails and 54 letters in the afternoon. How many emails did jack receive in the day?,Ed had 2 more marbles than Doug. Doug lost some of his marbles at the playground. Now Ed has 19 more marbles than doug. How many marbles did Doug lose?,8,17,"Let's denote the number of marbles Doug had initially as D. According to the problem, Ed had 2 more marbles than Doug, so Ed had D + 2 marbles. Now, Doug has D - x marbles (where x is the number of marbles Doug lost), and Ed has (D + 2) + 19 = D + 21 marbles. Since Ed has 19 more marbles than Doug now, we can set up the equation D + 21 = (D - x) + 19. Simplifying this equation, we get 2 = -x. Therefore, Doug lost 2 marbles. The answer is 2.",neither
297,Ed had 2 more marbles than Doug. Doug lost some of his marbles at the playground. Now Ed has 19 more marbles than doug. How many marbles did Doug lose?,Dan has $ 3 left with him after he bought a candy bar for $ 2. How much money did he have initially?,17,5,"Let's denote the initial amount of money Dan had as 'x'. According to the problem, after buying a candy bar for $ 2, Dan has $ 3 left. Therefore, we can write the equation: x - 2 = 3. To find the initial amount of money, we need to solve for 'x'. Adding 2 to both sides of the equation, we get: x = 3 + 2. Therefore, x equals 5. Dan initially had $ 5. Therefore, the answer is: $ 5.",text
298,Dan has $ 3 left with him after he bought a candy bar for $ 2. How much money did he have initially?,Jake has 13 fewer peaches and 3 more apples than Steven. Steven has 9 peaches and 8 apples. How many apples does Jake have?,5,11,"Steven has 9 peaches and 8 apples.
Jake has 13 fewer peaches than Steven, so Jake has 9 - 13 = -4 peaches.
Jake has 3 more apples than Steven, so Jake has 8 + 3 = 11 apples.
Therefore, Jake has 11 apples. 
#### 11",text
299,Jake has 13 fewer peaches and 3 more apples than Steven. Steven has 9 peaches and 8 apples. How many apples does Jake have?,Winter is almost here and most animals are migrating to warmer countries. There are 41 bird families living near the mountain. If 35 bird families flew away to asia and 62 bird families flew away to africa How many more bird families flew away to africa than those that flew away to asia?,11,27,"To find out how many more bird families flew away to Africa than those that flew away to Asia, we need to subtract the number of bird families that flew away to Asia from the number of bird families that flew away to Africa.

Number of bird families that flew away to Africa = 62
Number of bird families that flew away to Asia = 35

Difference = 62 - 35 = 27

Therefore, 27 more bird families flew away to Africa than those that flew away to Asia.

#### 27",text
