problem_id,image_question,text_question,image_reference,text_reference,prediction,follows,prompt_role
0,Winter is almost here and most animals are migrating to warmer countries. There are 41 bird families living near the mountain. If 35 bird families flew away to asia and 62 bird families flew away to africa How many more bird families flew away to africa than those that flew away to asia?,Paige raised 7 goldfish and 12 catfish in the pond but stray cats loved eating them. Now she has 15 left. How many fishes disappeared?,27,4,"To solve the problem, let's break it down step by step:

1. **Initial number of fish:**
   - Paige initially had 7 goldfish.
   - Paige also had 12 catfish.
   - Total initial number of fish = 7 (goldfish) + 12 (catfish) = 19 fish.

2. **Number of fish remaining:**
   - After some time, Paige has 15 fish left in the pond.

3. **Number of fish that disappeared:**
   - To find out how many fish disappeared, we subtract the number of fish remaining from the initial number of fish.
   - Number of fish that disappeared = Initial number of fish - Number of fish remaining
   - Number of fish that disappeared = 19 - 15 = 4 fish.

So, the number of fish that disappeared is 4.

#### <answer> 4",text,neutral
1,Paige raised 7 goldfish and 12 catfish in the pond but stray cats loved eating them. Now she has 15 left. How many fishes disappeared?,Marco and his dad went strawberry picking. Together they collected strawberries that weighed 22 pounds. On the way back Marco ' dad found 30 more pounds of strawberries. Marco's strawberries now weighed 36 pounds. How much did his dad's strawberries weigh now?,4,16,"To solve this problem, let's break it down step by step:

1. **Initial Weight of Strawberries Collected Together**: Marco and his dad initially collected strawberries that weighed 22 pounds.
   
2. **Additional Strawberries Found**: On the way back, Marco's dad found an additional 30 pounds of strawberries.

3. **Total Weight of Strawberries Found**: The total weight of strawberries found is the sum of the initial weight and the additional weight:
   \[
   22 \text{ pounds} + 30 \text{ pounds} = 52 \text{ pounds}
   \]

4. **Weight of Marco's Strawberries**: Marco's strawberries now weigh 36 pounds.

5. **Weight of Dad's Strawberries**: To find out how much Marco's dad's strawberries weigh now, we subtract the weight of Marco's strawberries from the total weight of strawberries found:
   \[
   52 \text{ pounds} - 36 \text{ pounds} = 16 \text{ pounds}
   \]

So, Marco's dad's strawberries now weigh 16 pounds.

#### <answer> 16 pounds",text,neutral
2,Marco and his dad went strawberry picking. Together they collected strawberries that weighed 22 pounds. On the way back Marco ' dad found 30 more pounds of strawberries. Marco's strawberries now weighed 36 pounds. How much did his dad's strawberries weigh now?,Debby bought 200 water bottles and 256 soda bottles when they were on sale. If she drank 312 water bottles and 4 soda bottles a day How many days would the soda bottles last?,16,64,"To solve the problem, we need to determine how many days the soda bottles will last based on the number of soda bottles Debby bought and the number she drinks per day.

Step 1: Identify the total number of soda bottles Debby bought.
- Debby bought 256 soda bottles.

Step 2: Identify the number of soda bottles Debby drinks per day.
- Debby drinks 4 soda bottles a day.

Step 3: Calculate the number of days the soda bottles will last.
- To find out how many days the soda bottles will last, divide the total number of soda bottles by the number of soda bottles Debby drinks per day.
\[ \text{Number of days} = \frac{\text{Total number of soda bottles}}{\text{Number of soda bottles per day}} \]
\[ \text{Number of days} = \frac{256}{4} \]

Step 4: Perform the division.
\[ \text{Number of days} = 64 \]

So, the soda bottles will last for 64 days.

#### 64",text,neutral
3,Debby bought 200 water bottles and 256 soda bottles when they were on sale. If she drank 312 water bottles and 4 soda bottles a day How many days would the soda bottles last?,There were 106 dollars in Olivia's wallet. After she visited a supermarket and a showroom there were 26 dollars left. If she spent 49 dollars at the showroom How much did she spend at the supermarket?,64,31,"To solve this problem, we need to determine how much Olivia spent at the supermarket after spending 49 dollars at the showroom.

1. **Initial amount in Olivia's wallet:** $106
2. **Amount left after shopping:** $26
3. **Amount spent at the showroom:** $49

First, let's find out how much Olivia spent in total:
\[ \text{Total spent} = \text{Initial amount} - \text{Amount left} \]
\[ \text{Total spent} = 106 - 26 \]
\[ \text{Total spent} = 80 \]

Now, we know that she spent $49 at the showroom. To find out how much she spent at the supermarket, we subtract the amount spent at the showroom from the total amount spent:
\[ \text{Amount spent at the supermarket} = \text{Total spent} - \text{Amount spent at the showroom} \]
\[ \text{Amount spent at the supermarket} = 80 - 49 \]
\[ \text{Amount spent at the supermarket} = 31 \]

So, Olivia spent $31 at the supermarket.

#### <answer>",text,neutral
4,There were 106 dollars in Olivia's wallet. After she visited a supermarket and a showroom there were 26 dollars left. If she spent 49 dollars at the showroom How much did she spend at the supermarket?,Faye was placing her pencils and crayons into 30 rows with 71 crayons and 24 pencils in each row. How many pencils does she have?,31,720,"To solve the problem, we need to determine the total number of pencils Faye has. The problem states that there are 24 pencils in each row and there are 30 rows.

Step 1: Identify the number of pencils per row.
- Number of pencils per row = 24

Step 2: Identify the number of rows.
- Number of rows = 30

Step 3: Calculate the total number of pencils.
- Total number of pencils = Number of pencils per row × Number of rows
- Total number of pencils = 24 × 30

Step 4: Perform the multiplication.
- 24 × 30 = 720

Therefore, the total number of pencils Faye has is 720.

#### 720",text,neutral
5,Faye was placing her pencils and crayons into 30 rows with 71 crayons and 24 pencils in each row. How many pencils does she have?,Ed had 10 more marbles than Doug. Doug lost 11 of his marbles at the playground. If Ed had 45 marbles How many more marbles did Ed have than Doug then?,720,21,"Let's solve the problem step by step:

1. **Determine how many marbles Doug originally had:**
   - Ed had 10 more marbles than Doug.
   - Ed had 45 marbles.
   - Therefore, Doug originally had \( 45 - 10 = 35 \) marbles.

2. **Calculate how many marbles Doug has after losing some:**
   - Doug lost 11 marbles.
   - So, Doug now has \( 35 - 11 = 24 \) marbles.

3. **Determine how many more marbles Ed has than Doug now:**
   - Ed still has 45 marbles.
   - Doug now has 24 marbles.
   - The difference is \( 45 - 24 = 21 \).

So, Ed has 21 more marbles than Doug now.

#### <answer> 21",text,neutral
6,Ed had 10 more marbles than Doug. Doug lost 11 of his marbles at the playground. If Ed had 45 marbles How many more marbles did Ed have than Doug then?,26 children were riding on the bus. At the bus stop 38 more children got on the bus. How many children are on the bus now?,21,64,"To solve the problem step by step, we need to follow these steps:

1. Determine the initial number of children on the bus.
   - The initial number of children on the bus is 26.

2. Add the number of children who got on the bus at the bus stop.
   - The number of children who got on the bus is 38.

3. Calculate the total number of children on the bus now.
   - Total number of children = Initial number of children + Number of children who got on the bus
   - Total number of children = 26 + 38

4. Perform the addition.
   - 26 + 38 = 64

So, the total number of children on the bus now is 64.

#### 64",text,neutral
7,26 children were riding on the bus. At the bus stop 38 more children got on the bus. How many children are on the bus now?,Helen the hippo and her friends are preparing for thanksgiving at Helen's house. Helen baked 31 cookies yesterday 270 cookies this morning and 419 cookies the day before yesterday. How many cookies did Helen bake till last night?,64,450,"To solve the problem, we need to add up the number of cookies Helen baked on each day:

1. Cookies baked the day before yesterday: 419
2. Cookies baked yesterday: 31
3. Cookies baked this morning: 270

Now, let's add these numbers together:

\[ 419 + 31 + 270 \]

First, add 419 and 31:

\[ 419 + 31 = 450 \]

Next, add the result to 270:

\[ 450 + 270 = 720 \]

So, the total number of cookies Helen baked till last night is:

#### 720",neither,neutral
8,Helen the hippo and her friends are preparing for thanksgiving at Helen's house. Helen baked 31 cookies yesterday 270 cookies this morning and 419 cookies the day before yesterday. How many cookies did Helen bake till last night?,He then went to see the oranges being harvested. He found out that they harvest 66 sacks per day and that each sack containes 25 oranges. How many oranges will they have after 87 days of harvest?,450,143550,"To solve the problem, we need to determine the total number of oranges harvested over 87 days.

1. **Daily Harvest Calculation:**
   - The problem states that they harvest 66 sacks per day.
   - Each sack contains 25 oranges.

2. **Total Oranges per Day:**
   \[
   \text{Oranges per day} = \text{sacks per day} \times \text{oranges per sack}
   \]
   \[
   \text{Oranges per day} = 66 \times 25
   \]

3. **Perform the Multiplication:**
   \[
   66 \times 25 = (60 + 6) \times 25 = (60 \times 25) + (6 \times 25)
   \]
   \[
   60 \times 25 = 1500
   \]
   \[
   6 \times 25 = 150
   \]
   \[
   1500 + 150 = 1650
   \]

4. **Total Oranges Over 87 Days:",neither,neutral
9,He then went to see the oranges being harvested. He found out that they harvest 66 sacks per day and that each sack containes 25 oranges. How many oranges will they have after 87 days of harvest?,An industrial machine made 9 shirts yesterday and 44 shirts today. It can make 3 shirts a minute. How many minutes did the machine work yesterday?,143550,3,"The problem in Source A is incomplete. It asks how many minutes the machine worked yesterday, but it does not provide the number of shirts made yesterday or the total time the machine worked. The information given is that the machine made 9 shirts yesterday and 44 shirts today, and it can make 3 shirts a minute. However, to find out how many minutes the machine worked yesterday, we need the number of shirts made yesterday.

Since the problem does not specify the number of shirts made yesterday, we cannot solve for the number of minutes the machine worked yesterday based on the information provided.

#### <answer>",text,neutral
10,An industrial machine made 9 shirts yesterday and 44 shirts today. It can make 3 shirts a minute. How many minutes did the machine work yesterday?,Bryan took a look at his books and magazines. If he has 9 books and 46 magazines in each of his 10 bookshelves How many magazines does he have in total?,3,460,"To solve the problem, we need to determine the total number of magazines Bryan has on all his bookshelves.

Step 1: Identify the number of magazines per bookshelf.
Bryan has 46 magazines on each bookshelf.

Step 2: Identify the number of bookshelves.
Bryan has 10 bookshelves.

Step 3: Calculate the total number of magazines.
Total magazines = Number of magazines per bookshelf × Number of bookshelves
Total magazines = 46 magazines/bookshelf × 10 bookshelves

Step 4: Perform the multiplication.
Total magazines = 460

So, Bryan has a total of 460 magazines.

#### 460",text,neutral
11,Bryan took a look at his books and magazines. If he has 9 books and 46 magazines in each of his 10 bookshelves How many magazines does he have in total?,Dave had 17 apps on his phone. After adding some he had 18 left. How many apps did he add?,460,1,"To solve the problem, we need to determine how many apps Dave added to his phone.

1. Initially, Dave had 17 apps.
2. After adding some apps, he had 18 apps left.

We can set up the equation to find out how many apps he added:
\[ \text{Initial number of apps} + \text{Number of apps added} = \text{Final number of apps} \]

Substituting the known values:
\[ 17 + \text{Number of apps added} = 18 \]

To find the number of apps added, we subtract the initial number of apps from the final number of apps:
\[ \text{Number of apps added} = 18 - 17 \]
\[ \text{Number of apps added} = 1 \]

So, Dave added 1 app to his phone.

#### 1",text,neutral
12,Dave had 17 apps on his phone. After adding some he had 18 left. How many apps did he add?,Dan has $ 4. He bought a candy bar for $ 7 and a chocolate for $ 6. How much money did he spend buying the candy bar and chocolate?,1,13,"To solve the problem step by step, let's break down the information given:

1. Dan has $4.
2. Dan bought a candy bar for $7.
3. Dan also bought a chocolate for $6.

We need to find out how much money Dan spent in total on the candy bar and the chocolate.

Step 1: Calculate the cost of the candy bar.
The candy bar costs $7.

Step 2: Calculate the cost of the chocolate.
The chocolate costs $6.

Step 3: Add the cost of the candy bar and the chocolate to find the total amount spent.
\[ \text{Total spent} = \text{Cost of candy bar} + \text{Cost of chocolate} \]
\[ \text{Total spent} = \$7 + \$6 \]
\[ \text{Total spent} = \$13 \]

So, Dan spent a total of $13 on the candy bar and the chocolate.

#### <answer> $13",text,neutral
13,Dan has $ 4. He bought a candy bar for $ 7 and a chocolate for $ 6. How much money did he spend buying the candy bar and chocolate?,The bananas in Philip's collection are organized into 196 groups. If there are a total of 392 bananas in Philip's banana collection How big is each group?,13,2,"To solve the problem, we need to determine how many bananas are in each group. We know that Philip has 392 bananas and they are organized into 196 groups. 

Step 1: Identify the total number of bananas.
The total number of bananas is 392.

Step 2: Identify the number of groups.
The number of groups is 196.

Step 3: Calculate the number of bananas per group.
To find out how many bananas are in each group, we divide the total number of bananas by the number of groups.

\[ \text{Number of bananas per group} = \frac{\text{Total number of bananas}}{\text{Number of groups}} \]

\[ \text{Number of bananas per group} = \frac{392}{196} \]

Step 4: Perform the division.
\[ \frac{392}{196} = 2 \]

So, each group contains 2 bananas.

#### <answer> 2",text,neutral
14,The bananas in Philip's collection are organized into 196 groups. If there are a total of 392 bananas in Philip's banana collection How big is each group?,The cave is 1218 feet deep and they are already at 849 feet. If they are travelling at speed of 17 How much farther until they reach the end of the cave?,2,369,"To solve this problem, we need to determine how much farther the group needs to travel to reach the end of the cave after they have already traveled part of the way down.

Step 1: Identify the total depth of the cave.
The total depth of the cave is 1218 feet.

Step 2: Identify the current position of the group.
The group is currently at 849 feet.

Step 3: Calculate the remaining distance to the bottom of the cave.
Subtract the current position from the total depth of the cave:
\[ 1218 \text{ feet} - 849 \text{ feet} = 369 \text{ feet} \]

Step 4: Determine the speed of travel.
The group is traveling at a speed of 17 feet per unit time (not specified in the problem, so we assume it's per minute or another unit).

Since the problem asks for the distance remaining and not the time taken, we don't need to use the speed information here.

Therefore, the remaining distance to the end of the cave is 369 feet.

#### 369",text,neutral
15,The cave is 1218 feet deep and they are already at 849 feet. If they are travelling at speed of 17 How much farther until they reach the end of the cave?,The Ferris wheel in paradise park has 4 seats. If 20 people can ride the wheel at the same time How many people can each seat hold?,369,5,"To solve the problem, we need to determine how many people each seat on the Ferris wheel can hold. Here's the step-by-step solution:

1. Identify the total number of people that can ride the Ferris wheel at the same time.
   - According to the problem, 20 people can ride the Ferris wheel at the same time.

2. Identify the number of seats on the Ferris wheel.
   - The problem states that there are 4 seats on the Ferris wheel.

3. Calculate the number of people each seat can hold by dividing the total number of people by the number of seats.
   - Number of people per seat = Total number of people / Number of seats
   - Number of people per seat = 20 / 4

4. Perform the division.
   - 20 divided by 4 equals 5.

So, each seat can hold 5 people.

#### 5",text,neutral
16,The Ferris wheel in paradise park has 4 seats. If 20 people can ride the wheel at the same time How many people can each seat hold?,A farmer had 177 tomatoes and 12 potatoes in his garden. If he picked 53 tomatoes How many tomatoes and potatoes does he have left?,5,136,"To solve the problem, we need to follow these steps:

1. Determine how many tomatoes the farmer has left after picking some.
2. Determine how many potatoes the farmer still has.
3. Add the remaining tomatoes and potatoes together.

Step 1: Calculate the number of tomatoes left.
The farmer originally had 177 tomatoes and picked 53 of them.
\[ 177 - 53 = 124 \]
So, the farmer has 124 tomatoes left.

Step 2: The number of potatoes remains unchanged because no potatoes were picked.
The farmer originally had 12 potatoes.
So, the farmer still has 12 potatoes.

Step 3: Add the remaining tomatoes and potatoes together.
\[ 124 + 12 = 136 \]

Therefore, the total number of tomatoes and potatoes the farmer has left is:
#### 136",text,neutral
17,A farmer had 177 tomatoes and 12 potatoes in his garden. If he picked 53 tomatoes How many tomatoes and potatoes does he have left?,Danny collects bottle caps. He lost 66 bottle caps at the park. Now he has 25 bottle caps in his collection. How many bottle caps did danny have at first?,136,91,"To solve the problem, we need to determine how many bottle caps Danny had initially before losing any.

1. Let's denote the number of bottle caps Danny had initially as \( x \).
2. According to the problem, Danny lost 66 bottle caps and now has 25 bottle caps left.
3. The relationship between these quantities can be expressed as:
   \[
   x - 66 = 25
   \]
4. To find \( x \), we need to isolate it on one side of the equation. We do this by adding 66 to both sides of the equation:
   \[
   x - 66 + 66 = 25 + 66
   \]
5. Simplifying the right side gives:
   \[
   x = 91
   \]

So, Danny had 91 bottle caps at first. 

#### 91",text,neutral
18,Danny collects bottle caps. He lost 66 bottle caps at the park. Now he has 25 bottle caps in his collection. How many bottle caps did danny have at first?,"Jack received 4 emails in the morning, 5 emails in the afternoon and 8 emails in the evening. How many emails did Jack receive in the afternoon and evening?",91,13,"To solve the problem step by step:

1. Identify the number of emails Jack received in the afternoon.
   - According to the problem, Jack received 5 emails in the afternoon.

2. Identify the number of emails Jack received in the evening.
   - According to the problem, Jack received 8 emails in the evening.

3. Add the number of emails received in the afternoon and evening.
   - 5 (afternoon) + 8 (evening) = 13 emails

So, the total number of emails Jack received in the afternoon and evening is 13.

#### 13",text,neutral
19,"Jack received 4 emails in the morning, 5 emails in the afternoon and 8 emails in the evening. How many emails did Jack receive in the afternoon and evening?",Paco had 22 sweet cookies and 75 salty cookies. He ate 15 sweet cookies and 54 salty cookies. How many sweet cookies did Paco have left?,13,7,"To solve the problem, we need to determine how many sweet cookies Paco has left after eating some of them.

Step 1: Identify the initial number of sweet cookies.
Paco initially had 22 sweet cookies.

Step 2: Determine how many sweet cookies Paco ate.
Paco ate 15 sweet cookies.

Step 3: Calculate the number of sweet cookies left.
Subtract the number of sweet cookies eaten from the initial number of sweet cookies:
\[ 22 - 15 = 7 \]

So, Paco has 7 sweet cookies left.

#### <answer> 7",text,neutral
20,Paco had 22 sweet cookies and 75 salty cookies. He ate 15 sweet cookies and 54 salty cookies. How many sweet cookies did Paco have left?,The ring toss game at the carnival made the same amount of money each day. In total in 5 days they earned 165 dollars. How much did they make per day?,7,33,"To solve the problem step by step, we need to determine how much money was made per day from the ring toss game at the carnival.

1. **Identify the total earnings over the 5 days**: The problem states that the ring toss game earned a total of $165 over 5 days.
2. **Determine the daily earnings**: Since the game made the same amount of money each day, we can find the daily earnings by dividing the total earnings by the number of days.

\[ \text{Daily earnings} = \frac{\text{Total earnings}}{\text{Number of days}} \]

3. **Perform the division**:

\[ \text{Daily earnings} = \frac{165}{5} \]

4. **Calculate the result**:

\[ \text{Daily earnings} = 33 \]

So, the ring toss game made $33 per day.

#### 33",text,neutral
21,The ring toss game at the carnival made the same amount of money each day. In total in 5 days they earned 165 dollars. How much did they make per day?,Dave had 24 files and 13 apps on his phone. After deleting some apps and files he had 17 apps and 21 files left. How many files did he delete?,33,3,"To solve the problem, we need to determine how many files Dave deleted after the changes.

1. **Initial Count of Files and Apps:**
   - Initial number of files = 24
   - Initial number of apps = 13

2. **Final Count of Files and Apps:**
   - Final number of files = 21
   - Final number of apps = 17

3. **Calculate the Number of Files Deleted:**
   - The number of files deleted can be found by subtracting the final number of files from the initial number of files.
   \[
   \text{Files deleted} = \text{Initial number of files} - \text{Final number of files}
   \]
   \[
   \text{Files deleted} = 24 - 21
   \]
   \[
   \text{Files deleted} = 3
   \]

So, Dave deleted 3 files.

#### <answer>",text,neutral
22,Dave had 24 files and 13 apps on his phone. After deleting some apps and files he had 17 apps and 21 files left. How many files did he delete?,In a school there are 569 girls and 236 boys. How many more girls than boys does the school have?,3,333,"To solve the problem, we need to find out how many more girls than boys there are in the school.

Step 1: Identify the number of girls.
The number of girls in the school is 569.

Step 2: Identify the number of boys.
The number of boys in the school is 236.

Step 3: Calculate the difference between the number of girls and the number of boys.
\[ \text{Difference} = \text{Number of girls} - \text{Number of boys} \]
\[ \text{Difference} = 569 - 236 \]

Step 4: Perform the subtraction.
\[ 569 - 236 = 333 \]

So, the school has 333 more girls than boys.

#### 333",text,neutral
23,In a school there are 569 girls and 236 boys. How many more girls than boys does the school have?,Rebecca wants to split a collection of eggs into groups of 11. If each group has 2 eggs How many eggs does Rebecca have?,333,22,"The problem in Source A seems to be contradictory because it asks how many eggs Rebecca has when she is supposed to split them into groups of 11, but then it mentions that each group has 2 eggs. This implies that the number of eggs per group should be 11, not 2. Let's assume the correct interpretation is that Rebecca wants to split her eggs into groups of 11, and we need to find out how many eggs she has if she can make exactly 2 groups of 11.

Step 1: Determine the total number of eggs.
Since Rebecca can make 2 groups of 11 eggs each, we multiply the number of groups by the number of eggs per group:
\[ 2 \times 11 = 22 \]

So, Rebecca has 22 eggs.

#### 22",text,neutral
24,Rebecca wants to split a collection of eggs into groups of 11. If each group has 2 eggs How many eggs does Rebecca have?,Mary is baking a cake. The recipe calls for 7 cups of sugar and 10 cups of flour. She already put in 4 cups of sugar. How many more cups of sugar does she need to add?,22,3,"To solve the problem, let's break it down step by step:

1. **Identify the total amount of sugar needed**: According to the recipe, Mary needs 7 cups of sugar.
2. **Determine how much sugar has already been added**: Mary has already added 4 cups of sugar.
3. **Calculate the remaining amount of sugar needed**: Subtract the amount of sugar already added from the total amount needed.

So, we perform the calculation:
\[ 7 \text{ cups} - 4 \text{ cups} = 3 \text{ cups} \]

Therefore, Mary needs to add 3 more cups of sugar.

#### <answer> 3 cups",text,neutral
25,Mary is baking a cake. The recipe calls for 7 cups of sugar and 10 cups of flour. She already put in 4 cups of sugar. How many more cups of sugar does she need to add?,Dave had 21 apps on his phone. He added 89 new apps. After deleting some he had 24 left. How many more apps did he add than he deleted?,3,3,"To solve the problem, let's break it down step by step:

1. **Initial number of apps**: Dave started with 21 apps.
2. **Apps added**: He added 89 new apps.
3. **Final number of apps**: After adding and deleting some, he had 24 apps left.

First, we need to find out how many apps Dave had after adding 89 new apps but before deleting any:
\[ 21 + 89 = 110 \]

Next, we know that after deleting some apps, he had 24 apps left. So, the number of apps he deleted can be calculated as follows:
\[ 110 - 24 = 86 \]

Now, we need to determine how many more apps Dave added than he deleted:
\[ 89 - 86 = 3 \]

So, Dave added 3 more apps than he deleted.

#### <answer> 3",ambiguous,neutral
26,Dave had 21 apps on his phone. He added 89 new apps. After deleting some he had 24 left. How many more apps did he add than he deleted?,During summer break 202958 kids from Lawrence county go to camp and the other 777622 kids stay home. How many more kids stayed home compared to those who went to the camp?,3,574664,"To solve the problem, we need to find out how many more kids stayed home compared to those who went to the camp. Here's the step-by-step solution:

1. Identify the number of kids who went to camp.
   - According to the problem, 202958 kids went to camp.

2. Identify the number of kids who stayed home.
   - According to the problem, 777622 kids stayed home.

3. Calculate the difference between the number of kids who stayed home and the number of kids who went to camp.
   - Difference = Number of kids who stayed home - Number of kids who went to camp
   - Difference = 777622 - 202958

4. Perform the subtraction.
   - 777622 - 202958 = 574664

So, the number of kids who stayed home is 574664 more than the number of kids who went to camp.

#### 574664",text,neutral
27,During summer break 202958 kids from Lawrence county go to camp and the other 777622 kids stay home. How many more kids stayed home compared to those who went to the camp?,The grasshopper and the frog had a jumping contest. The grasshopper jumped 13 inches. The grasshopper jumped 2 inches farther than the grasshopper. How far did the frog jump?,574664,11,"Let's solve the problem step by step:

1. We know that the grasshopper jumped 13 inches.
2. The grasshopper jumped 2 inches farther than the frog.
3. To find out how far the frog jumped, we need to subtract 2 inches from the distance the grasshopper jumped.

So, the calculation is:
\[ \text{Distance frog jumped} = \text{Distance grasshopper jumped} - 2 \]
\[ \text{Distance frog jumped} = 13 - 2 \]
\[ \text{Distance frog jumped} = 11 \]

Therefore, the frog jumped 11 inches.

#### 11",text,neutral
28,The grasshopper and the frog had a jumping contest. The grasshopper jumped 13 inches. The grasshopper jumped 2 inches farther than the grasshopper. How far did the frog jump?,Allan brought 3 balloons and 20 balls while Jake brought 5 balloons and 59 balls to the park. How many balloons did Allan and Jake have in the park?,11,8,"To solve the problem, we need to determine the total number of balloons that Allan and Jake brought to the park.

Step 1: Identify the number of balloons Allan brought.
Allan brought 3 balloons.

Step 2: Identify the number of balloons Jake brought.
Jake brought 5 balloons.

Step 3: Add the number of balloons Allan and Jake brought together.
\[ 3 \text{ (Allan's balloons)} + 5 \text{ (Jake's balloons)} = 8 \text{ balloons} \]

So, the total number of balloons Allan and Jake had in the park is 8.

#### 8",text,neutral
29,Allan brought 3 balloons and 20 balls while Jake brought 5 balloons and 59 balls to the park. How many balloons did Allan and Jake have in the park?,He then went to see the oranges being harvested. He found out that they harvest 8 sacks per day. How many days will it take to harvest 24 sacks of oranges?,8,3,"To solve the problem, we need to determine how many days it will take to harvest 24 sacks of oranges if they harvest 8 sacks per day.

Step 1: Identify the total number of sacks needed.
The total number of sacks needed is 24.

Step 2: Identify the daily harvesting rate.
The daily harvesting rate is 8 sacks per day.

Step 3: Calculate the number of days required.
We can find the number of days required by dividing the total number of sacks by the daily harvesting rate.

\[ \text{Number of days} = \frac{\text{Total number of sacks}}{\text{Daily harvesting rate}} = \frac{24}{8} \]

Step 4: Perform the division.
\[ \frac{24}{8} = 3 \]

So, it will take 3 days to harvest 24 sacks of oranges.

#### 3",text,neutral
30,He then went to see the oranges being harvested. He found out that they harvest 8 sacks per day. How many days will it take to harvest 24 sacks of oranges?,Every day Ryan spends 6 hours on learning english and 5 hours on learning chinese. If he learns for 2 days How many hours does he spend on learning english in all?,3,12,"To solve the problem, let's break it down step by step:

1. **Determine the daily time spent on learning English:**
   - Ryan spends 6 hours each day on learning English.

2. **Determine the number of days he learns:**
   - Ryan learns for 2 days.

3. **Calculate the total time spent on learning English over the 2 days:**
   - Multiply the daily time spent on learning English by the number of days.
   - \( 6 \text{ hours/day} \times 2 \text{ days} = 12 \text{ hours} \).

So, the total time Ryan spends on learning English in all is 12 hours.

#### <answer> 12",text,neutral
31,Every day Ryan spends 6 hours on learning english and 5 hours on learning chinese. If he learns for 2 days How many hours does he spend on learning english in all?,Baker made 144 cakes. He sold 71 of them. Then he made 111 more cakes. How many more cakes did baker make than those he sold?,12,184,"To solve the problem, let's break it down step by step:

1. **Initial number of cakes**: Baker started with 144 cakes.
2. **Cakes sold**: Baker sold 71 cakes.
3. **Cakes made after selling**: After selling 71 cakes, Baker made 111 more cakes.

Now, we need to find out how many more cakes Baker made than those he sold.

- **Total cakes made initially and after selling**: \( 144 + 111 = 255 \) cakes.
- **Cakes sold**: 71 cakes.

To find out how many more cakes Baker made than those he sold:
\[ 255 - 71 = 184 \]

So, Baker made 184 more cakes than those he sold.

#### <answer> 184",text,neutral
32,Baker made 144 cakes. He sold 71 of them. Then he made 111 more cakes. How many more cakes did baker make than those he sold?,There were 12 people on the bus. At the next stop 4 more people got on the bus. Each bus can not have more than 36 people. How many people are there on the bus now?,184,16,"To solve the problem step by step:

1. **Initial number of people on the bus**: According to the problem, there were initially 12 people on the bus.
2. **People who got on the bus at the next stop**: At the next stop, 4 more people got on the bus.
3. **Calculate the total number of people on the bus now**: Add the initial number of people to the number of people who got on the bus.
   \[
   12 + 4 = 16
   \]

So, the total number of people on the bus now is 16.

#### <answer>",text,neutral
33,There were 12 people on the bus. At the next stop 4 more people got on the bus. Each bus can not have more than 36 people. How many people are there on the bus now?,Allan brought 5 balloons and Jake brought 6 balloons to the park. Jake then bought 3 more balloons at the park. How many balloons did Jake bring to the park?,16,9,"To solve the problem step by step, let's break it down:

1. **Initial Balloons**: Jake initially brought 6 balloons to the park.
2. **Additional Balloons**: Jake bought 3 more balloons at the park.

Now, we add the initial number of balloons to the additional balloons:
\[ 6 + 3 = 9 \]

So, Jake brought a total of 9 balloons to the park.

#### <answer> 9",text,neutral
34,Allan brought 5 balloons and Jake brought 6 balloons to the park. Jake then bought 3 more balloons at the park. How many balloons did Jake bring to the park?,An industrial machine worked for 5 minutes. It can make 4 shirts a minute. How many shirts did machine make?,9,20,"To solve the problem step by step, we need to determine how many shirts the machine made in 5 minutes.

1. Identify the rate at which the machine makes shirts: The machine can make 4 shirts per minute.
2. Determine the total time the machine worked: The machine worked for 5 minutes.
3. Calculate the total number of shirts made: Multiply the rate by the time.

\[ \text{Total shirts} = \text{Rate} \times \text{Time} \]
\[ \text{Total shirts} = 4 \, \text{shirts/minute} \times 5 \, \text{minutes} \]
\[ \text{Total shirts} = 20 \, \text{shirts} \]

So, the machine made 20 shirts.

#### 20",text,neutral
35,An industrial machine worked for 5 minutes. It can make 4 shirts a minute. How many shirts did machine make?,Paco had 9 sweet cookies and 6 salty cookies. He ate 36 sweet cookies and 3 salty cookies. How many salty cookies did Paco have left?,20,3,"Let's solve the problem step by step:

1. **Initial number of salty cookies**: Paco started with 6 salty cookies.
2. **Cookies eaten**: Paco ate 3 salty cookies.
3. **Cookies remaining**: To find out how many salty cookies Paco has left, we subtract the number of cookies he ate from the initial number of cookies.

So, the calculation is:
\[ 6 - 3 = 3 \]

Paco has 3 salty cookies left.

#### <answer>",text,neutral
36,Paco had 9 sweet cookies and 6 salty cookies. He ate 36 sweet cookies and 3 salty cookies. How many salty cookies did Paco have left?,A book has 3 chapters. The first chapter is 66 pages long the second chapter is 35 pages long and the third chapter is 24 pages long. How many pages does the book have altogether?,3,125,"To solve the problem, we need to add up the number of pages in each chapter of the book.

1. The first chapter has 66 pages.
2. The second chapter has 35 pages.
3. The third chapter has 24 pages.

Now, let's add these numbers together:

\[ 66 + 35 + 24 \]

First, add 66 and 35:

\[ 66 + 35 = 101 \]

Next, add the result to 24:

\[ 101 + 24 = 125 \]

So, the total number of pages in the book is 125.

#### 125",text,neutral
37,A book has 3 chapters. The first chapter is 66 pages long the second chapter is 35 pages long and the third chapter is 24 pages long. How many pages does the book have altogether?,Some children were riding on the bus. At the bus stop 2 more children got on the bus. Then there were 41 children altogether on the bus. How many children were riding on the bus before the bus stop?,125,39,"To solve the problem, we need to determine how many children were on the bus before the bus stop. Let's break it down step by step:

1. **Identify the total number of children after the bus stop**: According to the problem, there were 41 children on the bus after 2 more children got on at the bus stop.
2. **Determine the number of children who got on the bus at the bus stop**: We know that 2 more children got on the bus at the bus stop.
3. **Calculate the number of children on the bus before the bus stop**: Since 2 children got on the bus at the bus stop and there were 41 children on the bus after this, we can find the number of children on the bus before the bus stop by subtracting the 2 children who got on from the total number of children after the bus stop.

So, the calculation is:
\[ \text{Number of children before the bus stop} = \text{Total number of children after the bus stop} - \text{Number of children who got on the bus at the bus stop} \]
\[ \text{Number of children before the bus stop} = 41 - 2 \]
\[ \text",neither,neutral
38,Some children were riding on the bus. At the bus stop 2 more children got on the bus. Then there were 41 children altogether on the bus. How many children were riding on the bus before the bus stop?,Rebecca wants to split a collection of eggs into 3 groups. Rebecca has 4 marbles and 15 eggs. How many eggs will each group have?,39,5,"To solve the problem, let's break it down step by step:

1. **Identify the total number of eggs**: Rebecca has 15 eggs.
2. **Determine how many groups she wants to split the eggs into**: She wants to split them into 3 groups.
3. **Calculate the number of eggs per group**: To find out how many eggs each group will have, we need to divide the total number of eggs by the number of groups.

\[ \text{Number of eggs per group} = \frac{\text{Total number of eggs}}{\text{Number of groups}} = \frac{15}{3} \]

4. **Perform the division**:

\[ \frac{15}{3} = 5 \]

So, each group will have 5 eggs.

#### <answer> 5",text,neutral
39,Rebecca wants to split a collection of eggs into 3 groups. Rebecca has 4 marbles and 15 eggs. How many eggs will each group have?,After finding some bottle caps at the park danny has 32 bottle caps in his collection. If he had 25 bottle caps in his collection earlier How many bottle caps did he find at the park?,5,7,"To solve the problem, we need to determine how many bottle caps Danny found at the park. We know that:

1. Danny currently has 32 bottle caps.
2. He had 25 bottle caps before finding more at the park.

We can find out how many bottle caps he found by subtracting the number of bottle caps he had before from the number he has now.

Let's do the calculation:

\[ \text{Number of bottle caps found} = \text{Current number of bottle caps} - \text{Number of bottle caps before} \]

Substituting the known values:

\[ \text{Number of bottle caps found} = 32 - 25 \]

Now, perform the subtraction:

\[ 32 - 25 = 7 \]

So, Danny found 7 bottle caps at the park.

#### <answer> 7",text,neutral
40,After finding some bottle caps at the park danny has 32 bottle caps in his collection. If he had 25 bottle caps in his collection earlier How many bottle caps did he find at the park?,"Julia played tag with 15 kids on monday, 18 kids on tuesday and 97 kids on wednesday. How many kids did she play with on monday and tuesday?",7,33,"To solve the problem step by step:

1. Identify the number of kids Julia played with on Monday.
   - According to the problem, Julia played with 15 kids on Monday.

2. Identify the number of kids Julia played with on Tuesday.
   - According to the problem, Julia played with 18 kids on Tuesday.

3. Add the number of kids from Monday and Tuesday to find the total.
   - Total kids = Kids on Monday + Kids on Tuesday
   - Total kids = 15 + 18

4. Perform the addition.
   - 15 + 18 = 33

So, Julia played with 33 kids on Monday and Tuesday combined.

#### 33",text,neutral
41,"Julia played tag with 15 kids on monday, 18 kids on tuesday and 97 kids on wednesday. How many kids did she play with on monday and tuesday?",In Haley's class some boys love to play marbles. If Haley has 10 marbles and she gave 5 marbles to each boy How many boys did she give the marbles to?,33,2,"To solve the problem step by step, we need to determine how many boys Haley gave marbles to based on the information provided.

1. **Total number of marbles**: Haley has 10 marbles.
2. **Number of marbles given to each boy**: Haley gave 5 marbles to each boy.

We can set up the equation to find out how many boys received the marbles:
\[ \text{Number of boys} = \frac{\text{Total number of marbles}}{\text{Number of marbles per boy}} \]

Substituting the given values into the equation:
\[ \text{Number of boys} = \frac{10}{5} \]

3. **Perform the division**:
\[ \text{Number of boys} = 2 \]

So, Haley gave marbles to 2 boys.

#### <answer> 2",text,neutral
42,In Haley's class some boys love to play marbles. If Haley has 10 marbles and she gave 5 marbles to each boy How many boys did she give the marbles to?,After resting they decided to go for a swim. If the depth of the water is 10 times Dean's height and he stands at 9 feet How much deeper is the water than Dean's height?,2,81,"To solve the problem, let's break it down step by step:

1. **Determine Dean's height**: According to the problem, Dean stands at 9 feet.
2. **Calculate the depth of the water**: The problem states that the depth of the water is 10 times Dean's height. Therefore, we multiply Dean's height by 10.
   \[
   \text{Depth of the water} = 10 \times \text{Dean's height}
   \]
   Substituting Dean's height:
   \[
   \text{Depth of the water} = 10 \times 9 = 90 \text{ feet}
   \]
3. **Find out how much deeper the water is than Dean's height**: To find this difference, we subtract Dean's height from the depth of the water.
   \[
   \text{Difference} = \text{Depth of the water} - \text{Dean's height}
   \]
   Substituting the values:
   \[
   \text{Difference} = 90 - 9 = 81 \text{ feet}
   \]

So, the water is 81 feet deeper than Dean's height.

####",text,neutral
43,After resting they decided to go for a swim. If the depth of the water is 10 times Dean's height and he stands at 9 feet How much deeper is the water than Dean's height?,A book has 3 chapters. The first chapter is 91 pages long the second chapter is 23 pages long and the third chapter is 25 pages long. How many more pages does the first chapter have than the second chapter?,81,68,"To solve the problem, we need to find out how many more pages the first chapter has compared to the second chapter.

Step 1: Identify the number of pages in each chapter.
- First chapter: 91 pages
- Second chapter: 23 pages

Step 2: Subtract the number of pages in the second chapter from the number of pages in the first chapter.
\[ 91 - 23 = 68 \]

So, the first chapter has 68 more pages than the second chapter.

#### 68",text,neutral
44,A book has 3 chapters. The first chapter is 91 pages long the second chapter is 23 pages long and the third chapter is 25 pages long. How many more pages does the first chapter have than the second chapter?,"After eating a hearty meal they went to see the Buckingham palace. There, Rachel learned that 317 visitors came to the Buckingham palace that day. If there were 295 visitors the previous day How many more visitors visited the Buckingham palace on that day than on the previous day?",68,22,"To solve the problem step by step:

1. Identify the number of visitors on the current day:
   - The current day had 317 visitors.

2. Identify the number of visitors on the previous day:
   - The previous day had 295 visitors.

3. Calculate the difference in the number of visitors between the current day and the previous day:
   - Difference = Number of visitors on the current day - Number of visitors on the previous day
   - Difference = 317 - 295

4. Perform the subtraction:
   - 317 - 295 = 22

So, the number of visitors who visited the Buckingham palace on that day was 22 more than on the previous day.

#### 22",text,neutral
45,"After eating a hearty meal they went to see the Buckingham palace. There, Rachel learned that 317 visitors came to the Buckingham palace that day. If there were 295 visitors the previous day How many more visitors visited the Buckingham palace on that day than on the previous day?",The Razorback t-shirt shop made $ 51 dollars from selling 3 t-shirt during the Arkansas and Texas tech game they. What is the cost of each t-shirt?,22,17,"To solve the problem, we need to determine the cost of each t-shirt sold by the Razorback t-shirt shop. Here's how we can do it step by step:

1. Identify the total revenue from selling the t-shirts.
   - The total revenue is $51.

2. Identify the number of t-shirts sold.
   - The number of t-shirts sold is 3.

3. Calculate the cost of each t-shirt.
   - To find the cost of each t-shirt, divide the total revenue by the number of t-shirts sold.
   - Cost per t-shirt = Total Revenue / Number of T-shirts Sold
   - Cost per t-shirt = $51 / 3

4. Perform the division.
   - $51 ÷ 3 = $17

So, the cost of each t-shirt is $17.

#### <answer> $17",text,neutral
46,The Razorback t-shirt shop made $ 51 dollars from selling 3 t-shirt during the Arkansas and Texas tech game they. What is the cost of each t-shirt?,"Jack received 3 emails in the morning, 4 emails in the afternoon and 8 emails in the evening. How many emails did Jack receive in the morning and evening?",17,11,"To solve the problem step by step:

1. Identify the number of emails Jack received in the morning.
   - Jack received 3 emails in the morning.

2. Identify the number of emails Jack received in the evening.
   - Jack received 8 emails in the evening.

3. Add the number of emails received in the morning and the evening to find the total.
   - Total emails = Emails in the morning + Emails in the evening
   - Total emails = 3 + 8
   - Total emails = 11

So, the total number of emails Jack received in the morning and evening is 11.

#### 11",text,neutral
47,"Jack received 3 emails in the morning, 4 emails in the afternoon and 8 emails in the evening. How many emails did Jack receive in the morning and evening?",Lawrence county has 313473 kids. During summer break 274865 kids stay home and the rest go to camp. How many kids go to the camp during the break?,11,38608,"To solve the problem, we need to find out how many kids go to camp during the summer break. We start with the total number of kids in Lawrence county and subtract the number of kids who stay home.

Step 1: Identify the total number of kids.
Total number of kids = 313473

Step 2: Identify the number of kids who stay home.
Number of kids who stay home = 274865

Step 3: Subtract the number of kids who stay home from the total number of kids to find out how many go to camp.
Number of kids who go to camp = Total number of kids - Number of kids who stay home
Number of kids who go to camp = 313473 - 274865

Now, let's perform the subtraction:
313473 - 274865 = 38608

So, the number of kids who go to camp during the summer break is 38608.

#### 38608",text,neutral
48,Lawrence county has 313473 kids. During summer break 274865 kids stay home and the rest go to camp. How many kids go to the camp during the break?,The grasshopper and the frog had a jumping contest. The grasshopper jumped 35 inches. The grasshopper jumped 4 inches farther than the frog. How much did they jump altogether?,38608,66,"To solve this problem, we need to determine how far the frog jumped and then add that distance to the distance the grasshopper jumped.

1. Let's denote the distance the frog jumped as \( F \) inches.
2. According to the problem, the grasshopper jumped 4 inches farther than the frog. So, the grasshopper's jump distance can be expressed as \( F + 4 \) inches.
3. We know from the problem that the grasshopper jumped 35 inches. Therefore, we can set up the equation:
   \[
   F + 4 = 35
   \]
4. To find \( F \), we subtract 4 from both sides of the equation:
   \[
   F = 35 - 4
   \]
   \[
   F = 31
   \]
5. Now we know the frog jumped 31 inches.
6. To find the total distance jumped by both the grasshopper and the frog, we add their distances together:
   \[
   35 + 31 = 66
   \]

So, the total distance they jumped altogether is 66 inches. 

#### 66",text,neutral
49,The grasshopper and the frog had a jumping contest. The grasshopper jumped 35 inches. The grasshopper jumped 4 inches farther than the frog. How much did they jump altogether?,Winter is almost here and most animals are migrating to warmer countries. There are 3 bird families living near the mountain. 26 new bird families came to live near the mountain from the arctic while 2 bird families flew away further south for winter. How many bird families were left near the mountain?,66,27,"To solve this problem, let's break it down step by step:

1. **Initial number of bird families**: We start with 3 bird families living near the mountain.
2. **Bird families that came to live near the mountain**: 26 new bird families arrived.
   - Adding these to the initial number: \(3 + 26 = 29\).
3. **Bird families that flew away**: 2 bird families flew away.
   - Subtracting these from the total: \(29 - 2 = 27\).

So, the number of bird families left near the mountain is 27.

#### <answer>",text,neutral
50,Winter is almost here and most animals are migrating to warmer countries. There are 3 bird families living near the mountain. 26 new bird families came to live near the mountain from the arctic while 2 bird families flew away further south for winter. How many bird families were left near the mountain?,Adam could fit 8 action figures and 10 cabinets on each shelf in his room. His room has 4 shelves. How many total items could his shelves hold?,27,72,"To solve the problem step by step, let's break it down:

1. **Determine the number of items per shelf:**
   - Adam can fit 8 action figures and 10 cabinets on each shelf.
   - Total items per shelf = 8 (action figures) + 10 (cabinets) = 18 items.

2. **Determine the number of shelves:**
   - Adam has 4 shelves.

3. **Calculate the total number of items that can be held on all shelves:**
   - Total items = Items per shelf × Number of shelves
   - Total items = 18 items/shelf × 4 shelves = 72 items.

So, the total number of items that Adam's shelves can hold is 72.

#### 72",text,neutral
51,Adam could fit 8 action figures and 10 cabinets on each shelf in his room. His room has 4 shelves. How many total items could his shelves hold?,Robin's hair was 16 inches long. He cut off 11 inches. Then it again grew by 12 inches. How long is his hair now?,72,17,"To solve the problem step by step, we need to follow these steps:

1. Determine the length of Robin's hair after he cut it.
2. Add the growth of the hair back to the length after cutting.

Step 1: Calculate the length of Robin's hair after cutting.
Robin's original hair length was 16 inches. He cut off 11 inches.
\[ 16 - 11 = 5 \text{ inches} \]

Step 2: Add the growth of the hair back to the length after cutting.
The hair then grew by 12 inches.
\[ 5 + 12 = 17 \text{ inches} \]

So, the length of Robin's hair now is 17 inches.

#### 17",text,neutral
52,Robin's hair was 16 inches long. He cut off 11 inches. Then it again grew by 12 inches. How long is his hair now?,Friends of Katie had 57 games and she had 63 ds games. How many more games does Katie have than her friends?,17,6,"To solve the problem, we need to find out how many more games Katie has compared to her friends.

1. Identify the number of games Katie has: 63 games.
2. Identify the number of games her friends have: 57 games.
3. Subtract the number of games her friends have from the number of games Katie has to find the difference.

\[ \text{Difference} = \text{Katie's games} - \text{Friends' games} \]
\[ \text{Difference} = 63 - 57 \]
\[ \text{Difference} = 6 \]

So, Katie has 6 more games than her friends.

#### 6",text,neutral
53,Friends of Katie had 57 games and she had 63 ds games. How many more games does Katie have than her friends?,Lucy went to the grocery store. She bought 10 packs of cookie and 4 packs of cake. How many more packs of cookie did she buy over cake?,6,6,"To solve the problem, we need to determine how many more packs of cookie Lucy bought compared to packs of cake.

Step 1: Identify the number of packs of cookie Lucy bought.
Lucy bought 10 packs of cookie.

Step 2: Identify the number of packs of cake Lucy bought.
Lucy bought 4 packs of cake.

Step 3: Calculate the difference between the number of packs of cookie and the number of packs of cake.
Difference = Number of packs of cookie - Number of packs of cake
Difference = 10 - 4
Difference = 6

So, Lucy bought 6 more packs of cookie than packs of cake.

#### 6",ambiguous,neutral
54,Lucy went to the grocery store. She bought 10 packs of cookie and 4 packs of cake. How many more packs of cookie did she buy over cake?,"6 red peaches, 90 yellow peaches and 16 green peaches are in the basket. How many red and green peaches are in the basket?",6,22,"To solve the problem step by step:

1. Identify the number of red peaches: There are 6 red peaches.
2. Identify the number of green peaches: There are 16 green peaches.
3. Add the number of red peaches and green peaches together to find the total number of red and green peaches in the basket.

So, we add 6 (red peaches) + 16 (green peaches) = 22 peaches.

#### 22",text,neutral
55,"6 red peaches, 90 yellow peaches and 16 green peaches are in the basket. How many red and green peaches are in the basket?",Mary is baking a cake. The recipe calls for 10 cups of flour 2 cups of sugar and 80 cups of salt. She already put in 7 cups of flour. How many more cups of flour than cups of sugar does she need to add now?,22,1,"To solve the problem, let's break it down step by step:

1. **Determine the total amount of flour needed:** The recipe calls for 10 cups of flour.
2. **Determine how much flour has already been added:** Mary has already added 7 cups of flour.
3. **Calculate the remaining flour needed:** Subtract the amount of flour already added from the total amount needed.
   \[
   10 \text{ cups} - 7 \text{ cups} = 3 \text{ cups}
   \]
4. **Determine the amount of sugar needed:** The recipe calls for 2 cups of sugar.
5. **Compare the remaining flour to the sugar needed:** We need to find out how many more cups of flour than cups of sugar are needed.
   \[
   3 \text{ cups of flour} - 2 \text{ cups of sugar} = 1 \text{ cup more of flour}
   \]

So, Mary needs to add 1 more cup of flour than cups of sugar.

#### <answer> 1",text,neutral
56,Mary is baking a cake. The recipe calls for 10 cups of flour 2 cups of sugar and 80 cups of salt. She already put in 7 cups of flour. How many more cups of flour than cups of sugar does she need to add now?,Paco had 17 cookies. He ate 14 cookies and gave 13 of them to his friend. How many more cookies did he eat than those he gave to his friend?,1,1,"To solve the problem, let's break it down step by step:

1. **Cookies eaten by Paco**: Paco ate 14 cookies.
2. **Cookies given to his friend**: Paco gave 13 cookies to his friend.
3. **Difference between cookies eaten and given**: We need to find out how many more cookies Paco ate than those he gave to his friend.

Now, we calculate the difference:
\[ \text{Cookies eaten} - \text{Cookies given} = 14 - 13 = 1 \]

So, Paco ate 1 more cookie than he gave to his friend.

#### <answer> 1",ambiguous,neutral
57,Paco had 17 cookies. He ate 14 cookies and gave 13 of them to his friend. How many more cookies did he eat than those he gave to his friend?,In a school there are 315 girls and 309 boys. There are also 772 teachers How many people are there in that school?,1,1396,"To solve the problem, we need to add up all the individuals mentioned:

1. Number of girls: 315
2. Number of boys: 309
3. Number of teachers: 772

Now, let's add these numbers together:

\[ 315 + 309 + 772 \]

First, add the number of girls and boys:

\[ 315 + 309 = 624 \]

Next, add the number of teachers to this sum:

\[ 624 + 772 = 1396 \]

So, the total number of people in the school is:

#### 1396",text,neutral
58,In a school there are 315 girls and 309 boys. There are also 772 teachers How many people are there in that school?,There are some baskets of peaches. Each basket has 4 red peaches and 3 green peaches. If there are a total of 7 peaches in all baskets How many baskets of peaches are there?,1396,1,"To solve the problem, let's break it down step by step:

1. **Identify the information given:**
   - Each basket contains 4 red peaches and 3 green peaches.
   - The total number of peaches in all baskets is 7.

2. **Calculate the total number of peaches per basket:**
   - Each basket has \(4 + 3 = 7\) peaches.

3. **Determine the number of baskets:**
   - Since the total number of peaches in all baskets is also 7, and each basket contains 7 peaches, we can find the number of baskets by dividing the total number of peaches by the number of peaches per basket.
   - Number of baskets = \(\frac{7}{7} = 1\).

So, there is 1 basket of peaches.

#### <answer> 1",text,neutral
59,There are some baskets of peaches. Each basket has 4 red peaches and 3 green peaches. If there are a total of 7 peaches in all baskets How many baskets of peaches are there?,Jessie currently weighs 27 kilograms. After she started to go jogging everyday she lost 101 kilograms. How much did she weigh before starting to jog?,1,128,"To solve the problem, we need to determine Jessie's weight before she started jogging. We know that after starting to jog, she lost 101 kilograms and her current weight is 27 kilograms.

Step 1: Identify the current weight of Jessie.
Current weight = 27 kilograms

Step 2: Determine the total weight loss.
Weight loss = 101 kilograms

Step 3: Calculate the weight before starting to jog.
Weight before jogging = Current weight + Weight loss
Weight before jogging = 27 kilograms + 101 kilograms
Weight before jogging = 128 kilograms

So, Jessie weighed 128 kilograms before she started jogging.

#### 128",text,neutral
60,Jessie currently weighs 27 kilograms. After she started to go jogging everyday she lost 101 kilograms. How much did she weigh before starting to jog?,David did 51 push-ups in gym class today. David did 49 more push-ups than Zachary. How many push-ups did Zachary and David do altogether?,128,53,"To solve the problem, we need to determine how many push-ups Zachary did and then find the total number of push-ups both David and Zachary did together.

Step 1: Determine the number of push-ups Zachary did.
We know that David did 49 more push-ups than Zachary. Let's denote the number of push-ups Zachary did as \( Z \). Therefore, we can write the equation:
\[ D = Z + 49 \]
where \( D \) is the number of push-ups David did. We are given that \( D = 51 \). Substituting this value into the equation, we get:
\[ 51 = Z + 49 \]
To find \( Z \), we subtract 49 from both sides of the equation:
\[ Z = 51 - 49 \]
\[ Z = 2 \]
So, Zachary did 2 push-ups.

Step 2: Calculate the total number of push-ups David and Zachary did together.
Now that we know David did 51 push-ups and Zachary did 2 push-ups, we add these numbers together:
\[ 51 + 2 = 53 \]

Therefore, the total number of",text,neutral
61,David did 51 push-ups in gym class today. David did 49 more push-ups than Zachary. How many push-ups did Zachary and David do altogether?,In a school there are 362 boys and 257 girls. 403 more girls joined the school. How many more girls than boys does the school have?,53,298,"To solve the problem, we need to follow these steps:

1. Calculate the initial number of girls in the school.
2. Add the number of new girls who joined the school to the initial number of girls.
3. Compare the total number of girls to the number of boys to find out how many more girls there are than boys.

Step 1: Calculate the initial number of girls in the school.
The initial number of girls is 257.

Step 2: Add the number of new girls who joined the school to the initial number of girls.
The number of new girls is 403. So, the total number of girls now is:
\[ 257 + 403 = 660 \]

Step 3: Compare the total number of girls to the number of boys to find out how many more girls there are than boys.
The number of boys is 362. The difference between the total number of girls and the number of boys is:
\[ 660 - 362 = 298 \]

So, the school has 298 more girls than boys.

#### 298",text,neutral
62,In a school there are 362 boys and 257 girls. 403 more girls joined the school. How many more girls than boys does the school have?,Josh had 22 marbles in his collection. He found 13 marbles ones while he lost 5 marbles. How many marbles does he have now?,298,30,"To solve the problem step by step, we need to follow these steps:

1. Start with the initial number of marbles Josh has.
2. Add the number of marbles he found.
3. Subtract the number of marbles he lost.

Step 1: Initial number of marbles
Josh starts with 22 marbles.

Step 2: Adding the marbles he found
He finds 13 more marbles. So, we add 13 to the initial 22:
\[ 22 + 13 = 35 \]

Step 3: Subtracting the marbles he lost
He loses 5 marbles. So, we subtract 5 from the total of 35:
\[ 35 - 5 = 30 \]

Therefore, the final number of marbles Josh has is 30.

#### 30",text,neutral
63,Josh had 22 marbles in his collection. He found 13 marbles ones while he lost 5 marbles. How many marbles does he have now?,"After eating a hearty meal they went to see the Buckingham palace. There were 39 paintings in the Buckingham palace. There, Rachel learned that 661 visitors came to the Buckingham palace that day. If there were 600 visitors the previous day How many more visitors visited the Buckingham palace on that day than on the previous day?",30,61,"To solve this problem, we need to find out how many more visitors visited the Buckingham palace on the day described in the problem compared to the previous day.

Step 1: Identify the number of visitors on the previous day.
The problem states that there were 600 visitors the previous day.

Step 2: Identify the number of visitors on the day in question.
The problem states that there were 661 visitors on the day in question.

Step 3: Calculate the difference between the number of visitors on the day in question and the previous day.
\[ \text{Difference} = \text{Visitors on the day in question} - \text{Visitors on the previous day} \]
\[ \text{Difference} = 661 - 600 \]

Step 4: Perform the subtraction.
\[ 661 - 600 = 61 \]

So, the number of visitors who visited the Buckingham palace on that day was 61 more than on the previous day.

#### <answer> 61",text,neutral
64,"After eating a hearty meal they went to see the Buckingham palace. There were 39 paintings in the Buckingham palace. There, Rachel learned that 661 visitors came to the Buckingham palace that day. If there were 600 visitors the previous day How many more visitors visited the Buckingham palace on that day than on the previous day?",Nell collects baseball cards. She had 566 cards while Jeff had 234 cards. She gave some of her cards to Jeff and now has 535 cards left. How many cards does Jeff have now?,61,265,"To solve this problem, let's break it down step by step:

1. **Initial number of cards:**
   - Nell initially had 566 cards.
   - Jeff initially had 234 cards.

2. **Cards given to Jeff:**
   - After giving some cards to Jeff, Nell has 535 cards left.

3. **Calculate the number of cards Nell gave to Jeff:**
   - Cards given = Initial number of Nell's cards - Remaining number of Nell's cards
   - Cards given = 566 - 535 = 31 cards

4. **Calculate the new total number of cards Jeff has:**
   - New number of Jeff's cards = Initial number of Jeff's cards + Cards given by Nell
   - New number of Jeff's cards = 234 + 31 = 265 cards

So, Jeff now has 265 cards.

#### 265",text,neutral
65,Nell collects baseball cards. She had 566 cards while Jeff had 234 cards. She gave some of her cards to Jeff and now has 535 cards left. How many cards does Jeff have now?,Randy uses 36 blocks to build a tower. If he had 59 blocks How many blocks are left?,265,23,"To solve the problem, we need to determine how many blocks Randy has left after using some of them to build a tower. Here's the step-by-step solution:

1. Identify the total number of blocks Randy starts with.
   - Randy starts with 59 blocks.

2. Identify the number of blocks used to build the tower.
   - Randy uses 36 blocks to build the tower.

3. Subtract the number of blocks used from the total number of blocks to find out how many blocks are left.
   - \( 59 - 36 = 23 \)

So, the number of blocks left is 23.

#### <answer> 23",text,neutral
66,Randy uses 36 blocks to build a tower. If he had 59 blocks How many blocks are left?,At the stop 8 more people got on the train. Initially there were 11 people on the train. How many people are there on the train now?,23,19,"To solve the problem step by step:

1. Identify the initial number of people on the train.
   - The initial number of people on the train is 11.

2. Determine how many people got on the train at the stop.
   - 8 more people got on the train.

3. Calculate the total number of people on the train after the additional people got on.
   - Add the number of people who got on to the initial number of people: \( 11 + 8 \).

4. Perform the addition.
   - \( 11 + 8 = 19 \).

So, the total number of people on the train now is 19.

#### 19",text,neutral
67,At the stop 8 more people got on the train. Initially there were 11 people on the train. How many people are there on the train now?,Rachel has 3 apple trees. She picked 8 apples from each of her trees. Now the trees have a total 9 apples still on them. How many apples were there on all trees initially?,19,33,"To solve the problem, let's break it down step by step:

1. **Determine the number of apples picked from each tree:**
   - Rachel picked 8 apples from each of her 3 trees.
   - Therefore, the total number of apples picked is \( 8 \times 3 = 24 \).

2. **Determine the number of apples remaining on the trees:**
   - The trees now have a total of 9 apples left.

3. **Calculate the initial number of apples on the trees:**
   - The total number of apples picked plus the total number of apples remaining gives the initial number of apples.
   - So, the initial number of apples is \( 24 + 9 = 33 \).

Thus, the initial number of apples on all trees was 33.

#### <answer> 33",text,neutral
68,Rachel has 3 apple trees. She picked 8 apples from each of her trees. Now the trees have a total 9 apples still on them. How many apples were there on all trees initially?,43 children were riding on the bus. At the bus stop some children got off the bus. Then there were 21 children left on the bus. How many children got off the bus at the bus stop?,33,22,"To solve the problem, we need to determine how many children got off the bus at the bus stop. We can do this by subtracting the number of children left on the bus from the initial number of children on the bus.

Step 1: Identify the initial number of children on the bus.
- Initial number of children = 43

Step 2: Identify the number of children left on the bus after some got off.
- Number of children left = 21

Step 3: Calculate the number of children who got off the bus.
- Number of children who got off = Initial number of children - Number of children left
- Number of children who got off = 43 - 21
- Number of children who got off = 22

So, the number of children who got off the bus at the bus stop is 22.

#### 22",text,neutral
69,43 children were riding on the bus. At the bus stop some children got off the bus. Then there were 21 children left on the bus. How many children got off the bus at the bus stop?,5 red peaches and 11 green peaches are in the basket. How many more green peaches than red peaches are in the basket?,22,6,"To solve the problem, we need to find out how many more green peaches there are compared to red peaches in the basket.

Step 1: Identify the number of red peaches.
- There are 5 red peaches in the basket.

Step 2: Identify the number of green peaches.
- There are 11 green peaches in the basket.

Step 3: Calculate the difference between the number of green peaches and red peaches.
- Difference = Number of green peaches - Number of red peaches
- Difference = 11 - 5
- Difference = 6

So, there are 6 more green peaches than red peaches in the basket.

#### 6",text,neutral
70,5 red peaches and 11 green peaches are in the basket. How many more green peaches than red peaches are in the basket?,Nell collects cards. She had 246 baseball cards and 214 Ace cards. She gave some of her cards to Jeff and now has 404 baseball cards and 495 Ace cards left. How many more Ace cards than baseball cards does Nell have?,6,91,"To solve this problem, we need to determine how many cards Nell gave to Jeff and then find out how many more Ace cards she has compared to baseball cards.

Step 1: Determine the number of baseball cards Nell gave to Jeff.
- Initially, Nell had 246 baseball cards.
- After giving some to Jeff, she has 404 baseball cards left.
- Therefore, the number of baseball cards given to Jeff is \( 246 - 404 \).

\[ 246 - 404 = -158 \]

Since the result is negative, it indicates that Nell actually received 158 baseball cards from Jeff, not gave them away. However, for the purpose of finding the difference in the number of cards, we can consider the absolute value of the change, which is 158.

Step 2: Determine the number of Ace cards Nell gave to Jeff.
- Initially, Nell had 214 Ace cards.
- After giving some to Jeff, she has 495 Ace cards left.
- Therefore, the number of Ace cards given to Jeff is \( 214 - 495 \).

\[ 214 -",neither,neutral
71,Nell collects cards. She had 246 baseball cards and 214 Ace cards. She gave some of her cards to Jeff and now has 404 baseball cards and 495 Ace cards left. How many more Ace cards than baseball cards does Nell have?,Each pack of dvds costs 76 dollars. If there is a discount of 25 dollars on each pack How much do you have to pay to buy each pack?,91,51,"To solve the problem step by step, we need to follow these steps:

1. Identify the original cost of one pack of DVDs.
2. Determine the discount amount.
3. Subtract the discount from the original cost to find the final price per pack.

Step 1: The original cost of one pack of DVDs is $76.

Step 2: The discount amount is $25.

Step 3: Subtract the discount from the original cost:
\[ \text{Final price} = \text{Original cost} - \text{Discount} \]
\[ \text{Final price} = 76 - 25 \]
\[ \text{Final price} = 51 \]

So, the final price to buy each pack after the discount is $51.

#### 51",text,neutral
72,Each pack of dvds costs 76 dollars. If there is a discount of 25 dollars on each pack How much do you have to pay to buy each pack?,They decided to hold the party in their backyard. They have 14 chairs for each set of table. If they have 9 sets of tables How many more chairs than tables do they have?,51,117,"To solve the problem, let's break it down step by step:

1. **Determine the number of tables**: The problem states that there are 9 sets of tables.
2. **Determine the number of chairs per set of tables**: The problem states that there are 14 chairs for each set of tables.
3. **Calculate the total number of chairs**: Multiply the number of sets of tables by the number of chairs per set.
   \[
   \text{Total number of chairs} = 9 \times 14 = 126
   \]
4. **Calculate the total number of tables**: The number of tables is simply the number of sets of tables.
   \[
   \text{Total number of tables} = 9
   \]
5. **Find the difference between the number of chairs and the number of tables**:
   \[
   \text{Difference} = 126 - 9 = 117
   \]

So, the number of chairs is 117 more than the number of tables.

#### <answer> 117",text,neutral
73,They decided to hold the party in their backyard. They have 14 chairs for each set of table. If they have 9 sets of tables How many more chairs than tables do they have?,Next on his checklist is wax to stick the feathers together and colors to paint them. He needs a total of 57 g of colors to paint them. He needs 22 g of wax more. If the feathers require a total of 353 g of wax How many grams of wax does he already have?,117,331,"To solve this problem, let's break it down step by step:

1. **Identify the total amount of wax needed for the feathers:**
   - The problem states that the feathers require a total of 353 grams of wax.

2. **Determine the amount of wax needed for the feathers:**
   - We know that he needs 22 grams more of wax than the total required for painting.
   - Therefore, the amount of wax needed for painting alone is \( 57 \) grams (as stated in the problem).

3. **Calculate the additional wax needed:**
   - The additional wax needed is \( 22 \) grams.

4. **Find the total wax needed:**
   - Total wax needed = Wax for painting + Additional wax
   - Total wax needed = \( 57 \) grams + \( 22 \) grams = \( 79 \) grams

5. **Determine how much wax he already has:**
   - The total wax required for the feathers is \( 353 \) grams.
   - The wax he already has is the total wax needed minus the additional wax needed.
   - Wax he already has = Total wax needed - Additional wax",neither,neutral
74,Next on his checklist is wax to stick the feathers together and colors to paint them. He needs a total of 57 g of colors to paint them. He needs 22 g of wax more. If the feathers require a total of 353 g of wax How many grams of wax does he already have?,Frank was reading through his favorite book. The book had 2 chapters each with 405 pages. It took frank 664 days to finish the book. How many chapters did he read per day?,331,332,"To solve the problem, we need to determine how many chapters Frank read per day.

1. **Calculate the total number of pages in the book:**
   - Each chapter has 405 pages.
   - There are 2 chapters.
   \[
   \text{Total pages} = 405 \times 2 = 810 \text{ pages}
   \]

2. **Determine the number of days it took Frank to finish the book:**
   - It took Frank 664 days to finish the book.

3. **Calculate the number of chapters Frank read per day:**
   - Total chapters in the book = 2.
   - Total days to finish the book = 664.
   \[
   \text{Chapters per day} = \frac{\text{Total chapters}}{\text{Total days}} = \frac{2}{664}
   \]

4. **Simplify the fraction:**
   \[
   \frac{2}{664} = \frac{1}{332}
   \]

So, Frank read \(\frac{1}{332}\) of a chapter per day.

#### <answer>",text,neutral
75,Frank was reading through his favorite book. The book had 2 chapters each with 405 pages. It took frank 664 days to finish the book. How many chapters did he read per day?,Jerry had 5 action figures and 2 books on a shelf in his room. Later he added 9 more books to the shelf. How many more books than action figures were on his shelf?,332,6,"To solve the problem, let's break it down step by step:

1. **Initial Count of Action Figures**: Jerry initially had 5 action figures.
2. **Initial Count of Books**: Jerry initially had 2 books.
3. **Books Added**: Jerry added 9 more books to the shelf.
4. **Total Number of Books**: To find the total number of books, we add the initial number of books to the number of books added:
   \[
   2 \text{ (initial books)} + 9 \text{ (added books)} = 11 \text{ books}
   \]
5. **Comparison of Books and Action Figures**: Now, we compare the total number of books to the number of action figures:
   \[
   11 \text{ (total books)} - 5 \text{ (action figures)} = 6
   \]

So, there are 6 more books than action figures on the shelf.

#### <answer> 6",text,neutral
76,Jerry had 5 action figures and 2 books on a shelf in his room. Later he added 9 more books to the shelf. How many more books than action figures were on his shelf?,Paul got a box of some crayons for his birthday. By the end of the school year he had either lost or given away 551 of them and only had 177 left. How many crayons did he get for his birthday?,6,728,"To solve the problem, we need to determine how many crayons Paul originally received for his birthday. We know that by the end of the school year, he had 177 crayons left and had lost or given away 551 crayons in total.

Step 1: Identify the number of crayons lost or given away.
- Paul lost or gave away 551 crayons.

Step 2: Identify the number of crayons Paul has left.
- Paul has 177 crayons left.

Step 3: Calculate the original number of crayons.
- The original number of crayons is the sum of the crayons he has left and the crayons he lost or gave away.
- Original number of crayons = Crayons left + Crayons lost/given away
- Original number of crayons = 177 + 551

Step 4: Perform the addition.
- 177 + 551 = 728

So, the original number of crayons Paul received for his birthday is 728.

#### 728",text,neutral
77,Paul got a box of some crayons for his birthday. By the end of the school year he had either lost or given away 551 of them and only had 177 left. How many crayons did he get for his birthday?,Because of the decision Sofia asked the students to suggest specific types of food. If 324 students suggested adding mashed potatoes 374 suggested adding bacon to the menu and 128 suggested adding tomatoes How many students participated in the suggestion of new food items?,728,826,"To solve the problem, we need to add up the number of students who suggested each type of food item:

- Students who suggested adding mashed potatoes: 324
- Students who suggested adding bacon: 374
- Students who suggested adding tomatoes: 128

Now, let's add these numbers together:

\[ 324 + 374 + 128 \]

First, add 324 and 374:

\[ 324 + 374 = 700 \]

Next, add the result to 128:

\[ 700 + 128 = 828 \]

So, the total number of students who participated in the suggestion of new food items is:

#### 828",neither,neutral
78,Because of the decision Sofia asked the students to suggest specific types of food. If 324 students suggested adding mashed potatoes 374 suggested adding bacon to the menu and 128 suggested adding tomatoes How many students participated in the suggestion of new food items?,A book has 31 chapters. Each chapter is 61 pages long. How many pages does the book have altogether?,826,1891,"To solve the problem, we need to find the total number of pages in the book. We know that there are 31 chapters and each chapter contains 61 pages.

Step 1: Identify the number of chapters.
Number of chapters = 31

Step 2: Identify the number of pages per chapter.
Pages per chapter = 61

Step 3: Calculate the total number of pages by multiplying the number of chapters by the number of pages per chapter.
Total pages = Number of chapters × Pages per chapter
Total pages = 31 × 61

Step 4: Perform the multiplication.
31 × 61 = 1891

So, the book has 1891 pages altogether.

#### 1891",text,neutral
79,A book has 31 chapters. Each chapter is 61 pages long. How many pages does the book have altogether?,The school is planning a field trip. The school has 67 classrooms. There are 66 students in each classroom in the school. If there are 6 seats on each school bus How many buses are needed to take the trip?,1891,737,"To solve this problem, we need to follow these steps:

1. Calculate the total number of students.
2. Determine how many buses are needed based on the number of seats per bus.

Step 1: Calculate the total number of students.
- Number of classrooms = 67
- Students per classroom = 66

Total number of students = Number of classrooms × Students per classroom
Total number of students = 67 × 66

Let's do the multiplication:
\[ 67 \times 66 = 4422 \]

So, there are 4422 students in total.

Step 2: Determine how many buses are needed.
- Seats per bus = 6

Number of buses needed = Total number of students ÷ Seats per bus
Number of buses needed = 4422 ÷ 6

Let's do the division:
\[ 4422 ÷ 6 = 737 \]

Since we can't have a fraction of a bus, we round up to the next whole number if there is any remainder. In this case, 4422 divided by 6 gives us exactly 737 with no remainder.

Therefore, the number of buses",text,neutral
80,The school is planning a field trip. The school has 67 classrooms. There are 66 students in each classroom in the school. If there are 6 seats on each school bus How many buses are needed to take the trip?,Bobby ate 33 pieces of candy. Then he ate 4 more. He also ate 14 pieces of chocolate. How many pieces of candy and chocolate did Bobby eat altogether?,737,51,"To solve the problem, let's break it down step by step:

1. **Initial amount of candy**: Bobby initially ate 33 pieces of candy.
2. **Additional candy**: He then ate 4 more pieces of candy.
   - Total candy eaten = Initial candy + Additional candy
   - Total candy eaten = 33 + 4 = 37 pieces of candy

3. **Chocolate consumption**: Bobby also ate 14 pieces of chocolate.

4. **Total consumption**: To find the total number of pieces of candy and chocolate Bobby ate altogether, we add the total candy eaten to the chocolate eaten.
   - Total consumption = Total candy eaten + Chocolate eaten
   - Total consumption = 37 + 14 = 51 pieces

#### <answer> 51",text,neutral
81,Bobby ate 33 pieces of candy. Then he ate 4 more. He also ate 14 pieces of chocolate. How many pieces of candy and chocolate did Bobby eat altogether?,Paco had 36 cookies. He gave 14 cookies to his friend and ate 10 cookies. How many cookies did Paco have left?,51,12,"To solve the problem step by step, we need to follow these steps:

1. Start with the total number of cookies Paco had initially.
2. Subtract the number of cookies he gave to his friend.
3. Subtract the number of cookies he ate.

Let's do it step by step:

1. Paco started with 36 cookies.
2. He gave 14 cookies to his friend. So, we subtract 14 from 36:
   \[
   36 - 14 = 22
   \]
3. Then, he ate 10 cookies. So, we subtract 10 from the remaining 22:
   \[
   22 - 10 = 12
   \]

So, the number of cookies Paco has left is 12.

#### <answer> 12",text,neutral
82,Paco had 36 cookies. He gave 14 cookies to his friend and ate 10 cookies. How many cookies did Paco have left?,Paige raised 15 goldfish in the pond but stray cats loved eating them. 5 were eaten. How many goldfish remained?,12,10,"To solve the problem step by step:

1. Start with the total number of goldfish Paige initially had, which is 15.
2. Subtract the number of goldfish that were eaten by the stray cats, which is 5.

So, the calculation is:
\[ 15 - 5 = 10 \]

Therefore, the number of goldfish that remained is 10.

#### 10",text,neutral
83,Paige raised 15 goldfish in the pond but stray cats loved eating them. 5 were eaten. How many goldfish remained?,During summer break 61619 kids from Lawrence county stayed home and the rest went to camp. The total number of kids in Lawrence county is 91676. About how many kids in Lawrence county went to camp?,10,30057,"To solve this problem, we need to find out how many kids went to camp during summer break. We know the total number of kids in Lawrence county and the number of kids who stayed home.

Step 1: Identify the total number of kids in Lawrence county.
Total number of kids = 91676

Step 2: Identify the number of kids who stayed home.
Number of kids who stayed home = 61619

Step 3: Calculate the number of kids who went to camp.
Number of kids who went to camp = Total number of kids - Number of kids who stayed home
Number of kids who went to camp = 91676 - 61619

Step 4: Perform the subtraction.
91676 - 61619 = 30057

So, the number of kids who went to camp is 30057.

#### 30057",text,neutral
84,During summer break 61619 kids from Lawrence county stayed home and the rest went to camp. The total number of kids in Lawrence county is 91676. About how many kids in Lawrence county went to camp?,2 children were riding on the bus. At the bus stop some more children got on the bus. Then there were 10 children altogether on the bus. How many more children are on the bus now than there were before the bus stop?,30057,8,"To solve this problem, let's break it down step by step:

1. **Initial number of children on the bus**: According to the problem, there were initially 2 children on the bus.
2. **Total number of children after the bus stop**: The problem states that after some children got on the bus, there were 10 children altogether on the bus.
3. **Number of additional children who got on the bus**: To find out how many more children got on the bus, we subtract the initial number of children from the total number of children after the bus stop.
   \[
   \text{Additional children} = \text{Total children after the bus stop} - \text{Initial children}
   \]
   \[
   \text{Additional children} = 10 - 2 = 8
   \]

So, the number of additional children who got on the bus is 8.

#### <answer> 8",text,neutral
85,2 children were riding on the bus. At the bus stop some more children got on the bus. Then there were 10 children altogether on the bus. How many more children are on the bus now than there were before the bus stop?,3 birds were sitting on the fence. 2 more birds and 6 more storks came to join them. How many more storks than birds are sitting on the fence?,8,1,"Let's solve the problem step by step:

1. **Initial number of birds**: There are 3 birds sitting on the fence.
2. **Additional birds**: 2 more birds come to join them.
   - Total birds now = 3 (initial) + 2 (additional) = 5 birds.
3. **Additional storks**: 6 more storks come to join them.
   - Total storks now = 6 storks.
4. **Comparison**: We need to find how many more storks than birds are sitting on the fence.
   - Difference = Number of storks - Number of birds
   - Difference = 6 - 5 = 1

So, there is 1 more stork than birds sitting on the fence.

#### <answer> 1",text,neutral
86,3 birds were sitting on the fence. 2 more birds and 6 more storks came to join them. How many more storks than birds are sitting on the fence?,The Ferris wheel in paradise park has 6 seats. Each seat can hold 14 people. If there are 16 people on the wheel right now How many more people can join the wheel?,1,68,"To solve this problem, let's break it down step by step:

1. **Determine the total capacity of the Ferris wheel:**
   - The Ferris wheel has 6 seats.
   - Each seat can hold 14 people.
   - Therefore, the total capacity of the Ferris wheel is \( 6 \times 14 = 84 \) people.

2. **Identify the current number of people on the Ferris wheel:**
   - There are currently 16 people on the Ferris wheel.

3. **Calculate the number of additional people that can join:**
   - The total capacity of the Ferris wheel is 84 people.
   - There are already 16 people on the Ferris wheel.
   - Therefore, the number of additional people that can join is \( 84 - 16 = 68 \).

So, the number of additional people that can join the Ferris wheel is 68.

#### <answer> 68",text,neutral
87,The Ferris wheel in paradise park has 6 seats. Each seat can hold 14 people. If there are 16 people on the wheel right now How many more people can join the wheel?,He then went to see the oranges being harvested. He found out that they harvest 74 sacks per day and discard 71 of them. How many sacks of oranges will they have after 51 days of harvest?,68,153,"To solve this problem, we need to determine how many sacks of oranges are harvested each day and then calculate the total number of sacks harvested over 51 days.

1. **Daily Harvest Calculation:**
   - The number of sacks harvested per day is 74.
   - The number of sacks discarded per day is 71.
   - Therefore, the number of sacks kept (harvested) per day is \(74 - 71 = 3\).

2. **Total Sacks Over 51 Days:**
   - Since 3 sacks are kept each day, over 51 days, the total number of sacks kept is \(3 \times 51\).

Now, let's perform the multiplication:
\[ 3 \times 51 = 153 \]

So, the total number of sacks of oranges they will have after 51 days of harvest is 153.

#### <answer>",text,neutral
88,He then went to see the oranges being harvested. He found out that they harvest 74 sacks per day and discard 71 of them. How many sacks of oranges will they have after 51 days of harvest?,The Razorback shop makes $ 115 dollars off each jersey and $ 25 off each t-shirt. During the Arkansas and Texas tech game they sold 113 t-shirts and 78 jerseys. How much more does a jersey cost than a t-shirt?,153,90,"To solve this problem, we need to determine how much more a jersey costs than a t-shirt based on the given information about their profit margins and sales figures.

Step 1: Identify the profit per item.
- The profit from each jersey is $115.
- The profit from each t-shirt is $25.

Step 2: Calculate the difference in profit between a jersey and a t-shirt.
- Difference in profit = Profit from jersey - Profit from t-shirt
- Difference in profit = $115 - $25
- Difference in profit = $90

The difference in profit indicates that a jersey costs $90 more than a t-shirt.

#### $90",text,neutral
89,The Razorback shop makes $ 115 dollars off each jersey and $ 25 off each t-shirt. During the Arkansas and Texas tech game they sold 113 t-shirts and 78 jerseys. How much more does a jersey cost than a t-shirt?,Next on his checklist is wax to stick the feathers together and colors to paint them. He needs a total of 49 g of colors to paint them. If the feathers require 288 g of wax and right now he just needs 260 g How many grams of wax does he already have?,90,28,"To solve the problem, let's break it down step by step:

1. **Identify the total amount of wax needed**: The problem states that the feathers require 288 grams of wax.
2. **Determine how much wax is still needed**: The problem also states that he currently has 260 grams of wax.
3. **Calculate the amount of wax already used**: To find out how much wax he already has, we need to subtract the amount of wax he still needs from the total amount required.

The calculation is as follows:
\[ \text{Wax already used} = \text{Total wax needed} - \text{Wax still needed} \]
\[ \text{Wax already used} = 288 \, \text{g} - 260 \, \text{g} \]
\[ \text{Wax already used} = 28 \, \text{g} \]

So, the amount of wax he already has is 28 grams.

#### 28",text,neutral
90,Next on his checklist is wax to stick the feathers together and colors to paint them. He needs a total of 49 g of colors to paint them. If the feathers require 288 g of wax and right now he just needs 260 g How many grams of wax does he already have?,Paul had 21 books. After selling some in a garage sale he bought 42 new ones. If he has 15 books now How many more books did he sell than he bought?,28,6,"Let's break down the problem step by step:

1. **Initial number of books**: Paul started with 21 books.
2. **Books sold and bought**: After selling some books, he bought 42 new ones.
3. **Current number of books**: Now, Paul has 15 books.

We need to find out how many more books he sold than he bought.

First, let's determine the net change in the number of books:
- Paul started with 21 books.
- He ended up with 15 books.
- The net change is \( 15 - 21 = -6 \) books. This means he lost 6 books overall.

Next, we know that he bought 42 books but ended up with a net loss of 6 books. Therefore, the number of books he sold must be:
\[ \text{Books sold} = \text{Books bought} + \text{Net change} \]
\[ \text{Books sold} = 42 + (-6) \]
\[ \text{Books sold} = 36 \]

Now, we need to find out how many more books he sold than he bought:
\[ \text{More books sold than bought} =",neither,neutral
91,Paul had 21 books. After selling some in a garage sale he bought 42 new ones. If he has 15 books now How many more books did he sell than he bought?,"Julia played tag with 9 kids on monday, 7 kids on tuesday and 96 kids on wednesday. How many more kids did she play with on monday than on tuesday?",6,2,"To solve the problem step by step:

1. Identify the number of kids Julia played with on Monday.
   - According to the problem, Julia played with 9 kids on Monday.

2. Identify the number of kids Julia played with on Tuesday.
   - According to the problem, Julia played with 7 kids on Tuesday.

3. Calculate the difference in the number of kids Julia played with on Monday and Tuesday.
   - Subtract the number of kids on Tuesday from the number of kids on Monday.
   - Difference = Number of kids on Monday - Number of kids on Tuesday
   - Difference = 9 - 7

4. Perform the subtraction.
   - 9 - 7 = 2

So, Julia played with 2 more kids on Monday than on Tuesday.

#### <answer> 2",text,neutral
92,"Julia played tag with 9 kids on monday, 7 kids on tuesday and 96 kids on wednesday. How many more kids did she play with on monday than on tuesday?",There are 65 baskets of peaches. Each basket has 7 red peaches and 3 green peaches. How many peaches are in each basket?,2,10,"To solve the problem step by step, let's break it down:

1. Identify the number of peaches in each basket.
2. Each basket contains both red and green peaches.
3. The number of red peaches per basket is given as 7.
4. The number of green peaches per basket is given as 3.
5. To find the total number of peaches in each basket, we add the number of red peaches to the number of green peaches.

So, the calculation is:
\[ \text{Total peaches per basket} = \text{Red peaches} + \text{Green peaches} \]
\[ \text{Total peaches per basket} = 7 + 3 \]
\[ \text{Total peaches per basket} = 10 \]

Therefore, the number of peaches in each basket is 10.

#### 10",text,neutral
93,There are 65 baskets of peaches. Each basket has 7 red peaches and 3 green peaches. How many peaches are in each basket?,You had 14 bags with equal number of cookies. If you had 28 cookies and 86 candies in total How many bags of cookies do you have?,10,2,"Let's solve the problem step by step:

1. **Identify the total number of cookies:** The problem states that there are 28 cookies.
2. **Determine the number of bags:** The problem also states that there are 14 bags.
3. **Calculate the number of cookies per bag:** To find out how many cookies are in each bag, we divide the total number of cookies by the number of bags.
   \[
   \text{Cookies per bag} = \frac{\text{Total number of cookies}}{\text{Number of bags}} = \frac{28}{14} = 2
   \]
4. **Conclusion:** Each bag contains 2 cookies.

The problem does not ask for the number of bags of cookies but rather confirms the number of cookies per bag. However, if the question was about the number of bags, it would be 14 as stated in the problem.

#### <answer>",neither,neutral
94,You had 14 bags with equal number of cookies. If you had 28 cookies and 86 candies in total How many bags of cookies do you have?,Carol was sending out birthday invitations to her friends. Each package of invitations she bought had 14 invitations in it and she bought 6 packs. Then she bought 11 extra invitations. How many friends can she invite?,2,95,"To solve the problem, let's break it down step by step:

1. **Calculate the total number of invitations from the packs:**
   - Each pack contains 14 invitations.
   - Carol bought 6 packs.
   - Total invitations from packs = \( 14 \times 6 \).

2. **Calculate the total number of invitations from the extra invitations:**
   - Carol bought 11 extra invitations.

3. **Add the invitations from the packs and the extra invitations:**
   - Total invitations = (Total from packs) + (Extra invitations).

Let's do the calculations:

1. \( 14 \times 6 = 84 \)
2. \( 84 + 11 = 95 \)

So, the total number of invitations Carol has is 95.

#### <answer> 95",text,neutral
95,Carol was sending out birthday invitations to her friends. Each package of invitations she bought had 14 invitations in it and she bought 6 packs. Then she bought 11 extra invitations. How many friends can she invite?,Baker made 155 cakes. If his friend bought 140 cakes from him How many cakes would baker still have?,95,15,"To solve the problem, we need to determine how many cakes the baker would have left after his friend bought some of them.

Step 1: Identify the initial number of cakes the baker had.
The baker initially had 155 cakes.

Step 2: Identify the number of cakes bought by the friend.
The friend bought 140 cakes.

Step 3: Subtract the number of cakes bought by the friend from the initial number of cakes.
\[ 155 - 140 = 15 \]

So, the baker would have 15 cakes left.

#### <answer> 15",text,neutral
96,Baker made 155 cakes. If his friend bought 140 cakes from him How many cakes would baker still have?,A grocery store had 22 bottles of regular soda and 61 bottles of diet soda. How many more bottles of diet soda than regular soda did they have?,15,39,"To solve the problem, we need to find out how many more bottles of diet soda there are compared to regular soda.

Step 1: Identify the number of bottles of each type.
- Regular soda: 22 bottles
- Diet soda: 61 bottles

Step 2: Subtract the number of regular soda bottles from the number of diet soda bottles to find the difference.
\[ 61 - 22 = 39 \]

So, there are 39 more bottles of diet soda than regular soda.

#### 39",text,neutral
97,A grocery store had 22 bottles of regular soda and 61 bottles of diet soda. How many more bottles of diet soda than regular soda did they have?,"A grocery store had 36 apples, 80 bottles of regular soda and 54 bottles of diet soda. How many more bottles than apple did they have?",39,98,"To solve the problem step by step:

1. Identify the number of apples: 36 apples.
2. Identify the total number of bottles of soda: 80 (regular soda) + 54 (diet soda) = 134 bottles.
3. Calculate how many more bottles than apples there are: 134 bottles - 36 apples = 98.

#### 98",text,neutral
98,"A grocery store had 36 apples, 80 bottles of regular soda and 54 bottles of diet soda. How many more bottles than apple did they have?",Ryan learns english and chinese for 7 days. Every day he spends 4 hours on learning english and 5 hours on learning chinese. How many hours does he spend on learning english and chinese in all?,98,63,"To solve the problem, we need to calculate the total number of hours Ryan spends on learning English and Chinese over the 7 days.

1. Calculate the total hours spent on learning English per day:
   - Ryan spends 4 hours on learning English each day.
   
2. Calculate the total hours spent on learning Chinese per day:
   - Ryan spends 5 hours on learning Chinese each day.
   
3. Calculate the total hours spent on learning English over 7 days:
   - Total hours on English = 4 hours/day * 7 days = 28 hours.
   
4. Calculate the total hours spent on learning Chinese over 7 days:
   - Total hours on Chinese = 5 hours/day * 7 days = 35 hours.
   
5. Calculate the total hours spent on learning both languages over 7 days:
   - Total hours = Total hours on English + Total hours on Chinese = 28 hours + 35 hours = 63 hours.

#### 63",text,neutral
99,Ryan learns english and chinese for 7 days. Every day he spends 4 hours on learning english and 5 hours on learning chinese. How many hours does he spend on learning english and chinese in all?,Debby drinks 6 bottles a day. If she bought a total of 12 water bottles How many days would they last her?,63,2,"To solve the problem, we need to determine how many days 12 water bottles will last Debby if she drinks 6 bottles per day.

Step 1: Identify the total number of water bottles Debby has.
- Total water bottles = 12

Step 2: Identify the number of water bottles Debby drinks per day.
- Bottles per day = 6

Step 3: Calculate the number of days the water bottles will last.
- Days = Total water bottles / Bottles per day
- Days = 12 / 6
- Days = 2

So, the water bottles will last Debby for 2 days.

#### 2",text,neutral
100,Debby drinks 6 bottles a day. If she bought a total of 12 water bottles How many days would they last her?,David did 44 push-ups in gym class today. David did 9 more push-ups than Zachary. How many push-ups did Zachary do?,2,35,"To solve the problem, we need to determine how many push-ups Zachary did based on the information provided.

1. We know that David did 44 push-ups.
2. David did 9 more push-ups than Zachary.

Let's denote the number of push-ups Zachary did as \( Z \).

According to the problem:
\[ \text{David's push-ups} = \text{Zachary's push-ups} + 9 \]

Substituting the known value for David's push-ups:
\[ 44 = Z + 9 \]

To find \( Z \), we need to isolate it on one side of the equation:
\[ Z = 44 - 9 \]
\[ Z = 35 \]

So, Zachary did 35 push-ups.

#### 35",text,neutral
101,David did 44 push-ups in gym class today. David did 9 more push-ups than Zachary. How many push-ups did Zachary do?,Mom buys 51 white t - shirts. If white t - shirts can be purchased in packages of 3 How many packages will she have?,35,17,"To solve the problem, we need to determine how many packages of 3 white t-shirts are required to buy 51 white t-shirts.

Step 1: Identify the total number of white t-shirts.
- Total white t-shirts = 51

Step 2: Identify the number of t-shirts per package.
- T-shirts per package = 3

Step 3: Calculate the number of packages needed.
- Number of packages = Total white t-shirts / T-shirts per package
- Number of packages = 51 / 3
- Number of packages = 17

So, Mom will need 17 packages to buy 51 white t-shirts.

#### 17",text,neutral
102,Mom buys 51 white t - shirts. If white t - shirts can be purchased in packages of 3 How many packages will she have?,During summer break 907611 kids from Lawrence county stay home and the other 455682 kids go to camp. About how many kids are in Lawrence county?,17,1363293,"To solve the problem, we need to add the number of kids who stay home during summer break to the number of kids who go to camp.

Step 1: Identify the numbers.
- Kids who stay home: 907611
- Kids who go to camp: 455682

Step 2: Add these two numbers together.
\[ 907611 + 455682 \]

Step 3: Perform the addition.
\[ 907611 + 455682 = 1363293 \]

So, the total number of kids in Lawrence county is approximately 1,363,293.

#### 1363293",text,neutral
103,During summer break 907611 kids from Lawrence county stay home and the other 455682 kids go to camp. About how many kids are in Lawrence county?,Danny collects bottle caps and wrappers. He found 66 wrappers and 39 bottle caps at the park. Now he has 16 bottle caps and 68 wrappers in his collection. How many wrappers did danny have at first?,1363293,2,"To solve the problem, we need to determine how many wrappers Danny had initially. Let's break it down step by step:

1. **Identify the current number of wrappers and bottle caps:**
   - Current wrappers: 68
   - Current bottle caps: 16

2. **Determine the number of wrappers and bottle caps collected:**
   - Wrappers collected: 68 (current) - 66 (found at the park) = 2
   - Bottle caps collected: 16 (current) - 39 (found at the park) = -23 (This indicates that Danny actually lost some bottle caps, but for the purpose of finding initial wrappers, we focus on the wrappers.)

3. **Calculate the initial number of wrappers:**
   - Initial wrappers = Wrappers found at the park + Wrappers collected
   - Initial wrappers = 66 + 2 = 68

So, the initial number of wrappers Danny had is 68.

#### 68",neither,neutral
104,Danny collects bottle caps and wrappers. He found 66 wrappers and 39 bottle caps at the park. Now he has 16 bottle caps and 68 wrappers in his collection. How many wrappers did danny have at first?,After Jessie started to go jogging everyday she lost 35 kilograms. She weighed 69 kilograms before beginning jogging. How much does she weigh now?,2,34,"To solve the problem, we need to determine Jessie's current weight after she lost 35 kilograms from her initial weight of 69 kilograms.

Step 1: Identify the initial weight.
Initial weight = 69 kilograms

Step 2: Identify the weight loss.
Weight loss = 35 kilograms

Step 3: Calculate the current weight by subtracting the weight loss from the initial weight.
Current weight = Initial weight - Weight loss
Current weight = 69 kilograms - 35 kilograms
Current weight = 34 kilograms

#### 34",text,neutral
105,After Jessie started to go jogging everyday she lost 35 kilograms. She weighed 69 kilograms before beginning jogging. How much does she weigh now?,Josh had 20 marbles in his collection. He gave 2 marbles to Jack. How many marbles does Josh have now?,34,18,"To solve the problem step by step:

1. Start with the initial number of marbles Josh has, which is 20.
2. Subtract the number of marbles he gave away, which is 2.

So, the calculation is:
\[ 20 - 2 = 18 \]

Therefore, Josh has 18 marbles now.

#### 18",text,neutral
106,Josh had 20 marbles in his collection. He gave 2 marbles to Jack. How many marbles does Josh have now?,Zachary did 15 push-ups in gym class today. David did 39 more push-ups than Zachary. John did 9 push-ups less than David. How many more push-ups did Zachary do than John?,18,30,"Let's solve the problem step by step using the information provided in Source B.

1. **Zachary's push-ups**: Zachary did 15 push-ups.
   \[
   \text{Zachary's push-ups} = 15
   \]

2. **David's push-ups**: David did 39 more push-ups than Zachary.
   \[
   \text{David's push-ups} = \text{Zachary's push-ups} + 39 = 15 + 39 = 54
   \]

3. **John's push-ups**: John did 9 push-ups less than David.
   \[
   \text{John's push-ups} = \text{David's push-ups} - 9 = 54 - 9 = 45
   \]

4. **How many more push-ups did Zachary do than John?**:
   \[
   \text{Difference} = \text{Zachary's push-ups} - \text{John's push-ups} = 15 - 45 = -30
   \]
   Since we are asked how many more push-ups Zachary did than John, and",neither,neutral
107,Zachary did 15 push-ups in gym class today. David did 39 more push-ups than Zachary. John did 9 push-ups less than David. How many more push-ups did Zachary do than John?,Lewis earns $ 368 every week during the 1359 weeks of harvest. If he has to pay $ 388 rent every week How much money does he pay as rent during the harvest season?,30,527292,"To solve the problem, we need to determine how much money Lewis pays in rent over the entire harvest season.

Step 1: Identify the weekly rent payment.
The problem states that Lewis pays $388 in rent every week.

Step 2: Determine the number of weeks in the harvest season.
The problem states that there are 1359 weeks of harvest.

Step 3: Calculate the total rent paid over the harvest season.
To find the total rent paid, multiply the weekly rent by the number of weeks:
\[ \text{Total Rent} = \text{Weekly Rent} \times \text{Number of Weeks} \]
\[ \text{Total Rent} = \$388 \times 1359 \]

Step 4: Perform the multiplication.
\[ 388 \times 1359 = 527092 \]

So, the total amount of money Lewis pays as rent during the harvest season is $527,092.

#### <answer>",neither,neutral
108,Lewis earns $ 368 every week during the 1359 weeks of harvest. If he has to pay $ 388 rent every week How much money does he pay as rent during the harvest season?,Winter is almost here and most animals are migrating to warmer countries. There are 18 bird families living near the mountain. If 38 bird families flew away to africa and 80 bird families flew away to asia How many bird families flew away for the winter?,527292,118,"To solve the problem, we need to determine the total number of bird families that flew away for the winter. We can do this by adding the number of bird families that flew to Africa and the number that flew to Asia.

Step 1: Identify the number of bird families that flew to Africa.
- According to the problem, 38 bird families flew to Africa.

Step 2: Identify the number of bird families that flew to Asia.
- According to the problem, 80 bird families flew to Asia.

Step 3: Add the number of bird families that flew to Africa and the number that flew to Asia.
- Total number of bird families that flew away = 38 (to Africa) + 80 (to Asia)

Step 4: Perform the addition.
- 38 + 80 = 118

So, the total number of bird families that flew away for the winter is 118.

#### 118",text,neutral
109,Winter is almost here and most animals are migrating to warmer countries. There are 18 bird families living near the mountain. If 38 bird families flew away to africa and 80 bird families flew away to asia How many bird families flew away for the winter?,Mary is baking a cake. The recipe calls for 11 cups of sugar 6 cups of flour and 9 cups of salt. She already put in 12 cups of flour. How many more cups of sugar than cups of salt does she need to add now?,118,2,"To solve this problem, let's break it down step by step:

1. **Identify the required amounts from the recipe:**
   - Sugar: 11 cups
   - Flour: 6 cups
   - Salt: 9 cups

2. **Determine how much flour has already been added:**
   - Mary has already added 12 cups of flour.

3. **Calculate the amount of flour still needed:**
   - Since the recipe calls for 6 cups of flour and she has already added 12 cups, we need to find out if she has exceeded the required amount or not.
   - However, since the question asks how many more cups of sugar than cups of salt she needs to add, we can focus on the sugar and salt requirements.

4. **Calculate the amount of sugar still needed:**
   - The recipe calls for 11 cups of sugar, and there is no information about how much sugar has already been added. Therefore, we assume she hasn't added any sugar yet.
   - So, she needs 11 cups of sugar.

5. **Calculate the amount of salt still needed:**
   - The recipe calls for 9 cups of salt, and there is no information about how",neither,neutral
110,Mary is baking a cake. The recipe calls for 11 cups of sugar 6 cups of flour and 9 cups of salt. She already put in 12 cups of flour. How many more cups of sugar than cups of salt does she need to add now?,Jessie weighed 114 kilograms. After she started to go jogging everyday she lost 50 kilograms in the first week and 60 kilograms in the second week. How much does she weigh now?,2,4,"To solve the problem, we need to follow these steps:

1. Start with Jessie's initial weight.
2. Subtract the weight she lost in the first week.
3. Subtract the weight she lost in the second week.

Let's do it step by step:

1. Initial weight of Jessie = 114 kilograms.
2. Weight lost in the first week = 50 kilograms.
   - New weight after the first week = 114 - 50 = 64 kilograms.
3. Weight lost in the second week = 60 kilograms.
   - New weight after the second week = 64 - 60 = 4 kilograms.

So, the final weight of Jessie is 4 kilograms.

#### 4",text,neutral
111,Jessie weighed 114 kilograms. After she started to go jogging everyday she lost 50 kilograms in the first week and 60 kilograms in the second week. How much does she weigh now?,Jesse's room is 7 feet long. If she needs a carpet of size 14 square feet What is the width of her room?,4,2,"To solve the problem, we need to find the width of Jesse's room given that its length is 7 feet and the area of the carpet required is 14 square feet.

Step 1: Identify the formula for the area of a rectangle.
The area \( A \) of a rectangle is given by:
\[ A = \text{length} \times \text{width} \]

Step 2: Substitute the known values into the formula.
We know the area \( A \) is 14 square feet and the length is 7 feet. So,
\[ 14 = 7 \times \text{width} \]

Step 3: Solve for the width.
To find the width, divide both sides of the equation by 7:
\[ \text{width} = \frac{14}{7} \]
\[ \text{width} = 2 \]

So, the width of Jesse's room is 2 feet.

#### 2",text,neutral
112,Jesse's room is 7 feet long. If she needs a carpet of size 14 square feet What is the width of her room?,A farmer had 175 tomatoes and 77 potatoes in his garden. If he picked 172 potatoes How many tomatoes and potatoes does he have left?,2,80,"To solve the problem, let's break it down step by step:

1. **Initial Count of Tomatoes and Potatoes:**
   - The farmer initially has 175 tomatoes.
   - The farmer initially has 77 potatoes.

2. **Tomatoes Remaining:**
   - Since the number of tomatoes picked is not mentioned, we assume no tomatoes were picked.
   - Therefore, the number of tomatoes remaining is 175.

3. **Potatoes Remaining:**
   - The farmer picked 172 potatoes.
   - To find out how many potatoes are left, subtract the number of potatoes picked from the initial count:
     \[
     77 - 172 = -95
     \]
   - This result indicates that the farmer would have negative potatoes, which is not possible in reality. It seems there might be an error in the problem statement or interpretation. However, based on the given information, if we consider the scenario as stated, the potatoes cannot be negative.

4. **Final Answer:**
   - The number of tomatoes remaining is 175.
   - The number of potatoes remaining is -95 (which is not possible).

Since the problem involves a logical inconsistency (negative potatoes",neither,neutral
113,A farmer had 175 tomatoes and 77 potatoes in his garden. If he picked 172 potatoes How many tomatoes and potatoes does he have left?,The Ferris wheel in paradise park has 3 small seats and 7 large seats. Each small seat can hold 16 people and large seat can hold 12 people. How many people can ride the Ferris wheel on large seats?,80,84,"To solve the problem step by step, we need to determine how many people can ride the Ferris wheel on the large seats.

Step 1: Identify the number of large seats.
The problem states that there are 7 large seats.

Step 2: Determine the capacity of each large seat.
Each large seat can hold 12 people.

Step 3: Calculate the total number of people that can ride on the large seats.
Multiply the number of large seats by the capacity of each large seat:
\[ 7 \text{ seats} \times 12 \text{ people/seat} = 84 \text{ people} \]

So, the total number of people that can ride the Ferris wheel on the large seats is 84.

#### 84",text,neutral
114,The Ferris wheel in paradise park has 3 small seats and 7 large seats. Each small seat can hold 16 people and large seat can hold 12 people. How many people can ride the Ferris wheel on large seats?,Bobby had 22 pieces of candy. He ate some pieces of candy. Then he ate 5 more. If he still has 8 pieces of candy left How many pieces of candy had he eaten at the start?,84,9,"To solve the problem, let's break it down step by step:

1. **Initial amount of candy**: Bobby started with 22 pieces of candy.
2. **Candy eaten after the first batch**: After eating some pieces and then 5 more, he still has 8 pieces left.
3. **Calculate the total candy eaten**: The total number of pieces eaten can be found by subtracting the remaining pieces from the initial amount:
   \[
   22 - 8 = 14
   \]
   So, Bobby ate 14 pieces of candy in total.
4. **Determine how many pieces were eaten initially**: Since he ate 5 more pieces after the initial batch, we subtract these 5 pieces from the total 14 pieces eaten:
   \[
   14 - 5 = 9
   \]

So, Bobby had eaten 9 pieces of candy at the start.

#### <answer> 9",text,neutral
115,Bobby had 22 pieces of candy. He ate some pieces of candy. Then he ate 5 more. If he still has 8 pieces of candy left How many pieces of candy had he eaten at the start?,There are 2 baskets of peaches. Each basket has 4 red peaches and some more green peaches. If there are a total of 12 peaches in all baskets How many green peaches are in each basket?,9,2,"To solve the problem, let's break it down step by step:

1. **Identify the total number of peaches**: The problem states that there are 12 peaches in total across both baskets.
2. **Determine the number of red peaches**: Each basket contains 4 red peaches. Since there are 2 baskets, the total number of red peaches is \(4 \times 2 = 8\).
3. **Calculate the number of green peaches**: Subtract the total number of red peaches from the total number of peaches to find the number of green peaches. So, \(12 - 8 = 4\). This means there are 4 green peaches in total.
4. **Determine the number of green peaches per basket**: Since the green peaches are distributed equally between the two baskets, we divide the total number of green peaches by the number of baskets. So, \(4 \div 2 = 2\).

Therefore, each basket has 2 green peaches.

#### <answer> 2",text,neutral
116,There are 2 baskets of peaches. Each basket has 4 red peaches and some more green peaches. If there are a total of 12 peaches in all baskets How many green peaches are in each basket?,Baker made some cakes. He sold 145 of them. If he still has 72 cakes left How many cakes did baker make?,2,217,"To solve the problem, we need to determine the total number of cakes the baker made. We know that the baker sold 145 cakes and still has 72 cakes left. The total number of cakes made can be found by adding the number of cakes sold to the number of cakes left.

Step 1: Identify the number of cakes sold.
Number of cakes sold = 145

Step 2: Identify the number of cakes left.
Number of cakes left = 72

Step 3: Calculate the total number of cakes made.
Total number of cakes made = Number of cakes sold + Number of cakes left
Total number of cakes made = 145 + 72

Step 4: Perform the addition.
145 + 72 = 217

So, the total number of cakes the baker made is 217.

#### 217",text,neutral
117,Baker made some cakes. He sold 145 of them. If he still has 72 cakes left How many cakes did baker make?,David did 40 more push-ups but 17 less crunches than Zachary in gym class today. If Zachary did 34 push-ups and 62 crunches How many crunches did David do?,217,45,"To solve the problem, let's break it down step by step:

1. Identify the number of push-ups David did:
   - Zachary did 34 push-ups.
   - David did 40 more push-ups than Zachary.
   - Therefore, David did \(34 + 40 = 74\) push-ups.

2. Identify the number of crunches David did:
   - Zachary did 62 crunches.
   - David did 17 fewer crunches than Zachary.
   - Therefore, David did \(62 - 17 = 45\) crunches.

So, the number of crunches David did is \(\boxed{45}\).

#### 45",text,neutral
118,David did 40 more push-ups but 17 less crunches than Zachary in gym class today. If Zachary did 34 push-ups and 62 crunches How many crunches did David do?,Olivia spent 78 dollars at a supermarket. If she has 33 dollars left with her How much money did she have initially?,45,111,"To solve the problem, we need to determine how much money Olivia had initially. We know that after spending $78 at the supermarket, she has $33 left. Let's denote the initial amount of money Olivia had as \( x \).

The relationship between the initial amount, the amount spent, and the remaining amount can be expressed as:
\[ x - 78 = 33 \]

To find \( x \), we need to isolate it on one side of the equation. We do this by adding 78 to both sides of the equation:
\[ x - 78 + 78 = 33 + 78 \]
\[ x = 111 \]

So, Olivia initially had $111.

#### 111",text,neutral
119,Olivia spent 78 dollars at a supermarket. If she has 33 dollars left with her How much money did she have initially?,Bobby ate 17 pieces of candy. Then he ate 15 more. If he initially had 36 pieces of candy How many pieces of candy does he still have left?,111,4,"To solve the problem step by step, let's break it down:

1. **Initial amount of candy**: Bobby initially had 36 pieces of candy.
2. **First batch of candy eaten**: Bobby ate 17 pieces of candy.
   - Calculation: \( 36 - 17 = 19 \) pieces of candy remaining after the first batch.
3. **Second batch of candy eaten**: Bobby then ate 15 more pieces of candy.
   - Calculation: \( 19 - 15 = 4 \) pieces of candy remaining after the second batch.

So, the number of pieces of candy Bobby has left is 4.

#### <answer> 4",text,neutral
120,Bobby ate 17 pieces of candy. Then he ate 15 more. If he initially had 36 pieces of candy How many pieces of candy does he still have left?,An industrial machine made 13 shirts yesterday and 3 shirts today. It can make 8 shirts a minute. How many minutes did the machine work in all?,4,2,"To solve the problem, let's break it down step by step:

1. **Calculate the total number of shirts made:**
   - Shirts made yesterday: 13
   - Shirts made today: 3
   - Total shirts = 13 + 3 = 16 shirts

2. **Determine the rate at which the machine works:**
   - The machine makes 8 shirts per minute.

3. **Calculate the total time worked:**
   - To find out how many minutes the machine worked to make 16 shirts, we divide the total number of shirts by the rate.
   - Time = Total shirts / Rate
   - Time = 16 shirts / 8 shirts per minute = 2 minutes

So, the machine worked for 2 minutes in total.

#### <answer> 2 minutes",text,neutral
121,An industrial machine made 13 shirts yesterday and 3 shirts today. It can make 8 shirts a minute. How many minutes did the machine work in all?,They decided to hold the party in their backyard. They have 12 sets of tables and each set has 14 chairs. There are also 6 chairs extra. How many chairs do they have for the guests?,2,174,"To solve the problem, let's break it down step by step:

1. **Calculate the total number of chairs from the sets:**
   - There are 12 sets of tables.
   - Each set has 14 chairs.
   - Total chairs from sets = \( 12 \times 14 \).

2. **Perform the multiplication:**
   - \( 12 \times 14 = 168 \).

3. **Add the extra chairs:**
   - There are 6 extra chairs.
   - Total chairs = \( 168 + 6 \).

4. **Perform the addition:**
   - \( 168 + 6 = 174 \).

So, the total number of chairs available for the guests is 174.

#### <answer>",text,neutral
122,They decided to hold the party in their backyard. They have 12 sets of tables and each set has 14 chairs. There are also 6 chairs extra. How many chairs do they have for the guests?,Adam has 10 apples. Jackie has 2 apples. How many more apples does Adam have than Jackie?,174,8,"To solve the problem step by step:

1. Identify the number of apples each person has:
   - Adam has 10 apples.
   - Jackie has 2 apples.

2. Determine how many more apples Adam has compared to Jackie:
   - Subtract the number of apples Jackie has from the number of apples Adam has.
   - Calculation: \( 10 - 2 = 8 \).

So, Adam has 8 more apples than Jackie.

#### 8",text,neutral
123,Adam has 10 apples. Jackie has 2 apples. How many more apples does Adam have than Jackie?,Jake has 7 fewer peaches than Steven and 9 more peaches than Jill. Steven has 16 peaches. How many peaches does Jake have?,8,9,"To solve the problem, let's break it down step by step:

1. **Identify the number of peaches Steven has:**
   - According to the problem, Steven has 16 peaches.

2. **Determine how many peaches Jake has relative to Steven:**
   - The problem states that Jake has 7 fewer peaches than Steven.
   - Therefore, we subtract 7 from the number of peaches Steven has:
     \[
     16 - 7 = 9
     \]
   - So, Jake has 9 peaches.

3. **Verify the information about Jake and Jill:**
   - The problem also states that Jake has 9 more peaches than Jill.
   - If Jake has 9 peaches, then Jill must have:
     \[
     9 - 9 = 0
     \]
   - This confirms that Jake indeed has 9 peaches, as the difference between Jake's and Jill's peaches matches the given condition.

Thus, the number of peaches Jake has is:
#### 9",text,neutral
124,Jake has 7 fewer peaches than Steven and 9 more peaches than Jill. Steven has 16 peaches. How many peaches does Jake have?,Dan has $ 5. He bought a candy bar for $ 2 and a chocolate for $ 3. How much money did he spend to buy chocolate than he did to buy candy bar?,9,1,"To solve the problem, let's break it down step by step:

1. **Identify the cost of each item:**
   - The candy bar costs $2.
   - The chocolate costs $3.

2. **Calculate the difference in cost between the chocolate and the candy bar:**
   - Cost of chocolate: $3
   - Cost of candy bar: $2
   - Difference: $3 - $2 = $1

So, Dan spent $1 more on the chocolate than on the candy bar.

#### <answer> $1",text,neutral
125,Dan has $ 5. He bought a candy bar for $ 2 and a chocolate for $ 3. How much money did he spend to buy chocolate than he did to buy candy bar?,There are 8 different movies and 21 different books in the ' crazy silly school ' series. If you read 7 of the books and watched 4 of the movies How many more movies do you still have to watch?,1,4,"To solve the problem, let's break it down step by step:

1. Identify the total number of movies available:
   - There are 8 different movies.

2. Determine how many movies you have already watched:
   - You have watched 4 movies.

3. Calculate how many more movies you need to watch:
   - Total movies = 8
   - Movies watched = 4
   - Movies left to watch = Total movies - Movies watched
   - Movies left to watch = 8 - 4 = 4

So, you still have to watch 4 more movies.

#### 4",text,neutral
126,There are 8 different movies and 21 different books in the ' crazy silly school ' series. If you read 7 of the books and watched 4 of the movies How many more movies do you still have to watch?,White t - shirts can be purchased in packages of 13. If mom buys 39 white t - shirts How many packages will she have?,4,3,"To solve the problem, we need to determine how many packages of 13 white t-shirts are required to buy 39 white t-shirts.

Step 1: Identify the total number of white t-shirts needed.
- Total white t-shirts = 39

Step 2: Identify the number of white t-shirts per package.
- White t-shirts per package = 13

Step 3: Calculate the number of packages required.
- Number of packages = Total white t-shirts / White t-shirts per package
- Number of packages = 39 / 13

Step 4: Perform the division.
- 39 divided by 13 equals 3 with no remainder.

Therefore, the number of packages required is 3.

#### 3",text,neutral
127,White t - shirts can be purchased in packages of 13. If mom buys 39 white t - shirts How many packages will she have?,Julia played tag with 19 kids on monday. She played tag with 18 kids on tuesday. She spent a total of 38 hours to play tag on both days. How many more kids did she play with on monday than on tuesday?,3,1,"To solve this problem, we need to determine how many more kids Julia played with on Monday compared to Tuesday.

Step 1: Identify the number of kids Julia played with each day.
- On Monday, Julia played with 19 kids.
- On Tuesday, Julia played with 18 kids.

Step 2: Calculate the difference in the number of kids she played with.
- Difference = Number of kids on Monday - Number of kids on Tuesday
- Difference = 19 - 18

Step 3: Perform the subtraction.
- Difference = 1

So, Julia played with 1 more kid on Monday than on Tuesday.

#### <answer> 1",text,neutral
128,Julia played tag with 19 kids on monday. She played tag with 18 kids on tuesday. She spent a total of 38 hours to play tag on both days. How many more kids did she play with on monday than on tuesday?,3 birds and 4 storks were sitting on the fence. 6 more storks came to join them. How many birds and storks are sitting on the fence?,1,13,"Let's solve the problem step by step:

1. Initially, there are 3 birds and 4 storks on the fence.
2. Then, 6 more storks come to join them.

First, we need to find out how many storks are now on the fence:
- Initially, there are 4 storks.
- 6 more storks join them.
- So, the total number of storks now is \(4 + 6 = 10\).

Next, we add the number of birds to the new total of storks to find the total number of birds and storks on the fence:
- There are still 3 birds.
- The total number of birds and storks is \(3 + 10 = 13\).

So, the total number of birds and storks sitting on the fence is \(\boxed{13}\).",text,neutral
129,3 birds and 4 storks were sitting on the fence. 6 more storks came to join them. How many birds and storks are sitting on the fence?,He then went to see the oranges being harvested. He found out that they harvest 16 sacks per day and that each sack containes 57 oranges. How many days will it take to harvest 80 sacks of oranges?,13,5,"To solve the problem, we need to determine how many days it will take to harvest 80 sacks of oranges given that they harvest 16 sacks per day.

Step 1: Identify the total number of sacks needed.
The total number of sacks required is 80.

Step 2: Identify the daily harvesting rate.
The daily harvesting rate is 16 sacks per day.

Step 3: Calculate the number of days needed to harvest 80 sacks.
We can find the number of days by dividing the total number of sacks by the daily harvesting rate:
\[ \text{Number of days} = \frac{\text{Total sacks}}{\text{Daily rate}} = \frac{80}{16} \]

Step 4: Perform the division.
\[ \frac{80}{16} = 5 \]

So, it will take 5 days to harvest 80 sacks of oranges.

#### 5",text,neutral
130,He then went to see the oranges being harvested. He found out that they harvest 16 sacks per day and that each sack containes 57 oranges. How many days will it take to harvest 80 sacks of oranges?,Adam has 3 more apples than jackie. Adam has 9 apples. How many apples does Jackie have?,5,6,"To solve the problem step by step:

1. Identify the number of apples Adam has: Adam has 9 apples.
2. Determine how many more apples Adam has compared to Jackie: Adam has 3 more apples than Jackie.
3. Calculate the number of apples Jackie has: Since Adam has 3 more apples than Jackie, we subtract 3 from the number of apples Adam has to find out how many apples Jackie has.

So, Jackie has \( 9 - 3 = 6 \) apples.

#### <answer> 6",text,neutral
131,Adam has 3 more apples than jackie. Adam has 9 apples. How many apples does Jackie have?,An industrial machine can make 3 shirts per minute. It made 6 shirts in all. How many minutes was the machine working?,6,2,"To solve the problem, we need to determine how many minutes the machine worked to produce 6 shirts, given that it makes 3 shirts per minute.

Step 1: Identify the rate at which the machine produces shirts.
The machine produces 3 shirts per minute.

Step 2: Determine the total number of shirts produced.
The machine produced 6 shirts in total.

Step 3: Calculate the time taken to produce 6 shirts.
Since the machine produces 3 shirts per minute, we divide the total number of shirts by the rate of production:
\[ \text{Time} = \frac{\text{Total shirts}}{\text{Shirts per minute}} = \frac{6}{3} = 2 \text{ minutes} \]

So, the machine was working for 2 minutes.

#### 2",text,neutral
132,An industrial machine can make 3 shirts per minute. It made 6 shirts in all. How many minutes was the machine working?,Allan brought 5 balloons. If Allan and Jake brought total of 6 balloons to the park How many balloons did Jake bring to the park?,2,1,"To solve the problem, let's break it down step by step:

1. **Identify the information given:**
   - Allan brought 5 balloons.
   - The total number of balloons brought to the park by Allan and Jake is 6.

2. **Set up the equation:**
   - Let \( J \) represent the number of balloons Jake brought.
   - According to the problem, the total number of balloons brought by both Allan and Jake is 6. This can be written as:
     \[
     5 + J = 6
     \]

3. **Solve for \( J \):**
   - To find out how many balloons Jake brought, we need to isolate \( J \) on one side of the equation.
   - Subtract 5 from both sides of the equation:
     \[
     5 + J - 5 = 6 - 5
     \]
   - Simplify the equation:
     \[
     J = 1
     \]

4. **Conclusion:**
   - Jake brought 1 balloon to the park.

#### <answer>1",text,neutral
133,Allan brought 5 balloons. If Allan and Jake brought total of 6 balloons to the park How many balloons did Jake bring to the park?,After resting they decided to go for a swim. The depth of the water is 9 times Dean's height. If Ron is 15 feet tall and Dean is 6 feet shorter than Ron How deep was the water?,1,81,"To solve the problem, let's break it down step by step:

1. **Determine Dean's height:**
   - Ron is 15 feet tall.
   - Dean is 6 feet shorter than Ron.
   - Therefore, Dean's height = Ron's height - 6 feet.
   - Dean's height = 15 feet - 6 feet = 9 feet.

2. **Calculate the depth of the water:**
   - The depth of the water is 9 times Dean's height.
   - Depth of the water = 9 * Dean's height.
   - Depth of the water = 9 * 9 feet = 81 feet.

So, the depth of the water is 81 feet.

#### 81",text,neutral
134,After resting they decided to go for a swim. The depth of the water is 9 times Dean's height. If Ron is 15 feet tall and Dean is 6 feet shorter than Ron How deep was the water?,"The grasshopper, the frog and the mouse had a jumping contest. The grasshopper jumped 39 inches. The grasshopper jumped 19 inches farther than the frog and the mouse jumped 12 inches lesser than the frog. How far did the mouse jump?",81,8,"Let's break down the problem step by step:

1. **Grasshopper's Jump**: The grasshopper jumped 39 inches.
2. **Frog's Jump**: The grasshopper jumped 19 inches farther than the frog. Therefore, we can express the frog's jump as:
   \[
   \text{Frog's jump} = \text{Grasshopper's jump} - 19 = 39 - 19 = 20 \text{ inches}
   \]
3. **Mouse's Jump**: The mouse jumped 12 inches less than the frog. Therefore, we can express the mouse's jump as:
   \[
   \text{Mouse's jump} = \text{Frog's jump} - 12 = 20 - 12 = 8 \text{ inches}
   \]

So, the mouse jumped 8 inches.

#### 8",text,neutral
135,"The grasshopper, the frog and the mouse had a jumping contest. The grasshopper jumped 39 inches. The grasshopper jumped 19 inches farther than the frog and the mouse jumped 12 inches lesser than the frog. How far did the mouse jump?",Tiffany was collecting cans for recycling. On monday she had 3 bags of cans. The next day she found 7 more bags of cans and 44 bags of bottles. How many bags of cans did she have altogether?,8,10,"To solve the problem step by step, let's break it down:

1. **Initial number of bags on Monday**: Tiffany started with 3 bags of cans.
2. **Number of bags found on Tuesday**: She found 7 more bags of cans.
3. **Total number of bags of cans**: To find the total number of bags of cans, we add the initial number of bags to the number of bags found on Tuesday.

So, the calculation is:
\[ \text{Total bags of cans} = 3 + 7 \]

Now, perform the addition:
\[ 3 + 7 = 10 \]

Therefore, the total number of bags of cans Tiffany had altogether is:
#### 10",text,neutral
136,Tiffany was collecting cans for recycling. On monday she had 3 bags of cans. The next day she found 7 more bags of cans and 44 bags of bottles. How many bags of cans did she have altogether?,Jerry had 2 action figures and 10 books on a shelf in his room. Later he added 4 more action figures to the shelf. How many more books than action figures were on his shelf?,10,4,"To solve the problem, let's break it down step by step:

1. **Initial Count of Action Figures:**
   - Jerry initially had 2 action figures.

2. **Initial Count of Books:**
   - Jerry initially had 10 books.

3. **Action Figures Added:**
   - Jerry added 4 more action figures to the shelf.

4. **Total Action Figures After Addition:**
   - Initial action figures: 2
   - Additional action figures: 4
   - Total action figures = 2 + 4 = 6

5. **Books Count:**
   - The number of books remains unchanged at 10.

6. **Difference Between Books and Action Figures:**
   - Total books: 10
   - Total action figures: 6
   - Difference = 10 - 6 = 4

So, there are 4 more books than action figures on the shelf.

#### <answer> 4",text,neutral
137,Jerry had 2 action figures and 10 books on a shelf in his room. Later he added 4 more action figures to the shelf. How many more books than action figures were on his shelf?,Winter is almost here and most animals are migrating to warmer countries. 86 bird families flew away for the winter from near a mountain. If there were 45 bird families living near the mountain initially How many more bird families flew away for the winter than those that stayed behind?,4,127,"To solve this problem, we need to determine how many bird families stayed behind after some flew away for the winter.

1. **Initial number of bird families**: There were 45 bird families living near the mountain initially.
2. **Number of bird families that flew away**: 86 bird families flew away for the winter.
3. **Number of bird families that stayed behind**: To find out how many bird families stayed behind, we subtract the number of bird families that flew away from the initial number of bird families.

\[ \text{Number of bird families that stayed behind} = 45 - 86 \]

Since 86 is greater than 45, it means that more bird families flew away than stayed behind. Therefore, the calculation will result in a negative number, indicating that the number of bird families that stayed behind is less than zero.

\[ 45 - 86 = -41 \]

This means that 41 more bird families flew away for the winter than those that stayed behind.

#### <answer> 41",neither,neutral
138,Winter is almost here and most animals are migrating to warmer countries. 86 bird families flew away for the winter from near a mountain. If there were 45 bird families living near the mountain initially How many more bird families flew away for the winter than those that stayed behind?,There are 11 baskets of peaches. Each basket has 10 red peaches and 18 green peaches. How many peaches are in the baskets altogether?,127,308,"To solve the problem, we need to determine the total number of peaches in all the baskets combined.

Step 1: Calculate the number of peaches in one basket.
- Each basket contains 10 red peaches and 18 green peaches.
- Therefore, the total number of peaches in one basket is:
  \[
  10 + 18 = 28
  \]

Step 2: Calculate the total number of peaches in all 11 baskets.
- Since there are 11 baskets, and each basket has 28 peaches, the total number of peaches is:
  \[
  11 \times 28
  \]

Step 3: Perform the multiplication.
- To find \( 11 \times 28 \), we can break it down:
  \[
  11 \times 28 = 11 \times (20 + 8) = (11 \times 20) + (11 \times 8)
  \]
- Calculate each part separately:
  \[
  11 \times 20 = 220
  \]
  \[
  11",neither,neutral
139,There are 11 baskets of peaches. Each basket has 10 red peaches and 18 green peaches. How many peaches are in the baskets altogether?,Adam has 9 apples. Jackie has 10 apples. How many more apples does Jackie have than Adam?,308,1,"To solve the problem, we need to find out how many more apples Jackie has compared to Adam.

Step 1: Identify the number of apples each person has.
- Adam has 9 apples.
- Jackie has 10 apples.

Step 2: Calculate the difference in the number of apples between Jackie and Adam.
- Difference = Number of apples Jackie has - Number of apples Adam has
- Difference = 10 - 9

Step 3: Perform the subtraction.
- 10 - 9 = 1

So, Jackie has 1 more apple than Adam.

#### <answer> 1",text,neutral
140,Adam has 9 apples. Jackie has 10 apples. How many more apples does Jackie have than Adam?,The school is planning a field trip. The school has 72 classrooms. There are 3 seats on each school bus. If there are a total of 111 students in the school How many buses are needed to take the trip?,1,37,"To solve this problem, we need to determine how many buses are required to transport all the students from the school to the field trip.

Step 1: Determine the total number of students.
The problem states that there are 111 students in the school.

Step 2: Determine the seating capacity per bus.
Each bus can hold 3 students.

Step 3: Calculate the number of buses needed.
To find out how many buses are needed, we divide the total number of students by the number of seats per bus:
\[ \text{Number of buses} = \frac{\text{Total number of students}}{\text{Seats per bus}} = \frac{111}{3} \]

Step 4: Perform the division.
\[ \frac{111}{3} = 37 \]

So, the school needs 37 buses to transport all 111 students to the field trip.

#### 37",text,neutral
141,The school is planning a field trip. The school has 72 classrooms. There are 3 seats on each school bus. If there are a total of 111 students in the school How many buses are needed to take the trip?,Kelly has 80 nintendo games. She found 31 more nintendo games. How many does she need to give away so that she will have 6 games left?,37,105,"To solve the problem step by step, let's follow these steps:

1. **Determine the total number of Nintendo games Kelly has after finding more:**
   - Kelly initially has 80 Nintendo games.
   - She finds 31 more Nintendo games.
   - Total number of games = 80 + 31 = 111.

2. **Determine how many games Kelly needs to give away:**
   - Kelly wants to have 6 games left.
   - To find out how many games she needs to give away, subtract the number of games she wants to keep from the total number of games.
   - Games to give away = Total number of games - Number of games she wants to keep
   - Games to give away = 111 - 6 = 105.

So, Kelly needs to give away 105 games.

#### 105",text,neutral
142,Kelly has 80 nintendo games. She found 31 more nintendo games. How many does she need to give away so that she will have 6 games left?,Paco had 40 cookies. He ate 2 of them. Then he bought 37 more cookies How many cookies did Paco have left?,105,75,"To solve the problem step by step:

1. **Initial number of cookies**: Paco started with 40 cookies.
2. **Cookies eaten**: Paco ate 2 cookies, so we subtract these from the initial amount:
   \[
   40 - 2 = 38
   \]
3. **Cookies bought**: Paco then bought 37 more cookies, so we add these to the remaining amount:
   \[
   38 + 37 = 75
   \]

So, the total number of cookies Paco has left is 75.

#### <answer> 75",text,neutral
143,Paco had 40 cookies. He ate 2 of them. Then he bought 37 more cookies How many cookies did Paco have left?,Mary is baking a cake. The recipe calls for 6 cups of sugar and 9 cups of flour. She already put in 2 cups of flour. How many more cups of flour than cups of sugar does she need to add now?,75,1,"To solve the problem, let's break it down step by step:

1. **Determine the total amount of flour needed:** According to the recipe, Mary needs 9 cups of flour.
2. **Determine how much flour has already been added:** Mary has already added 2 cups of flour.
3. **Calculate the remaining amount of flour needed:** Subtract the amount of flour already added from the total amount needed.
   \[
   9 \text{ cups} - 2 \text{ cups} = 7 \text{ cups}
   \]
4. **Determine the amount of sugar needed:** The recipe calls for 6 cups of sugar.
5. **Compare the amounts of flour and sugar needed:** We need to find out how many more cups of flour than cups of sugar are needed.
   \[
   7 \text{ cups of flour} - 6 \text{ cups of sugar} = 1 \text{ cup more of flour}
   \]

So, Mary needs to add 1 more cup of flour than cups of sugar.

#### <answer> 1",text,neutral
144,Mary is baking a cake. The recipe calls for 6 cups of sugar and 9 cups of flour. She already put in 2 cups of flour. How many more cups of flour than cups of sugar does she need to add now?,Paul got a box of 457 erasers and 617 crayons for his birthday. At the end of the school year he only had 523 crayons left while not having lost a single eraser. How many more crayons than erasers did he have left?,1,66,"To solve the problem, we need to determine how many more crayons than erasers Paul has left at the end of the school year.

Step 1: Identify the number of erasers Paul started with.
- Paul started with 457 erasers.

Step 2: Identify the number of crayons Paul started with.
- Paul started with 617 crayons.

Step 3: Determine the number of crayons Paul has left at the end of the school year.
- Paul has 523 crayons left.

Step 4: Calculate the difference between the number of crayons and erasers Paul has left.
- Number of crayons left = 523
- Number of erasers left = 457
- Difference = 523 - 457

Step 5: Perform the subtraction.
- 523 - 457 = 66

So, Paul has 66 more crayons than erasers left.

#### 66",text,neutral
145,Paul got a box of 457 erasers and 617 crayons for his birthday. At the end of the school year he only had 523 crayons left while not having lost a single eraser. How many more crayons than erasers did he have left?,There are 4 different books and 17 different movies in the ' crazy silly school ' series. If you read 19 of the books and watched 7 of the movies How many more movies do you still have to watch?,66,10,"To solve the problem, we need to determine how many more movies you still have to watch from the 'crazy silly school' series after having watched 7 out of the 17 movies.

Step 1: Identify the total number of movies in the series.
- Total movies = 17

Step 2: Identify the number of movies you have already watched.
- Movies watched = 7

Step 3: Calculate the number of movies left to watch.
- Movies left to watch = Total movies - Movies watched
- Movies left to watch = 17 - 7
- Movies left to watch = 10

So, you still have to watch 10 more movies.

#### 10",text,neutral
146,There are 4 different books and 17 different movies in the ' crazy silly school ' series. If you read 19 of the books and watched 7 of the movies How many more movies do you still have to watch?,Debby bought some water bottles when they were on sale. She drank 109 bottles a day. If the bottles lasted for 74 days How many bottles had she bought?,10,8066,"To solve the problem, we need to determine how many water bottles Debby bought based on the information provided.

Step 1: Identify the daily consumption of water bottles.
Debby drinks 109 bottles per day.

Step 2: Determine the total number of days the bottles lasted.
The bottles lasted for 74 days.

Step 3: Calculate the total number of bottles Debby bought.
To find the total number of bottles, multiply the number of bottles consumed per day by the number of days:
\[ \text{Total bottles} = \text{Bottles per day} \times \text{Number of days} \]
\[ \text{Total bottles} = 109 \times 74 \]

Step 4: Perform the multiplication.
\[ 109 \times 74 = 8086 \]

So, Debby bought 8086 bottles.

#### 8086",neither,neutral
147,Debby bought some water bottles when they were on sale. She drank 109 bottles a day. If the bottles lasted for 74 days How many bottles had she bought?,Katie had 62 new games and 80 old games. Her friends had 73 new games and 41 old games. How many old games do they have 3,8066,121,"To solve the problem, let's break it down step by step:

1. Identify the number of old games Katie has:
   - Katie has 80 old games.

2. Identify the number of old games her friends have:
   - Her friends have 41 old games.

3. Add the number of old games Katie has to the number of old games her friends have:
   - 80 (Katie's old games) + 41 (friends' old games) = 121 old games in total.

So, the total number of old games they have is 121.

#### 121",text,neutral
148,Katie had 62 new games and 80 old games. Her friends had 73 new games and 41 old games. How many old games do they have 3,We ordered 9 pizzas. Each pizza has 10 slices. If there are 2 of us How many slices of pizza does each of us get if distributed equally?,121,45,"To solve the problem, let's break it down step by step:

1. **Calculate the total number of pizza slices:**
   - We have 9 pizzas.
   - Each pizza has 10 slices.
   - Total slices = Number of pizzas × Slices per pizza
   - Total slices = 9 × 10 = 90 slices

2. **Determine how many slices each person gets:**
   - There are 2 people.
   - Slices per person = Total slices ÷ Number of people
   - Slices per person = 90 ÷ 2 = 45 slices

So, each person gets 45 slices of pizza.

#### <answer> 45",text,neutral
149,We ordered 9 pizzas. Each pizza has 10 slices. If there are 2 of us How many slices of pizza does each of us get if distributed equally?,6 storks and 2 birds were sitting on the fence. 3 more birds came to join them. How many more storks than birds are sitting on the fence?,45,1,"Let's solve the problem step by step:

1. **Initial count of storks and birds:**
   - There are 6 storks.
   - There are 2 birds.

2. **Birds that joined:**
   - 3 more birds came to join them.

3. **Calculate the new number of birds:**
   - Initial number of birds: 2
   - Additional birds: 3
   - New total number of birds: \( 2 + 3 = 5 \)

4. **Compare the number of storks and birds:**
   - Number of storks: 6
   - Number of birds: 5

5. **Determine how many more storks than birds:**
   - Difference: \( 6 - 5 = 1 \)

So, there is 1 more stork than birds sitting on the fence.

#### <answer> 1",text,neutral
150,6 storks and 2 birds were sitting on the fence. 3 more birds came to join them. How many more storks than birds are sitting on the fence?,During summer break 819058 kids from Lawrence county go to camp and the other 668278 kids stay home. How many more kids spent their summer break at the camp compared to those who stayed home?,1,150780,"To solve this problem, we need to find out how many more kids went to camp compared to those who stayed home. Here's the step-by-step solution:

1. Identify the number of kids who went to camp: 819058.
2. Identify the number of kids who stayed home: 668278.
3. Subtract the number of kids who stayed home from the number of kids who went to camp to find the difference:
   \[
   819058 - 668278 = 150780
   \]

So, the number of kids who went to camp is 150780 more than the number of kids who stayed home.

#### 150780",text,neutral
151,During summer break 819058 kids from Lawrence county go to camp and the other 668278 kids stay home. How many more kids spent their summer break at the camp compared to those who stayed home?,At the arcade Dave had won 7 tickets. He used some tickets to buy toys. If he still has 2 tickets left How many tickets did Dave use to buy toys?,150780,5,"To solve the problem, we need to determine how many tickets Dave used to buy toys. Here's the step-by-step solution:

1. **Initial Tickets**: Dave started with 7 tickets.
2. **Remaining Tickets**: After buying toys, Dave has 2 tickets left.
3. **Tickets Used**: To find out how many tickets Dave used, we subtract the number of remaining tickets from the initial number of tickets.

So, the calculation is:
\[ \text{Tickets used} = \text{Initial tickets} - \text{Remaining tickets} \]
\[ \text{Tickets used} = 7 - 2 \]
\[ \text{Tickets used} = 5 \]

Therefore, Dave used 5 tickets to buy toys. 

#### <answer>",text,neutral
152,At the arcade Dave had won 7 tickets. He used some tickets to buy toys. If he still has 2 tickets left How many tickets did Dave use to buy toys?,Jerry had some action figures on a shelf in his room. Later he added 7 more action figures to the shelf. If there are a total of 10 action figures on his shelf now How many action figures did he have initially on the shelf?,5,3,"To solve the problem, we need to determine how many action figures Jerry had initially on the shelf before adding the 7 more.

1. Let's denote the number of action figures Jerry had initially as \( x \).
2. According to the problem, after adding 7 more action figures, the total number of action figures became 10.
3. This can be represented by the equation: \( x + 7 = 10 \).

Now, we solve for \( x \):

\[ x + 7 = 10 \]
\[ x = 10 - 7 \]
\[ x = 3 \]

So, Jerry initially had 3 action figures on the shelf.

#### <answer> 3",text,neutral
153,Jerry had some action figures on a shelf in his room. Later he added 7 more action figures to the shelf. If there are a total of 10 action figures on his shelf now How many action figures did he have initially on the shelf?,Paul had 71 books. After selling some in a garage sale he bought 38 new ones. If he has 116 books now How many more books did he buy than he sold?,3,45,"To solve this problem, we need to determine how many books Paul sold and then find out how many more books he bought compared to those he sold.

1. **Initial number of books**: Paul started with 71 books.
2. **Books after buying new ones**: After buying 38 new books, he had 116 books in total.

First, let's calculate the number of books Paul had after the garage sale but before buying the new ones:
\[ \text{Books after garage sale} = \text{Initial books} - \text{Books sold} \]

Let \( x \) be the number of books sold. Then:
\[ 71 - x + 38 = 116 \]

Simplify the equation:
\[ 109 - x = 116 \]

Solve for \( x \):
\[ x = 109 - 116 \]
\[ x = -7 \]

This result doesn't make sense because the number of books sold cannot be negative. Let's re-evaluate the problem:

Since Paul ended up with 116 books after buying 38 new ones, we can set up the equation again:
\[ 71 - x +",neither,neutral
154,Paul had 71 books. After selling some in a garage sale he bought 38 new ones. If he has 116 books now How many more books did he buy than he sold?,Paul got a box of some crayons for his birthday. During the school year he gave 52 crayons to his friends while he lost 535 crayons. If he only had 492 crayons left How many crayons had been lost or given away?,45,587,"To solve the problem, we need to determine the total number of crayons that were either given away or lost. We can do this by adding the number of crayons given away and the number of crayons lost.

1. Identify the number of crayons given away:
   - Paul gave 52 crayons to his friends.
   
2. Identify the number of crayons lost:
   - Paul lost 535 crayons.
   
3. Calculate the total number of crayons lost or given away:
   - Total crayons lost or given away = Crayons given away + Crayons lost
   - Total crayons lost or given away = 52 + 535

Now, let's perform the addition:

\[ 52 + 535 = 587 \]

So, the total number of crayons that were lost or given away is 587.

#### 587",text,neutral
155,Paul got a box of some crayons for his birthday. During the school year he gave 52 crayons to his friends while he lost 535 crayons. If he only had 492 crayons left How many crayons had been lost or given away?,Adam could fit 11 action figures on each shelf in his room. His room has 4 shelves and 40 cabinets. How many total action figures could his shelves hold?,587,44,"To solve the problem, we need to determine how many action figures Adam's shelves can hold. Here are the steps:

1. Identify the number of action figures that can be placed on one shelf.
   - According to the problem, Adam can fit 11 action figures on each shelf.

2. Determine the total number of shelves available.
   - The problem states that Adam has 4 shelves.

3. Calculate the total number of action figures that can be held by all the shelves.
   - Multiply the number of action figures per shelf by the total number of shelves.
   - \( 11 \text{ action figures/shelf} \times 4 \text{ shelves} = 44 \text{ action figures} \).

So, the total number of action figures that Adam's shelves can hold is 44.

#### 44",text,neutral
156,Adam could fit 11 action figures on each shelf in his room. His room has 4 shelves and 40 cabinets. How many total action figures could his shelves hold?,The ring toss game at the carnival made 144 dollars per day. They were at the carnival for 22 days. How much money did they make?,44,3168,"To solve the problem step by step, we need to determine the total amount of money made by the ring toss game over the 22 days it was operational.

Step 1: Identify the daily earnings.
The ring toss game made $144 per day.

Step 2: Identify the number of days the game operated.
The game operated for 22 days.

Step 3: Calculate the total earnings.
Total earnings = Daily earnings × Number of days
Total earnings = $144/day × 22 days

Step 4: Perform the multiplication.
Total earnings = $144 × 22

Step 5: Calculate the product.
$144 × 22 = $3168

So, the total amount of money made by the ring toss game is $3168.

#### 3168",text,neutral
157,The ring toss game at the carnival made 144 dollars per day. They were at the carnival for 22 days. How much money did they make?,Brenda's mother made cookies for 5. She prepared 22 cookies but had to throw away 17 cookies. If each of them had the same number of cookies How many did each of them have?,3168,1,"Let's solve the problem step by step:

1. **Total cookies prepared:** Brenda's mother prepared 22 cookies.
2. **Cookies thrown away:** She had to throw away 17 cookies.
3. **Cookies remaining:** To find out how many cookies were left, we subtract the number of cookies thrown away from the total number of cookies prepared:
   \[
   22 - 17 = 5
   \]
4. **Number of people sharing the cookies:** There are 5 people (Brenda and her 4 siblings).
5. **Cookies per person:** To find out how many cookies each person got, we divide the number of remaining cookies by the number of people:
   \[
   5 \div 5 = 1
   \]

So, each person got 1 cookie.

#### <answer>",text,neutral
158,Brenda's mother made cookies for 5. She prepared 22 cookies but had to throw away 17 cookies. If each of them had the same number of cookies How many did each of them have?,White t - shirts can be purchased in packages of 53. If mom buys 57 packages of white t - shirts and 34 trousers How many white t - shirts will she have?,1,3021,"To solve the problem, we need to determine how many white t-shirts mom will have after buying 57 packages of white t-shirts, where each package contains 53 t-shirts.

Step 1: Calculate the total number of white t-shirts.
- Each package contains 53 t-shirts.
- Mom buys 57 packages.

Total number of white t-shirts = Number of packages × T-shirts per package
Total number of white t-shirts = 57 × 53

Step 2: Perform the multiplication.
57 × 53 = 3021

So, mom will have 3021 white t-shirts.

#### 3021",text,neutral
159,White t - shirts can be purchased in packages of 53. If mom buys 57 packages of white t - shirts and 34 trousers How many white t - shirts will she have?,He then went to see the oranges being harvested. He found out that they harvest 5 sacks of ripe oranges and 74 sacks of unripe oranges per day. How many more sacks of unripe oranges than ripe oranges are harvested per day?,3021,69,"To solve the problem, we need to determine how many more sacks of unripe oranges are harvested compared to ripe oranges per day.

1. Identify the number of sacks of ripe oranges harvested per day:
   - The problem states that they harvest 5 sacks of ripe oranges per day.

2. Identify the number of sacks of unripe oranges harvested per day:
   - The problem states that they harvest 74 sacks of unripe oranges per day.

3. Calculate the difference between the number of sacks of unripe oranges and ripe oranges:
   - Subtract the number of sacks of ripe oranges from the number of sacks of unripe oranges.
   - \( 74 - 5 = 69 \)

So, there are 69 more sacks of unripe oranges than ripe oranges harvested per day.

#### 69",text,neutral
160,He then went to see the oranges being harvested. He found out that they harvest 5 sacks of ripe oranges and 74 sacks of unripe oranges per day. How many more sacks of unripe oranges than ripe oranges are harvested per day?,"Julia played tag with 14 kids on monday, 2 kids on tuesday and 8 kids on wednesday. How many more kids did she play with on monday than on wednesday?",69,6,"To solve the problem step by step:

1. Identify the number of kids Julia played with each day:
   - Monday: 14 kids
   - Tuesday: 2 kids
   - Wednesday: 8 kids

2. Determine how many more kids she played with on Monday compared to Wednesday:
   - Calculate the difference between the number of kids on Monday and Wednesday.
   - Difference = Number of kids on Monday - Number of kids on Wednesday
   - Difference = 14 - 8

3. Perform the subtraction:
   - 14 - 8 = 6

So, Julia played with 6 more kids on Monday than on Wednesday.

#### 6",text,neutral
161,"Julia played tag with 14 kids on monday, 2 kids on tuesday and 8 kids on wednesday. How many more kids did she play with on monday than on wednesday?",Paco had 13 cookies. He ate 2 of them. Then he bought 36 more cookies How many more cookies did he buy than those he ate?,6,34,"To solve the problem step by step, let's break it down:

1. **Initial number of cookies**: Paco started with 13 cookies.
2. **Cookies eaten**: He ate 2 cookies.
3. **Cookies bought**: He then bought 36 more cookies.

Now, we need to find out how many more cookies he bought than those he ate.

- Cookies bought: 36
- Cookies eaten: 2

To find out how many more cookies he bought than those he ate, we subtract the number of cookies he ate from the number of cookies he bought:

\[ 36 - 2 = 34 \]

So, Paco bought 34 more cookies than those he ate.

#### <answer> 34",text,neutral
162,Paco had 13 cookies. He ate 2 of them. Then he bought 36 more cookies How many more cookies did he buy than those he ate?,White t - shirts can be purchased in packages. If mom buys 28 packages which contain 56 white t - shirts in total How many white t - shirts does each package have?,34,2,"To solve the problem, we need to determine how many white t-shirts are in each package. We know that:

1. Mom buys 28 packages.
2. The total number of white t-shirts is 56.

We can find the number of white t-shirts per package by dividing the total number of white t-shirts by the number of packages.

Let's perform the division:

\[ \text{Number of white t-shirts per package} = \frac{\text{Total number of white t-shirts}}{\text{Number of packages}} \]

Substituting the given values:

\[ \text{Number of white t-shirts per package} = \frac{56}{28} \]

Now, let's do the division:

\[ \frac{56}{28} = 2 \]

So, each package contains 2 white t-shirts.

#### <answer> 2",text,neutral
163,White t - shirts can be purchased in packages. If mom buys 28 packages which contain 56 white t - shirts in total How many white t - shirts does each package have?,The school has 304 grades and each grade has 75 students How many students were there in total?,2,22800,"To solve the problem, we need to find the total number of students in the school. We know that there are 304 grades and each grade has 75 students. 

Step 1: Identify the number of grades.
Number of grades = 304

Step 2: Identify the number of students per grade.
Number of students per grade = 75

Step 3: Calculate the total number of students by multiplying the number of grades by the number of students per grade.
Total number of students = Number of grades × Number of students per grade
Total number of students = 304 × 75

Step 4: Perform the multiplication.
304 × 75 = 22800

So, the total number of students in the school is 22800.

#### 22800",text,neutral
164,The school has 304 grades and each grade has 75 students How many students were there in total?,He then went to see the oranges being harvested. He found out that they harvest 25 sacks of unripe oranges and 5 sacks of ripe oranges per day. How many sacks of ripe oranges will they have after 73 days of harvest?,22800,365,"To solve the problem, we need to determine how many sacks of ripe oranges will be harvested in 73 days.

1. Identify the daily harvest rate for ripe oranges:
   - They harvest 5 sacks of ripe oranges per day.

2. Calculate the total number of ripe oranges harvested over 73 days:
   - Multiply the daily harvest rate by the number of days.
   - \( 5 \text{ sacks/day} \times 73 \text{ days} = 365 \text{ sacks} \).

So, the total number of sacks of ripe oranges harvested after 73 days is 365.

#### 365",text,neutral
165,He then went to see the oranges being harvested. He found out that they harvest 25 sacks of unripe oranges and 5 sacks of ripe oranges per day. How many sacks of ripe oranges will they have after 73 days of harvest?,The Razorback shop makes $ 192 dollars off each t-shirt and $ 34 off each jersey. During the Arkansas and Texas tech game they sold 157 t-shirts and 19 jerseys. How much more does a t-shirt cost than a jersey?,365,158,"To solve the problem, we need to determine how much more a t-shirt costs than a jersey based on the given information.

Step 1: Identify the cost of each item.
- The cost of each t-shirt is $192.
- The cost of each jersey is $34.

Step 2: Calculate the difference in cost between a t-shirt and a jersey.
- Difference = Cost of t-shirt - Cost of jersey
- Difference = $192 - $34

Step 3: Perform the subtraction.
- $192 - $34 = $158

So, a t-shirt costs $158 more than a jersey.

#### 158",text,neutral
166,The Razorback shop makes $ 192 dollars off each t-shirt and $ 34 off each jersey. During the Arkansas and Texas tech game they sold 157 t-shirts and 19 jerseys. How much more does a t-shirt cost than a jersey?,Steven has 14 peaches. Jake has 6 fewer peaches than Steven and 3 more peaches than Jill. How many peaches does Jill have?,158,5,"Let's solve the problem step by step based on the information provided in Source B.

1. **Determine how many peaches Jake has:**
   - Steven has 14 peaches.
   - Jake has 6 fewer peaches than Steven.
   - Therefore, Jake has \( 14 - 6 = 8 \) peaches.

2. **Determine how many peaches Jill has:**
   - Jake has 3 more peaches than Jill.
   - If Jake has 8 peaches, then Jill must have \( 8 - 3 = 5 \) peaches.

So, Jill has 5 peaches.

#### <answer> 5",text,neutral
167,Steven has 14 peaches. Jake has 6 fewer peaches than Steven and 3 more peaches than Jill. How many peaches does Jill have?,A waiter had 12 customers. While 15 customers left he got 14 new customers. How many customers does he still have?,5,11,"To solve the problem, we need to follow these steps:

1. Start with the initial number of customers.
2. Subtract the number of customers who left.
3. Add the number of new customers who arrived.

Step 1: The initial number of customers is 12.
Step 2: Subtract the number of customers who left (15).
   \[
   12 - 15 = -3
   \]
Since it's not possible to have a negative number of customers, this indicates that the waiter cannot accommodate all the customers who left because there were only 12 initially. However, if we consider the problem in terms of the net change, we can see that the waiter would be short by 3 customers.

Step 3: Add the number of new customers who arrived (14).
   \[
   -3 + 14 = 11
   \]

So, the waiter still has 11 customers.

#### 11",text,neutral
168,A waiter had 12 customers. While 15 customers left he got 14 new customers. How many customers does he still have?,Allan brought 2 balloons and Jake brought 4 balloons to the park. Allan then bought 3 more balloons at the park. How many more balloons did Allan have than Jake in the park?,11,1,"To solve the problem, let's break it down step by step:

1. **Initial Balloons:**
   - Allan initially brought 2 balloons.
   - Jake initially brought 4 balloons.

2. **Balloons Bought at the Park:**
   - Allan bought 3 more balloons at the park.

3. **Calculate Total Balloons for Each:**
   - Allan's total balloons = Initial balloons + Balloons bought at the park
     \[
     \text{Allan's total balloons} = 2 + 3 = 5
     \]
   - Jake's total balloons remain the same as he didn't buy any more:
     \[
     \text{Jake's total balloons} = 4
     \]

4. **Determine the Difference:**
   - The difference in the number of balloons between Allan and Jake:
     \[
     \text{Difference} = \text{Allan's total balloons} - \text{Jake's total balloons}
     \]
     \[
     \text{Difference} = 5 - 4 = 1
     \]

So, Allan had 1 more balloon than Jake in the park.

#### <answer>",text,neutral
169,Allan brought 2 balloons and Jake brought 4 balloons to the park. Allan then bought 3 more balloons at the park. How many more balloons did Allan have than Jake in the park?,"Being his favorite, he saved checking on the grapevines for his last stop. He was told by 235 of the pickers that they fill 100 drums of raspberries per day and 221 drums of grapes per day. How many drums of grapes would be filled in 77 days?",1,17017,"To solve the problem step by step:

1. Identify the rate at which the pickers fill grapes per day:
   - The pickers fill 221 drums of grapes per day.

2. Determine the number of days over which we need to calculate the total drums of grapes:
   - We need to find out how many drums of grapes are filled in 77 days.

3. Calculate the total number of drums of grapes filled in 77 days:
   - Total drums of grapes = Rate of filling grapes per day × Number of days
   - Total drums of grapes = 221 drums/day × 77 days

4. Perform the multiplication:
   - Total drums of grapes = 221 × 77

5. Calculate the product:
   - 221 × 77 = 16947

So, the total number of drums of grapes filled in 77 days is 16,947 drums.

#### 16947",neither,neutral
170,"Being his favorite, he saved checking on the grapevines for his last stop. He was told by 235 of the pickers that they fill 100 drums of raspberries per day and 221 drums of grapes per day. How many drums of grapes would be filled in 77 days?",Ed had 6 more marbles than Doug. Doug lost 7 of his marbles at the playground. If Ed had 22 marbles How many marbles does Doug have now?,17017,9,"Let's solve the problem step by step using the information provided in Source B.

1. **Identify the initial number of marbles Ed and Doug had:**
   - Ed had 22 marbles.
   - Ed had 6 more marbles than Doug. Therefore, we can find out how many marbles Doug initially had by subtracting 6 from the number of marbles Ed had:
     \[
     \text{Doug's initial marbles} = 22 - 6 = 16
     \]

2. **Account for the marbles Doug lost:**
   - Doug lost 7 marbles at the playground. So, we need to subtract these 7 marbles from Doug's initial number of marbles:
     \[
     \text{Doug's current marbles} = 16 - 7 = 9
     \]

Therefore, the number of marbles Doug has now is:

#### 9",text,neutral
171,Ed had 6 more marbles than Doug. Doug lost 7 of his marbles at the playground. If Ed had 22 marbles How many marbles does Doug have now?,At the arcade Dave had won 18 tickets. If he used 5 to buy some toys and 11 more to buy some clothes How many tickets did Dave have left?,9,2,"To solve the problem, we need to follow these steps:

1. Determine how many tickets Dave started with.
2. Subtract the number of tickets he used to buy toys from the total.
3. Subtract the number of tickets he used to buy clothes from the remaining tickets.

Step 1: Dave started with 18 tickets.

Step 2: He used 5 tickets to buy toys. So, we subtract 5 from 18:
   \[
   18 - 5 = 13
   \]
   Now, Dave has 13 tickets left after buying toys.

Step 3: He then used 11 more tickets to buy clothes. So, we subtract 11 from the remaining 13 tickets:
   \[
   13 - 11 = 2
   \]
   After buying clothes, Dave has 2 tickets left.

The final answer is:
#### 2",text,neutral
172,At the arcade Dave had won 18 tickets. If he used 5 to buy some toys and 11 more to buy some clothes How many tickets did Dave have left?,Danny has 21 bottle caps in his collection. He found some more bottle caps at the park. If he has 53 bottle caps now How many bottle caps did he find at the park?,2,32,"To solve the problem, we need to determine how many bottle caps Danny found at the park. We know the following:

1. Danny initially had 21 bottle caps.
2. After finding some more bottle caps at the park, he has a total of 53 bottle caps.

We can set up the equation to represent this situation:
\[ \text{Initial number of bottle caps} + \text{Number of bottle caps found} = \text{Total number of bottle caps} \]

Substituting the known values into the equation:
\[ 21 + x = 53 \]

To find \( x \), we need to isolate it on one side of the equation:
\[ x = 53 - 21 \]
\[ x = 32 \]

So, Danny found 32 bottle caps at the park.

#### <answer> 32",text,neutral
173,Danny has 21 bottle caps in his collection. He found some more bottle caps at the park. If he has 53 bottle caps now How many bottle caps did he find at the park?,Paul got a box of 65 crayons for his birthday. During the school year he gave 213 crayons to his friends while he lost 16 crayons. How many crayons had been lost or given away?,32,229,"To solve the problem, we need to determine the total number of crayons that Paul has lost or given away.

Step 1: Identify the number of crayons given away.
Paul gave 213 crayons to his friends.

Step 2: Identify the number of crayons lost.
Paul lost 16 crayons.

Step 3: Add the number of crayons given away and the number of crayons lost.
\[ 213 + 16 = 229 \]

So, the total number of crayons that Paul has lost or given away is 229.

#### <answer> 229",text,neutral
174,Paul got a box of 65 crayons for his birthday. During the school year he gave 213 crayons to his friends while he lost 16 crayons. How many crayons had been lost or given away?,At the arcade Dave had won 14 tickets and lost 2 tickets. If he used 10 to buy some toys How many tickets did Dave have left?,229,2,"To solve the problem step by step, let's break down the information given:

1. Dave initially won 14 tickets.
2. Dave lost 2 tickets.
3. Dave used 10 tickets to buy some toys.

First, we calculate the net change in the number of tickets Dave has after winning and losing:
\[ \text{Net change} = 14 - 2 = 12 \]

Next, we subtract the number of tickets Dave used to buy toys from the net change:
\[ \text{Tickets left} = 12 - 10 = 2 \]

So, the number of tickets Dave has left is:
#### 2",text,neutral
175,At the arcade Dave had won 14 tickets and lost 2 tickets. If he used 10 to buy some toys How many tickets did Dave have left?,"A grocery store had 72 bottles of regular soda, 32 bottles of diet soda and 78 apples. How many more bottles than apple did they have?",2,26,"To solve the problem step by step:

1. Identify the total number of bottles of regular soda and diet soda:
   - Regular soda: 72 bottles
   - Diet soda: 32 bottles

2. Calculate the total number of bottles of soda:
   \[
   72 + 32 = 104 \text{ bottles}
   \]

3. Identify the number of apples:
   - Apples: 78

4. Determine how many more bottles of soda there are compared to the number of apples:
   \[
   104 - 78 = 26
   \]

So, the grocery store has 26 more bottles of soda than apples.

#### <answer> 26",text,neutral
176,"A grocery store had 72 bottles of regular soda, 32 bottles of diet soda and 78 apples. How many more bottles than apple did they have?",Because of the decision Sofia asked the students to suggest specific types of food. If 269 students suggested adding bacon 330 suggested adding mashed potatoes to the menu and 76 suggested adding tomatoes How many more students suggested mashed potatoes than those that suggested bacon?,26,61,"To solve the problem, we need to find out how many more students suggested mashed potatoes than those who suggested bacon.

1. Identify the number of students who suggested adding bacon.
   - According to the problem, 269 students suggested adding bacon.

2. Identify the number of students who suggested adding mashed potatoes.
   - According to the problem, 330 students suggested adding mashed potatoes.

3. Calculate the difference between the number of students who suggested mashed potatoes and those who suggested bacon.
   - Difference = Number of students who suggested mashed potatoes - Number of students who suggested bacon
   - Difference = 330 - 269

4. Perform the subtraction.
   - 330 - 269 = 61

So, 61 more students suggested mashed potatoes than those who suggested bacon.

#### 61",text,neutral
177,Because of the decision Sofia asked the students to suggest specific types of food. If 269 students suggested adding bacon 330 suggested adding mashed potatoes to the menu and 76 suggested adding tomatoes How many more students suggested mashed potatoes than those that suggested bacon?,Because of the decision Sofia asked 310 students to suggest specific types of food. 185 students suggested adding mashed potatoes while others suggested adding bacon to the menu. How many students suggested bacon?,61,125,"To solve the problem, we need to determine how many students suggested adding bacon to the menu. Here's the step-by-step solution:

1. Identify the total number of students who were asked to suggest specific types of food.
   - Total students = 310

2. Identify the number of students who suggested adding mashed potatoes.
   - Students suggesting mashed potatoes = 185

3. Calculate the number of students who suggested adding bacon.
   - Students suggesting bacon = Total students - Students suggesting mashed potatoes
   - Students suggesting bacon = 310 - 185

4. Perform the subtraction.
   - 310 - 185 = 125

So, the number of students who suggested adding bacon is 125.

#### 125",text,neutral
178,Because of the decision Sofia asked 310 students to suggest specific types of food. 185 students suggested adding mashed potatoes while others suggested adding bacon to the menu. How many students suggested bacon?,Lewis earns $ 403 every week during the 233 weeks of harvest. If he has to pay $ 49 rent every week How much money does he earn during harvest season?,125,93899,"To solve the problem, we need to calculate the total earnings and then subtract the total rent paid over the harvest season.

1. Calculate the total earnings:
   - Lewis earns $403 every week.
   - The harvest season lasts for 233 weeks.
   - Total earnings = Earnings per week * Number of weeks
   - Total earnings = $403 * 233

2. Calculate the total rent paid:
   - Lewis pays $49 in rent every week.
   - The harvest season lasts for 233 weeks.
   - Total rent paid = Rent per week * Number of weeks
   - Total rent paid = $49 * 233

3. Calculate the net earnings:
   - Net earnings = Total earnings - Total rent paid
   - Net earnings = ($403 * 233) - ($49 * 233)

Now, let's perform the calculations:

1. Total earnings:
   \[
   403 \times 233 = 93899
   \]

2. Total rent paid:
   \[
   49 \times 233 = 11417",neither,neutral
179,Lewis earns $ 403 every week during the 233 weeks of harvest. If he has to pay $ 49 rent every week How much money does he earn during harvest season?,"They decided to hold the party in their backyard. They have some sets of tables, each having the 3 chairs. If there are a total of 9 chairs in the backyard How many sets of tables do they have?",93899,3,"To solve the problem step by step:

1. Identify the total number of chairs available: There are 9 chairs in the backyard.
2. Determine the number of chairs per set of tables: Each set of tables has 3 chairs.
3. Calculate the number of sets of tables by dividing the total number of chairs by the number of chairs per set:
   \[
   \text{Number of sets of tables} = \frac{\text{Total number of chairs}}{\text{Number of chairs per set}} = \frac{9}{3} = 3
   \]

So, the number of sets of tables they have is 3.

#### <answer> 3",text,neutral
180,"They decided to hold the party in their backyard. They have some sets of tables, each having the 3 chairs. If there are a total of 9 chairs in the backyard How many sets of tables do they have?","After eating a hearty meal they went to see the Buckingham palace. There, Rachel learned that 705 visitors came to the Buckingham palace that day. If there were 191 visitors the previous day and 457 visitors the day before that How many more visitors visited the Buckingham palace on that day than on the previous 245 days?",3,57,"To solve this problem, we need to follow these steps:

1. Identify the number of visitors on the current day.
2. Identify the number of visitors on the previous two days.
3. Calculate the total number of visitors over the last 245 days.
4. Determine how many more visitors came on the current day compared to the average number of visitors over the last 245 days.

Step 1: The number of visitors on the current day is given as 705.

Step 2: The number of visitors on the previous day is 191, and the number of visitors the day before that is 457.

Step 3: To find the total number of visitors over the last 245 days, we need to assume that the pattern of visitors (current day, previous day, day before) repeats every three days. However, since we only have data for three specific days, we can't directly calculate the total for 245 days without making assumptions about the pattern. Instead, we will compare the current day's visitors to the average of the previous two days.

Step 4: Calculate the average number of visitors over the previous two days:
\[ \text{Average} = \frac{",neither,neutral
181,"After eating a hearty meal they went to see the Buckingham palace. There, Rachel learned that 705 visitors came to the Buckingham palace that day. If there were 191 visitors the previous day and 457 visitors the day before that How many more visitors visited the Buckingham palace on that day than on the previous 245 days?",There are 11 different books and 17 different movies in the ' crazy silly school ' series. If you read 7 of the books and watched 21 of the movies How many more movies than books have you read?,57,14,"To solve the problem, we need to determine how many more movies than books have been read.

Step 1: Identify the number of books read.
- You have read 7 books.

Step 2: Identify the number of movies watched.
- You have watched 21 movies.

Step 3: Calculate the difference between the number of movies watched and the number of books read.
- Difference = Number of movies watched - Number of books read
- Difference = 21 - 7

Step 4: Perform the subtraction.
- 21 - 7 = 14

So, you have read 14 more movies than books.

#### <answer> 14",text,neutral
182,There are 11 different books and 17 different movies in the ' crazy silly school ' series. If you read 7 of the books and watched 21 of the movies How many more movies than books have you read?,For the walls of the house he would use 12 large planks of wood and 10 small planks. If large planks together need 15 pieces of nails to be secured and small planks together need 5 nails. How many nails does John need for the house wall?,14,20,"To solve the problem, we need to calculate the total number of nails required for both the large and small planks of wood used in the house walls.

Step 1: Calculate the number of nails needed for the large planks.
- There are 12 large planks.
- Each large plank needs 15 nails.
- Therefore, the total number of nails for the large planks is \( 12 \times 15 = 180 \) nails.

Step 2: Calculate the number of nails needed for the small planks.
- There are 10 small planks.
- Each small plank needs 5 nails.
- Therefore, the total number of nails for the small planks is \( 10 \times 5 = 50 \) nails.

Step 3: Add the number of nails from the large and small planks to get the total number of nails needed.
- Total nails = nails for large planks + nails for small planks
- Total nails = 180 + 50 = 230 nails

#### 230",neither,neutral
183,For the walls of the house he would use 12 large planks of wood and 10 small planks. If large planks together need 15 pieces of nails to be secured and small planks together need 5 nails. How many nails does John need for the house wall?,Matthew gave equal numbers of crackers and cakes to his 28 friends. If he had 13 crackers and 15 cakes initially How many crackers and cakes did each person eat?,20,1,"To solve this problem, we need to determine how many crackers and cakes each of Matthew's friends received.

First, let's find out how many crackers and cakes Matthew gave away in total:
- Matthew started with 13 crackers.
- Matthew started with 15 cakes.

Since he gave away equal numbers of crackers and cakes to his 28 friends, we can calculate the number of crackers and cakes each friend received by dividing the total number of crackers and cakes by the number of friends.

For crackers:
\[ \text{Number of crackers per friend} = \frac{\text{Total crackers}}{\text{Number of friends}} = \frac{13}{28} \]

For cakes:
\[ \text{Number of cakes per friend} = \frac{\text{Total cakes}}{\text{Number of friends}} = \frac{15}{28} \]

Since the problem states that Matthew gave equal numbers of crackers and cakes to his friends, we need to ensure that both fractions are whole numbers or that they can be simplified to whole numbers when considering the context of the problem (i.e., practical distribution).

However, since 13 and 15 do not divide evenly by 28, it implies that the initial",neither,neutral
184,Matthew gave equal numbers of crackers and cakes to his 28 friends. If he had 13 crackers and 15 cakes initially How many crackers and cakes did each person eat?,Winter is almost here and most animals are migrating to warmer countries. 27 bird families flew away for the winter from near a mountain. If there were 41 bird families living near the mountain initially How many bird families were left near the mountain?,1,14,"To solve the problem, we need to determine how many bird families were left near the mountain after some flew away for the winter.

Step 1: Identify the initial number of bird families.
- Initially, there were 41 bird families living near the mountain.

Step 2: Identify the number of bird families that flew away.
- 27 bird families flew away for the winter.

Step 3: Subtract the number of bird families that flew away from the initial number.
- \( 41 - 27 = 14 \)

So, the number of bird families left near the mountain is 14.

#### <answer> 14",text,neutral
185,Winter is almost here and most animals are migrating to warmer countries. 27 bird families flew away for the winter from near a mountain. If there were 41 bird families living near the mountain initially How many bird families were left near the mountain?,Rebecca wants to split a collection of eggs into groups of 20. Rebecca has 5 marbles and 12 eggs. How many more eggs does Rebecca have than marbles?,14,7,"Let's solve the problem step by step:

1. **Identify the quantities given:**
   - Rebecca has 5 marbles.
   - Rebecca has 12 eggs.

2. **Determine how many more eggs Rebecca has than marbles:**
   - Subtract the number of marbles from the number of eggs.
   - Calculation: \( 12 \text{ eggs} - 5 \text{ marbles} = 7 \).

3. **State the final answer:**
   - Rebecca has 7 more eggs than marbles.

#### <answer> 7",text,neutral
186,Rebecca wants to split a collection of eggs into groups of 20. Rebecca has 5 marbles and 12 eggs. How many more eggs does Rebecca have than marbles?,A mailman has to give 32 pieces of junk mail to each of the 55 blocks. If he gives 8 mails to each house in a block How many houses are there in a block?,7,4,"To solve the problem, let's break it down step by step:

1. **Total number of pieces of junk mail**: The mailman needs to deliver 32 pieces of junk mail to each of the 55 blocks.
   \[
   \text{Total pieces of junk mail} = 32 \times 55
   \]

2. **Calculate the total pieces of junk mail**:
   \[
   32 \times 55 = 1760
   \]
   So, the mailman needs to deliver a total of 1760 pieces of junk mail.

3. **Number of pieces of junk mail per house**: Each house receives 8 pieces of junk mail.
   \[
   \text{Pieces of junk mail per house} = 8
   \]

4. **Calculate the number of houses in one block**: Since each block gets 32 pieces of junk mail and each house gets 8 pieces, we can find the number of houses in one block by dividing the total pieces of junk mail for one block by the number of pieces per house.
   \[
   \text{Number of houses in one block} = \frac{32}{8}",neither,neutral
187,A mailman has to give 32 pieces of junk mail to each of the 55 blocks. If he gives 8 mails to each house in a block How many houses are there in a block?,"After eating a hearty meal they went to see the Buckingham palace. There, Rachel learned that 92 visitors came to the Buckingham palace that day. If there were 419 visitors the previous day and 103 visitors the day before that How many visited the Buckingham palace before that day?",4,522,"To solve the problem step by step:

1. Identify the number of visitors on each day:
   - The day before yesterday had 103 visitors.
   - Yesterday had 419 visitors.
   - Today had 92 visitors.

2. Calculate the total number of visitors before today:
   - Add the number of visitors from the day before yesterday and yesterday.
   - \( 103 + 419 = 522 \)

3. Add the number of visitors today to the total from the previous days:
   - \( 522 + 92 = 614 \)

Therefore, the total number of visitors before today was 614.

#### 614",neither,neutral
188,"After eating a hearty meal they went to see the Buckingham palace. There, Rachel learned that 92 visitors came to the Buckingham palace that day. If there were 419 visitors the previous day and 103 visitors the day before that How many visited the Buckingham palace before that day?",Danny collects bottle caps and wrappers. He found 65 wrappers and 5 bottle caps at the park. Now he has 31 bottle caps and 9 wrappers in his collection. How many more wrappers than bottle caps did danny find at the park?,522,60,"To solve the problem, let's break it down step by step:

1. **Initial Count of Wrappers and Bottle Caps Found at the Park:**
   - Wrappers found at the park: 65
   - Bottle caps found at the park: 5

2. **Current Count of Wrappers and Bottle Caps in Collection:**
   - Wrappers in collection: 9
   - Bottle caps in collection: 31

3. **Calculate the Number of Wrappers Found at the Park:**
   - Wrappers found = Initial wrappers - Current wrappers
   - Wrappers found = 65 - 9 = 56

4. **Calculate the Number of Bottle Caps Found at the Park:**
   - Bottle caps found = Initial bottle caps - Current bottle caps
   - Bottle caps found = 5 - 31 = -26 (This indicates an error since we cannot have a negative number of bottle caps found)

5. **Re-evaluate the Problem:**
   - The problem states that Danny found 65 wrappers and 5 bottle caps at the park.
   - After finding these, he now has 31 bottle caps and 9 wrappers in his collection.

6. **Correct Calculation",neither,neutral
189,Danny collects bottle caps and wrappers. He found 65 wrappers and 5 bottle caps at the park. Now he has 31 bottle caps and 9 wrappers in his collection. How many more wrappers than bottle caps did danny find at the park?,The Razorback t-shirt shop makes $ 87 dollars off each t-shirt sold. During the Arkansas game and the Texas tech game they sold a total of 95 t-shirts. If they sold 47 t-shirts during the Arkansas game How much money did they make from selling the t-shirts?,60,8265,"To solve this problem, we need to determine how many t-shirts were sold during the Texas Tech game and then calculate the total revenue from all t-shirts sold.

1. **Total t-shirts sold**: 95
2. **T-shirts sold during the Arkansas game**: 47

First, find out how many t-shirts were sold during the Texas Tech game:
\[ \text{T-shirts sold during Texas Tech game} = \text{Total t-shirts sold} - \text{T-shirts sold during Arkansas game} \]
\[ \text{T-shirts sold during Texas Tech game} = 95 - 47 \]
\[ \text{T-shirts sold during Texas Tech game} = 48 \]

Next, calculate the total revenue from selling all t-shirts:
\[ \text{Revenue per t-shirt} = \$87 \]
\[ \text{Total revenue} = \text{T-shirts sold during Arkansas game} \times \text{Revenue per t-shirt} + \text{T-shirts sold during Texas Tech game} \times \text{Revenue per t-shirt} \]
\[ \text{Total revenue} = 47 \times 87 + 48 \times 87 \]
\[ \text{Total revenue}",neither,neutral
190,The Razorback t-shirt shop makes $ 87 dollars off each t-shirt sold. During the Arkansas game and the Texas tech game they sold a total of 95 t-shirts. If they sold 47 t-shirts during the Arkansas game How much money did they make from selling the t-shirts?,Paco had 41 cookies. He gave 9 cookies to his friend and ate 18 cookies. How many more cookies did he eat than those he gave to his friend?,8265,9,"To solve the problem, we need to determine how many more cookies Paco ate than those he gave to his friend.

Step 1: Identify the number of cookies Paco gave to his friend.
Paco gave 9 cookies to his friend.

Step 2: Identify the number of cookies Paco ate.
Paco ate 18 cookies.

Step 3: Calculate the difference between the number of cookies Paco ate and the number of cookies he gave to his friend.
Difference = Number of cookies eaten - Number of cookies given to friend
Difference = 18 - 9

Step 4: Perform the subtraction.
Difference = 9

So, Paco ate 9 more cookies than those he gave to his friend.

#### 9",text,neutral
191,Paco had 41 cookies. He gave 9 cookies to his friend and ate 18 cookies. How many more cookies did he eat than those he gave to his friend?,In a school there are 402 more girls than boys. If there are 739 girls How many boys are there in that school?,9,337,"To solve the problem, we need to determine the number of boys in the school given that there are 402 more girls than boys and there are 739 girls.

Step 1: Let's denote the number of boys as \( B \).
Step 2: According to the problem, the number of girls is 402 more than the number of boys. So, we can write the equation for the number of girls as:
\[ \text{Number of girls} = B + 402 \]
Step 3: We know from the problem statement that the number of girls is 739. Therefore, we can set up the equation:
\[ B + 402 = 739 \]
Step 4: To find the number of boys, we need to solve for \( B \). Subtract 402 from both sides of the equation:
\[ B = 739 - 402 \]
Step 5: Perform the subtraction:
\[ B = 337 \]

So, the number of boys in the school is 337.

#### 337",text,neutral
192,In a school there are 402 more girls than boys. If there are 739 girls How many boys are there in that school?,Because of the decision Sofia asked the students to suggest specific types of food. 182 students suggested adding mashed potatoes while others suggested adding bacon to the menu. If 166 more students suggested adding bacon than those that suggested mashed potatoes How many students suggested bacon?,337,348,"To solve this problem, let's define the variables and set up the equations based on the information provided.

Let:
- \( M \) be the number of students who suggested adding mashed potatoes.
- \( B \) be the number of students who suggested adding bacon.

From the problem, we know:
1. The total number of students who suggested adding mashed potatoes is 182.
   \[
   M = 182
   \]
2. The number of students who suggested adding bacon is 166 more than the number of students who suggested adding mashed potatoes.
   \[
   B = M + 166
   \]

Substitute the value of \( M \) into the second equation:
\[
B = 182 + 166
\]

Now, perform the addition:
\[
B = 348
\]

So, the number of students who suggested adding bacon is:
\[
\boxed{348}
\]",text,neutral
193,Because of the decision Sofia asked the students to suggest specific types of food. 182 students suggested adding mashed potatoes while others suggested adding bacon to the menu. If 166 more students suggested adding bacon than those that suggested mashed potatoes How many students suggested bacon?,"The grasshopper, the frog and the mouse had a jumping contest. The grasshopper jumped 9 inches. The mouse jumped 3 inches lesser than the frog who jumped 33 inches farther than the grasshopper. How far did the mouse jump?",348,39,"Let's break down the problem step by step:

1. **Grasshopper's Jump**: The grasshopper jumped 9 inches.
2. **Frog's Jump**: The frog jumped 33 inches farther than the grasshopper. Therefore, we calculate the frog's jump as follows:
   \[
   \text{Frog's jump} = \text{Grasshopper's jump} + 33 = 9 + 33 = 42 \text{ inches}
   \]
3. **Mouse's Jump**: The mouse jumped 3 inches less than the frog. Therefore, we calculate the mouse's jump as follows:
   \[
   \text{Mouse's jump} = \text{Frog's jump} - 3 = 42 - 3 = 39 \text{ inches}
   \]

So, the mouse jumped 39 inches.

#### 39",text,neutral
194,"The grasshopper, the frog and the mouse had a jumping contest. The grasshopper jumped 9 inches. The mouse jumped 3 inches lesser than the frog who jumped 33 inches farther than the grasshopper. How far did the mouse jump?",Ed had 30 more marbles than Doug. Ed lost 21 of his marbles at the playground. If Ed had 91 marbles How many more marbles did Ed have than Doug then?,39,9,"Let's solve the problem step by step using the information provided in Source B.

1. **Determine how many marbles Ed originally had before losing any:**
   - Ed had 91 marbles after losing 21.
   - Therefore, before losing 21 marbles, Ed had \( 91 + 21 = 112 \) marbles.

2. **Determine how many more marbles Ed had than Doug initially:**
   - Ed had 30 more marbles than Doug.
   - So, if Doug had \( x \) marbles, then Ed had \( x + 30 \).
   - Since Ed had 112 marbles, we can set up the equation:
     \[
     x + 30 = 112
     \]
   - Solving for \( x \):
     \[
     x = 112 - 30 = 82
     \]
   - Therefore, Doug had 82 marbles.

3. **Calculate how many more marbles Ed had than Doug:**
   - Ed had 112 marbles and Doug had 82 marbles.
   - The difference is:",neither,neutral
195,Ed had 30 more marbles than Doug. Ed lost 21 of his marbles at the playground. If Ed had 91 marbles How many more marbles did Ed have than Doug then?,Danny collects bottle caps. He found 30 bottle caps at the park while he threw away 63 old ones. Now he has 42 bottle caps in his collection. How many more bottle caps did danny throw away than those he found at the park?,9,33,"To solve this problem, we need to determine how many more bottle caps Danny threw away compared to the number he found at the park.

1. **Calculate the total number of bottle caps Danny had before throwing any away:**
   - Danny found 30 bottle caps.
   - Danny threw away 63 bottle caps.
   - Total bottle caps before throwing any away = 30 (found) + 63 (thrown away).

2. **Determine the net change in the number of bottle caps:**
   - Danny now has 42 bottle caps in his collection.
   - Net change = Current collection - Total before throwing any away.
   - Net change = 42 - (30 + 63).

3. **Calculate the net change:**
   - Net change = 42 - 93 = -51.

4. **Interpret the net change:**
   - The negative value indicates that Danny lost 51 bottle caps overall.

5. **Determine the difference between the number of bottle caps thrown away and found:**
   - Bottle caps thrown away = 63.
   - Bottle caps found = 30.
   - Difference = 63 - 30 =",neither,neutral
196,Danny collects bottle caps. He found 30 bottle caps at the park while he threw away 63 old ones. Now he has 42 bottle caps in his collection. How many more bottle caps did danny throw away than those he found at the park?,There are 384 oranges and 192 bananas in Philip's collection. If the bananas are organized into 345 groups and oranges are organized into 16 groups How big is each group of oranges?,33,24,"To solve the problem, we need to determine the number of oranges in each group. Here are the steps:

1. Identify the total number of oranges: 384 oranges.
2. Identify the number of groups the oranges are organized into: 16 groups.
3. Divide the total number of oranges by the number of groups to find the number of oranges per group.

Let's perform the division:

\[ \text{Number of oranges per group} = \frac{\text{Total number of oranges}}{\text{Number of groups}} = \frac{384}{16} \]

Now, let's do the calculation:

\[ \frac{384}{16} = 24 \]

So, each group of oranges contains 24 oranges.

#### <answer> 24",text,neutral
197,There are 384 oranges and 192 bananas in Philip's collection. If the bananas are organized into 345 groups and oranges are organized into 16 groups How big is each group of oranges?,Paul got a box of 253 crayons for his birthday. By the end of the school year he had either lost or given away 70 of them. How many crayons did he have left by the end of the school year?,24,183,"To solve the problem, we need to determine how many crayons Paul has left after losing or giving away some of them.

1. Start with the total number of crayons Paul received: 253 crayons.
2. Subtract the number of crayons he lost or gave away: 70 crayons.

So, the calculation is:
\[ 253 - 70 = 183 \]

Therefore, the number of crayons Paul had left by the end of the school year is 183.

#### 183",text,neutral
198,Paul got a box of 253 crayons for his birthday. By the end of the school year he had either lost or given away 70 of them. How many crayons did he have left by the end of the school year?,Josh had 15 marbles in his collection. He found 9 marbles while he lost 23 marbles. How many more marbles did he lose than those he found?,183,14,"To solve the problem, let's break it down step by step:

1. **Initial number of marbles**: Josh started with 15 marbles.
2. **Marbles found**: Josh found 9 marbles.
3. **Marbles lost**: Josh lost 23 marbles.

We need to determine how many more marbles Josh lost than those he found.

4. **Calculate the difference between the marbles lost and found**:
   - Marbles lost = 23
   - Marbles found = 9
   - Difference = Marbles lost - Marbles found
   - Difference = 23 - 9

Now, perform the subtraction:
   - 23 - 9 = 14

So, Josh lost 14 more marbles than he found.

#### <answer> 14",text,neutral
199,Josh had 15 marbles in his collection. He found 9 marbles while he lost 23 marbles. How many more marbles did he lose than those he found?,An industrial machine can make 6 shirts a minute. It worked for 12 minutes yesterday and for 14 shirts today. How many shirts did machine make altogether?,14,156,"To solve the problem, we need to calculate the total number of shirts made by the machine over the two days.

Step 1: Calculate the number of shirts made yesterday.
- The machine makes 6 shirts per minute.
- It worked for 12 minutes yesterday.
- Therefore, the number of shirts made yesterday = 6 shirts/minute * 12 minutes = 72 shirts.

Step 2: Calculate the number of shirts made today.
- The machine made 14 shirts today.

Step 3: Calculate the total number of shirts made over the two days.
- Total shirts = shirts made yesterday + shirts made today
- Total shirts = 72 shirts + 14 shirts = 86 shirts.

#### 86",neither,neutral
200,An industrial machine can make 6 shirts a minute. It worked for 12 minutes yesterday and for 14 shirts today. How many shirts did machine make altogether?,A grocery store had 67 bottles of regular soda and 9 bottles of diet soda. How many more bottles of regular soda than diet soda did they have?,156,58,"To solve the problem, we need to find out how many more bottles of regular soda there are compared to diet soda.

Step 1: Identify the number of bottles of regular soda.
- The grocery store has 67 bottles of regular soda.

Step 2: Identify the number of bottles of diet soda.
- The grocery store has 9 bottles of diet soda.

Step 3: Calculate the difference between the number of bottles of regular soda and diet soda.
- Subtract the number of diet soda bottles from the number of regular soda bottles:
  \[
  67 - 9 = 58
  \]

So, the grocery store has 58 more bottles of regular soda than diet soda.

#### 58",text,neutral
201,A grocery store had 67 bottles of regular soda and 9 bottles of diet soda. How many more bottles of regular soda than diet soda did they have?,Lewis earns $ 21 every week during the 216 weeks of harvest. If he has to pay $ 702 tax How much money will have at the end of the harvest season?,58,3834,"To solve this problem, we need to follow these steps:

1. Calculate the total amount of money Lewis earns over the 216 weeks.
2. Subtract the tax from the total earnings to find out how much money he will have left.

Step 1: Calculate the total earnings.
Lewis earns $21 per week and works for 216 weeks.
\[ \text{Total earnings} = 21 \times 216 \]

Let's do the multiplication:
\[ 21 \times 216 = 4536 \]
So, Lewis earns $4536 in total.

Step 2: Subtract the tax from the total earnings.
Lewis has to pay $702 in tax.
\[ \text{Money left after tax} = 4536 - 702 \]

Now, let's do the subtraction:
\[ 4536 - 702 = 3834 \]

Therefore, the amount of money Lewis will have at the end of the harvest season is:
#### 3834",text,neutral
202,Lewis earns $ 21 every week during the 216 weeks of harvest. If he has to pay $ 702 tax How much money will have at the end of the harvest season?,Jessie weighed 92 kilograms. After she started to go jogging everyday she lost 56 kilograms in the first week and 99 kilograms in the second week. How much did she weigh after the first week of jogging?,3834,36,"To solve the problem step by step, we need to follow these steps:

1. Identify the initial weight of Jessie.
2. Determine how much weight she lost in the first week.
3. Subtract the weight lost in the first week from her initial weight to find her weight after the first week.

Step 1: Identify the initial weight of Jessie.
Jessie's initial weight is 92 kilograms.

Step 2: Determine how much weight she lost in the first week.
Jessie lost 56 kilograms in the first week.

Step 3: Subtract the weight lost in the first week from her initial weight.
\[ \text{Weight after the first week} = \text{Initial weight} - \text{Weight lost in the first week} \]
\[ \text{Weight after the first week} = 92 \, \text{kg} - 56 \, \text{kg} \]
\[ \text{Weight after the first week} = 36 \, \text{kg} \]

So, after the first week of jogging, Jessie weighed 36 kilograms.

#### 36",text,neutral
203,Jessie weighed 92 kilograms. After she started to go jogging everyday she lost 56 kilograms in the first week and 99 kilograms in the second week. How much did she weigh after the first week of jogging?,There were 21 roses in the vase. Jessica threw away 34 roses from the vase and cut some more new roses from her flower garden to put in the vase. There are now 15 roses in the vase. How many more roses did she throw away than those she cut from her garden?,36,6,"Let's break down the problem step by step:

1. **Initial number of roses**: There were originally 21 roses in the vase.
2. **Roses thrown away**: Jessica threw away 34 roses. However, this seems incorrect because it exceeds the initial number of roses. Let's assume there was a typo and the correct number of roses thrown away is 14 (since 21 - 14 = 7).
3. **New roses added**: After throwing away 14 roses, there were 7 roses left. Jessica then added some new roses to reach a total of 15 roses. The number of new roses added is \(15 - 7 = 8\).
4. **Comparison**: Jessica threw away 14 roses and added 8 roses. The difference between the number of roses thrown away and the number of roses added is \(14 - 8 = 6\).

So, Jessica threw away 6 more roses than she added.

#### <answer> 6",text,neutral
204,There were 21 roses in the vase. Jessica threw away 34 roses from the vase and cut some more new roses from her flower garden to put in the vase. There are now 15 roses in the vase. How many more roses did she throw away than those she cut from her garden?,Paco had 25 cookies. He ate 5 of them. Then he bought 3 more cookies How many more cookies did he eat than those he bought?,6,2,"Let's break down the problem step by step:

1. **Initial number of cookies**: Paco started with 25 cookies.
2. **Cookies eaten**: He ate 5 cookies.
3. **Cookies bought**: He then bought 3 more cookies.

Now, we need to find out how many more cookies he ate than those he bought.

- Cookies eaten: 5
- Cookies bought: 3

To find out how many more cookies he ate than those he bought, we subtract the number of cookies bought from the number of cookies eaten:

\[ \text{Cookies eaten} - \text{Cookies bought} = 5 - 3 = 2 \]

So, Paco ate 2 more cookies than he bought.

#### <answer> 2",text,neutral
205,Paco had 25 cookies. He ate 5 of them. Then he bought 3 more cookies How many more cookies did he eat than those he bought?,Melissa scored a total of 21 points playing some games. Is she scored 7 points in each game. How many games did she play?,2,3,"To solve the problem, we need to determine how many games Melissa played if she scored a total of 21 points and scored 7 points in each game.

Step 1: Identify the total points scored.
Total points = 21

Step 2: Identify the points scored per game.
Points per game = 7

Step 3: Calculate the number of games played.
Number of games = Total points / Points per game
Number of games = 21 / 7
Number of games = 3

So, Melissa played 3 games.

#### 3",text,neutral
206,Melissa scored a total of 21 points playing some games. Is she scored 7 points in each game. How many games did she play?,Paige was helping her mom plant flowers and together they planted 45 seeds in 9 flowerbeds. If they put same number of seeds in each flower bed How many seeds did they plant in each flowerbed?,3,5,"To solve the problem, we need to determine how many seeds were planted in each flowerbed. Here's the step-by-step solution:

1. Identify the total number of seeds planted.
   - The total number of seeds planted is 45.

2. Identify the number of flowerbeds.
   - The number of flowerbeds is 9.

3. Divide the total number of seeds by the number of flowerbeds to find out how many seeds were planted in each flowerbed.
   - \( \frac{45}{9} = 5 \)

So, the number of seeds planted in each flowerbed is 5.

#### 5",text,neutral
207,Paige was helping her mom plant flowers and together they planted 45 seeds in 9 flowerbeds. If they put same number of seeds in each flower bed How many seeds did they plant in each flowerbed?,Jake has 11 fewer peaches than Steven. If Jake has 17 peaches. How many peaches does Steven have?,5,28,"To solve the problem, we need to determine how many peaches Steven has based on the information provided about Jake's peaches.

Step 1: Identify the number of peaches Jake has.
Jake has 17 peaches.

Step 2: Determine how many fewer peaches Jake has compared to Steven.
Jake has 11 fewer peaches than Steven.

Step 3: Calculate the number of peaches Steven has.
Since Jake has 11 fewer peaches than Steven, we add 11 to the number of peaches Jake has to find out how many Steven has.
\[ \text{Number of peaches Steven has} = \text{Number of peaches Jake has} + 11 \]
\[ \text{Number of peaches Steven has} = 17 + 11 \]
\[ \text{Number of peaches Steven has} = 28 \]

So, Steven has 28 peaches.

#### 28",text,neutral
208,Jake has 11 fewer peaches than Steven. If Jake has 17 peaches. How many peaches does Steven have?,Frank was reading through his favorite book. The book had 193 pages equally distributed over 15 chapters. It took Frank 660 days to finish the book. How many chapters did he read per day?,28,44,"To solve this problem, we need to determine how many chapters Frank read per day.

Step 1: Calculate the total number of chapters in the book.
The book has 193 pages and these pages are equally distributed over 15 chapters. So, we divide the total number of pages by the number of chapters:
\[ \text{Number of chapters} = \frac{193}{15} \]

Step 2: Perform the division.
\[ \frac{193}{15} = 12.8667 \]
Since the number of chapters must be a whole number, we can conclude that the book is not perfectly divided into 15 equal parts, but for the purpose of this problem, we will consider the total number of chapters as 15 (as stated).

Step 3: Determine the number of chapters Frank read per day.
Frank finished the book in 660 days. To find out how many chapters he read per day, we divide the total number of chapters by the number of days:
\[ \text{Chapters per day} = \frac{15}{660} \]

Step 4: Simplify the fraction.
\[ \frac{15}{",neither,neutral
209,Frank was reading through his favorite book. The book had 193 pages equally distributed over 15 chapters. It took Frank 660 days to finish the book. How many chapters did he read per day?,Rachel had to complete 5 pages of math homework and 2 pages of reading homework. How many more pages of math homework than reading homework did she have?,44,3,"To solve the problem, we need to determine how many more pages of math homework Rachel had compared to her reading homework.

1. Identify the number of pages of math homework:
   - Rachel had to complete 5 pages of math homework.

2. Identify the number of pages of reading homework:
   - Rachel had to complete 2 pages of reading homework.

3. Calculate the difference between the number of pages of math homework and reading homework:
   - Difference = Pages of math homework - Pages of reading homework
   - Difference = 5 - 2

4. Perform the subtraction:
   - 5 - 2 = 3

So, Rachel had 3 more pages of math homework than reading homework.

#### 3",text,neutral
210,Rachel had to complete 5 pages of math homework and 2 pages of reading homework. How many more pages of math homework than reading homework did she have?,Frank put some pieces of candy equally into 2 bags. If he had 16 pieces of candy How many pieces of candy are in each bag?,3,8,"To solve the problem step by step, we need to determine how many pieces of candy are in each bag when Frank puts 16 pieces of candy equally into 2 bags.

Step 1: Identify the total number of pieces of candy.
The total number of pieces of candy is 16.

Step 2: Determine how many bags the candy is divided into.
The candy is divided into 2 bags.

Step 3: Calculate the number of pieces of candy in each bag.
To find out how many pieces of candy are in each bag, we divide the total number of pieces of candy by the number of bags:
\[ \text{Number of pieces per bag} = \frac{\text{Total number of pieces}}{\text{Number of bags}} = \frac{16}{2} = 8 \]

So, there are 8 pieces of candy in each bag.

#### 8",text,neutral
211,Frank put some pieces of candy equally into 2 bags. If he had 16 pieces of candy How many pieces of candy are in each bag?,Jerry had 8 action figures on a shelf in his room. Later he added 4 more action figures to the shelf and removed 5 old ones. How many action figures were on his shelf in all?,8,7,"To solve the problem step by step, let's follow these steps:

1. **Initial number of action figures**: Jerry started with 8 action figures.
2. **Adding more action figures**: He added 4 more action figures to the shelf.
3. **Removing old action figures**: He then removed 5 old action figures from the shelf.

Now, let's calculate the total number of action figures on the shelf after these changes:

- Start with 8 action figures.
- Add 4 more: \( 8 + 4 = 12 \).
- Remove 5 action figures: \( 12 - 5 = 7 \).

So, the total number of action figures on the shelf is 7.

#### <answer>",text,neutral
212,Jerry had 8 action figures on a shelf in his room. Later he added 4 more action figures to the shelf and removed 5 old ones. How many action figures were on his shelf in all?,Baker made 110 cakes. He sold 75 of them. Then he made 76 more cakes. How many cakes would baker still have?,7,111,"To solve the problem step by step, let's break it down:

1. **Initial number of cakes**: Baker started with 110 cakes.
2. **Cakes sold**: Baker sold 75 cakes. So, we subtract the number of cakes sold from the initial number:
   \[
   110 - 75 = 35
   \]
   After selling 75 cakes, Baker has 35 cakes left.
3. **More cakes made**: Baker then made 76 more cakes. We add these to the remaining cakes:
   \[
   35 + 76 = 111
   \]

So, after making and selling the cakes, Baker would have 111 cakes.

#### <answer>",text,neutral
213,Baker made 110 cakes. He sold 75 of them. Then he made 76 more cakes. How many cakes would baker still have?,Paco ate 19 cookies and had 35 cookies left. How many cookies did he have in the beginning?,111,54,"To solve the problem, we need to determine how many cookies Paco had initially. We know that after eating 19 cookies, he had 35 cookies left. Let's denote the number of cookies Paco had initially as \( x \).

The relationship between the initial number of cookies, the number eaten, and the number left can be expressed as:
\[ x - 19 = 35 \]

To find \( x \), we need to isolate it on one side of the equation. We do this by adding 19 to both sides of the equation:
\[ x - 19 + 19 = 35 + 19 \]
\[ x = 54 \]

So, Paco had 54 cookies in the beginning. The answer is:
#### 54",text,neutral
214,Paco ate 19 cookies and had 35 cookies left. How many cookies did he have in the beginning?,Dan has $ 4. He had $ 3 left with him after he bought a candy bar. How much did the candy bar cost?,54,1,"To solve the problem, let's break it down step by step:

1. **Initial Amount**: Dan starts with $4.
2. **Amount Left After Purchase**: After buying the candy bar, Dan has $3 left.
3. **Cost of the Candy Bar**: To find out how much the candy bar cost, we need to subtract the amount left from the initial amount.

So, the calculation is:
\[ \text{Cost of the candy bar} = \text{Initial amount} - \text{Amount left} \]
\[ \text{Cost of the candy bar} = \$4 - \$3 \]
\[ \text{Cost of the candy bar} = \$1 \]

Therefore, the candy bar cost $1. 

#### <answer>",text,neutral
215,Dan has $ 4. He had $ 3 left with him after he bought a candy bar. How much did the candy bar cost?,For the walls of the house he would use 11 nails in all to secure large planks of wood. If each plank needs 3 pieces of nails to be secured and an additional 8 nails were used. How many planks does John need for the house wall?,1,1,"To solve the problem, let's break it down step by step:

1. **Total nails used**: According to the problem, John uses 11 nails in total.
2. **Nails per plank**: Each plank requires 3 nails.
3. **Additional nails**: An additional 8 nails are used beyond the nails needed for the planks.

First, we need to find out how many nails are specifically used for securing the planks. Since there are 11 nails in total and 8 additional nails are used, the number of nails used for the planks is:
\[ 11 - 8 = 3 \text{ nails} \]

Next, we need to determine how many planks can be secured with these 3 nails. Since each plank requires 3 nails, the number of planks is:
\[ \frac{3 \text{ nails}}{3 \text{ nails per plank}} = 1 \text{ plank} \]

So, John needs 1 plank for the house wall.

#### <answer> 1",ambiguous,neutral
216,For the walls of the house he would use 11 nails in all to secure large planks of wood. If each plank needs 3 pieces of nails to be secured and an additional 8 nails were used. How many planks does John need for the house wall?,Paige raised 16 goldfish and 71 catfish in the pond but stray cats loved eating them. Now she has 2 left. How many goldfish disappeared?,1,14,"To solve the problem, let's break it down step by step:

1. **Initial Count of Fish:**
   - Paige initially had 16 goldfish.
   - Paige also had 71 catfish.
   - Total initial fish = 16 (goldfish) + 71 (catfish) = 87 fish.

2. **Current Count of Fish:**
   - After some time, Paige has 2 fish left in the pond.
   - These 2 fish could be either goldfish or catfish, but we need to find out how many goldfish disappeared.

3. **Fish Disappeared Calculation:**
   - The total number of fish that disappeared = Initial count - Current count.
   - Total fish that disappeared = 87 (initial) - 2 (current) = 85 fish.

4. **Goldfish Disappeared Calculation:**
   - Since we don't have specific information about which type of fish were eaten, we assume all the fish that disappeared were goldfish for simplicity.
   - Therefore, the number of goldfish that disappeared = Total fish that disappeared = 85.

So, the number of goldfish that disappeared is 85.

#### <answer> 85",neither,neutral
217,Paige raised 16 goldfish and 71 catfish in the pond but stray cats loved eating them. Now she has 2 left. How many goldfish disappeared?,Baker sold 44 cakes. If he had made 48 cakes initially How many cakes would baker still have?,14,4,"To solve the problem, we need to determine how many cakes the baker would have if he had made 48 cakes initially and then sold 44 of them.

Step 1: Identify the initial number of cakes.
The baker initially had 48 cakes.

Step 2: Subtract the number of cakes sold from the initial number of cakes.
The baker sold 44 cakes.

So, the calculation is:
\[ 48 - 44 = 4 \]

Therefore, the baker would still have 4 cakes.

#### <answer> 4",text,neutral
218,Baker sold 44 cakes. If he had made 48 cakes initially How many cakes would baker still have?,The ring toss game at the carnival made 325 dollars in the first 154 days and 114 dollars in the remaining 57 days. How much did they make per day in the remaining 57 days at the carnival?,4,2,"To solve the problem, we need to determine how much money was made per day during the remaining 57 days of the carnival.

Step 1: Identify the total amount of money made in the remaining 57 days.
The problem states that the ring toss game made $114 in the remaining 57 days.

Step 2: Calculate the daily earnings for the remaining 57 days.
To find the daily earnings, divide the total amount made in the remaining 57 days by the number of days (57).

\[ \text{Daily earnings} = \frac{\text{Total amount made in 57 days}}{\text{Number of days}} = \frac{114}{57} \]

Step 3: Perform the division.
\[ \frac{114}{57} = 2 \]

So, the ring toss game made $2 per day in the remaining 57 days.

#### 2",text,neutral
219,The ring toss game at the carnival made 325 dollars in the first 154 days and 114 dollars in the remaining 57 days. How much did they make per day in the remaining 57 days at the carnival?,Rachel had to complete 10 pages of math homework. If she had to complete 3 more pages of reading homework than math homework How many pages did she have to complete in all?,2,23,"To solve the problem, let's break it down step by step:

1. **Identify the amount of math homework**: Rachel had to complete 10 pages of math homework.
2. **Determine the amount of reading homework**: The problem states that Rachel had to complete 3 more pages of reading homework than math homework. Therefore, we add 3 pages to the 10 pages of math homework:
   \[
   10 \text{ pages (math)} + 3 \text{ pages} = 13 \text{ pages (reading)}
   \]
3. **Calculate the total number of pages completed**: To find the total number of pages Rachel had to complete, we add the pages of math homework and the pages of reading homework:
   \[
   10 \text{ pages (math)} + 13 \text{ pages (reading)} = 23 \text{ pages}
   \]

So, the total number of pages Rachel had to complete is 23.

#### 23",text,neutral
220,Rachel had to complete 10 pages of math homework. If she had to complete 3 more pages of reading homework than math homework How many pages did she have to complete in all?,"Being his favorite, he saved checking on the grapevines for his last stop. He was told by 36 of the pickers that they fill 8 drums of grapes per day. How many days will it take to fill 240 drums of grapes?",23,30,"To solve the problem step by step:

1. **Determine the daily production rate**: According to the information provided in Source B, 36 pickers fill 8 drums of grapes per day.
   
2. **Calculate the total number of drums filled per day by all pickers**: Since 36 pickers fill 8 drums per day, we can find out how many drums one picker fills per day and then multiply by 36 to get the total for all pickers.
   - Drums filled by one picker per day = \( \frac{8}{36} \)
   - Total drums filled by 36 pickers per day = \( 8 \times 36 \)

3. **Calculate the total drums filled by 36 pickers per day**:
   - Total drums filled by 36 pickers per day = \( 8 \times 36 = 288 \) drums

4. **Determine the number of days required to fill 240 drums**:
   - Number of days required = \( \frac{\text{Total drums needed}}{\text{Drums filled per day}} \)
   - Number of days required = \( \frac{240",neither,neutral
221,"Being his favorite, he saved checking on the grapevines for his last stop. He was told by 36 of the pickers that they fill 8 drums of grapes per day. How many days will it take to fill 240 drums of grapes?",Nell collects cards. She had 438 baseball cards and 18 Ace cards. She gave some of her cards to Jeff and now has 55 Ace cards and 178 baseball cards left. How many more baseball cards than Ace cards does Nell have?,30,123,"To solve the problem, let's break it down step by step:

1. **Initial Count of Cards:**
   - Baseball cards: 438
   - Ace cards: 18

2. **Cards Given to Jeff:**
   - After giving some cards to Jeff, Nell has:
     - Baseball cards: 178
     - Ace cards: 55

3. **Calculate the Number of Cards Given Away:**
   - For baseball cards:
     \[
     438 - 178 = 260
     \]
   - For Ace cards:
     \[
     18 - 55 = -37
     \]
     This indicates that Nell received 37 Ace cards from Jeff, not gave them away.

4. **Revised Count of Cards:**
   - Since Nell received 37 Ace cards, we need to adjust the count of Ace cards:
     \[
     55 + 37 = 92
     \]

5. **Final Count of Cards:**
   - Baseball cards: 178
   - Ace cards: 92

6. **Determine How Many More Baseball",neither,neutral
222,Nell collects cards. She had 438 baseball cards and 18 Ace cards. She gave some of her cards to Jeff and now has 55 Ace cards and 178 baseball cards left. How many more baseball cards than Ace cards does Nell have?,There were 15 roses in the vase. Jessica threw away 33 roses from the vase and cut some more new roses from her flower garden to put in the vase. There are now 17 roses in the vase. How many more roses did she cut than those she threw away?,123,2,"Let's break down the problem step by step:

1. **Initial number of roses**: There were initially 15 roses in the vase.
2. **Roses thrown away**: Jessica threw away 33 roses. However, since there were only 15 roses initially, this part seems incorrect as it implies more roses were thrown away than existed. Let's assume the correct interpretation is that Jessica threw away 33 roses but only had 15 initially, so we need to adjust our understanding accordingly.
3. **New roses added**: After throwing away 33 roses (which is not possible with only 15 initially), let's assume she meant to say she threw away 33 - 15 = 18 roses (since she can't throw away more than what was there).
4. **Final number of roses**: There are now 17 roses in the vase.
5. **Roses cut from the garden**: To find out how many new roses she cut, we need to calculate the difference between the final number of roses and the number after throwing away the initial roses. So, if she threw away 18 roses, the number of roses left would be 15 - 18 = -3, which",neither,neutral
223,There were 15 roses in the vase. Jessica threw away 33 roses from the vase and cut some more new roses from her flower garden to put in the vase. There are now 17 roses in the vase. How many more roses did she cut than those she threw away?,Dan has $ 4. For a total of $ 3 he bought 10 candy bar each one costing the same amount of money. How much money is left?,2,1,"To solve the problem step by step, let's break it down:

1. **Total Money Dan Has**: Dan starts with $4.
2. **Money Spent on Candy Bars**: Dan spends a total of $3 on candy bars.
3. **Number of Candy Bars**: Dan buys 10 candy bars.
4. **Cost per Candy Bar**: Since the total cost for 10 candy bars is $3, we can find the cost per candy bar by dividing the total cost by the number of candy bars:
   \[
   \text{Cost per candy bar} = \frac{\$3}{10} = \$0.30
   \]
5. **Money Left**: To find out how much money Dan has left, we subtract the total amount spent from the total money he had initially:
   \[
   \text{Money left} = \$4 - \$3 = \$1
   \]

So, the amount of money left is $\boxed{1}$.",text,neutral
224,Dan has $ 4. For a total of $ 3 he bought 10 candy bar each one costing the same amount of money. How much money is left?,If they are already at 659 feet and the cave is 762 feet deep How much farther until they reach the end of the cave?,1,103,"To solve the problem, we need to determine how much farther the group needs to travel to reach the end of the cave from their current position.

1. Identify the current depth: The group is currently at 659 feet.
2. Identify the total depth of the cave: The cave is 762 feet deep.
3. Calculate the remaining distance: Subtract the current depth from the total depth of the cave.

\[ \text{Remaining distance} = \text{Total depth} - \text{Current depth} \]
\[ \text{Remaining distance} = 762 \text{ feet} - 659 \text{ feet} \]
\[ \text{Remaining distance} = 103 \text{ feet} \]

So, the group needs to travel an additional 103 feet to reach the end of the cave.

#### 103",text,neutral
225,If they are already at 659 feet and the cave is 762 feet deep How much farther until they reach the end of the cave?,Faye was placing her pencils into 14 rows with 11 pencils in each row. How many pencils does she have?,103,154,"To solve the problem, we need to find the total number of pencils Faye has. The problem states that Faye is placing her pencils into 14 rows with 11 pencils in each row. We can calculate the total number of pencils by multiplying the number of rows by the number of pencils per row.

Step 1: Identify the number of rows.
Number of rows = 14

Step 2: Identify the number of pencils per row.
Number of pencils per row = 11

Step 3: Multiply the number of rows by the number of pencils per row to find the total number of pencils.
Total number of pencils = Number of rows × Number of pencils per row
Total number of pencils = 14 × 11

Step 4: Perform the multiplication.
14 × 11 = 154

So, the total number of pencils Faye has is 154.

#### 154",text,neutral
226,Faye was placing her pencils into 14 rows with 11 pencils in each row. How many pencils does she have?,There were 6 roses and 20 orchids in the vase. Jessica cut some more roses and orchids from her flower garden. There are now 21 orchids and 22 roses in the vase. How many more roses than orchids are there in the vase now?,154,1,"To solve this problem, let's break it down step by step:

1. **Initial Count of Flowers:**
   - Initially, there were 6 roses and 20 orchids in the vase.

2. **Final Count of Flowers:**
   - After cutting more flowers, there are now 21 orchids and 22 roses in the vase.

3. **Determine the Increase in Roses:**
   - The number of roses increased from 6 to 22.
   - Increase in roses = Final number of roses - Initial number of roses
   - Increase in roses = 22 - 6 = 16

4. **Determine the Increase in Orchids:**
   - The number of orchids increased from 20 to 21.
   - Increase in orchids = Final number of orchids - Initial number of orchids
   - Increase in orchids = 21 - 20 = 1

5. **Calculate the Difference Between the Final Counts:**
   - Final number of roses = 22
   - Final number of orchids = 21
   - Difference = Final number of roses - Final number of orchids
   - Difference = 2",neither,neutral
227,There were 6 roses and 20 orchids in the vase. Jessica cut some more roses and orchids from her flower garden. There are now 21 orchids and 22 roses in the vase. How many more roses than orchids are there in the vase now?,If Lewis earns $ 1357 every week during the 223 weeks of a harvest season. How much money will he earn if he works for 73 harvest seasons?,1,22090603,"To solve this problem, we need to follow these steps:

1. Calculate how much money Lewis earns in one harvest season.
2. Multiply that amount by the number of harvest seasons he works.

Step 1: Calculate the weekly earnings per harvest season.
Lewis earns $1357 every week during the 223 weeks of a harvest season. So, the total earnings for one harvest season would be:
\[ \text{Earnings per harvest season} = 1357 \times 223 \]

Step 2: Multiply the earnings per harvest season by the number of harvest seasons.
Lewis works for 73 harvest seasons. So, the total earnings over 73 harvest seasons would be:
\[ \text{Total earnings} = (\text{Earnings per harvest season}) \times 73 \]

Now, let's do the calculations:

\[ \text{Earnings per harvest season} = 1357 \times 223 \]
\[ 1357 \times 223 = 300411 \]

So, the total earnings over 73 harvest seasons would be:
\[ \text{Total earnings} = 300411 \",neither,neutral
228,If Lewis earns $ 1357 every week during the 223 weeks of a harvest season. How much money will he earn if he works for 73 harvest seasons?,A farmer had 171 tomatoes in his garden. If he picked 134 of them yesterday and 30 today. How many will he have left after today?,22090603,7,"To solve the problem, we need to follow these steps:

1. Determine how many tomatoes the farmer picked in total.
2. Subtract the total number of tomatoes picked from the initial number of tomatoes.

Step 1: Calculate the total number of tomatoes picked.
- Tomatoes picked yesterday: 134
- Tomatoes picked today: 30

Total tomatoes picked = 134 + 30 = 164

Step 2: Subtract the total number of tomatoes picked from the initial number of tomatoes.
- Initial number of tomatoes: 171
- Total tomatoes picked: 164

Tomatoes left = 171 - 164 = 7

So, the number of tomatoes the farmer will have left after today is 7.

#### 7",text,neutral
229,A farmer had 171 tomatoes in his garden. If he picked 134 of them yesterday and 30 today. How many will he have left after today?,Mary is baking a cake. The recipe calls for 11 cups of sugar and 9 cups of flour. She already put in 12 cups of flour and 10 cups of sugar. How many more cups of sugar does she need to add?,7,1,"To solve the problem, let's break it down step by step:

1. **Determine the total amount of sugar needed according to the recipe:**
   - The recipe calls for 11 cups of sugar.

2. **Determine the amount of sugar already added:**
   - Mary has already added 10 cups of sugar.

3. **Calculate the additional amount of sugar needed:**
   - Subtract the amount of sugar already added from the total amount needed.
   \[
   11 \text{ cups (total)} - 10 \text{ cups (already added)} = 1 \text{ cup}
   \]

So, Mary needs to add 1 more cup of sugar.

#### <answer> 1",text,neutral
230,Mary is baking a cake. The recipe calls for 11 cups of sugar and 9 cups of flour. She already put in 12 cups of flour and 10 cups of sugar. How many more cups of sugar does she need to add?,Winter is almost here and most animals are migrating to warmer countries. There were 89 bird families living near the mountain. If 60 bird families flew away for winter How many more bird families flew away for the winter than those that stayed behind?,1,31,"To solve the problem, we need to determine how many bird families flew away for the winter and compare this number to the number of bird families that stayed behind.

1. **Total number of bird families initially**: 89
2. **Number of bird families that flew away for winter**: 60

Next, we calculate the number of bird families that stayed behind:
\[ \text{Number of bird families that stayed behind} = \text{Total number of bird families} - \text{Number of bird families that flew away} \]
\[ \text{Number of bird families that stayed behind} = 89 - 60 = 29 \]

Now, we find out how many more bird families flew away compared to those that stayed behind:
\[ \text{Difference} = \text{Number of bird families that flew away} - \text{Number of bird families that stayed behind} \]
\[ \text{Difference} = 60 - 29 = 31 \]

So, 31 more bird families flew away for the winter than those that stayed behind.

#### 31",text,neutral
231,Winter is almost here and most animals are migrating to warmer countries. There were 89 bird families living near the mountain. If 60 bird families flew away for winter How many more bird families flew away for the winter than those that stayed behind?,Dan has $ 4. He bought 99 candy bar for $ 3 each one costing the same amount of money. How much money is left?,31,1,"To solve the problem step by step, let's break it down:

1. **Determine the total cost of the candy bars:**
   - Dan bought 99 candy bars.
   - Each candy bar costs $3.
   - Total cost = Number of candy bars × Cost per candy bar
   - Total cost = 99 × 3

2. **Calculate the total cost:**
   - 99 × 3 = 297

3. **Subtract the total cost from the initial amount of money:**
   - Dan initially had $4.
   - Money left = Initial amount - Total cost
   - Money left = 4 - 297

4. **Perform the subtraction:**
   - 4 - 297 = -293

Since the result is negative, it means Dan does not have enough money to buy all the candy bars. Therefore, he cannot buy 99 candy bars at $3 each with only $4.

#### <answer> The answer is that Dan cannot afford to buy 99 candy bars at $3 each with only $4.",neither,neutral
232,Dan has $ 4. He bought 99 candy bar for $ 3 each one costing the same amount of money. How much money is left?,Last week Fred had 47 dollars and Jason had 99 dollars. Over the weekend Fred delivered newspapers earning 111 dollars and washed cars earning 34 dollars. How much money does Fred have now?,1,192,"To solve the problem step by step, let's follow these steps:

1. **Initial Amounts:**
   - Fred initially had $47.
   - Jason initially had $99.

2. **Earnings Over the Weekend:**
   - Fred earned $111 from delivering newspapers.
   - Fred also earned $34 from washing cars.

3. **Total Earnings for Fred:**
   - Add the earnings from delivering newspapers and washing cars:
     \[
     111 + 34 = 145
     \]

4. **Total Money Fred Has Now:**
   - Add the initial amount to the total earnings:
     \[
     47 + 145 = 192
     \]

So, Fred has $192 now.

#### <answer>",text,neutral
233,Last week Fred had 47 dollars and Jason had 99 dollars. Over the weekend Fred delivered newspapers earning 111 dollars and washed cars earning 34 dollars. How much money does Fred have now?,4 birds and 6 storks were sitting on the fence. 2 more storks came to join them. How many storks are sitting on the fence?,192,8,"To solve the problem step by step:

1. **Initial number of storks**: There are initially 6 storks sitting on the fence.
2. **Additional storks**: 2 more storks come to join them.
3. **Total number of storks**: Add the initial number of storks to the additional storks.

So, we calculate:
\[ 6 \text{ (initial storks)} + 2 \text{ (additional storks)} = 8 \text{ storks} \]

#### <answer> 8",text,neutral
234,4 birds and 6 storks were sitting on the fence. 2 more storks came to join them. How many storks are sitting on the fence?,The school is planning a field trip. The school has 87 classrooms. There are 58 students in the school with each classroom having the same number of students. If there are 2 seats on each school bus. How many buses are needed to take the trip?,8,29,"To solve this problem, let's break it down step by step:

1. **Determine the total number of students:**
   - The school has 87 classrooms.
   - Each classroom has the same number of students.
   - There are 58 students in total.

2. **Calculate the number of students per classroom:**
   - Since there are 58 students and 87 classrooms, we need to find out how many students are in each classroom.
   - This can be calculated as \( \frac{58}{87} \).

3. **Determine the number of buses needed:**
   - Each bus has 2 seats.
   - We need to find out how many buses are required to accommodate all 58 students.

Let's perform the calculations:

1. Calculate the number of students per classroom:
   \[
   \text{Students per classroom} = \frac{58}{87}
   \]
   - Simplifying this fraction, we get approximately 0.667 students per classroom. However, since the number of students must be a whole number, we need to consider the total number of students and the capacity of the buses.

2. Determine the number of buses needed:",neither,neutral
235,The school is planning a field trip. The school has 87 classrooms. There are 58 students in the school with each classroom having the same number of students. If there are 2 seats on each school bus. How many buses are needed to take the trip?,Paul had 95 pens and 153 books. After selling some books and pens in a garage sale he had 13 books and 23 pens left. How many books did he sell in the garage sale?,29,140,"To solve the problem, we need to determine how many books Paul sold in the garage sale. Let's break it down step by step:

1. **Initial quantities:**
   - Pens: 95
   - Books: 153

2. **Final quantities after the garage sale:**
   - Pens: 23
   - Books: 13

3. **Calculate the number of books sold:**
   - Initial number of books: 153
   - Final number of books: 13
   - Number of books sold = Initial number of books - Final number of books
   - Number of books sold = 153 - 13
   - Number of books sold = 140

So, Paul sold 140 books in the garage sale.

#### <answer> 140",text,neutral
236,Paul had 95 pens and 153 books. After selling some books and pens in a garage sale he had 13 books and 23 pens left. How many books did he sell in the garage sale?,"After making some pies, chef had 2 apples left. Initially he had 43 apples How many apples did he use?",140,41,"To solve the problem step by step:

1. Identify the initial number of apples the chef had.
   - The chef initially had 43 apples.

2. Identify the number of apples left after making the pies.
   - The chef had 2 apples left after making the pies.

3. Calculate the number of apples used in making the pies.
   - Subtract the number of apples left from the initial number of apples.
   - \( 43 - 2 = 41 \)

So, the chef used 41 apples to make the pies.

#### 41",text,neutral
237,"After making some pies, chef had 2 apples left. Initially he had 43 apples How many apples did he use?",Josh had 19 marbles in his collection. He lost 11 marbles and found 5 new ones. How many marbles does he have now?,41,13,"To solve the problem step by step:

1. Start with the initial number of marbles Josh had: 19 marbles.
2. Subtract the number of marbles he lost: 19 - 11 = 8 marbles.
3. Add the number of new marbles he found: 8 + 5 = 13 marbles.

So, Josh now has 13 marbles.

#### 13",text,neutral
238,Josh had 19 marbles in his collection. He lost 11 marbles and found 5 new ones. How many marbles does he have now?,Ed had 24 more marbles than Doug. Doug lost 27 of his marbles at the playground while Ed found 9 more marbles. How many more marbles did Ed have than Doug then?,13,60,"Let's break down the problem step by step:

1. **Initial Condition**: Ed has 24 more marbles than Doug.
   - Let \( D \) be the number of marbles Doug has.
   - Then, Ed has \( D + 24 \) marbles.

2. **Doug's Marbles After Losing Some**:
   - Doug loses 27 marbles.
   - So, Doug now has \( D - 27 \) marbles.

3. **Ed's Marbles After Finding More**:
   - Ed finds 9 more marbles.
   - So, Ed now has \( (D + 24) + 9 = D + 33 \) marbles.

4. **Difference in Marbles Between Ed and Doug**:
   - The difference in the number of marbles between Ed and Doug is now \( (D + 33) - (D - 27) \).
   - Simplify the expression: \( D + 33 - D + 27 = 60 \).

So, Ed has 60 more marbles than Doug after these changes.

#### <answer> 60",text,neutral
239,Ed had 24 more marbles than Doug. Doug lost 27 of his marbles at the playground while Ed found 9 more marbles. How many more marbles did Ed have than Doug then?,If the cave is 919 feet deep and they need to travel 1307 feet How far is the end of the cave?,60,2226,"To solve the problem, we need to determine the total distance from the start of the cave to the end of the cave. The depth of the cave is given as 919 feet, and the distance they need to travel to reach the end of the cave is 1307 feet.

Step 1: Identify the depth of the cave.
Depth of the cave = 919 feet

Step 2: Identify the distance they need to travel to reach the end of the cave.
Distance to travel = 1307 feet

Step 3: Calculate the total distance from the start of the cave to the end of the cave.
Total distance = Depth of the cave + Distance to travel
Total distance = 919 feet + 1307 feet
Total distance = 2226 feet

Therefore, the end of the cave is 2226 feet away from the start of the cave. 

#### 2226",text,neutral
240,If the cave is 919 feet deep and they need to travel 1307 feet How far is the end of the cave?,Robin cut off 20 inches of his hair. If his hair is now 10 inches long How long was his hair before he cut?,2226,30,"To solve the problem, we need to determine how long Robin's hair was before he cut it.

Step 1: Identify the current length of Robin's hair.
Robin's hair is currently 10 inches long.

Step 2: Determine the amount of hair that was cut off.
Robin cut off 20 inches of his hair.

Step 3: Calculate the original length of Robin's hair.
The original length of Robin's hair can be found by adding the length of the hair that was cut off to the current length of his hair.

Original length = Current length + Length cut off
Original length = 10 inches + 20 inches
Original length = 30 inches

So, Robin's hair was originally 30 inches long.

#### 30",text,neutral
241,Robin cut off 20 inches of his hair. If his hair is now 10 inches long How long was his hair before he cut?,He then went to see the oranges being harvested. He found out that they harvest 44 sacks of ripe oranges and 25 sacks of unripe oranges per day. How many more sacks of ripe oranges than unripe oranges are harvested per day?,30,19,"To solve the problem, we need to find the difference between the number of sacks of ripe oranges and the number of sacks of unripe oranges harvested per day.

1. Identify the number of sacks of ripe oranges harvested per day:
   - The problem states that they harvest 44 sacks of ripe oranges per day.

2. Identify the number of sacks of unripe oranges harvested per day:
   - The problem states that they harvest 25 sacks of unripe oranges per day.

3. Calculate the difference between the number of sacks of ripe oranges and the number of sacks of unripe oranges:
   - Difference = Number of sacks of ripe oranges - Number of sacks of unripe oranges
   - Difference = 44 - 25

4. Perform the subtraction:
   - 44 - 25 = 19

So, there are 19 more sacks of ripe oranges than unripe oranges harvested per day.

#### 19",text,neutral
242,He then went to see the oranges being harvested. He found out that they harvest 44 sacks of ripe oranges and 25 sacks of unripe oranges per day. How many more sacks of ripe oranges than unripe oranges are harvested per day?,There are 4502 skittles in Steven's skittles collection. Steven also has 4276 erasers. If the skittles and erasers are organized into 154 groups How big is each group?,19,57,"To solve this problem, we need to find out how many items (skittles and erasers combined) are in each of the 154 groups when they are organized together.

First, let's calculate the total number of items in Steven's collection:
- Skittles: 4502
- Erasers: 4276

Total items = Skittles + Erasers
Total items = 4502 + 4276

Now, let's add these numbers:
4502 + 4276 = 8778

So, there are 8778 items in total.

Next, we need to divide the total number of items by the number of groups to find out how many items are in each group:
Number of items per group = Total items / Number of groups
Number of items per group = 8778 / 154

Now, let's perform the division:
8778 ÷ 154 = 57

Therefore, each group contains 57 items.

#### 57",text,neutral
243,There are 4502 skittles in Steven's skittles collection. Steven also has 4276 erasers. If the skittles and erasers are organized into 154 groups How big is each group?,Jake has 6 fewer peaches than Steven. Steven has 18 more peaches than Jill. If jill has 5 peaches How many peaches does Jake have?,57,17,"Let's solve the problem step by step:

1. **Determine how many peaches Jill has:**
   - According to the problem, Jill has 5 peaches.

2. **Calculate how many peaches Steven has:**
   - The problem states that Steven has 18 more peaches than Jill.
   - Therefore, Steven has \( 5 + 18 = 23 \) peaches.

3. **Determine how many peaches Jake has:**
   - The problem also states that Jake has 6 fewer peaches than Steven.
   - Therefore, Jake has \( 23 - 6 = 17 \) peaches.

So, Jake has 17 peaches.

#### <answer>",text,neutral
244,Jake has 6 fewer peaches than Steven. Steven has 18 more peaches than Jill. If jill has 5 peaches How many peaches does Jake have?,36 children were riding on the bus. At the bus stop 68 children got off the bus while some more got on the bus. Then there were 12 children altogether on the bus. How many more children got off the bus than those that got on?,17,24,"To solve this problem, let's break it down step by step:

1. **Initial number of children on the bus**: 36 children.
2. **Number of children who got off the bus**: 68 children.
3. **Final number of children on the bus**: 12 children.

First, we need to find out how many children got on the bus. We can do this by subtracting the initial number of children and the number of children who got off from the final number of children on the bus.

Let \( x \) be the number of children who got on the bus.

The equation representing the situation is:
\[ 36 - 68 + x = 12 \]

Simplify the left side:
\[ -32 + x = 12 \]

Add 32 to both sides to solve for \( x \):
\[ x = 12 + 32 \]
\[ x = 44 \]

So, 44 children got on the bus.

Next, we need to determine how many more children got off the bus than those that got on. We already know that 68 children got off the bus and 44 children got on the bus.

Calculate the difference:",neither,neutral
245,36 children were riding on the bus. At the bus stop 68 children got off the bus while some more got on the bus. Then there were 12 children altogether on the bus. How many more children got off the bus than those that got on?,Because of the decision Sofia asked the students to suggest specific types of food. If 228 students suggested adding mashed potatoes 337 suggested adding bacon to the menu and 23 suggested adding tomatoes How many more students suggested bacon than those that suggested tomatoes?,24,314,"To solve the problem, we need to find out how many more students suggested bacon than those who suggested tomatoes.

1. Identify the number of students who suggested bacon:
   - According to the problem, 337 students suggested adding bacon to the menu.

2. Identify the number of students who suggested tomatoes:
   - According to the problem, 23 students suggested adding tomatoes to the menu.

3. Calculate the difference between the number of students who suggested bacon and those who suggested tomatoes:
   - Difference = Number of students who suggested bacon - Number of students who suggested tomatoes
   - Difference = 337 - 23

4. Perform the subtraction:
   - 337 - 23 = 314

So, 314 more students suggested bacon than those who suggested tomatoes.

#### 314",text,neutral
246,Because of the decision Sofia asked the students to suggest specific types of food. If 228 students suggested adding mashed potatoes 337 suggested adding bacon to the menu and 23 suggested adding tomatoes How many more students suggested bacon than those that suggested tomatoes?,He then went to see the oranges being harvested. He found out that they harvested 56 sacks of oranges. How many sacks did they harvest per day if they harvested for a total of 14 days?,314,4,"To solve the problem, we need to determine how many sacks of oranges were harvested per day. Here's the step-by-step solution:

1. Identify the total number of sacks harvested.
   - The total number of sacks harvested is 56.

2. Identify the total number of days they harvested.
   - They harvested for a total of 14 days.

3. Calculate the number of sacks harvested per day.
   - To find the number of sacks harvested per day, divide the total number of sacks by the total number of days.
   - \( \text{Sacks per day} = \frac{\text{Total sacks}}{\text{Total days}} = \frac{56}{14} \).

4. Perform the division.
   - \( \frac{56}{14} = 4 \).

So, the number of sacks harvested per day is 4.

#### <answer> 4",text,neutral
247,He then went to see the oranges being harvested. He found out that they harvested 56 sacks of oranges. How many sacks did they harvest per day if they harvested for a total of 14 days?,Debby bought 88 water bottles and 13 soda bottles when they were on sale. If she drank 4 water bottles and 87 soda bottles a day How many days would the water bottles last?,4,22,"To solve the problem, we need to determine how many days the water bottles will last based on the information provided.

Step 1: Identify the total number of water bottles Debby bought.
- Debby bought 88 water bottles.

Step 2: Determine how many water bottles Debby drinks per day.
- Debby drinks 4 water bottles a day.

Step 3: Calculate the number of days the water bottles will last.
- To find out how many days the water bottles will last, divide the total number of water bottles by the number of water bottles consumed per day.
- \( \text{Number of days} = \frac{\text{Total number of water bottles}}{\text{Water bottles per day}} \)
- \( \text{Number of days} = \frac{88}{4} \)

Step 4: Perform the division.
- \( \frac{88}{4} = 22 \)

So, the water bottles will last for 22 days.

#### 22",text,neutral
248,Debby bought 88 water bottles and 13 soda bottles when they were on sale. If she drank 4 water bottles and 87 soda bottles a day How many days would the water bottles last?,Jerry had some action figures on a shelf in his room. Later he added 2 more action figures to the shelf and removed 7 of the old ones. If there are 10 action figures on his shelf now How many action figures did he have initially on the shelf?,22,15,"To solve this problem, we need to determine how many action figures Jerry initially had on the shelf before he added 2 more and removed 7.

Let's denote the initial number of action figures as \( x \).

According to the problem:
1. Jerry added 2 more action figures.
2. He then removed 7 action figures.
3. After these actions, there are 10 action figures left on the shelf.

We can set up the equation based on these steps:
\[ x + 2 - 7 = 10 \]

Now, let's solve for \( x \):
\[ x - 5 = 10 \]
\[ x = 10 + 5 \]
\[ x = 15 \]

So, Jerry initially had 15 action figures on the shelf.

#### <answer> 15",text,neutral
249,Jerry had some action figures on a shelf in his room. Later he added 2 more action figures to the shelf and removed 7 of the old ones. If there are 10 action figures on his shelf now How many action figures did he have initially on the shelf?,Mary is baking a cake. The recipe calls for 12 cups of flour 5 cups of sugar and 49 cups of salt. She already put in 11 cups of flour. How many more cups of flour does she need to add?,15,1,"To solve the problem, let's break it down step by step:

1. **Identify the total amount of flour needed**: According to the recipe, Mary needs 12 cups of flour.
2. **Determine how much flour has already been added**: Mary has already added 11 cups of flour.
3. **Calculate the remaining amount of flour needed**: Subtract the amount of flour already added from the total amount needed.

\[ \text{Remaining flour} = \text{Total flour needed} - \text{Flour already added} \]
\[ \text{Remaining flour} = 12 \text{ cups} - 11 \text{ cups} \]
\[ \text{Remaining flour} = 1 \text{ cup} \]

So, Mary needs to add 1 more cup of flour.

#### <answer> 1",text,neutral
250,Mary is baking a cake. The recipe calls for 12 cups of flour 5 cups of sugar and 49 cups of salt. She already put in 11 cups of flour. How many more cups of flour does she need to add?,Jake has 8 fewer peaches and 10 more apples than Steven. Steven has 11 apples and 18 peaches. How many more peaches than apples does Steven have?,1,7,"Let's break down the problem step by step:

1. **Determine how many peaches Steven has:**
   - Steven has 18 peaches.

2. **Determine how many apples Steven has:**
   - Steven has 11 apples.

3. **Calculate how many more peaches than apples Steven has:**
   - Subtract the number of apples from the number of peaches.
   - \( 18 \text{ (peaches)} - 11 \text{ (apples)} = 7 \)

So, Steven has 7 more peaches than apples.

#### <answer> 7",text,neutral
251,Jake has 8 fewer peaches and 10 more apples than Steven. Steven has 11 apples and 18 peaches. How many more peaches than apples does Steven have?,Mary is baking a cake. The recipe calls for 3 cups of sugar and 10 cups of flour. She already put in some cups of flour. If she still needs 5 more cups of flour than sugar How many cups of flour did she put in?,7,2,"To solve this problem, let's break it down step by step:

1. **Identify the total amount of sugar needed**: According to the recipe, Mary needs 3 cups of sugar.
2. **Determine the relationship between flour and sugar**: The problem states that Mary still needs 5 more cups of flour than sugar. This means if we let \( F \) be the number of cups of flour she has already added, then \( F + 5 = 3 \) (since she needs 5 more cups of flour than the 3 cups of sugar).
3. **Solve for \( F \)**: From the equation \( F + 5 = 3 \), we can isolate \( F \) by subtracting 5 from both sides:
   \[
   F = 3 - 5
   \]
   \[
   F = -2
   \]

Since it doesn't make sense to have a negative amount of flour, there seems to be an inconsistency or misunderstanding in the problem statement as provided. However, based on the logical steps, the calculation shows that Mary would need to add 2 more cups of flour to reach the required amount, but since she already added some, the initial setup might need re-e",text,neutral
252,Mary is baking a cake. The recipe calls for 3 cups of sugar and 10 cups of flour. She already put in some cups of flour. If she still needs 5 more cups of flour than sugar How many cups of flour did she put in?,If each pack costs 81 dollars How much will it cost to buy 33 packs of dvds?,2,2673,"To solve the problem step by step, we need to determine the total cost of buying 33 packs of DVDs when each pack costs $81.

Step 1: Identify the cost per pack.
The cost per pack is $81.

Step 2: Identify the number of packs.
The number of packs is 33.

Step 3: Calculate the total cost.
Total cost = Cost per pack × Number of packs
Total cost = $81 × 33

Step 4: Perform the multiplication.
$81 × 33 = $2673

So, the total cost to buy 33 packs of DVDs is $2673.

#### 2673",text,neutral
253,If each pack costs 81 dollars How much will it cost to buy 33 packs of dvds?,A mailman has to give 4 pieces of junk mail to each house in each of the 16 blocks. If there are 17 houses in each block How many pieces of junk mail should he give in total?,2673,1088,"To solve this problem, we need to calculate the total number of pieces of junk mail the mailman needs to deliver.

Step 1: Determine the number of houses in one block.
- There are 17 houses in each block.

Step 2: Determine the number of pieces of junk mail per house.
- The mailman needs to give 4 pieces of junk mail to each house.

Step 3: Calculate the total number of pieces of junk mail for one block.
- Multiply the number of houses by the number of pieces of junk mail per house:
  \[
  17 \text{ houses} \times 4 \text{ pieces/house} = 68 \text{ pieces/block}
  \]

Step 4: Determine the number of blocks.
- There are 16 blocks.

Step 5: Calculate the total number of pieces of junk mail for all blocks.
- Multiply the total number of pieces of junk mail per block by the number of blocks:
  \[
  68 \text{ pieces/block} \times 16 \text{ blocks} = 1088 \text{ pieces}
  \]

Therefore, the total number of pieces of junk mail the mailman should give is",text,neutral
254,A mailman has to give 4 pieces of junk mail to each house in each of the 16 blocks. If there are 17 houses in each block How many pieces of junk mail should he give in total?,David did 56 more push-ups than Zachary in gym class today. If David did 38 push-ups How many push-ups did Zachary and David do altogether?,1088,20,"To solve the problem, let's break it down step by step:

1. **Identify the information given:**
   - David did 56 more push-ups than Zachary.
   - David did 38 push-ups.

2. **Determine how many push-ups Zachary did:**
   - Let \( Z \) represent the number of push-ups Zachary did.
   - According to the problem, David did 56 more push-ups than Zachary, so we can write the equation:
     \[
     D = Z + 56
     \]
   - We know \( D = 38 \), so substitute this value into the equation:
     \[
     38 = Z + 56
     \]
   - Solve for \( Z \):
     \[
     Z = 38 - 56 = -18
     \]

3. **Check the logic:**
   - The result \( Z = -18 \) doesn't make sense in the context of the problem because the number of push-ups cannot be negative. This suggests there might be an error in the interpretation or the problem statement itself. However, based on the given information, we proceed with the calculation as",neither,neutral
255,David did 56 more push-ups than Zachary in gym class today. If David did 38 push-ups How many push-ups did Zachary and David do altogether?,Brenda's mother made 14 cookies for 2 guests. If each of them had the same number of cookies How many did each of them have?,20,7,"To solve the problem, we need to determine how many cookies each guest received if Brenda's mother made 14 cookies and there were 2 guests.

Step 1: Identify the total number of cookies.
The total number of cookies is 14.

Step 2: Identify the number of guests.
There are 2 guests.

Step 3: Divide the total number of cookies by the number of guests to find out how many cookies each guest received.
\[ \text{Cookies per guest} = \frac{\text{Total cookies}}{\text{Number of guests}} = \frac{14}{2} = 7 \]

So, each guest received 7 cookies.

#### 7",text,neutral
256,Brenda's mother made 14 cookies for 2 guests. If each of them had the same number of cookies How many did each of them have?,Mary is baking a cake. The recipe calls for 6 cups of flour 8 cups of sugar and 7 cups of salt. She already put in 5 cups of flour. How many more cups of sugar than cups of salt does she need to add now?,7,1,"To solve this problem, let's break it down step by step:

1. **Determine the amount of flour needed:**
   - The recipe calls for 6 cups of flour.
   - Mary has already added 5 cups of flour.
   - Therefore, the additional amount of flour needed is \(6 - 5 = 1\) cup.

2. **Determine the amount of sugar needed:**
   - The recipe calls for 8 cups of sugar.
   - Since we are only asked about the difference between sugar and salt, we don't need to calculate the exact amount of sugar Mary needs to add.

3. **Determine the amount of salt needed:**
   - The recipe calls for 7 cups of salt.
   - Since we are only asked about the difference between sugar and salt, we don't need to calculate the exact amount of salt Mary needs to add.

4. **Calculate the difference between the amounts of sugar and salt:**
   - The recipe calls for 8 cups of sugar and 7 cups of salt.
   - The difference between the amount of sugar and salt is \(8 - 7 = 1\) cup.

Therefore, Mary needs to add 1 more cup of sugar than cups of salt.

####",text,neutral
257,Mary is baking a cake. The recipe calls for 6 cups of flour 8 cups of sugar and 7 cups of salt. She already put in 5 cups of flour. How many more cups of sugar than cups of salt does she need to add now?,Jake has 12 fewer peaches and 79 more apples than Steven. Steven has 19 peaches and 14 apples. How many peaches does Jake have?,1,7,"To solve the problem, let's break it down step by step:

1. **Identify the number of peaches Steven has:**
   - Steven has 19 peaches.

2. **Determine how many peaches Jake has:**
   - Jake has 12 fewer peaches than Steven.
   - Therefore, we subtract 12 from the number of peaches Steven has:
     \[
     19 - 12 = 7
     \]

3. **Verify the number of apples Jake has:**
   - The problem states that Jake has 79 more apples than Steven.
   - However, this information is not needed to find out how many peaches Jake has.

So, the number of peaches Jake has is 7.

#### <answer> 7",text,neutral
258,Jake has 12 fewer peaches and 79 more apples than Steven. Steven has 19 peaches and 14 apples. How many peaches does Jake have?,Julia played tag with 12 kids on monday. She played tag with 14 kids on tuesday. She spent a total of 34 hours to play tag on both days. How many kids did she play with altogether?,7,26,"To solve this problem, we need to determine how many kids Julia played with in total over the two days.

1. **Number of kids on Monday**: Julia played with 12 kids.
2. **Number of kids on Tuesday**: Julia played with 14 kids.
3. **Total number of kids played with**: Add the number of kids from Monday and Tuesday.

\[ \text{Total number of kids} = 12 + 14 \]

\[ \text{Total number of kids} = 26 \]

So, Julia played with 26 kids altogether.

#### <answer> 26",text,neutral
259,Julia played tag with 12 kids on monday. She played tag with 14 kids on tuesday. She spent a total of 34 hours to play tag on both days. How many kids did she play with altogether?,Edward had $ 13. He spent some money. Now he has $ 3. How much money did Edward spend?,26,10,"To solve the problem, we need to determine how much money Edward spent. We start with the information given:

1. Edward initially had $13.
2. After spending some money, he has $3 left.

We can set up the equation to find out how much money Edward spent. Let's denote the amount of money Edward spent as \( x \).

The relationship between the initial amount, the amount spent, and the remaining amount can be expressed as:
\[ \text{Initial amount} - \text{Amount spent} = \text{Remaining amount} \]

Substituting the known values into the equation:
\[ 13 - x = 3 \]

To find \( x \), we need to isolate it on one side of the equation. We do this by subtracting 3 from both sides:
\[ 13 - 3 = x \]
\[ 10 = x \]

So, Edward spent $10.

#### 10",text,neutral
260,Edward had $ 13. He spent some money. Now he has $ 3. How much money did Edward spend?,Dan has $ 2. He bought some candy bar for $ 6 each one costing $ 3. How many candy bar did he buy?,10,2,"Let's solve the problem step by step:

1. **Identify the total amount of money Dan has:** Dan has $2.
2. **Determine the cost of one candy bar:** Each candy bar costs $3.
3. **Calculate how much money Dan would need to buy one candy bar:** Since each candy bar costs $3, and Dan only has $2, he does not have enough money to buy even one candy bar.

Therefore, the number of candy bars Dan can buy is 0.

#### <answer> 0",neither,neutral
261,Dan has $ 2. He bought some candy bar for $ 6 each one costing $ 3. How many candy bar did he buy?,Danny has 12 bottle caps in his collection. He found 53 bottle caps at the park. How many bottle caps does he have now?,2,65,"To solve the problem, we need to add the number of bottle caps Danny originally had to the number of bottle caps he found at the park.

Step 1: Identify the initial number of bottle caps Danny has.
Danny initially has 12 bottle caps.

Step 2: Identify the number of bottle caps Danny found at the park.
Danny found 53 bottle caps at the park.

Step 3: Add the two quantities together.
12 (initial bottle caps) + 53 (bottle caps found) = 65

So, Danny now has 65 bottle caps.

#### 65",text,neutral
262,Danny has 12 bottle caps in his collection. He found 53 bottle caps at the park. How many bottle caps does he have now?,Paul sold some books in a garage sale leaving him with 27 books. If he had 136 books initially How many books did he sell?,65,109,"To solve the problem, we need to determine how many books Paul sold. We know the following:

1. Paul started with 136 books.
2. After selling some books, he was left with 27 books.

We can set up the equation to find out how many books were sold:
\[ \text{Initial number of books} - \text{Number of books sold} = \text{Remaining number of books} \]

Let's denote the number of books sold as \( x \). So, the equation becomes:
\[ 136 - x = 27 \]

To find \( x \), we need to isolate it on one side of the equation. We do this by subtracting 27 from both sides:
\[ 136 - 27 = x \]

Now, perform the subtraction:
\[ 109 = x \]

So, Paul sold 109 books. The answer is:
#### 109",text,neutral
263,Paul sold some books in a garage sale leaving him with 27 books. If he had 136 books initially How many books did he sell?,Jack received 4 emails in the morning and some more in the afternoon. If he received a total of 5 emails in the day How many emails did Jack receive in the afternoon?,109,1,"To solve the problem, we need to determine how many emails Jack received in the afternoon. We know the following:

1. Jack received 4 emails in the morning.
2. The total number of emails Jack received in the day is 5.

Let's denote the number of emails Jack received in the afternoon as \( x \).

The equation representing the total number of emails can be written as:
\[ 4 + x = 5 \]

To find \( x \), we need to isolate it on one side of the equation. We do this by subtracting 4 from both sides of the equation:
\[ x = 5 - 4 \]
\[ x = 1 \]

So, Jack received 1 email in the afternoon.

#### <answer> 1",text,neutral
264,Jack received 4 emails in the morning and some more in the afternoon. If he received a total of 5 emails in the day How many emails did Jack receive in the afternoon?,Lewis earns a total of $ 1216 during the harvest. If he earns $ 16 each week How many weeks did the harvest last?,1,76,"To solve the problem, we need to determine how many weeks the harvest lasted based on the information provided.

1. **Total Earnings**: Lewis earns a total of $1216.
2. **Weekly Earnings**: Lewis earns $16 each week.

We can use the formula:
\[ \text{Number of Weeks} = \frac{\text{Total Earnings}}{\text{Weekly Earnings}} \]

Substituting the given values into the formula:
\[ \text{Number of Weeks} = \frac{1216}{16} \]

Now, perform the division:
\[ 1216 \div 16 = 76 \]

So, the harvest lasted for 76 weeks.

#### <answer> 76 weeks",text,neutral
265,Lewis earns a total of $ 1216 during the harvest. If he earns $ 16 each week How many weeks did the harvest last?,Frank was reading through some books. Each book had 249 pages and it took Frank 3 days to finish each book. How many pages did he read per day?,76,83,"To solve the problem, we need to determine how many pages Frank reads per day.

1. **Calculate the total number of pages in one book:**
   - Each book has 249 pages.

2. **Determine the number of days it takes Frank to finish one book:**
   - It takes Frank 3 days to finish each book.

3. **Calculate the number of pages Frank reads per day:**
   - To find the number of pages read per day, divide the total number of pages in one book by the number of days it takes to finish that book.
   \[
   \text{Pages per day} = \frac{\text{Total pages in one book}}{\text{Number of days}}
   \]
   \[
   \text{Pages per day} = \frac{249}{3}
   \]

4. **Perform the division:**
   \[
   249 \div 3 = 83
   \]

So, Frank reads 83 pages per day.

#### <answer> 83",text,neutral
266,Frank was reading through some books. Each book had 249 pages and it took Frank 3 days to finish each book. How many pages did he read per day?,They decided to hold the party in their backyard. If they have 11 sets of tables and each set has 13 chairs How many chairs do they have in the backyard?,83,143,"To solve the problem, we need to determine the total number of chairs in the backyard. The problem states that there are 11 sets of tables and each set has 13 chairs.

Step 1: Identify the number of sets of tables.
Number of sets of tables = 11

Step 2: Identify the number of chairs per set.
Number of chairs per set = 13

Step 3: Calculate the total number of chairs by multiplying the number of sets by the number of chairs per set.
Total number of chairs = Number of sets of tables × Number of chairs per set
Total number of chairs = 11 × 13

Step 4: Perform the multiplication.
11 × 13 = 143

Therefore, the total number of chairs in the backyard is 143.

#### 143",text,neutral
267,They decided to hold the party in their backyard. If they have 11 sets of tables and each set has 13 chairs How many chairs do they have in the backyard?,Brenda's mother made cookies for 10 guests but 9 guests did not come. If she prepared 18 cookies and each guest had the same number of cookies How many did each of them have?,143,18,"To solve the problem, let's break it down step by step:

1. **Determine the number of guests who actually came:**
   - Brenda's mother made cookies for 10 guests.
   - 9 guests did not come.
   - Therefore, the number of guests who actually came is \(10 - 9 = 1\).

2. **Calculate the number of cookies each guest received:**
   - Brenda's mother prepared 18 cookies.
   - There was only 1 guest who came.
   - So, each guest received \(\frac{18}{1} = 18\) cookies.

Thus, each guest who came received 18 cookies.

#### <answer>",text,neutral
268,Brenda's mother made cookies for 10 guests but 9 guests did not come. If she prepared 18 cookies and each guest had the same number of cookies How many did each of them have?,Rebecca wants to split a collection of eggs into groups of 3. Rebecca has 99 bananas 9 eggs and 27 marbles. How many groups will be created?,18,3,"Let's solve the problem step by step:

1. **Identify the relevant information**: The problem states that Rebecca wants to split a collection of eggs into groups of 3.
2. **Determine the number of eggs**: Rebecca has 9 eggs.
3. **Calculate the number of groups**: To find out how many groups of 3 can be made from 9 eggs, we divide the total number of eggs by the number of eggs per group.

\[ \text{Number of groups} = \frac{\text{Total number of eggs}}{\text{Eggs per group}} = \frac{9}{3} = 3 \]

So, Rebecca can create 3 groups of eggs.

#### 3",text,neutral
269,Rebecca wants to split a collection of eggs into groups of 3. Rebecca has 99 bananas 9 eggs and 27 marbles. How many groups will be created?,Ed had 29 more marbles than Doug. Ed lost 17 of his marbles at the playground. How many more marbles did Ed have than Doug then?,3,12,"To solve this problem, let's break it down step by step:

1. **Define Variables:**
   - Let \( E \) be the number of marbles Ed originally had.
   - Let \( D \) be the number of marbles Doug originally had.

2. **Set Up the Equation Based on the Information Given:**
   - According to the problem, Ed had 29 more marbles than Doug.
   - Therefore, we can write the equation:
     \[
     E = D + 29
     \]

3. **Account for the Marbles Ed Lost:**
   - Ed lost 17 marbles at the playground.
   - So, the number of marbles Ed has after losing 17 is:
     \[
     E - 17
     \]

4. **Determine How Many More Marbles Ed Has Than Doug After Losing Some:**
   - We need to find out how many more marbles Ed has than Doug after Ed loses 17 marbles.
   - Since \( E = D + 29 \), we substitute \( E \) in the expression \( E - 17 \):
     \[
     E - 17 = (D +",neither,neutral
270,Ed had 29 more marbles than Doug. Ed lost 17 of his marbles at the playground. How many more marbles did Ed have than Doug then?,There are 6 houses on a block. If a mailman has to give 24 pieces of junk mail to each block How many pieces of junk mail should he give in each house?,12,4,"To solve this problem, we need to determine how many pieces of junk mail the mailman should give to each house if there are 6 houses and he needs to distribute 24 pieces of junk mail per block.

Step 1: Identify the total number of pieces of junk mail needed for one block.
- The mailman needs to give 24 pieces of junk mail to each block.

Step 2: Determine the number of houses in one block.
- There are 6 houses on the block.

Step 3: Calculate the number of pieces of junk mail each house should receive.
- To find out how many pieces of junk mail each house should get, divide the total number of pieces of junk mail by the number of houses.
- \( \frac{24 \text{ pieces}}{6 \text{ houses}} = 4 \text{ pieces per house} \).

So, the mailman should give 4 pieces of junk mail to each house.

#### <answer> 4",text,neutral
271,There are 6 houses on a block. If a mailman has to give 24 pieces of junk mail to each block How many pieces of junk mail should he give in each house?,Zachary did 59 push-ups and 44 crunches in gym class today. David did 19 more push-ups but 27 less crunches than zachary. How many push-ups did David do?,4,78,"To solve the problem, let's break it down step by step:

1. **Determine how many push-ups David did:**
   - Zachary did 59 push-ups.
   - David did 19 more push-ups than Zachary.
   - Therefore, we add 19 to Zachary's push-ups:
     \[
     59 + 19 = 78
     \]
   - So, David did 78 push-ups.

2. **Determine how many crunches David did:**
   - Zachary did 44 crunches.
   - David did 27 less crunches than Zachary.
   - Therefore, we subtract 27 from Zachary's crunches:
     \[
     44 - 27 = 17
     \]
   - So, David did 17 crunches.

3. **Summarize the results:**
   - David did 78 push-ups and 17 crunches.

The final answer for the number of push-ups David did is:
#### 78",text,neutral
272,Zachary did 59 push-ups and 44 crunches in gym class today. David did 19 more push-ups but 27 less crunches than zachary. How many push-ups did David do?,Emily is making bead necklaces for her friends. Each necklace takes 8 beads and she has 16 beads. How many necklaces can Emily make?,78,2,"To solve the problem step by step, we need to determine how many necklaces Emily can make with the beads she has.

1. **Identify the total number of beads Emily has:** Emily has 16 beads.
2. **Determine how many beads each necklace requires:** Each necklace requires 8 beads.
3. **Calculate the number of necklaces Emily can make:** To find out how many necklaces she can make, we divide the total number of beads by the number of beads needed per necklace.

\[ \text{Number of necklaces} = \frac{\text{Total number of beads}}{\text{Beads per necklace}} = \frac{16}{8} = 2 \]

So, Emily can make 2 necklaces.

#### <answer> 2",text,neutral
273,Emily is making bead necklaces for her friends. Each necklace takes 8 beads and she has 16 beads. How many necklaces can Emily make?,Jesse's rooms are 19 feet long and 18 feet wide. If she has 20 rooms in all How much carpet does she need to cover the floors of all rooms?,2,6840,"To solve the problem, we need to calculate the total area of carpet required for all 20 rooms. Here are the steps:

1. Calculate the area of one room.
   - The length of one room is 19 feet.
   - The width of one room is 18 feet.
   - Area of one room = Length × Width = 19 feet × 18 feet = 342 square feet.

2. Calculate the total area for all 20 rooms.
   - Total area = Area of one room × Number of rooms = 342 square feet × 20 = 6840 square feet.

So, the total amount of carpet needed to cover the floors of all 20 rooms is 6840 square feet.

#### 6840",text,neutral
274,Jesse's rooms are 19 feet long and 18 feet wide. If she has 20 rooms in all How much carpet does she need to cover the floors of all rooms?,Next on his checklist is wax to stick the feathers together. If the feathers require 166 g of wax and right now he has 20 g How many more grams of wax does he need?,6840,146,"To solve the problem, we need to determine how much more wax the person needs to complete the task.

Step 1: Identify the total amount of wax required.
The problem states that the feathers require 166 grams of wax.

Step 2: Identify the amount of wax currently available.
The person has 20 grams of wax.

Step 3: Calculate the additional amount of wax needed.
We subtract the amount of wax currently available from the total amount required:
\[ 166 \text{ grams} - 20 \text{ grams} = 146 \text{ grams} \]

So, the person needs 146 more grams of wax.

#### 146",text,neutral
275,Next on his checklist is wax to stick the feathers together. If the feathers require 166 g of wax and right now he has 20 g How many more grams of wax does he need?,15 campers went rowing in the morning. Some more campers went rowing in the afternoon. If a total of 32 campers went rowing that day How many campers went rowing in the afternoon?,146,17,"To solve this problem, we need to determine how many campers went rowing in the afternoon. We know the following:

1. The number of campers who went rowing in the morning is 15.
2. The total number of campers who went rowing that day is 32.

Let's denote the number of campers who went rowing in the afternoon as \( x \).

The equation representing the total number of campers who went rowing can be written as:
\[ 15 + x = 32 \]

To find \( x \), we need to isolate it on one side of the equation. We do this by subtracting 15 from both sides of the equation:
\[ x = 32 - 15 \]
\[ x = 17 \]

So, the number of campers who went rowing in the afternoon is 17.

#### 17",text,neutral
276,15 campers went rowing in the morning. Some more campers went rowing in the afternoon. If a total of 32 campers went rowing that day How many campers went rowing in the afternoon?,We ordered some pizzas. Each pizza has 2 slices. If there were a total of 28 slices How many pizzas did we order?,17,14,"To solve the problem, let's break it down step by step:

1. **Identify the total number of slices**: The problem states that there were a total of 28 slices.
2. **Determine the number of slices per pizza**: Each pizza has 2 slices.
3. **Calculate the number of pizzas**: To find out how many pizzas were ordered, we need to divide the total number of slices by the number of slices per pizza.

So, we perform the division:
\[ \text{Number of pizzas} = \frac{\text{Total number of slices}}{\text{Number of slices per pizza}} = \frac{28}{2} = 14 \]

Therefore, the number of pizzas ordered is 14.

#### <answer>",text,neutral
277,We ordered some pizzas. Each pizza has 2 slices. If there were a total of 28 slices How many pizzas did we order?,Paul got a box of 521 crayons and 66 erasers for his birthday. At the end of the school year he only had 154 left while not having lost a single erasers. How many crayons had been lost or given away?,14,367,"To solve the problem, we need to determine how many crayons were lost or given away. Here's the step-by-step solution:

1. **Identify the initial number of crayons**: Paul started with 521 crayons.
2. **Identify the final number of crayons**: At the end of the school year, Paul had 154 crayons left.
3. **Calculate the number of crayons lost or given away**: Subtract the final number of crayons from the initial number of crayons.

\[ \text{Number of crayons lost or given away} = 521 - 154 \]

\[ \text{Number of crayons lost or given away} = 367 \]

So, the number of crayons that had been lost or given away is 367.

#### 367",text,neutral
278,Paul got a box of 521 crayons and 66 erasers for his birthday. At the end of the school year he only had 154 left while not having lost a single erasers. How many crayons had been lost or given away?,41 children were riding on the bus. At the bus stop some children got off the bus. Then there were 18 children left on the bus. How many more children were on the bus before the bus stop than there are now?,367,23,"To solve this problem, we need to determine how many children got off the bus at the stop and then find out how many more children were on the bus before the stop compared to after the stop.

Step 1: Determine the number of children who got off the bus.
- Initially, there were 41 children on the bus.
- After some children got off, there were 18 children left on the bus.
- The number of children who got off the bus is \( 41 - 18 = 23 \).

Step 2: Calculate how many more children were on the bus before the stop than there are now.
- Before the stop, there were 41 children.
- After the stop, there are 18 children.
- The difference in the number of children is \( 41 - 18 = 23 \).

So, the number of children that were on the bus before the bus stop is 23 more than the number of children that are on the bus now.

#### 23",text,neutral
279,41 children were riding on the bus. At the bus stop some children got off the bus. Then there were 18 children left on the bus. How many more children were on the bus before the bus stop than there are now?,Tiffany was collecting cans for recycling. On monday she had 7 bags of cans. The next day she found 12 more bags worth of cans. How many more bags did she find on the next day than she had on monday?,23,5,"To solve the problem step by step, let's break it down:

1. **Determine the number of bags Tiffany had on Monday:**
   - Tiffany had 7 bags of cans on Monday.

2. **Determine the number of bags Tiffany found on Tuesday:**
   - Tiffany found 12 more bags of cans on Tuesday.

3. **Calculate how many more bags Tiffany found on Tuesday compared to Monday:**
   - Subtract the number of bags on Monday from the number of bags on Tuesday.
   - \( 12 \text{ (Tuesday)} - 7 \text{ (Monday)} = 5 \)

So, Tiffany found 5 more bags on Tuesday than she had on Monday.

#### <answer> 5",text,neutral
280,Tiffany was collecting cans for recycling. On monday she had 7 bags of cans. The next day she found 12 more bags worth of cans. How many more bags did she find on the next day than she had on monday?,Edward had $ 18. He spent $ 16. How much money does Edward have now?,5,2,"To solve the problem step by step:

1. Start with the initial amount of money Edward has, which is $18.
2. Subtract the amount of money Edward spent, which is $16.

So, the calculation is:
\[ 18 - 16 = 2 \]

Edward now has $2.

#### <answer>",text,neutral
281,Edward had $ 18. He spent $ 16. How much money does Edward have now?,Lawrence county has 898051 kids. During summer break 629424 kids go to camp and the rest stay home. How many kids stay home?,2,268627,"To solve the problem, we need to find out how many kids stay home during summer break in Lawrence county.

Step 1: Identify the total number of kids in Lawrence county.
- Total number of kids = 898051

Step 2: Identify the number of kids who go to camp during summer break.
- Number of kids going to camp = 629424

Step 3: Calculate the number of kids who stay home by subtracting the number of kids going to camp from the total number of kids.
- Number of kids staying home = Total number of kids - Number of kids going to camp
- Number of kids staying home = 898051 - 629424

Step 4: Perform the subtraction.
- 898051 - 629424 = 268627

So, the number of kids who stay home is 268627.

#### 268627",text,neutral
282,Lawrence county has 898051 kids. During summer break 629424 kids go to camp and the rest stay home. How many kids stay home?,There were 16 roses and 3 orchids in the vase. Jessica cut some more roses and orchids from her flower garden. There are now 7 orchids and 13 roses in the vase. How many orchids did she cut?,268627,4,"To solve the problem, let's break it down step by step:

1. **Initial Count of Flowers:**
   - Initially, there were 16 roses and 3 orchids in the vase.

2. **Final Count of Flowers:**
   - After cutting some flowers, there are now 7 orchids and 13 roses in the vase.

3. **Determine the Change in Orchids:**
   - The number of orchids decreased from 3 to 7.
   - To find out how many orchids were cut, we need to calculate the difference between the initial and final count of orchids:
     \[
     \text{Initial orchids} - \text{Final orchids} = 3 - 7 = -4
     \]
   - Since the number of orchids increased (from 3 to 7), this means Jessica actually added 4 orchids to the vase, not cut any.

Therefore, the number of orchids Jessica cut is \(0\).

#### <answer>0",neither,neutral
283,There were 16 roses and 3 orchids in the vase. Jessica cut some more roses and orchids from her flower garden. There are now 7 orchids and 13 roses in the vase. How many orchids did she cut?,In a school there are 635 girls and the rest are boys. If there are 510 more boys than girls How many boys are there in that school?,4,1145,"To solve this problem, let's break it down step by step:

1. **Identify the total number of students**: The total number of students in the school is the sum of the number of girls and the number of boys.
   - Number of girls = 635
   - Let the number of boys be \( x \).

2. **Set up the equation based on the information given**: We know that there are 510 more boys than girls.
   - Therefore, \( x = 635 + 510 \).

3. **Calculate the number of boys**:
   - \( x = 635 + 510 = 1145 \).

So, the number of boys in the school is 1145.

#### <answer> 1145",text,neutral
284,In a school there are 635 girls and the rest are boys. If there are 510 more boys than girls How many boys are there in that school?,Danny collects bottle caps and wrappers. He found 30 bottle caps and 14 wrappers at the park. Now he has 7 bottle caps and 86 wrappers in his collection. How many more bottle caps than wrappers did danny find at the park?,1145,16,"To solve the problem, we need to determine how many bottle caps and wrappers Danny found at the park and then compare the number of bottle caps to the number of wrappers.

Step 1: Determine the number of bottle caps Danny found at the park.
Danny currently has 7 bottle caps in his collection. Since he originally had 30 bottle caps, the number of bottle caps he found at the park is:
\[ 30 - 7 = 23 \]

Step 2: Determine the number of wrappers Danny found at the park.
Danny currently has 86 wrappers in his collection. Since he originally had 14 wrappers, the number of wrappers he found at the park is:
\[ 14 - 86 = -72 \]
This result indicates that Danny actually found 72 fewer wrappers than he originally had, which means he lost or gave away 72 wrappers. However, for the purpose of this problem, we only need to know the difference between the number of bottle caps and wrappers he found at the park, which is 23 (bottle caps) and -72 (wrappers).

Step 3: Calculate the difference between the number of bottle caps and wrappers found at the park.
The difference is",neither,neutral
285,Danny collects bottle caps and wrappers. He found 30 bottle caps and 14 wrappers at the park. Now he has 7 bottle caps and 86 wrappers in his collection. How many more bottle caps than wrappers did danny find at the park?,There were 174 parents in the program and 521 pupils too. How many more pupils were present compared to parents in the program?,16,347,"To solve the problem, we need to find out how many more pupils were present compared to the number of parents in the program.

Step 1: Identify the number of parents.
The number of parents is given as 174.

Step 2: Identify the number of pupils.
The number of pupils is given as 521.

Step 3: Calculate the difference between the number of pupils and the number of parents.
\[ \text{Difference} = \text{Number of pupils} - \text{Number of parents} \]
\[ \text{Difference} = 521 - 174 \]

Step 4: Perform the subtraction.
\[ 521 - 174 = 347 \]

So, there were 347 more pupils than parents in the program.

#### 347",text,neutral
286,There were 174 parents in the program and 521 pupils too. How many more pupils were present compared to parents in the program?,Matthew gave 6 crackers to each his friends. If he had 36 crackers How many friends did he give crackers to?,347,6,"To solve the problem, we need to determine how many friends Matthew gave crackers to based on the information provided.

1. **Identify the total number of crackers Matthew has:** Matthew has 36 crackers.
2. **Determine how many crackers each friend received:** Each friend received 6 crackers.
3. **Calculate the number of friends:** To find out how many friends Matthew gave crackers to, we divide the total number of crackers by the number of crackers each friend received.

\[ \text{Number of friends} = \frac{\text{Total number of crackers}}{\text{Crackers per friend}} = \frac{36}{6} \]

4. **Perform the division:**

\[ \frac{36}{6} = 6 \]

So, Matthew gave crackers to 6 friends.

#### <answer> 6",text,neutral
287,Matthew gave 6 crackers to each his friends. If he had 36 crackers How many friends did he give crackers to?,There are 20 different books in the ' crazy silly school ' series. If you are yet to read 5 of the books How many books have you already read?,6,15,"To solve the problem, we need to determine how many books out of the 20 in the 'crazy silly school' series have been read if 5 books are still unread.

Step 1: Identify the total number of books in the series.
- Total number of books = 20

Step 2: Identify the number of books that are still unread.
- Unread books = 5

Step 3: Calculate the number of books that have been read.
- Read books = Total number of books - Unread books
- Read books = 20 - 5
- Read books = 15

So, the number of books that have been read is 15.

#### 15",text,neutral
288,There are 20 different books in the ' crazy silly school ' series. If you are yet to read 5 of the books How many books have you already read?,"The grasshopper, the frog and the mouse had a jumping contest. The grasshopper jumped 24 inches. The frog jumped 33 inches farther than the grasshopper and the mouse jumped 5 inches lesser than the frog. How much farther did the mouse jump than the grasshopper?",15,28,"To solve this problem, let's break it down step by step:

1. **Grasshopper's Jump**: The grasshopper jumped 24 inches.
   - Let \( G \) be the distance the grasshopper jumped.
   - So, \( G = 24 \) inches.

2. **Frog's Jump**: The frog jumped 33 inches farther than the grasshopper.
   - Let \( F \) be the distance the frog jumped.
   - Therefore, \( F = G + 33 \).
   - Substituting the value of \( G \):
     \[
     F = 24 + 33 = 57 \text{ inches}
     \]

3. **Mouse's Jump**: The mouse jumped 5 inches less than the frog.
   - Let \( M \) be the distance the mouse jumped.
   - Therefore, \( M = F - 5 \).
   - Substituting the value of \( F \):
     \[
     M = 57 - 5 = 52 \text{ inches}
     \]

4. **Difference in Jump Distance**: We need to find how much farther the mouse jumped compared to the grasshopper",neither,neutral
289,"The grasshopper, the frog and the mouse had a jumping contest. The grasshopper jumped 24 inches. The frog jumped 33 inches farther than the grasshopper and the mouse jumped 5 inches lesser than the frog. How much farther did the mouse jump than the grasshopper?",Haley grew 13 trees in her backyard. After a typhoon 6 died. How many more trees survived the typhoon than those that died?,28,1,"To solve the problem, let's break it down step by step:

1. **Initial number of trees**: Haley initially grew 13 trees.
2. **Number of trees that died**: After the typhoon, 6 trees died.
3. **Number of trees that survived**: To find out how many trees survived, we subtract the number of trees that died from the initial number of trees:
   \[
   13 - 6 = 7
   \]
4. **Number of trees that survived compared to those that died**: We need to determine how many more trees survived than those that died. This can be calculated as:
   \[
   7 - 6 = 1
   \]

So, the number of trees that survived the typhoon is 1 more than the number of trees that died.

#### <answer> 1",text,neutral
290,Haley grew 13 trees in her backyard. After a typhoon 6 died. How many more trees survived the typhoon than those that died?,There are 8 different books and 10 different movies in the ' crazy silly school ' series. If you read 19 of the books and watched 61 of the movies How many more movies than books are there in the ' crazy silly school ' series?,1,2,"To solve the problem, we need to determine how many more movies than books are in the 'crazy silly school' series based on the information provided.

Step 1: Identify the number of books.
- The problem states that there are 8 different books in the 'crazy silly school' series.

Step 2: Identify the number of movies.
- The problem states that there are 10 different movies in the 'crazy silly school' series.

Step 3: Calculate the difference between the number of movies and the number of books.
- Subtract the number of books from the number of movies: \( 10 - 8 = 2 \).

Therefore, there are 2 more movies than books in the 'crazy silly school' series.

#### <answer> 2",text,neutral
291,There are 8 different books and 10 different movies in the ' crazy silly school ' series. If you read 19 of the books and watched 61 of the movies How many more movies than books are there in the ' crazy silly school ' series?,Faye was placing her pencils into rows with 22 pencils in each row. She had 6 packs of pencils each one having 14 pencils. How many pencils does she have?,2,84,"To solve the problem, we need to determine the total number of pencils Faye has.

Step 1: Calculate the total number of pencils in the packs.
- Each pack contains 14 pencils.
- Faye has 6 packs.

\[ \text{Total pencils} = 6 \times 14 \]

Step 2: Perform the multiplication.
\[ 6 \times 14 = 84 \]

So, Faye has 84 pencils in total.

#### 84",text,neutral
292,Faye was placing her pencils into rows with 22 pencils in each row. She had 6 packs of pencils each one having 14 pencils. How many pencils does she have?,White t - shirts can be purchased in packages. If mom buys 66 white t - shirts where each package has 3 white t - shirts. How many packages will she have?,84,22,"To solve the problem, we need to determine how many packages of white t-shirts mom will have if she buys 66 white t-shirts and each package contains 3 white t-shirts.

Step 1: Identify the total number of white t-shirts.
- Total white t-shirts = 66

Step 2: Identify the number of white t-shirts per package.
- White t-shirts per package = 3

Step 3: Calculate the number of packages.
- Number of packages = Total white t-shirts / White t-shirts per package
- Number of packages = 66 / 3
- Number of packages = 22

So, mom will have 22 packages of white t-shirts.

#### 22",text,neutral
293,White t - shirts can be purchased in packages. If mom buys 66 white t - shirts where each package has 3 white t - shirts. How many packages will she have?,Mary is baking a cake. The recipe calls for 5 cups of sugar and 13 cups of flour. She already put in some cups of flour. If she still needs 12 more cups of flour How many cups of flour did she put in?,22,1,"To solve the problem, let's break it down step by step:

1. **Identify the total amount of flour needed**: According to the recipe, Mary needs 13 cups of flour.
2. **Determine how much flour she still needs**: The problem states that she still needs 12 more cups of flour.
3. **Calculate the amount of flour she has already added**: Since she needs 12 more cups out of the total 13 cups, we can find out how much she has already added by subtracting the remaining amount from the total amount needed:
   \[
   13 \text{ cups (total)} - 12 \text{ cups (remaining)} = 1 \text{ cup (already added)}
   \]

So, Mary has already put in 1 cup of flour.

#### <answer> 1",text,neutral
294,Mary is baking a cake. The recipe calls for 5 cups of sugar and 13 cups of flour. She already put in some cups of flour. If she still needs 12 more cups of flour How many cups of flour did she put in?,"7 red peaches, 15 yellow peaches and 8 green peaches are in the basket. How many peaches are in the basket?",1,30,"To solve the problem step by step:

1. Identify the number of each type of peach:
   - Red peaches: 7
   - Yellow peaches: 15
   - Green peaches: 8

2. Add the number of each type of peach to find the total number of peaches in the basket:
   - Total peaches = Red peaches + Yellow peaches + Green peaches
   - Total peaches = 7 + 15 + 8

3. Perform the addition:
   - 7 + 15 = 22
   - 22 + 8 = 30

So, the total number of peaches in the basket is 30.

#### 30",text,neutral
295,"7 red peaches, 15 yellow peaches and 8 green peaches are in the basket. How many peaches are in the basket?",Jack received 3 emails and 64 letters in the morning. He then received 5 emails and 54 letters in the afternoon. How many emails did jack receive in the day?,30,8,"To solve the problem, we need to determine the total number of emails Jack received throughout the day.

1. **Emails received in the morning:**
   - Jack received 3 emails in the morning.

2. **Emails received in the afternoon:**
   - Jack received 5 emails in the afternoon.

3. **Total emails received in the day:**
   - Add the emails from the morning and the afternoon.
   \[
   3 \text{ (morning emails)} + 5 \text{ (afternoon emails)} = 8 \text{ emails}
   \]

So, the total number of emails Jack received in the day is:
#### 8",text,neutral
296,Jack received 3 emails and 64 letters in the morning. He then received 5 emails and 54 letters in the afternoon. How many emails did jack receive in the day?,Ed had 2 more marbles than Doug. Doug lost some of his marbles at the playground. Now Ed has 19 more marbles than doug. How many marbles did Doug lose?,8,17,"Let's break down the problem step by step:

1. **Initial Condition**: Ed had 2 more marbles than Doug.
   - Let \( D \) be the number of marbles Doug initially had.
   - Then, Ed had \( D + 2 \) marbles.

2. **After Losing Marbles**: Doug lost some marbles, so let's say he lost \( x \) marbles.
   - Doug now has \( D - x \) marbles.
   - Ed still has \( D + 2 \) marbles.

3. **New Condition**: Ed now has 19 more marbles than Doug.
   - According to the new condition, \( D + 2 = (D - x) + 19 \).

4. **Solve for \( x \)**:
   \[
   D + 2 = D - x + 19
   \]
   Subtract \( D \) from both sides:
   \[
   2 = -x + 19
   \]
   Add \( x \) to both sides:
   \[
   2 + x = 19
   \]
   Subtract 2 from both sides:
   \[
   x =",neither,neutral
297,Ed had 2 more marbles than Doug. Doug lost some of his marbles at the playground. Now Ed has 19 more marbles than doug. How many marbles did Doug lose?,Dan has $ 3 left with him after he bought a candy bar for $ 2. How much money did he have initially?,17,5,"To solve the problem step by step, let's break it down:

1. **Identify the final amount of money Dan has:** Dan has $3 left.
2. **Identify the cost of the candy bar:** The candy bar costs $2.
3. **Determine the initial amount of money Dan had:** To find out how much money Dan had initially, we need to add the cost of the candy bar to the amount he has left.

So, if Dan has $3 left and the candy bar costs $2, then:
\[ \text{Initial amount} = \text{Amount left} + \text{Cost of candy bar} \]
\[ \text{Initial amount} = 3 + 2 \]
\[ \text{Initial amount} = 5 \]

Therefore, Dan initially had $5.

#### 5",text,neutral
298,Dan has $ 3 left with him after he bought a candy bar for $ 2. How much money did he have initially?,Jake has 13 fewer peaches and 3 more apples than Steven. Steven has 9 peaches and 8 apples. How many apples does Jake have?,5,11,"To solve the problem, let's break it down step by step:

1. **Determine how many peaches Jake has:**
   - Steven has 9 peaches.
   - Jake has 13 fewer peaches than Steven.
   - Therefore, Jake has \( 9 - 13 = -4 \) peaches. However, since the number of peaches cannot be negative, we need to re-evaluate the context. It seems there might be a misunderstanding in the interpretation of ""fewer."" If Jake has 13 fewer peaches than Steven, it means Jake has \( 9 - 13 = -4 \), which is not possible. Instead, if Jake has 13 fewer peaches than Steven, it means Jake has \( 9 - 13 = -4 \), but since peaches can't be negative, we should consider the absolute value or recheck the problem statement for any errors. For the sake of this problem, we'll assume the correct interpretation is that Jake has 13 fewer peaches than Steven, so Jake has \( 9 - 13 = -4 \), but practically, it means Jake has 0 peaches (since he can't have a negative number).",neither,neutral
299,Jake has 13 fewer peaches and 3 more apples than Steven. Steven has 9 peaches and 8 apples. How many apples does Jake have?,Winter is almost here and most animals are migrating to warmer countries. There are 41 bird families living near the mountain. If 35 bird families flew away to asia and 62 bird families flew away to africa How many more bird families flew away to africa than those that flew away to asia?,11,27,"To solve this problem, we need to determine how many more bird families flew away to Africa compared to those that flew away to Asia.

Step 1: Identify the number of bird families that flew away to Asia.
- According to the problem, 35 bird families flew away to Asia.

Step 2: Identify the number of bird families that flew away to Africa.
- According to the problem, 62 bird families flew away to Africa.

Step 3: Calculate the difference between the number of bird families that flew away to Africa and those that flew away to Asia.
- Difference = Number of bird families in Africa - Number of bird families in Asia
- Difference = 62 - 35

Step 4: Perform the subtraction.
- 62 - 35 = 27

So, 27 more bird families flew away to Africa than those that flew away to Asia.

#### 27",text,neutral
