problem_id,image_question,text_question,image_reference,text_reference,prediction,follows,prompt_role
0,Winter is almost here and most animals are migrating to warmer countries. There are 41 bird families living near the mountain. If 35 bird families flew away to asia and 62 bird families flew away to africa How many more bird families flew away to africa than those that flew away to asia?,Paige raised 7 goldfish and 12 catfish in the pond but stray cats loved eating them. Now she has 15 left. How many fishes disappeared?,27,4,"Step 1: Identify the initial number of fish and the number of fish that disappeared.
Initial number of fish: 7
Number of fish that disappeared: 5

Step 2: Subtract the number of fish that disappeared from the initial number of fish.
7 - 5 = 2

Step 3: The number of fish that disappeared is 2.
#### 2",neither,neutral
1,Paige raised 7 goldfish and 12 catfish in the pond but stray cats loved eating them. Now she has 15 left. How many fishes disappeared?,Marco and his dad went strawberry picking. Together they collected strawberries that weighed 22 pounds. On the way back Marco ' dad found 30 more pounds of strawberries. Marco's strawberries now weighed 36 pounds. How much did his dad's strawberries weigh now?,4,16,"Step 1: Determine the initial weight of the strawberries collected by Marco and his dad.
Marco and his dad collected strawberries that weighed 2 pounds.

Step 2: Determine the additional weight of strawberries found by Marco.
Marco found 33 more pounds of strawberries.

Step 3: Calculate the total weight of the strawberries after Marco found more.
Total weight = Initial weight + Additional weight
Total weight = 2 pounds + 33 pounds
Total weight = 35 pounds

Step 4: Determine the weight of the strawberries Marco's dad found.
Marco's dad found strawberries that weighed 36 pounds.

Step 5: Calculate the total weight of the strawberries Marco's dad found.
Total weight of dad's strawberries = 36 pounds

Step 6: Compare the total weight of the strawberries Marco found to the total weight of the strawberries Marco's dad found.
Total weight of Marco's strawberries = 35 pounds
Total weight of dad's strawberries = 36 pounds

Step 7: Determine the difference in weight between the strawberries Marco found and the strawberries Marco's dad found.
Difference in weight = Total weight of dad's strawberries - Total weight of Marco's strawberries
Difference in weight = 36 pounds - 35 pounds
Difference in weight = 1 pound",neither,neutral
2,Marco and his dad went strawberry picking. Together they collected strawberries that weighed 22 pounds. On the way back Marco ' dad found 30 more pounds of strawberries. Marco's strawberries now weighed 36 pounds. How much did his dad's strawberries weigh now?,Debby bought 200 water bottles and 256 soda bottles when they were on sale. If she drank 312 water bottles and 4 soda bottles a day How many days would the soda bottles last?,16,64,"Step 1: First, let's find out how many soda bottles Debby has in total. We know she bought 200 water bottles and 29 soda bottles.
Total_soda_bottles = 29

Step 2: Next, let's find out how many soda bottles Debby drinks per day. We know she drinks 312 water bottles and 4 soda bottles per day.
Soda_bottles_per_day = 4

Step 3: Now, let's calculate how many days the soda bottles will last. We divide the total number of soda bottles by the number of soda bottles Debby drinks per day.
Days_soda_will_last = Total_soda_bottles / Soda_bottles_per_day
Days_soda_will_last = 29 / 4
Days_soda_will_last = 7.25

Since we can't have a fraction of a day, we'll round up to the nearest whole number.
Days_soda_will_last = 8

#### 8",neither,neutral
3,Debby bought 200 water bottles and 256 soda bottles when they were on sale. If she drank 312 water bottles and 4 soda bottles a day How many days would the soda bottles last?,There were 106 dollars in Olivia's wallet. After she visited a supermarket and a showroom there were 26 dollars left. If she spent 49 dollars at the showroom How much did she spend at the supermarket?,64,31,"Step 1: Identify the initial amount of money TjJre had.
TjJre had 100 dollars.

Step 2: Identify the amount of money TjJre spent at the showroom.
TjJre spent 49 dollars at the showroom.

Step 3: Calculate the amount of money TjJre has left.
100 - 49 = 51 dollars left.

Step 4: Identify the amount of money TjJre had left after the purchase.
TjJre had 26 dollars left.

Step 5: Calculate the amount of money TjJre spent at the showroom.
51 - 26 = 25 dollars spent.

Step 6: The problem asks how much TjJre spent at the perfume counter.
TjJre spent 25 dollars at the perfume counter.

#### 25",neither,neutral
4,There were 106 dollars in Olivia's wallet. After she visited a supermarket and a showroom there were 26 dollars left. If she spent 49 dollars at the showroom How much did she spend at the supermarket?,Faye was placing her pencils and crayons into 30 rows with 71 crayons and 24 pencils in each row. How many pencils does she have?,31,720,"First, we need to find out how many pencils Faye has. Since there are 4 pencils in each pack and she bought 30 packs, we can calculate the total number of pencils by multiplying the number of packs by the number of pencils per pack: 30 packs * 4 pencils/pack = 120 pencils.

Now, we know that Faye has 120 pencils. The question asks how many pencils she has, so the answer is 120. 

#### 120",neither,neutral
5,Faye was placing her pencils and crayons into 30 rows with 71 crayons and 24 pencils in each row. How many pencils does she have?,Ed had 10 more marbles than Doug. Doug lost 11 of his marbles at the playground. If Ed had 45 marbles How many more marbles did Ed have than Doug then?,720,21,"Step 1: Identify the initial number of marbles Dug had.
Dug had 45 marbles.

Step 2: Determine the number of marbles Dug lost.
Dug lost 11 marbles.

Step 3: Calculate the number of marbles D had.
D had 10 more marbles than Dug, so D had 45 + 10 = 55 marbles.

Step 4: Calculate the difference in the number of marbles D and Dug had.
D had 55 marbles and Dug had 45 marbles, so D had 55 - 45 = 10 more marbles than Dug.

#### 10",neither,neutral
6,Ed had 10 more marbles than Doug. Doug lost 11 of his marbles at the playground. If Ed had 45 marbles How many more marbles did Ed have than Doug then?,26 children were riding on the bus. At the bus stop 38 more children got on the bus. How many children are on the bus now?,21,64,"Source A: Ed had 10 more marbles than Doug. Doug lost 11 of his marbles at the playground. If Ed had 45 marbles, how many more marbles did Ed have than Doug then?

Step 1: Determine the number of marbles Doug had before losing any.
Doug lost 11 marbles, so he had 10 more marbles than Ed. Since Ed had 45 marbles, Doug had 45 - 10 = 35 marbles before losing any.

Step 2: Calculate the number of marbles Doug had after losing 11 marbles.
Doug lost 11 marbles, so he had 35 - 11 = 24 marbles after losing.

Step 3: Determine the difference in the number of marbles between Ed and Doug.
Ed had 45 marbles, and Doug had 24 marbles after losing. The difference is 45 - 24 = 21 marbles.

Answer: Ed had 21 more marbles than Doug.",image,neutral
7,26 children were riding on the bus. At the bus stop 38 more children got on the bus. How many children are on the bus now?,Helen the hippo and her friends are preparing for thanksgiving at Helen's house. Helen baked 31 cookies yesterday 270 cookies this morning and 419 cookies the day before yesterday. How many cookies did Helen bake till last night?,64,450,"Step 1: Identify the total number of cookies baked by Helen.
Total cookies baked = 27 (today) + 619 (the day before yesterday)

Step 2: Add the number of cookies baked today and the day before yesterday.
Total cookies baked = 27 + 619 = 646

Step 3: Determine the number of cookies baked at night.
Number of cookies baked at night = Total cookies baked - Number of cookies baked during the day

Step 4: Since the problem does not specify the number of cookies baked during the day, we cannot determine the exact number of cookies baked at night. However, we can express it as:
Number of cookies baked at night = 646 - Number of cookies baked during the day

#### 646 - Number of cookies baked during the day",neither,neutral
8,Helen the hippo and her friends are preparing for thanksgiving at Helen's house. Helen baked 31 cookies yesterday 270 cookies this morning and 419 cookies the day before yesterday. How many cookies did Helen bake till last night?,He then went to see the oranges being harvested. He found out that they harvest 66 sacks per day and that each sack containes 25 oranges. How many oranges will they have after 87 days of harvest?,450,143550,"Step 1: Identify the number of oranges each person has.
Each person has 66 oranges.

Step 2: Determine the total number of oranges.
There are 5 people, so the total number of oranges is 5 * 66 = 330 oranges.

Step 3: Calculate the number of oranges after 87 days.
After 87 days, the total number of oranges will be 330 + (87 * 2) = 330 + 174 = 504 oranges.

#### 504",neither,neutral
9,He then went to see the oranges being harvested. He found out that they harvest 66 sacks per day and that each sack containes 25 oranges. How many oranges will they have after 87 days of harvest?,An industrial machine made 9 shirts yesterday and 44 shirts today. It can make 3 shirts a minute. How many minutes did the machine work yesterday?,143550,3,"Step 1: Determine the number of shirts made yesterday
The machine made 9 shirts yesterday.

Step 2: Determine the number of shirts made today
The machine made 4 shirts today.

Step 3: Determine the total number of shirts made
Total shirts made = 9 (yesterday) + 4 (today) = 13 shirts

Step 4: Determine the number of minutes the machine worked yesterday
The machine can make 13 shirts in 1 minute.

Step 5: Calculate the number of minutes the machine worked yesterday
Since the machine made 9 shirts yesterday, it worked for 9 minutes.

#### 9",neither,neutral
10,An industrial machine made 9 shirts yesterday and 44 shirts today. It can make 3 shirts a minute. How many minutes did the machine work yesterday?,Bryan took a look at his books and magazines. If he has 9 books and 46 magazines in each of his 10 bookshelves How many magazines does he have in total?,3,460,"Step 1: Bryan took a look at his bookshelf and magazines. He has 10 bookshelves.
Step 2: He has 2 magazines in each bookshelf.
Step 3: To find the total number of magazines, we need to multiply the number of bookshelves by the number of magazines in each bookshelf.
Step 4: 10 bookshelves * 2 magazines/bookshelf = 20 magazines
#### 20",neither,neutral
11,Bryan took a look at his books and magazines. If he has 9 books and 46 magazines in each of his 10 bookshelves How many magazines does he have in total?,Dave had 17 apps on his phone. After adding some he had 18 left. How many apps did he add?,460,1,"Davx had 17 pps on his phone. After adding some, he had 18 texts. To find out how many texts he added, we need to subtract the initial number of texts from the final number of texts.

18 (final number of texts) - 17 (initial number of texts) = 1

Davx added 1 text to his phone. #### 1",text,neutral
12,Dave had 17 apps on his phone. After adding some he had 18 left. How many apps did he add?,Dan has $ 4. He bought a candy bar for $ 7 and a chocolate for $ 6. How much money did he spend buying the candy bar and chocolate?,1,13,"Step 1: Identify the cost of the candy bar and the chocolate.
Dan bought a candy bar for $7 and a chocolate for $0.6.

Step 2: Add the cost of the candy bar and the chocolate to find the total amount spent.
Total amount spent = $7 + $0.6 = $7.6

Step 3: Write the final answer.
#### $7.6",neither,neutral
13,Dan has $ 4. He bought a candy bar for $ 7 and a chocolate for $ 6. How much money did he spend buying the candy bar and chocolate?,The bananas in Philip's collection are organized into 196 groups. If there are a total of 392 bananas in Philip's banana collection How big is each group?,13,2,"Step 1: Determine the total number of bananas in Philip's collection.
Total bananas = 92

Step 2: Determine the number of groups of bananas.
Number of groups = 5

Step 3: Calculate the size of each group.
Size of each group = Total bananas / Number of groups
Size of each group = 92 / 5
Size of each group = 18.4

Since the number of bananas must be a whole number, we can round the size of each group to the nearest whole number.
Size of each group = 18

#### 18",neither,neutral
14,The bananas in Philip's collection are organized into 196 groups. If there are a total of 392 bananas in Philip's banana collection How big is each group?,The cave is 1218 feet deep and they are already at 849 feet. If they are travelling at speed of 17 How much farther until they reach the end of the cave?,2,369,"Source A is an image of a math problem, while Source B is a text-based math problem. To solve the problem in Source B, we need to follow these steps:

1. Identify the given information:
   - Depth of the cave: 1218 feet
   - Current depth: 49 feet
   - Rate of descent: 9 feet per hour

2. Calculate the remaining depth to reach the bottom of the cave:
   - Remaining depth = Total depth - Current depth
   - Remaining depth = 1218 feet - 49 feet
   - Remaining depth = 1169 feet

3. Calculate the time it will take to reach the bottom of the cave:
   - Time = Remaining depth / Rate of descent
   - Time = 1169 feet / 9 feet per hour
   - Time = 129.89 hours (approximately)

4. Round the time to the nearest whole number, as the problem does not specify the need for decimal places:
   - Time ≈ 130 hours

So, it will take approximately 130 hours to reach the bottom of the cave. 

#### 130",neither,neutral
15,The cave is 1218 feet deep and they are already at 849 feet. If they are travelling at speed of 17 How much farther until they reach the end of the cave?,The Ferris wheel in paradise park has 4 seats. If 20 people can ride the wheel at the same time How many people can each seat hold?,369,5,"Source B: The cave is 1218 feet deep and they are already at 849 feet. If they are traveling at a speed of 17 feet per hour, how much farther until they reach the end of the cave?

Solution: 
1. Calculate the remaining distance to the end of the cave: 1218 feet - 849 feet = 369 feet
2. Calculate the time it will take to cover the remaining distance at the given speed: 369 feet / 17 feet per hour = 21.7 hours
3. The answer is 21.7 hours.",neither,neutral
16,The Ferris wheel in paradise park has 4 seats. If 20 people can ride the wheel at the same time How many people can each seat hold?,A farmer had 177 tomatoes and 12 potatoes in his garden. If he picked 53 tomatoes How many tomatoes and potatoes does he have left?,5,136,"Step 1: Identify the initial number of tomatoes and potatoes.
The farmer initially has 177 tomatoes and 52 potatoes.

Step 2: Determine the number of tomatoes picked.
The farmer picked 53 tomatoes.

Step 3: Calculate the remaining number of tomatoes.
Remaining tomatoes = Initial tomatoes - Picked tomatoes
Remaining tomatoes = 177 - 53
Remaining tomatoes = 124

Step 4: Determine the number of potatoes left.
The number of potatoes left is not affected by the number of tomatoes picked, so it remains the same.
Remaining potatoes = Initial potatoes
Remaining potatoes = 52

Step 5: Combine the remaining tomatoes and potatoes.
Total remaining = Remaining tomatoes + Remaining potatoes
Total remaining = 124 + 52
Total remaining = 176

#### 176",neither,neutral
17,A farmer had 177 tomatoes and 12 potatoes in his garden. If he picked 53 tomatoes How many tomatoes and potatoes does he have left?,Danny collects bottle caps. He lost 66 bottle caps at the park. Now he has 25 bottle caps in his collection. How many bottle caps did danny have at first?,136,91,"Step 1: Danny lost 66 bottle caps at the park.
Step 2: Danny now has 25 bottle caps in his collection.
Step 3: To find out how many bottle caps Danny had at first, we need to add the number of bottle caps he lost to the number of bottle caps he has now.
Step 4: 66 (bottle caps lost) + 25 (bottle caps now) = 91 bottle caps.
#### 91",text,neutral
18,Danny collects bottle caps. He lost 66 bottle caps at the park. Now he has 25 bottle caps in his collection. How many bottle caps did danny have at first?,"Jack received 4 emails in the morning, 5 emails in the afternoon and 8 emails in the evening. How many emails did Jack receive in the afternoon and evening?",91,13,"Step 1: Identify the number of emails received in the morning.
Jack received 4 emails in the morning.

Step 2: Identify the number of emails received in the afternoon.
Jack received 5 emails in the afternoon.

Step 3: Identify the number of emails received in the evening.
Jack received 8 emails in the evening.

Step 4: Add the number of emails received in the afternoon and evening.
5 (afternoon) + 8 (evening) = 13 emails

Step 5: Subtract the number of emails received in the morning from the total number of emails received in the afternoon and evening.
13 (afternoon and evening) - 4 (morning) = 9 emails

#### 9",neither,neutral
19,"Jack received 4 emails in the morning, 5 emails in the afternoon and 8 emails in the evening. How many emails did Jack receive in the afternoon and evening?",Paco had 22 sweet cookies and 75 salty cookies. He ate 15 sweet cookies and 54 salty cookies. How many sweet cookies did Paco have left?,13,7,"Step 1: Paco had 22 sweet cookies and 75 salty cookies.
Step 2: He ate 15 sweet cookies out of the 22 sweet cookies.
Step 3: To find out how many sweet cookies Paco has left, we subtract the number of sweet cookies he ate from the total number of sweet cookies he had.
Step 4: 22 sweet cookies - 15 sweet cookies = 7 sweet cookies left.
#### 7",text,neutral
20,Paco had 22 sweet cookies and 75 salty cookies. He ate 15 sweet cookies and 54 salty cookies. How many sweet cookies did Paco have left?,The ring toss game at the carnival made the same amount of money each day. In total in 5 days they earned 165 dollars. How much did they make per day?,7,33,"Step 1: Identify the total amount of money earned in 5 days.
Total money earned in 5 days = 165 dollars

Step 2: Determine the amount of money earned per day.
Amount of money earned per day = Total money earned in 5 days / Number of days
Amount of money earned per day = 165 dollars / 5 days
Amount of money earned per day = 33 dollars

Step 3: Calculate the amount of money earned in 10 days.
Amount of money earned in 10 days = Amount of money earned per day * Number of days
Amount of money earned in 10 days = 33 dollars * 10 days
Amount of money earned in 10 days = 330 dollars

#### 330",neither,neutral
21,The ring toss game at the carnival made the same amount of money each day. In total in 5 days they earned 165 dollars. How much did they make per day?,Dave had 24 files and 13 apps on his phone. After deleting some apps and files he had 17 apps and 21 files left. How many files did he delete?,33,3,"Step 1: Identify the initial number of files and apps on DCv's phone.
DCv had 24 files and 13 apps on his phone.

Step 2: Determine the total number of items on DCv's phone before any were deleted.
Total items = files + apps = 24 + 13 = 37 items

Step 3: Identify the number of files and apps left after some were deleted.
After deleting some apps and files, DCv had 17 files and 21 apps left.

Step 4: Determine the total number of items left after the deletion.
Total items left = files left + apps left = 17 + 21 = 38 items

Step 5: Calculate the number of items deleted.
Items deleted = Total items - Total items left = 37 - 38 = -1

Since the number of items deleted cannot be negative, there seems to be a mistake in the problem. The question asks how many items DCv deleted, but the information provided leads to a negative number, which is not possible. Therefore, the problem cannot be solved as it is presented. The answer is not applicable.",neither,neutral
22,Dave had 24 files and 13 apps on his phone. After deleting some apps and files he had 17 apps and 21 files left. How many files did he delete?,In a school there are 569 girls and 236 boys. How many more girls than boys does the school have?,3,333,"Step 1: Identify the number of girls and boys in the school.
Source B states that there are 569 girls and 36 boys in the school.

Step 2: Determine the difference between the number of girls and boys.
To find out how many more girls than boys there are, we need to subtract the number of boys from the number of girls.

569 (girls) - 36 (boys) = 533

Step 3: Write the final answer.
The school has 533 more girls than boys. 

#### 533",neither,neutral
23,In a school there are 569 girls and 236 boys. How many more girls than boys does the school have?,Rebecca wants to split a collection of eggs into groups of 11. If each group has 2 eggs How many eggs does Rebecca have?,333,22,"Step 1: Determine the total number of eggs Rebeccants has.
Rebeccants has 11 groups of eggs, and each group has 2 eggs. To find the total number of eggs, we multiply the number of groups by the number of eggs per group: 11 * 2 = 22 eggs.

Step 2: Write the answer.
Rebeccants has 22 eggs. 

#### 22",text,neutral
24,Rebecca wants to split a collection of eggs into groups of 11. If each group has 2 eggs How many eggs does Rebecca have?,Mary is baking a cake. The recipe calls for 7 cups of sugar and 10 cups of flour. She already put in 4 cups of sugar. How many more cups of sugar does she need to add?,22,3,"Step 1: Identify the total amount of sugar needed for the cake.
The total amount of sugar needed for the cake is 7 cups.

Step 2: Identify the amount of sugar already used.
Mary has already used 1 cup of sugar.

Step 3: Calculate the remaining amount of sugar needed.
To find the remaining amount of sugar needed, subtract the amount already used from the total amount needed.
Remaining sugar needed = Total sugar needed - Sugar already used
Remaining sugar needed = 7 cups - 1 cup
Remaining sugar needed = 6 cups

Step 4: Identify the amount of flour needed for the cake.
The total amount of flour needed for the cake is 10 cups.

Step 5: Identify the amount of flour already used.
Mary has already used 1 cup of flour.

Step 6: Calculate the remaining amount of flour needed.
To find the remaining amount of flour needed, subtract the amount already used from the total amount needed.
Remaining flour needed = Total flour needed - Flour already used
Remaining flour needed = 10 cups - 1 cup
Remaining flour needed = 9 cups

Step 7: Determine how many more cups of sugar and flour Mary needs to add.
Mary needs to add 6 cups of sugar",neither,neutral
25,Mary is baking a cake. The recipe calls for 7 cups of sugar and 10 cups of flour. She already put in 4 cups of sugar. How many more cups of sugar does she need to add?,Dave had 21 apps on his phone. He added 89 new apps. After deleting some he had 24 left. How many more apps did he add than he deleted?,3,3,"Step 1: Dave initially had 21 apps on his iPhone.
Step 2: He added 89 new apps, so the total number of apps became 21 + 89 = 110 apps.
Step 3: After deleting some apps, he had 24 apps left.
Step 4: To find out how many apps he deleted, we subtract the remaining apps from the total apps: 110 - 24 = 86 apps deleted.
Step 5: He needs to add 5 more apps than the number of apps he deleted, so he needs to add 86 + 5 = 91 apps.
#### 91",ambiguous,neutral
26,Dave had 21 apps on his phone. He added 89 new apps. After deleting some he had 24 left. How many more apps did he add than he deleted?,During summer break 202958 kids from Lawrence county go to camp and the other 777622 kids stay home. How many more kids stayed home compared to those who went to the camp?,3,574664,"Step 1: Identify the total number of kids in Source B.
Total number of kids = 22958

Step 2: Identify the number of kids who went to camp in Source B.
Number of kids who went to camp = 777

Step 3: Calculate the number of kids who stayed home.
Number of kids who stayed home = Total number of kids - Number of kids who went to camp
Number of kids who stayed home = 22958 - 777
Number of kids who stayed home = 22281

Step 4: Calculate the difference between the number of kids who stayed home and the number of kids who went to camp.
Difference = Number of kids who stayed home - Number of kids who went to camp
Difference = 22281 - 777
Difference = 21404

Step 5: The problem asks for the number of more kids who stayed home compared to those who went to camp.
Answer = Difference
Answer = 21404

#### 21404",neither,neutral
27,During summer break 202958 kids from Lawrence county go to camp and the other 777622 kids stay home. How many more kids stayed home compared to those who went to the camp?,The grasshopper and the frog had a jumping contest. The grasshopper jumped 13 inches. The grasshopper jumped 2 inches farther than the grasshopper. How far did the frog jump?,574664,11,"Source B: During summer break 202958 kids from Lawrence county go to camp and the other 777622 kids stay home. How many more kids stayed home compared to those who went to the camp?

Solution:
To find out how many more kids stayed home compared to those who went to the camp, we need to subtract the number of kids who went to the camp from the total number of kids who stayed home.

Total kids who stayed home = 777622
Kids who went to the camp = 202958

Difference = Total kids who stayed home - Kids who went to the camp
Difference = 777622 - 202958
Difference = 574664

#### 574664",image,neutral
28,The grasshopper and the frog had a jumping contest. The grasshopper jumped 13 inches. The grasshopper jumped 2 inches farther than the grasshopper. How far did the frog jump?,Allan brought 3 balloons and 20 balls while Jake brought 5 balloons and 59 balls to the park. How many balloons did Allan and Jake have in the park?,11,8,"First, let's find out how many balloons Allan bought in total. Allan bought 5 balloons and Jake bought 59 balloons. So, Allan bought 5 + 59 = 64 balloons.

Now, let's find out how many balloons Allan and Jake have in total. Allan and Jake have 64 + 59 = 123 balloons in total.

#### 123",neither,neutral
29,Allan brought 3 balloons and 20 balls while Jake brought 5 balloons and 59 balls to the park. How many balloons did Allan and Jake have in the park?,He then went to see the oranges being harvested. He found out that they harvest 8 sacks per day. How many days will it take to harvest 24 sacks of oranges?,8,3,"Step 1: Determine the number of sacks harvested per day.
The hen went to the orangeJ bttnu and found out that they harvest 8 sacks per day.

Step 2: Determine the total number of sacks needed.
The hen needs to harvest 7 sacks of Sra7geA.

Step 3: Calculate the number of days needed to harvest the required number of sacks.
To find out how many days it will take to harvest 7 sacks, we divide the total number of sacks needed by the number of sacks harvested per day: 7 sacks / 8 sacks per day = 0.875 days.

Since we cannot have a fraction of a day, we round up to the nearest whole number. Therefore, it will take 1 day to harvest 7 sacks of Sra7geA.

#### 1",neither,neutral
30,He then went to see the oranges being harvested. He found out that they harvest 8 sacks per day. How many days will it take to harvest 24 sacks of oranges?,Every day Ryan spends 6 hours on learning english and 5 hours on learning chinese. If he learns for 2 days How many hours does he spend on learning english in all?,3,12,"Step 1: Identify the number of hours R8an spends on learning English per day.
R8an spends 6 hours on learning English per day.

Step 2: Identify the number of days R8an learns.
R8an learns for 2 days.

Step 3: Calculate the total number of hours R8an spends on learning English.
Total hours = hours per day * number of days
Total hours = 6 hours/day * 2 days
Total hours = 12 hours

#### 12",text,neutral
31,Every day Ryan spends 6 hours on learning english and 5 hours on learning chinese. If he learns for 2 days How many hours does he spend on learning english in all?,Baker made 144 cakes. He sold 71 of them. Then he made 111 more cakes. How many more cakes did baker make than those he sold?,12,184,"Step 1: Takur initially made 1U cakes.
Step 2: He sold 71 of them.
Step 3: He then made 0 more cakes.
Step 4: To find out how many more cakes Takur made than those he sold, we subtract the number of cakes sold from the total number of cakes he made.
Step 5: 1U - 71 = 0.9U
Step 6: Since Takur made 0 more cakes, the number of cakes he made is equal to the number of cakes he sold.
Step 7: Therefore, Takur made 71 cakes.

#### 71",neither,neutral
32,Baker made 144 cakes. He sold 71 of them. Then he made 111 more cakes. How many more cakes did baker make than those he sold?,There were 12 people on the bus. At the next stop 4 more people got on the bus. Each bus can not have more than 36 people. How many people are there on the bus now?,184,16,"Step 1: Identify the initial number of people on the bus.
There were 12 people on the bus.

Step 2: Determine the number of people who got on the bus at the next stop.
4 more people got on the bus at the next stop.

Step 3: Calculate the total number of people on the bus after the next stop.
12 (initial people) + 4 (people who got on) = 16 people

Step 4: Check if the total number of people on the bus exceeds the maximum capacity.
The bus can not have more than 36 people.

Step 5: If the total number of people exceeds the maximum capacity, determine the number of people to remove.
16 (total people) - 36 (maximum capacity) = -20 (not possible, so we need to remove 20 people)

Step 6: Calculate the final number of people on the bus.
16 (total people) - 20 (people to remove) = -4 (not possible, so we need to remove 4 people)

Step 7: Calculate the final number of people on the bus.
16 (total people) - 4 (people to remove) = 12 people

#### 12",neither,neutral
33,There were 12 people on the bus. At the next stop 4 more people got on the bus. Each bus can not have more than 36 people. How many people are there on the bus now?,Allan brought 5 balloons and Jake brought 6 balloons to the park. Jake then bought 3 more balloons at the park. How many balloons did Jake bring to the park?,16,9,"Step 1: Allan brought 6 balloons to the park.
Step 2: Jake bought 3 more balloons at the park.
Step 3: To find out how many balloons Jake brought to the park, we add the number of balloons Allan brought to the number of balloons Jake bought: 6 + 3 = 9.
Answer: Allan brought 9 balloons to the park.",text,neutral
34,Allan brought 5 balloons and Jake brought 6 balloons to the park. Jake then bought 3 more balloons at the park. How many balloons did Jake bring to the park?,An industrial machine worked for 5 minutes. It can make 4 shirts a minute. How many shirts did machine make?,9,20,"Source A: The image shows a math problem with the following text: ""An industrial machine used 5 minutes. It made 4 shirts a minute. How many shirts did the machine make?""

Source B: The text is not a math problem but a description of an industrial machine that used 5 minutes and made 4 shirts a minute.

To solve the problem, we need to multiply the number of minutes the machine used by the number of shirts it made per minute.

5 minutes * 4 shirts/minute = 20 shirts

The machine made 20 shirts.",text,neutral
35,An industrial machine worked for 5 minutes. It can make 4 shirts a minute. How many shirts did machine make?,Paco had 9 sweet cookies and 6 salty cookies. He ate 36 sweet cookies and 3 salty cookies. How many salty cookies did Paco have left?,20,3,"Paco initially has 9 sweet cookies and 6 salty cookies. He ate 36 sweet cookies and 3 salty cookies. To find out how many salty cookies Paco has left, we need to subtract the number of salty cookies he ate from the initial number of salty cookies.

Initial number of salty cookies = 6
Number of salty cookies eaten = 3

Number of salty cookies left = Initial number of salty cookies - Number of salty cookies eaten
Number of salty cookies left = 6 - 3
Number of salty cookies left = 3

#### 3",text,neutral
36,Paco had 9 sweet cookies and 6 salty cookies. He ate 36 sweet cookies and 3 salty cookies. How many salty cookies did Paco have left?,A book has 3 chapters. The first chapter is 66 pages long the second chapter is 35 pages long and the third chapter is 24 pages long. How many pages does the book have altogether?,3,125,"Source A: 9 sweet cookies and 6 salty cookies. He ate 36 sweet cookies and 3 salty cookies. How many salty cookies did Paco have left?

Step 1: Calculate the total number of sweet cookies Paco had before eating.
Paco had 9 sweet cookies and ate 36 sweet cookies, so he had 9 - 36 = -27 sweet cookies left.

Step 2: Calculate the total number of salty cookies Paco had before eating.
Paco had 6 salty cookies and ate 3 salty cookies, so he had 6 - 3 = 3 salty cookies left.

Step 3: Combine the remaining sweet and salty cookies to find the total number of cookies Paco has left.
Paco has -27 sweet cookies and 3 salty cookies left, so he has -27 + 3 = -24 cookies left.

Answer: Paco has -24 cookies left.",neither,neutral
37,A book has 3 chapters. The first chapter is 66 pages long the second chapter is 35 pages long and the third chapter is 24 pages long. How many pages does the book have altogether?,Some children were riding on the bus. At the bus stop 2 more children got on the bus. Then there were 41 children altogether on the bus. How many children were riding on the bus before the bus stop?,125,39,"Source B: A book has 3 chapters. The first chapter is 66 pages long, the second chapter is 35 pages long, and the third chapter is 24 pages long. How many pages does the book have altogether?

Solution:
1. Add the number of pages in each chapter: 66 + 35 + 24 = 125
2. The book has 125 pages altogether.

#### 125",image,neutral
38,Some children were riding on the bus. At the bus stop 2 more children got on the bus. Then there were 41 children altogether on the bus. How many children were riding on the bus before the bus stop?,Rebecca wants to split a collection of eggs into 3 groups. Rebecca has 4 marbles and 15 eggs. How many eggs will each group have?,39,5,"Step 1: First, we need to determine the total number of marbles Rebecca has. We know that she has X marbles and 25 eggs. Since the problem does not specify the number of marbles, we will represent it as X.

Step 2: Next, we need to determine the number of groups Rebecca wants to divide the marbles and eggs into. We know that she wants to divide them into 3 groups.

Step 3: To find out how many marbles each group will have, we need to divide the total number of marbles (X) by the number of groups (3).

Step 4: The formula to calculate the number of marbles each group will have is: X / 3.

Since the problem does not provide the value of X, we cannot determine the exact number of marbles each group will have. Therefore, the answer is X / 3.",neither,neutral
39,Rebecca wants to split a collection of eggs into 3 groups. Rebecca has 4 marbles and 15 eggs. How many eggs will each group have?,After finding some bottle caps at the park danny has 32 bottle caps in his collection. If he had 25 bottle caps in his collection earlier How many bottle caps did he find at the park?,5,7,"Step 1: Identify the initial number of bottle caps in the collection.
The initial number of bottle caps in the collection is 3.

Step 2: Identify the number of bottle caps added to the collection.
Pad found 2 bottle caps in his collection earlier.

Step 3: Calculate the total number of bottle caps in the collection.
Total number of bottle caps = Initial number of bottle caps + Number of bottle caps added
Total number of bottle caps = 3 + 2
Total number of bottle caps = 5

Step 4: Determine the maximum number of bottle caps Pad could have found at the park.
Pad found 5 bottle caps in total, so the maximum number of bottle caps he could have found at the park is 5.

#### 5",image,neutral
40,After finding some bottle caps at the park danny has 32 bottle caps in his collection. If he had 25 bottle caps in his collection earlier How many bottle caps did he find at the park?,"Julia played tag with 15 kids on monday, 18 kids on tuesday and 97 kids on wednesday. How many kids did she play with on monday and tuesday?",7,33,"Source A: After finding some bottle caps at the park, Danny had 32 bottle caps in his collection. If he had 25 bottle caps in his collection earlier, how many bottle caps did he find at the park?

Step 1: Identify the initial number of bottle caps Danny had in his collection.
Danny initially had 25 bottle caps in his collection.

Step 2: Identify the number of bottle caps Danny had after finding more at the park.
Danny had 32 bottle caps after finding more at the park.

Step 3: Calculate the difference between the final and initial number of bottle caps to determine how many bottle caps Danny found at the park.
32 (final number of bottle caps) - 25 (initial number of bottle caps) = 7

Source B: Juia played taU with 5 kiE n mNdag, 18 kiDs on tDecday and 97 kd on wedesday. How mny kids diU he play wth on oday and uesday?

Step 1: Identify the number of kids Juia played with on Monday.
Juia played with 5 kids on Monday.

Step 2: Identify the number of kids Juia played with on Tuesday.
Juia played with 18",neither,neutral
41,"Julia played tag with 15 kids on monday, 18 kids on tuesday and 97 kids on wednesday. How many kids did she play with on monday and tuesday?",In Haley's class some boys love to play marbles. If Haley has 10 marbles and she gave 5 marbles to each boy How many boys did she give the marbles to?,33,2,"Source B: 15 kids on Monday, 18 kids on Tuesday, and 97 kids on Wednesday. How many kids did she play with on Monday and Tuesday?

Step 1: Identify the number of kids played with on Monday and Tuesday.
Monday: 15 kids
Tuesday: 18 kids

Step 2: Add the number of kids played with on Monday and Tuesday.
15 (Monday) + 18 (Tuesday) = 33 kids

Answer: Julia played with 33 kids on Monday and Tuesday.",image,neutral
42,In Haley's class some boys love to play marbles. If Haley has 10 marbles and she gave 5 marbles to each boy How many boys did she give the marbles to?,After resting they decided to go for a swim. If the depth of the water is 10 times Dean's height and he stands at 9 feet How much deeper is the water than Dean's height?,2,81,"Step 1: Identify the given information from Source B.
- The depth of the water is 1.7 times Dean's height.
- Dean's height is 9 feet.
- The water is 3 feet lower than Dean's height.

Step 2: Calculate the depth of the water.
- Depth of the water = 1.7 * Dean's height
- Depth of the water = 1.7 * 9 feet
- Depth of the water = 15.3 feet

Step 3: Calculate the water level.
- Water level = Depth of the water - 3 feet
- Water level = 15.3 feet - 3 feet
- Water level = 12.3 feet

#### 12.3",neither,neutral
43,After resting they decided to go for a swim. If the depth of the water is 10 times Dean's height and he stands at 9 feet How much deeper is the water than Dean's height?,A book has 3 chapters. The first chapter is 91 pages long the second chapter is 23 pages long and the third chapter is 25 pages long. How many more pages does the first chapter have than the second chapter?,81,68,"Step 1: Identify the number of pages in each chapter.
- First chapter: 91 pages
- Second chapter: 83 pages
- Third chapter: 25 pages

Step 2: Calculate the difference in the number of pages between the first and second chapters.
- Difference = Number of pages in the first chapter - Number of pages in the second chapter
- Difference = 91 - 83
- Difference = 8

Step 3: Add the difference to the number of pages in the third chapter to find the total number of pages in the first chapter.
- Total pages in the first chapter = Difference + Number of pages in the third chapter
- Total pages in the first chapter = 8 + 25
- Total pages in the first chapter = 33

Step 4: The total number of pages in the first chapter is 33.

#### 33",neither,neutral
44,A book has 3 chapters. The first chapter is 91 pages long the second chapter is 23 pages long and the third chapter is 25 pages long. How many more pages does the first chapter have than the second chapter?,"After eating a hearty meal they went to see the Buckingham palace. There, Rachel learned that 317 visitors came to the Buckingham palace that day. If there were 295 visitors the previous day How many more visitors visited the Buckingham palace on that day than on the previous day?",68,22,"Step 1: Identify the number of visitors on the previous day.
The number of visitors on the previous day is 295.

Step 2: Identify the number of visitors on the current day.
The number of visitors on the current day is 31.

Step 3: Calculate the difference in the number of visitors.
The difference in the number of visitors is 31 - 295 = -264.

Step 4: Determine the number of more visitors.
Since the difference is negative, there were 264 fewer visitors on the current day than on the previous day.

#### -264",neither,neutral
45,"After eating a hearty meal they went to see the Buckingham palace. There, Rachel learned that 317 visitors came to the Buckingham palace that day. If there were 295 visitors the previous day How many more visitors visited the Buckingham palace on that day than on the previous day?",The Razorback t-shirt shop made $ 51 dollars from selling 3 t-shirt during the Arkansas and Texas tech game they. What is the cost of each t-shirt?,22,17,"Source B: 3 t-shirts were sold for $51. To find the cost of one t-shirt, we divide the total amount by the number of t-shirts sold.

$51 ÷ 3 t-shirts = $17 per t-shirt

#### $17",text,neutral
46,The Razorback t-shirt shop made $ 51 dollars from selling 3 t-shirt during the Arkansas and Texas tech game they. What is the cost of each t-shirt?,"Jack received 3 emails in the morning, 4 emails in the afternoon and 8 emails in the evening. How many emails did Jack receive in the morning and evening?",17,11,"Step 1: Identify the number of emails received in the morning and evening.
Jack received 3 emails in the morning and 4 emails in the evening.

Step 2: Add the number of emails received in the morning and evening.
3 (morning) + 4 (evening) = 7 emails

Step 3: Add the number of emails received in the afternoon.
7 (morning and evening) + 3 (afternoon) = 10 emails

#### 10",neither,neutral
47,"Jack received 3 emails in the morning, 4 emails in the afternoon and 8 emails in the evening. How many emails did Jack receive in the morning and evening?",Lawrence county has 313473 kids. During summer break 274865 kids stay home and the rest go to camp. How many kids go to the camp during the break?,11,38608,"Step 1: Identify the total number of kids.
The total number of kids is 31,473.

Step 2: Identify the number of kids staying home.
The number of kids staying home is 27486.

Step 3: Subtract the number of kids staying home from the total number of kids to find the number of kids going to camp.
31,473 - 27,486 = 3,987

#### 3,987",neither,neutral
48,Lawrence county has 313473 kids. During summer break 274865 kids stay home and the rest go to camp. How many kids go to the camp during the break?,The grasshopper and the frog had a jumping contest. The grasshopper jumped 35 inches. The grasshopper jumped 4 inches farther than the frog. How much did they jump altogether?,38608,66,"Step 1: Identify the information given in the problem.
- The grasshopper jumped 5 inches north.
- The frog jumped 7 feet.
- The grasshopper jumped 29 inches south.
- The frog jumped 5 inches north.

Step 2: Convert the measurements to a common unit.
- 1 foot = 12 inches
- The frog jumped 7 feet = 7 * 12 = 84 inches

Step 3: Calculate the total distance the grasshopper jumped.
- The grasshopper jumped 5 inches north and 29 inches south.
- Total distance = 5 + 29 = 34 inches

Step 4: Calculate the total distance the frog jumped.
- The frog jumped 84 inches north and 5 inches south.
- Total distance = 84 - 5 = 79 inches

Step 5: Determine how much farther the frog jumped compared to the grasshopper.
- The frog jumped 79 inches and the grasshopper jumped 34 inches.
- Difference = 79 - 34 = 45 inches

Step 6: Answer the question.
- The frog jumped 45 inches farther than the grasshopper.

#### 45",neither,neutral
49,The grasshopper and the frog had a jumping contest. The grasshopper jumped 35 inches. The grasshopper jumped 4 inches farther than the frog. How much did they jump altogether?,Winter is almost here and most animals are migrating to warmer countries. There are 3 bird families living near the mountain. 26 new bird families came to live near the mountain from the arctic while 2 bird families flew away further south for winter. How many bird families were left near the mountain?,66,27,"Step 1: Identify the total number of bird families that migrated to the mountains.
Total bird families in the mountains = 26

Step 2: Identify the number of bird families that flew away further south.
Number of bird families that flew away = 5

Step 3: Calculate the number of bird families left near the mountains.
Number of bird families left near the mountains = Total bird families in the mountains - Number of bird families that flew away
Number of bird families left near the mountains = 26 - 5
Number of bird families left near the mountains = 21

#### 21",neither,neutral
50,Winter is almost here and most animals are migrating to warmer countries. There are 3 bird families living near the mountain. 26 new bird families came to live near the mountain from the arctic while 2 bird families flew away further south for winter. How many bird families were left near the mountain?,Adam could fit 8 action figures and 10 cabinets on each shelf in his room. His room has 4 shelves. How many total items could his shelves hold?,27,72,"Source A is not provided, so we cannot solve the problem using that source. However, we can solve the problem using Source B.

Step 1: Determine the total number of items that can fit on each shelf.
8 actiEn figures + 10 cabnAts = 18 items

Step 2: Determine the total number of shelves.
4 shelves

Step 3: Multiply the number of items that can fit on each shelf by the number of shelves.
18 items/shelf * 4 shelves = 72 items

#### 72",text,neutral
51,Adam could fit 8 action figures and 10 cabinets on each shelf in his room. His room has 4 shelves. How many total items could his shelves hold?,Robin's hair was 16 inches long. He cut off 11 inches. Then it again grew by 12 inches. How long is his hair now?,72,17,"Step 1: First, we need to find out how many inches of hair Adam cut off. We know that he cut off 11 inches.
Step 2: Next, we need to find out how many inches of hair Adam has left. We know that he had 16 inches of hair and cut off 11 inches, so we subtract 11 from 16.
Step 3: Finally, we need to find out how many inches of hair Adam has now. We know that he has 16 - 11 = 5 inches of hair left.
#### 5",neither,neutral
52,Robin's hair was 16 inches long. He cut off 11 inches. Then it again grew by 12 inches. How long is his hair now?,Friends of Katie had 57 games and she had 63 ds games. How many more games does Katie have than her friends?,17,6,"Step 1: Identify the number of games played by the friend.
The friend played 3 games.

Step 2: Identify the number of games played by the person.
The person played 57 games.

Step 3: Subtract the number of games played by the friend from the number of games played by the person.
57 - 3 = 54

#### 54",neither,neutral
53,Friends of Katie had 57 games and she had 63 ds games. How many more games does Katie have than her friends?,Lucy went to the grocery store. She bought 10 packs of cookie and 4 packs of cake. How many more packs of cookie did she buy over cake?,6,6,"Source A is not a math problem, it is a text describing a person going to the grocery store and buying packs of cookies and cukes. There is no math problem to solve.",invalid,neutral
54,Lucy went to the grocery store. She bought 10 packs of cookie and 4 packs of cake. How many more packs of cookie did she buy over cake?,"6 red peaches, 90 yellow peaches and 16 green peaches are in the basket. How many red and green peaches are in the basket?",6,22,"Step 1: Identify the number of red peaches and green peaches in the basket.
Red peaches: 90
Green peaches: 16

Step 2: Add the number of red peaches and green peaches to find the total number of peaches in the basket.
Total peaches = Red peaches + Green peaches
Total peaches = 90 + 16
Total peaches = 106

Step 3: The total number of peaches in the basket is 106.
#### 106",neither,neutral
55,"6 red peaches, 90 yellow peaches and 16 green peaches are in the basket. How many red and green peaches are in the basket?",Mary is baking a cake. The recipe calls for 10 cups of flour 2 cups of sugar and 80 cups of salt. She already put in 7 cups of flour. How many more cups of flour than cups of sugar does she need to add now?,22,1,"Step 1: Determine the total amount of flour and sugar needed for the cake.
The recipe calls for 10 cups of flour and 80 cups of sugar.

Step 2: Determine the amount of flour already added.
Mary has already added 7 cups of flour.

Step 3: Calculate the remaining amount of flour needed.
Remaining flour needed = Total flour needed - Flour already added
Remaining flour needed = 10 cups - 7 cups = 3 cups

Step 4: Compare the remaining flour needed to the amount of sugar needed.
The remaining flour needed is 3 cups, and the amount of sugar needed is 80 cups.

Step 5: Determine how many more cups of flour than sugar are needed.
More flour needed than sugar = Remaining flour needed - Amount of sugar needed
More flour needed than sugar = 3 cups - 80 cups = -77 cups

Since the result is negative, it means that Mary needs 77 cups less of flour than sugar. However, this is not the answer we are looking for. We need to find out how many more cups of flour than sugar she needs to add now.

Step 6: Calculate the difference between the amount of flour needed and the amount of sugar needed.
Difference = Amount of sugar",neither,neutral
56,Mary is baking a cake. The recipe calls for 10 cups of flour 2 cups of sugar and 80 cups of salt. She already put in 7 cups of flour. How many more cups of flour than cups of sugar does she need to add now?,Paco had 17 cookies. He ate 14 cookies and gave 13 of them to his friend. How many more cookies did he eat than those he gave to his friend?,1,1,"Step 1: Identify the number of cookies the person had initially.
The person initially had 7 cookies.

Step 2: Identify the number of cookies the person ate.
The person ate 14 cookies.

Step 3: Identify the number of cookies the person's friend had.
The person's friend had 1/2 of the remaining cookies, which is 1/2 * (7 - 14) = 1/2 * -7 = -3.5 cookies. Since we cannot have a fraction of a cookie, we will round down to 0 cookies.

Step 4: Calculate the difference in the number of cookies eaten by the person and the number of cookies the person's friend had.
The person ate 14 cookies, and the friend had 0 cookies, so the difference is 14 - 0 = 14 cookies.

#### 14",ambiguous,neutral
57,Paco had 17 cookies. He ate 14 cookies and gave 13 of them to his friend. How many more cookies did he eat than those he gave to his friend?,In a school there are 315 girls and 309 boys. There are also 772 teachers How many people are there in that school?,1,1396,"Source A is not a math problem, it is a text describing a school with 31 girls and 309 boys and 7 teachers. There is no math problem to solve.",neither,neutral
58,In a school there are 315 girls and 309 boys. There are also 772 teachers How many people are there in that school?,There are some baskets of peaches. Each basket has 4 red peaches and 3 green peaches. If there are a total of 7 peaches in all baskets How many baskets of peaches are there?,1396,1,"Step 1: Identify the number of peaches in each basket.
There are 4 red peaches and 3 green peaches in each basket.

Step 2: Calculate the total number of peaches in one basket.
Total peaches in one basket = 4 (red peaches) + 3 (green peaches) = 7 peaches.

Step 3: Determine the total number of baskets.
There are 7 baskets in total.

Step 4: Calculate the total number of peaches in all baskets.
Total peaches in all baskets = 7 (peaches per basket) * 7 (number of baskets) = 49 peaches.

#### 49",neither,neutral
59,There are some baskets of peaches. Each basket has 4 red peaches and 3 green peaches. If there are a total of 7 peaches in all baskets How many baskets of peaches are there?,Jessie currently weighs 27 kilograms. After she started to go jogging everyday she lost 101 kilograms. How much did she weigh before starting to jog?,1,128,"Source B: There are some baskets of peaches. Each basket has 4 red peaches and 3 green peaches. If there are a total of 7 peaches in all the baskets, how many baskets of peaches are there?

Solution:
Let's denote the number of baskets as B. Since each basket has 4 red peaches and 3 green peaches, the total number of peaches in each basket is 4 + 3 = 7 peaches.

If there are a total of 7 peaches in all the baskets, we can set up the equation:
Number of baskets * Number of peaches per basket = Total number of peaches
B * 7 = 7

To find the number of baskets, we divide both sides of the equation by 7:
B = 7 / 7
B = 1

Therefore, there is 1 basket of peaches. #### 1",image,neutral
60,Jessie currently weighs 27 kilograms. After she started to go jogging everyday she lost 101 kilograms. How much did she weigh before starting to jog?,David did 51 push-ups in gym class today. David did 49 more push-ups than Zachary. How many push-ups did Zachary and David do altogether?,128,53,"Source A: 27 kilograms
Source B: David did 51 push-ups in gym class today. David did 49 more push-ups than Zachary. How many push-ups did Zachary do and David do altogether?

Step 1: Identify the information given in Source B.
- David did 51 push-ups in gym class today.
- David did 49 more push-ups than Zachary.

Step 2: Set up the equation to find the number of push-ups Zachary did.
Let Z be the number of push-ups Zachary did.
David's push-ups = Zachary's push-ups + 49
51 = Z + 49

Step 3: Solve the equation for Z.
Z = 51 - 49
Z = 2

Step 4: Find the total number of push-ups David and Zachary did.
Total push-ups = David's push-ups + Zachary's push-ups
Total push-ups = 51 + 2
Total push-ups = 53

#### 53",text,neutral
61,David did 51 push-ups in gym class today. David did 49 more push-ups than Zachary. How many push-ups did Zachary and David do altogether?,In a school there are 362 boys and 257 girls. 403 more girls joined the school. How many more girls than boys does the school have?,53,298,"Source B: David did 51 push-ups in gym class today. David did 49 more push-ups than Zachary. How many push-ups did Zachary and David do together?

Solution:
1. We know that David did 51 push-ups and Zachary did 49 less than David. So, Zachary did 51 - 49 = 2 push-ups.
2. To find out how many push-ups they did together, we add the number of push-ups David did to the number of push-ups Zachary did: 51 (David) + 2 (Zachary) = 53 push-ups.
3. Therefore, Zachary and David did 53 push-ups together.

#### 53",image,neutral
62,In a school there are 362 boys and 257 girls. 403 more girls joined the school. How many more girls than boys does the school have?,Josh had 22 marbles in his collection. He found 13 marbles ones while he lost 5 marbles. How many marbles does he have now?,298,30,"Source A: In a school there are 362 boys and 257 girls. 403 more girls joined the school. How many more girls than boys does the school have?

Source B: Josh had 22 marbles in his collection. He found 13 marbles seven times. He lost 5 marbles. How many marbles does he have now?

To solve the problem in Source B, we need to follow these steps:

1. Find out how many marbles Josh found in total.
2. Subtract the marbles Josh lost from the total number of marbles he had before finding more.

Step 1: Josh found 13 marbles seven times, so we multiply 13 by 7 to find the total number of marbles he found.
13 marbles * 7 = 91 marbles

Step 2: Josh had 22 marbles initially and found 91 more. So, we add 91 to 22.
22 marbles + 91 marbles = 113 marbles

Now, Josh lost 5 marbles. We subtract 5 from the total number of marbles he had.
113 marbles - 5 marbles = 108 marbles

Josh now has 108 marbles. So, the answer",neither,neutral
63,Josh had 22 marbles in his collection. He found 13 marbles ones while he lost 5 marbles. How many marbles does he have now?,"After eating a hearty meal they went to see the Buckingham palace. There were 39 paintings in the Buckingham palace. There, Rachel learned that 661 visitors came to the Buckingham palace that day. If there were 600 visitors the previous day How many more visitors visited the Buckingham palace on that day than on the previous day?",30,61,"Step 1: Identify the number of visitors on the previous day.
The number of visitors on the previous day is 600.

Step 2: Identify the number of visitors on the current day.
The number of visitors on the current day is 161.

Step 3: Calculate the difference in the number of visitors.
To find out how many more visitors visited the Buckingham Palace on the current day than on the previous day, subtract the number of visitors on the previous day from the number of visitors on the current day.

Difference = Current day visitors - Previous day visitors
Difference = 161 - 600
Difference = -439

Step 4: Determine the number of more visitors.
Since the difference is negative, it means there were fewer visitors on the current day than on the previous day. Therefore, there were 439 fewer visitors on the current day.

#### -439",neither,neutral
64,"After eating a hearty meal they went to see the Buckingham palace. There were 39 paintings in the Buckingham palace. There, Rachel learned that 661 visitors came to the Buckingham palace that day. If there were 600 visitors the previous day How many more visitors visited the Buckingham palace on that day than on the previous day?",Nell collects baseball cards. She had 566 cards while Jeff had 234 cards. She gave some of her cards to Jeff and now has 535 cards left. How many cards does Jeff have now?,61,265,"Source A: There were 39 paintings in the Buckingham palace. Rachel learned that 661 visitors came to the Buckingham palace. If there were 600 visitors the previous day, how many more visitors visited the Buckingham palace on that day than on the previous day?

Source B: Nell collects her cards. She had 566 cards while Jeff had 284 cards. She gave some of her cards to Jeff and now has 535 cards left. How many cards does Jeff have now?

To solve the problem, we need to determine the number of cards Jeff has now.

Step 1: Find out how many cards Nell gave to Jeff.
Nell had 566 cards and now has 535 cards left. The difference between the two numbers is the number of cards she gave to Jeff.
566 - 535 = 31 cards

Step 2: Add the number of cards Nell gave to Jeff to Jeff's initial number of cards.
Jeff initially had 284 cards. We add the 31 cards Nell gave to him.
284 + 31 = 315 cards

Jeff now has 315 cards. 

#### 315",neither,neutral
65,Nell collects baseball cards. She had 566 cards while Jeff had 234 cards. She gave some of her cards to Jeff and now has 535 cards left. How many cards does Jeff have now?,Randy uses 36 blocks to build a tower. If he had 59 blocks How many blocks are left?,265,23,"Step 1: Identify the total number of blocks given in Source A.
The total number of blocks given in Source A is 36.

Step 2: Identify the number of blocks already used in the tower.
The number of blocks already used in the tower is 3.

Step 3: Subtract the number of blocks used from the total number of blocks to find the number of blocks left.
36 - 3 = 33

#### 33",neither,neutral
66,Randy uses 36 blocks to build a tower. If he had 59 blocks How many blocks are left?,At the stop 8 more people got on the train. Initially there were 11 people on the train. How many people are there on the train now?,23,19,"Step 1: Identify the initial number of people on the train.
The initial number of people on the train is 1.

Step 2: Identify the number of people who got on the train.
The number of people who got on the train is 5.

Step 3: Calculate the total number of people on the train.
To find the total number of people on the train, we add the initial number of people to the number of people who got on the train.
Total number of people = Initial number of people + Number of people who got on the train
Total number of people = 1 + 5
Total number of people = 6

#### 6",neither,neutral
67,At the stop 8 more people got on the train. Initially there were 11 people on the train. How many people are there on the train now?,Rachel has 3 apple trees. She picked 8 apples from each of her trees. Now the trees have a total 9 apples still on them. How many apples were there on all trees initially?,19,33,"Step 1: Rachl initially has 3 apples.
Step 2: She has 8 apples from each of her three trees, so she has 8 * 3 = 24 apples in total.
Step 3: Dave ate 9 apples, so there are 24 - 9 = 15 apples left.
Step 4: There are 15 apples on the trees initially.

#### 15",neither,neutral
68,Rachel has 3 apple trees. She picked 8 apples from each of her trees. Now the trees have a total 9 apples still on them. How many apples were there on all trees initially?,43 children were riding on the bus. At the bus stop some children got off the bus. Then there were 21 children left on the bus. How many children got off the bus at the bus stop?,33,22,"Source A: Rachel has 3 apple trees. She picked 8 apples from each of her trees. Now the trees have a total of 9 apples still on them. How many apples were there on all trees initially?

Step 1: Determine the total number of apples picked from all trees.
Rachel picked 8 apples from each of her 3 trees, so she picked 8 * 3 = 24 apples in total.

Step 2: Determine the initial number of apples on all trees.
After picking 24 apples, there are 9 apples left on the trees. So, initially, there were 24 + 9 = 33 apples on all trees.

Answer: There were 33 apples on all trees initially. 

Source B: 4M children were missing on the bus. AZ kids stopped some children got off the bus. Then there were 1 children left on the bus. How many children got off the bus at the bus stop?

Step 1: Determine the total number of children missing from the bus.
4M children were missing from the bus.

Step 2: Determine the number of children left on the bus.
There were 1 child left on the bus.

Step 3: Calculate the number of children who got off",neither,neutral
69,43 children were riding on the bus. At the bus stop some children got off the bus. Then there were 21 children left on the bus. How many children got off the bus at the bus stop?,5 red peaches and 11 green peaches are in the basket. How many more green peaches than red peaches are in the basket?,22,6,"Source B: 43 children were riding on the bus. At the bus stop, some children got off the bus. Then there were 21 children left on the bus. How many children got off the bus at the bus stop?

Step 1: Identify the initial number of children on the bus.
The initial number of children on the bus is 43.

Step 2: Identify the number of children left on the bus.
The number of children left on the bus is 21.

Step 3: Calculate the number of children who got off the bus.
To find the number of children who got off the bus, subtract the number of children left on the bus from the initial number of children on the bus.
Number of children who got off the bus = Initial number of children on the bus - Number of children left on the bus
Number of children who got off the bus = 43 - 21
Number of children who got off the bus = 22

#### 22",image,neutral
70,5 red peaches and 11 green peaches are in the basket. How many more green peaches than red peaches are in the basket?,Nell collects cards. She had 246 baseball cards and 214 Ace cards. She gave some of her cards to Jeff and now has 404 baseball cards and 495 Ace cards left. How many more Ace cards than baseball cards does Nell have?,6,91,"Step 1: Identify the initial number of baseball cards and Ace cards Nel has.
Nel initially has 246 baseball cards and 14 Ace cards.

Step 2: Determine the number of Ace cards Nel gave to Jeff.
Nel gave some of her Ace cards to Jeff, but the exact number is not specified in the text. Let's call the number of Ace cards given to Jeff ""x"".

Step 3: Calculate the number of Ace cards Nel has left.
After giving some Ace cards to Jeff, Nel has 14 - x Ace cards left.

Step 4: Determine the number of baseball cards Nel has left.
Nel gave some of her baseball cards to Jeff, but the exact number is not specified in the text. Let's call the number of baseball cards given to Jeff ""y"".

Step 5: Calculate the number of baseball cards Nel has left.
After giving some baseball cards to Jeff, Nel has 246 - y baseball cards left.

Step 6: Determine the number of more Ace cards than baseball cards Nel has.
Nel has 14 - x Ace cards and 246 - y baseball cards. The difference between the number of Ace cards and baseball cards is 14 - x - (246 - y).

Step 7:",neither,neutral
71,Nell collects cards. She had 246 baseball cards and 214 Ace cards. She gave some of her cards to Jeff and now has 404 baseball cards and 495 Ace cards left. How many more Ace cards than baseball cards does Nell have?,Each pack of dvds costs 76 dollars. If there is a discount of 25 dollars on each pack How much do you have to pay to buy each pack?,91,51,"Step 1: Identify the original price of each pack of DVDs.
The original price of each pack of DVDs is $76.

Step 2: Calculate the discounted price of each pack of DVDs.
There is a discount of $2 on each pack, so the discounted price is $76 - $2 = $74.

Step 3: Determine the final price to buy each pack.
Since the discount is on each pack, the final price to buy each pack is $74.

Answer: #### 74",neither,neutral
72,Each pack of dvds costs 76 dollars. If there is a discount of 25 dollars on each pack How much do you have to pay to buy each pack?,They decided to hold the party in their backyard. They have 14 chairs for each set of table. If they have 9 sets of tables How many more chairs than tables do they have?,51,117,"Step 1: Determine the number of chairs per set
They have 14 chairs for each set of tables.

Step 2: Determine the number of sets of tables
They have 9 sets of tables.

Step 3: Calculate the total number of chairs
Total chairs = Number of chairs per set * Number of sets of tables
Total chairs = 14 * 9
Total chairs = 126

Step 4: Determine the number of tables
Since each set of tables has 3 chairs, the number of tables can be calculated by dividing the total number of chairs by the number of chairs per set.
Number of tables = Total chairs / Number of chairs per set
Number of tables = 126 / 3
Number of tables = 42

Step 5: Calculate the difference between the number of chairs and tables
Difference = Number of chairs - Number of tables
Difference = 126 - 42
Difference = 84

#### 84",neither,neutral
73,They decided to hold the party in their backyard. They have 14 chairs for each set of table. If they have 9 sets of tables How many more chairs than tables do they have?,Next on his checklist is wax to stick the feathers together and colors to paint them. He needs a total of 57 g of colors to paint them. He needs 22 g of wax more. If the feathers require a total of 353 g of wax How many grams of wax does he already have?,117,331,"Step 1: First, let's find out how many grams of wax Nett needs in total. He needs 57 grams for the feathts and 22 grams more, so the total wax needed is 57 + 22 = 79 grams.

Step 2: Next, we need to find out how many grams of wax the pathons require. They require a total of 5R grams of wax.

Step 3: To find out how many grams of wax Nett already has, we subtract the wax needed for the pathons from the total wax needed. So, 79 - 5R = 79 - 5R grams of wax.

Since the answer is not provided in the text, we cannot determine the exact number of grams of wax Nett already has. However, we can express the answer as 79 - 5R grams.",neither,neutral
74,Next on his checklist is wax to stick the feathers together and colors to paint them. He needs a total of 57 g of colors to paint them. He needs 22 g of wax more. If the feathers require a total of 353 g of wax How many grams of wax does he already have?,Frank was reading through his favorite book. The book had 2 chapters each with 405 pages. It took frank 664 days to finish the book. How many chapters did he read per day?,331,332,"Step 1: Identify the total number of pages in the book.
The book has 2 chapters with 05 pages each, so the total number of pages is 2 * 05 = 10 pages.

Step 2: Determine the number of days it took to finish the book.
Frank took 664 days to finish the book.

Step 3: Calculate the number of chapters read.
Since Frank read the entire book, he read both chapters.

Step 4: Determine the number of days per chapter.
To find out how many days it took to read each chapter, we divide the total number of days by the number of chapters: 664 days / 2 chapters = 332 days per chapter.

Step 5: Answer the question.
Frank read 2 chapters, and it took him 664 days to finish the book. Therefore, he read 2 chapters in 664 days. The number of days per chapter is 332 days. 

#### 2 chapters, 664 days, 332 days per chapter.",neither,neutral
75,Frank was reading through his favorite book. The book had 2 chapters each with 405 pages. It took frank 664 days to finish the book. How many chapters did he read per day?,Jerry had 5 action figures and 2 books on a shelf in his room. Later he added 9 more books to the shelf. How many more books than action figures were on his shelf?,332,6,"Source B: Frank was reading through his favorite book. The book had 2 chapters each with 405 pages. It took Frank 664 days to finish the book. How many chapters did he read per day?

Solution:
1. First, we need to find out the total number of pages in the book.
2. Since there are 2 chapters with 405 pages each, the total number of pages is 2 * 405 = 810 pages.
3. Next, we need to find out how many pages Frank read per day.
4. To do this, we divide the total number of pages by the number of days it took him to finish the book: 810 pages / 664 days = 1.22 pages per day.
5. Since each chapter has 405 pages, we can now find out how many chapters Frank read per day by dividing the number of pages he read per day by the number of pages per chapter: 1.22 pages / 405 pages per chapter = 0.003 chapters per day.
6. However, since Frank read 2 chapters, we need to round up to the nearest whole number, as he cannot read a fraction of a chapter. Therefore, Frank read 1 chapter per day.

####",neither,neutral
76,Jerry had 5 action figures and 2 books on a shelf in his room. Later he added 9 more books to the shelf. How many more books than action figures were on his shelf?,Paul got a box of some crayons for his birthday. By the end of the school year he had either lost or given away 551 of them and only had 177 left. How many crayons did he get for his birthday?,6,728,"Step 1: Identify the initial number of crayons Paul had.
Paul initially had 177 crayons.

Step 2: Identify the number of crayons given away.
Paul gave away 51 crayons.

Step 3: Calculate the number of crayons Paul has left.
177 - 51 = 126 crayons left.

Step 4: Determine the number of crayons Paul will get for his birthday.
Since the text does not provide information about how many crayons Paul will get for his birthday, we cannot determine the exact number. However, we can conclude that Paul has 126 crayons left after giving away 51.",neither,neutral
77,Paul got a box of some crayons for his birthday. By the end of the school year he had either lost or given away 551 of them and only had 177 left. How many crayons did he get for his birthday?,Because of the decision Sofia asked the students to suggest specific types of food. If 324 students suggested adding mashed potatoes 374 suggested adding bacon to the menu and 128 suggested adding tomatoes How many students participated in the suggestion of new food items?,728,826,"Step 1: Identify the number of students who suggested adding mashed potatoes, adding bacon, and adding tomatoes.
- Mashed potatoes: 37 students
- Bacon: 1 student
- Tomatoes: 2 students

Step 2: Add the number of students who suggested each food item.
- Total students = 37 (mashed potatoes) + 1 (bacon) + 2 (tomatoes) = 40 students

#### 40",neither,neutral
78,Because of the decision Sofia asked the students to suggest specific types of food. If 324 students suggested adding mashed potatoes 374 suggested adding bacon to the menu and 128 suggested adding tomatoes How many students participated in the suggestion of new food items?,A book has 31 chapters. Each chapter is 61 pages long. How many pages does the book have altogether?,826,1891,"Source A: The image shows a math problem with the following text: ""k books has 31 chapters. Each chapter has 61 pages long. How many pages does J book have altogether?""

Source B: The text is a word problem asking for the total number of pages in a book with 31 chapters, where each chapter has 61 pages.

To solve this problem, we need to multiply the number of chapters by the number of pages per chapter.

Step 1: Identify the number of chapters in the book.
Number of chapters = 31

Step 2: Identify the number of pages per chapter.
Number of pages per chapter = 61

Step 3: Multiply the number of chapters by the number of pages per chapter.
Total number of pages = Number of chapters × Number of pages per chapter
Total number of pages = 31 × 61

Step 4: Calculate the total number of pages.
Total number of pages = 1891

Therefore, J book has 1891 pages altogether.

#### 1891",text,neutral
79,A book has 31 chapters. Each chapter is 61 pages long. How many pages does the book have altogether?,The school is planning a field trip. The school has 67 classrooms. There are 66 students in each classroom in the school. If there are 6 seats on each school bus How many buses are needed to take the trip?,1891,737,"Step 1: Determine the total number of students in the school.
To find the total number of students, we need to multiply the number of classes by the number of students in each class.
Total students = Number of classes * Number of students per class
Total students = 6 * 6
Total students = 36

Step 2: Determine the number of buses needed for the trip.
To find the number of buses needed, we need to divide the total number of students by the number of students per bus.
Number of buses = Total students / Number of students per bus
Number of buses = 36 / 6
Number of buses = 6

Step 3: Determine the total number of trips needed.
Since there are 6 sets of students on each school bus, we need to multiply the number of buses by the number of sets.
Total trips = Number of buses * Number of sets per bus
Total trips = 6 * 6
Total trips = 36

#### 36",neither,neutral
80,The school is planning a field trip. The school has 67 classrooms. There are 66 students in each classroom in the school. If there are 6 seats on each school bus How many buses are needed to take the trip?,Bobby ate 33 pieces of candy. Then he ate 4 more. He also ate 14 pieces of chocolate. How many pieces of candy and chocolate did Bobby eat altogether?,737,51,"First, let's analyze the information given in Source B:

- Bobby ate 33 pieces of candy.
- He then ate 4 more pieces of candy.
- He also ate 54 pieces of chocolate.

Now, let's add the pieces of candy and chocolate together to find the total number of pieces Bobby ate:

Total pieces of candy and chocolate = Pieces of candy + Pieces of chocolate
Total pieces of candy and chocolate = 33 + 4 + 54

Now, let's calculate the total:

Total pieces of candy and chocolate = 87

So, Bobby ate a total of 87 pieces of candy and chocolate together.

#### 87",neither,neutral
81,Bobby ate 33 pieces of candy. Then he ate 4 more. He also ate 14 pieces of chocolate. How many pieces of candy and chocolate did Bobby eat altogether?,Paco had 36 cookies. He gave 14 cookies to his friend and ate 10 cookies. How many cookies did Paco have left?,51,12,"Step 1: Identify the total number of cookies Paco had initially.
Paco initially had 10 cookies.

Step 2: Identify the number of cookies Paco gave to his friend.
Paco gave 14 cookies to his friend.

Step 3: Calculate the number of cookies Paco has left.
Subtract the number of cookies Paco gave away from the total number of cookies he had.
10 (initial cookies) - 14 (cookies given away) = -4

Since the result is negative, it means Paco does not have any cookies left. Therefore, Paco has 0 cookies left.

#### 0",neither,neutral
82,Paco had 36 cookies. He gave 14 cookies to his friend and ate 10 cookies. How many cookies did Paco have left?,Paige raised 15 goldfish in the pond but stray cats loved eating them. 5 were eaten. How many goldfish remained?,12,10,"Step 1: Identify the initial number of go9dfish in the pond.
Padge daised 15 go9dfish in the pond.

Step 2: Identify the number of go9dfish that were eaten by the cats.
5 wer Eate.

Step 3: Subtract the number of go9dfish eaten by the cats from the initial number of go9dfish.
15 - 5 = 10

#### 10",text,neutral
83,Paige raised 15 goldfish in the pond but stray cats loved eating them. 5 were eaten. How many goldfish remained?,During summer break 61619 kids from Lawrence county stayed home and the rest went to camp. The total number of kids in Lawrence county is 91676. About how many kids in Lawrence county went to camp?,10,30057,"Step 1: Identify the total number of kids in Lawrence county.
The total number of kids in Lawrence county is 9676.

Step 2: Determine the percentage of kids who went to camp.
The percentage of kids who went to camp is 6/8, which is 75%.

Step 3: Calculate the number of kids who went to camp.
To find the number of kids who went to camp, multiply the total number of kids by the percentage who went to camp.
Number of kids who went to camp = (75/100) * 9676
Number of kids who went to camp = 0.75 * 9676
Number of kids who went to camp = 7277

Step 4: Determine the number of kids who did not go to camp.
To find the number of kids who did not go to camp, subtract the number of kids who went to camp from the total number of kids.
Number of kids who did not go to camp = Total number of kids - Number of kids who went to camp
Number of kids who did not go to camp = 9676 - 7277
Number of kids who did not go to camp = 2399

Step 5: Combine the number of kids who",neither,neutral
84,During summer break 61619 kids from Lawrence county stayed home and the rest went to camp. The total number of kids in Lawrence county is 91676. About how many kids in Lawrence county went to camp?,2 children were riding on the bus. At the bus stop some more children got on the bus. Then there were 10 children altogether on the bus. How many more children are on the bus now than there were before the bus stop?,30057,8,"Step 1: Identify the initial number of children on the bus.
The initial number of children on the bus is 2.

Step 2: Identify the number of children that got on the bus.
The number of children that got on the bus is 5.

Step 3: Calculate the total number of children on the bus.
Total number of children on the bus = Initial number of children + Number of children that got on the bus
Total number of children on the bus = 2 + 5
Total number of children on the bus = 7

Step 4: Identify the number of children that got off the bus.
The number of children that got off the bus is 3.

Step 5: Calculate the final number of children on the bus.
Final number of children on the bus = Total number of children on the bus - Number of children that got off the bus
Final number of children on the bus = 7 - 3
Final number of children on the bus = 4

#### 4",neither,neutral
85,2 children were riding on the bus. At the bus stop some more children got on the bus. Then there were 10 children altogether on the bus. How many more children are on the bus now than there were before the bus stop?,3 birds were sitting on the fence. 2 more birds and 6 more storks came to join them. How many more storks than birds are sitting on the fence?,8,1,"Step 1: Identify the initial number of birds sitting on the fence.
The initial number of birds sitting on the fence is 3.

Step 2: Identify the number of birds that joined the fence.
2 more birds came to join the initial birds.

Step 3: Calculate the total number of birds sitting on the fence.
Total birds = Initial birds + Birds that joined
Total birds = 3 + 2
Total birds = 5

Step 4: Determine the difference between the total number of birds and the initial number of birds.
Difference = Total birds - Initial birds
Difference = 5 - 3
Difference = 2

Step 5: Answer the question.
#### 2",neither,neutral
86,3 birds were sitting on the fence. 2 more birds and 6 more storks came to join them. How many more storks than birds are sitting on the fence?,The Ferris wheel in paradise park has 6 seats. Each seat can hold 14 people. If there are 16 people on the wheel right now How many more people can join the wheel?,1,68,"Step 1: Determine the total number of seats available on the Ferris wheel.
The Ferris wheel has 1h Ferris wheel, and each seat can hold 14 people. So, the total number of seats is 1 * 14 = 14 seats.

Step 2: Calculate the number of people already on the Ferris wheel.
There are 16 people already on the Ferris wheel.

Step 3: Calculate the number of additional people that can join the Ferris wheel.
To find out how many more people can join the Ferris wheel, we subtract the number of people already on the wheel from the total number of seats. So, 14 - 16 = -2. However, since we cannot have a negative number of people, this means that the Ferris wheel is already full and cannot accommodate any more people.

#### -2",neither,neutral
87,The Ferris wheel in paradise park has 6 seats. Each seat can hold 14 people. If there are 16 people on the wheel right now How many more people can join the wheel?,He then went to see the oranges being harvested. He found out that they harvest 74 sacks per day and discard 71 of them. How many sacks of oranges will they have after 51 days of harvest?,68,153,"Step 1: First, we need to find out how many sacks of oranges they harvest per day. They harvest 74 sacks per day.
Step 2: Next, we need to find out how many sacks of oranges they harvest in 51 days. We can do this by multiplying the number of sacks per day by the number of days: 74 sacks/day * 51 days = 3786 sacks.
Step 3: Finally, we need to find out how many sacks of oranges they will have after 51 days. They have 3786 sacks of oranges after 51 days.

#### 3786",neither,neutral
88,He then went to see the oranges being harvested. He found out that they harvest 74 sacks per day and discard 71 of them. How many sacks of oranges will they have after 51 days of harvest?,The Razorback shop makes $ 115 dollars off each jersey and $ 25 off each t-shirt. During the Arkansas and Texas tech game they sold 113 t-shirts and 78 jerseys. How much more does a jersey cost than a t-shirt?,153,90,"Step 1: Calculate the cost of the t-shirts.
The cost of each t-shirt is $5 off, so the total cost of the t-shirts is 113 * $5 = $565.

Step 2: Calculate the cost of the jerseys.
The cost of each jersey is $15 off, so the total cost of the jerseys is 78 * $15 = $1170.

Step 3: Find the difference in cost between the jerseys and t-shirts.
The difference in cost is $1170 - $565 = $605.

#### 605",neither,neutral
89,The Razorback shop makes $ 115 dollars off each jersey and $ 25 off each t-shirt. During the Arkansas and Texas tech game they sold 113 t-shirts and 78 jerseys. How much more does a jersey cost than a t-shirt?,Next on his checklist is wax to stick the feathers together and colors to paint them. He needs a total of 49 g of colors to paint them. If the feathers require 288 g of wax and right now he just needs 260 g How many grams of wax does he already have?,90,28,"Step 1: Determine the total amount of wax needed for all the feathers.
Total wax needed = 49 feathers * 28 g/feather = 1372 g

Step 2: Calculate the amount of wax already used.
Wax used = 260 g

Step 3: Calculate the amount of wax left to be used.
Wax left = Total wax needed - Wax used = 1372 g - 260 g = 1112 g

Step 4: Convert the remaining wax to ounces.
1 g = 0.035274 ounces
Wax left in ounces = 1112 g * 0.035274 = 39.3 ounces

#### 39.3",neither,neutral
90,Next on his checklist is wax to stick the feathers together and colors to paint them. He needs a total of 49 g of colors to paint them. If the feathers require 288 g of wax and right now he just needs 260 g How many grams of wax does he already have?,Paul had 21 books. After selling some in a garage sale he bought 42 new ones. If he has 15 books now How many more books did he sell than he bought?,28,6,"Step 1: Raul initially had 21 books.
Step 2: He sold some books, but the number of books sold is not given.
Step 3: After selling some books, he bought 2 new ones.
Step 4: Now, he has 15 books.
Step 5: To find out how many books he sold, we need to subtract the number of books he has now from the initial number of books.
Step 6: 21 - 15 = 6
Step 7: Therefore, Raul sold 6 books.

#### 6",text,neutral
91,Paul had 21 books. After selling some in a garage sale he bought 42 new ones. If he has 15 books now How many more books did he sell than he bought?,"Julia played tag with 9 kids on monday, 7 kids on tuesday and 96 kids on wednesday. How many more kids did she play with on monday than on tuesday?",6,2,"Source B: Paul had 21 books. After selling some in a garage sale, he bought 42 new ones. If he has 15 books now, how many more books did he sell than he bought?

Solution:
1. Paul initially had 21 books.
2. He sold some books, but the number is not specified.
3. After selling some books, he bought 42 new ones.
4. Now, he has 15 books.
5. To find out how many more books he sold than he bought, we need to determine how many books he sold before buying the 42 new ones.
6. Let's denote the number of books he sold as 'x'.
7. So, the equation would be: 21 - x + 42 = 15.
8. Simplifying the equation, we get: 63 - x = 15.
9. Solving for 'x', we subtract 63 from both sides: -x = 15 - 63.
10. -x = -48.
11. Multiplying both sides by -1, we get: x = 48.
12. Therefore, Paul sold 48 books before buying the 42 new ones.

Answer: 48.",neither,neutral
92,"Julia played tag with 9 kids on monday, 7 kids on tuesday and 96 kids on wednesday. How many more kids did she play with on monday than on tuesday?",There are 65 baskets of peaches. Each basket has 7 red peaches and 3 green peaches. How many peaches are in each basket?,2,10,"Source A: Julia played tag with 9 kids on Monday, 7 kids on Tuesday and 96 kids on Wednesday. How many more kids did she play with on Monday than on Tuesday?

Step 1: Identify the number of kids Julia played with on each day.
- Monday: 9 kids
- Tuesday: 7 kids
- Wednesday: 96 kids

Step 2: Subtract the number of kids played with on Tuesday from the number of kids played with on Monday.
9 (Monday) - 7 (Tuesday) = 2

Source B: There are 65 baskets of peaches. Each basket has 7 red peaches and 3 green peaches. How many peaches are in each basket?

Step 1: Identify the number of peaches in each basket.
- Red peaches: 7
- Green peaches: 3

Step 2: Add the number of red and green peaches to find the total number of peaches in each basket.
7 (red peaches) + 3 (green peaches) = 10

Answer: There are 10 peaches in each basket.",text,neutral
93,There are 65 baskets of peaches. Each basket has 7 red peaches and 3 green peaches. How many peaches are in each basket?,You had 14 bags with equal number of cookies. If you had 28 cookies and 86 candies in total How many bags of cookies do you have?,10,2,"Step 1: Identify the number of cookies in each bag.
YBu had 14 bags with an equal number of cookies, and there are 28 cookies in total. So, each bag has 28/14 = 2 cookies.

Step 2: Identify the number of candies in each bag.
There are X6 candies in total, and we need to find out how many bags have 8 candies. So, each bag has X6/8 = 0.75 candies.

Step 3: Determine the number of bags with 8 candies.
Since each bag has 0.75 candies, we need to find out how many bags have 8 candies. We can do this by dividing the total number of candies by the number of candies in each bag: X6/0.75 = 8.

Step 4: Calculate the total number of bags with 8 candies.
Since there are 8 bags with 8 candies, we can multiply the number of bags by the number of candies in each bag: 8 * 8 = 64.

#### 64",neither,neutral
94,You had 14 bags with equal number of cookies. If you had 28 cookies and 86 candies in total How many bags of cookies do you have?,Carol was sending out birthday invitations to her friends. Each package of invitations she bought had 14 invitations in it and she bought 6 packs. Then she bought 11 extra invitations. How many friends can she invite?,2,95,"Step 1: Determine the number of invitations in each package.
Carol bought 9 packages of invitations, and each package contains 13 invitations. So, the total number of invitations in the packages is 9 * 13 = 117 invitations.

Step 2: Calculate the number of invitations in the extra packages.
Carol bought 11 extra invitations, which are not in packages.

Step 3: Add the invitations from the packages and the extra invitations.
The total number of invitations Carol can invite is 117 (from the packages) + 11 (extra invitations) = 128 invitations.

#### 128",neither,neutral
95,Carol was sending out birthday invitations to her friends. Each package of invitations she bought had 14 invitations in it and she bought 6 packs. Then she bought 11 extra invitations. How many friends can she invite?,Baker made 155 cakes. If his friend bought 140 cakes from him How many cakes would baker still have?,95,15,"Step 1: Identify the initial number of cakes the baker had.
The baker initially had 15 cakes.

Step 2: Identify the number of cakes sold.
The number of cakes sold is 14.

Step 3: Subtract the number of cakes sold from the initial number of cakes.
15 (initial cakes) - 14 (cakes sold) = 1

Step 4: Determine the number of cakes the baker still has.
The baker still has 1 cake.

#### 1",neither,neutral
96,Baker made 155 cakes. If his friend bought 140 cakes from him How many cakes would baker still have?,A grocery store had 22 bottles of regular soda and 61 bottles of diet soda. How many more bottles of diet soda than regular soda did they have?,15,39,"First, we need to find out how many bottles of diet soda the grocer had in total. We know that there were 22 bottles of regular soda and 61 bottles of diet soda. To find the total number of bottles, we add these two numbers together:

22 (bottles of regular soda) + 61 (bottles of diet soda) = 83 bottles

Now, we need to find out how many bottles of diet soda the grocer still has. We know that 5 bottles of diet soda were sold. To find out how many bottles are left, we subtract the number of bottles sold from the total number of bottles:

83 (total bottles) - 5 (bottles sold) = 78 bottles

So, the grocer still has 78 bottles of diet soda. 

#### 78",neither,neutral
97,A grocery store had 22 bottles of regular soda and 61 bottles of diet soda. How many more bottles of diet soda than regular soda did they have?,"A grocery store had 36 apples, 80 bottles of regular soda and 54 bottles of diet soda. How many more bottles than apple did they have?",39,98,"Step 1: Identify the number of bottles of regular soda and diet soda.
The grocery store had 8 bottles of regular soda and 54 bottles of diet soda.

Step 2: Calculate the difference between the number of bottles of diet soda and regular soda.
To find out how many more bottles of diet soda than regular soda the store had, we subtract the number of bottles of regular soda from the number of bottles of diet soda: 54 - 8 = 46.

Step 3: Write the final answer.
The grocery store had 46 more bottles of diet soda than regular soda. 

#### 46",neither,neutral
98,"A grocery store had 36 apples, 80 bottles of regular soda and 54 bottles of diet soda. How many more bottles than apple did they have?",Ryan learns english and chinese for 7 days. Every day he spends 4 hours on learning english and 5 hours on learning chinese. How many hours does he spend on learning english and chinese in all?,98,63,"Source A: A grocery store had 36 apples, 80 bottles of regular soda, and 54 bottles of diet soda. How many more bottles than apples did they have?

Source B: RyW learns English for 5 days. Every day, he spends 3 hours on learning English and 2 hours on learning Chinese. How many hours does he spend on learning English and Chinese in all?

Solution:
First, let's find out how many hours RyW spends on learning English and Chinese in a day:
English: 5 days * 3 hours/day = 15 hours
Chinese: 5 days * 2 hours/day = 10 hours

Now, let's add the hours spent on both subjects:
Total hours = English hours + Chinese hours
Total hours = 15 hours + 10 hours
Total hours = 25 hours

So, RyW spends 25 hours on learning English and Chinese in all. 

#### 25",neither,neutral
99,Ryan learns english and chinese for 7 days. Every day he spends 4 hours on learning english and 5 hours on learning chinese. How many hours does he spend on learning english and chinese in all?,Debby drinks 6 bottles a day. If she bought a total of 12 water bottles How many days would they last her?,63,2,"Step 1: Determine the number of bottles Xwbby drinks per day.
Xwbby drinks 6 bottles a day.

Step 2: Determine the total number of bottles Xwbby bought.
Xwbby bought a total of 12 bottles.

Step 3: Determine the number of days Xwbby bought the bottles.
Xwbby bought the bottles over 12 days.

Step 4: Calculate the number of bottles Xwbby drinks per day.
Xwbby drinks 6 bottles a day.

Step 5: Calculate the total number of bottles Xwbby drinks in 12 days.
Xwbby drinks 6 bottles a day, so in 12 days, Xwbby drinks 6 * 12 = 72 bottles.

Step 6: Compare the total number of bottles Xwbby bought to the total number of bottles Xwbby drinks.
Xwbby bought 12 bottles and drinks 72 bottles.

Step 7: Determine if Xwbby has enough bottles.
Xwbby has 72 bottles, which is more than the 12 bottles he bought.

Step 8: Determine if Xwbby has any bottles left over.
Xwbby has 72 - 12 = 60 bottles left over.

####",neither,neutral
100,Debby drinks 6 bottles a day. If she bought a total of 12 water bottles How many days would they last her?,David did 44 push-ups in gym class today. David did 9 more push-ups than Zachary. How many push-ups did Zachary do?,2,35,"Step 1: Identify the information given in the problem.
- David did 44 push-ups in his class.
- David did 9 more push-ups than Zachary.

Step 2: Set up the equation to find the number of push-ups Zachary did.
Let x be the number of push-ups Zachary did.
David's push-ups = Zachary's push-ups + 9
44 = x + 9

Step 3: Solve the equation for x.
Subtract 9 from both sides of the equation.
44 - 9 = x
35 = x

Step 4: Write the answer.
Zachary did 35 push-ups.

#### 35",text,neutral
101,David did 44 push-ups in gym class today. David did 9 more push-ups than Zachary. How many push-ups did Zachary do?,Mom buys 51 white t - shirts. If white t - shirts can be purchased in packages of 3 How many packages will she have?,35,17,"To solve this problem, we need to determine how many shirts can be purchased in packages of 3 if there are 51 shirts in total.

First, we need to find out how many packages of 3 shirts can be made from 51 shirts. We can do this by dividing 51 by 3:

51 ÷ 3 = 17

This means that there are 17 packages of 3 shirts that can be made from 51 shirts.

Now, we need to find out how many shirts are left over after making these packages. We can do this by finding the remainder when 51 is divided by 3:

51 % 3 = 0

This means that there are no shirts left over after making the packages.

Therefore, 17 packages of 3 shirts can be purchased from 51 shirts, and there are no shirts left over. 

#### 17",text,neutral
102,Mom buys 51 white t - shirts. If white t - shirts can be purchased in packages of 3 How many packages will she have?,During summer break 907611 kids from Lawrence county stay home and the other 455682 kids go to camp. About how many kids are in Lawrence county?,17,1363293,"Step 1: Identify the total number of kids from Lawrence county and the total number of kids who go to camp.
Total kids from Lawrence county = 907611
Total kids who go to camp = 455682

Step 2: Add the two numbers together to find the total number of kids in Lawrence county.
Total kids in Lawrence county = Total kids from Lawrence county + Total kids who go to camp
Total kids in Lawrence county = 907611 + 455682
Total kids in Lawrence county = 1363293

#### 1363293",text,neutral
103,During summer break 907611 kids from Lawrence county stay home and the other 455682 kids go to camp. About how many kids are in Lawrence county?,Danny collects bottle caps and wrappers. He found 66 wrappers and 39 bottle caps at the park. Now he has 16 bottle caps and 68 wrappers in his collection. How many wrappers did danny have at first?,1363293,2,"Step 1: Danny initially has 6 wrappers and 39 bottle caps.
Step 2: He then adds 16 bottle caps to his collection.
Step 3: The total number of bottle caps he has now is 39 + 16 = 55.
Step 4: The total number of wrappers he has now is 6 + 68 = 74.
Step 5: To find out how many wrappers Danny had at first, we subtract the number of wrappers he added from the total number of wrappers he has now.
Step 6: So, Danny had 74 - 68 = 6 wrappers at first.

#### 6",neither,neutral
104,Danny collects bottle caps and wrappers. He found 66 wrappers and 39 bottle caps at the park. Now he has 16 bottle caps and 68 wrappers in his collection. How many wrappers did danny have at first?,After Jessie started to go jogging everyday she lost 35 kilograms. She weighed 69 kilograms before beginning jogging. How much does she weigh now?,2,34,"Source A: Danny collects bottle caps and wrappers. He found 36 wrappers and 39 bottle caps at the park. Now he has 16 bottle caps and 68 wrappers in his collection. How many wrappers did Danny have at first?

Source B: After JeWs7y started to g0 jgging everyday she lsst 35 kilograms. She Seighed 6 kiogaSs befoe beginSng jogging. HoX much Voes she wegh nw?

Step 1: Identify the information given in Source A.
- Danny found 36 wrappers and 39 bottle caps.
- Danny now has 16 bottle caps and 68 wrappers.

Step 2: Identify the information given in Source B.
- JeWs7y lost 35 kilograms.
- JeWs7y weighed 6 kilograms before starting jogging.

Step 3: Solve the problem in Source A.
- Danny initially had 68 wrappers and 16 bottle caps.
- To find out how many wrappers Danny had at first, we need to subtract the number of wrappers he found from the total number of wrappers he has now.
- Danny had 68 - 36 = 32 wrappers at first.

Step 4: Solve the problem in Source B.
- JeWs",neither,neutral
105,After Jessie started to go jogging everyday she lost 35 kilograms. She weighed 69 kilograms before beginning jogging. How much does she weigh now?,Josh had 20 marbles in his collection. He gave 2 marbles to Jack. How many marbles does Josh have now?,34,18,"Source A: Joh ad 20 marbleF in hif cVllectionK He iave 2 marbles to JawkI How max marbes dDs JosQ Qve no9

Step 1: Identify the total number of marbles Joh has in his collection.
Joh has 20 marbles in his collection.

Step 2: Identify the number of marbles Joh has to give to Jawk.
Joh has to give 2 marbles to Jawk.

Step 3: Calculate the number of marbles Joh will have left after giving 2 marbles to Jawk.
To find the number of marbles Joh will have left, subtract the number of marbles given to Jawk from the total number of marbles in his collection.
20 marbles - 2 marbles = 18 marbles

Step 4: Determine the maximum number of marbles Joh can have.
Since Joh cannot have a negative number of marbles, the maximum number of marbles he can have is 18.

#### 18",text,neutral
106,Josh had 20 marbles in his collection. He gave 2 marbles to Jack. How many marbles does Josh have now?,Zachary did 15 push-ups in gym class today. David did 39 more push-ups than Zachary. John did 9 push-ups less than David. How many more push-ups did Zachary do than John?,18,30,"Step 1: Identify the number of push-ups Zachary did.
Zachary did 15 push-ups.

Step 2: Identify the number of push-ups David did.
David did 39 more push-ups than Zachary, so David did 15 + 39 = 54 push-ups.

Step 3: Identify the number of push-ups John did.
John did 9 push-ups less than David, so John did 54 - 9 = 45 push-ups.

Step 4: Determine how many more push-ups John did than Zachary.
John did 45 push-ups and Zachary did 15 push-ups, so John did 45 - 15 = 30 more push-ups than Zachary.

#### 30",text,neutral
107,Zachary did 15 push-ups in gym class today. David did 39 more push-ups than Zachary. John did 9 push-ups less than David. How many more push-ups did Zachary do than John?,Lewis earns $ 368 every week during the 1359 weeks of harvest. If he has to pay $ 388 rent every week How much money does he pay as rent during the harvest season?,30,527292,"Step 1: First, we need to find out how much Lewis pays for the 139 weeks of care.
Lewis pays $38 per week for 139 weeks, so we multiply 38 by 139 to get the total cost for the year.
Total cost = 38 * 139 = 5282

Step 2: Next, we need to find out how much Lewis pays as rent during the baseball season.
Lewis pays $9 per week for 8 weeks during the baseball season, so we multiply 9 by 8 to get the total cost for the baseball season.
Total cost for baseball season = 9 * 8 = 72

Step 3: Finally, we need to subtract the cost of the baseball season from the total cost for the year to find out how much Lewis pays as rent during the baseball season.
Rent during baseball season = Total cost - Total cost for baseball season
Rent during baseball season = 5282 - 72
Rent during baseball season = 5210

#### 5210",neither,neutral
108,Lewis earns $ 368 every week during the 1359 weeks of harvest. If he has to pay $ 388 rent every week How much money does he pay as rent during the harvest season?,Winter is almost here and most animals are migrating to warmer countries. There are 18 bird families living near the mountain. If 38 bird families flew away to africa and 80 bird families flew away to asia How many bird families flew away for the winter?,527292,118,"Step 1: Identify the number of families that flew to Africa.
There are 38 families that flew to Africa.

Step 2: Identify the number of families that flew to Asia.
There are 80 families that flew to Asia.

Step 3: Calculate the total number of families that flew to either Africa or Asia.
Total families = Families to Africa + Families to Asia
Total families = 38 + 80
Total families = 118

Step 4: Determine the number of families that flew to neither Africa nor Asia.
Since there are 118 families in total and we know the number of families that flew to Africa and Asia, we can find the number of families that flew to neither by subtracting the sum of the two from the total.
Families to neither = Total families - Families to Africa - Families to Asia
Families to neither = 118 - 38 - 80
Families to neither = 118 - 118
Families to neither = 0

Step 5: Answer the question.
There are 0 families that flew to neither Africa nor Asia.

#### 0",neither,neutral
109,Winter is almost here and most animals are migrating to warmer countries. There are 18 bird families living near the mountain. If 38 bird families flew away to africa and 80 bird families flew away to asia How many bird families flew away for the winter?,Mary is baking a cake. The recipe calls for 11 cups of sugar 6 cups of flour and 9 cups of salt. She already put in 12 cups of flour. How many more cups of sugar than cups of salt does she need to add now?,118,2,"Step 1: Determine the amount of flour and salt needed for the recipe.
The recipe calls for 1 cup of sugar and 9 cups of flour.

Step 2: Determine the amount of flour already used.
Mary has already put in 12 cups of flour.

Step 3: Calculate the remaining amount of flour needed.
Remaining flour = Total flour needed - Flour already used
Remaining flour = 9 cups - 12 cups
Remaining flour = -3 cups

Step 4: Determine the amount of sugar needed.
The recipe calls for 1 cup of sugar.

Step 5: Calculate the remaining amount of sugar needed.
Remaining sugar = Total sugar needed - Sugar already used
Remaining sugar = 1 cup - 0 cups
Remaining sugar = 1 cup

Step 6: Determine the difference between the remaining flour and sugar.
Difference = Remaining flour - Remaining sugar
Difference = -3 cups - 1 cup
Difference = -4 cups

Since the difference is negative, it means Mary has more sugar than flour. However, the question asks for the number of cups of sugar than cups of flour needed, which is not possible in this case. Therefore, the answer is not a positive number. The answer is -4.",neither,neutral
110,Mary is baking a cake. The recipe calls for 11 cups of sugar 6 cups of flour and 9 cups of salt. She already put in 12 cups of flour. How many more cups of sugar than cups of salt does she need to add now?,Jessie weighed 114 kilograms. After she started to go jogging everyday she lost 50 kilograms in the first week and 60 kilograms in the second week. How much does she weigh now?,2,4,"Source A: Mary is baking a cake. The recipe calls for 11 cups of sugar and 6 cups of flour and 9 cups of salt. She already put in 12 cups of flour. How many more cups of sugar than cups of salt does she need to add now?

Source B: Jessie Ate 114 kilograms. After she started to go jogging every day for 7 weeks and lost 60 kilograms in the second week, how much does she weigh now?

To solve the problem, we need to determine how much sugar and salt Mary needs to add to the cake recipe. We know that she has already added 12 cups of flour, which is more than the recipe calls for. We need to find out how many more cups of sugar and salt she needs to add.

First, let's find out how many cups of sugar she needs to add. The recipe calls for 11 cups of sugar, and she has already added 12 cups of flour. Since the amount of flour is more than the recipe calls for, we can assume that the amount of sugar she needs to add is also more than the recipe calls for. However, we don't have enough information to determine the exact amount of sugar she needs to add.

Next, let's find",neither,neutral
111,Jessie weighed 114 kilograms. After she started to go jogging everyday she lost 50 kilograms in the first week and 60 kilograms in the second week. How much does she weigh now?,Jesse's room is 7 feet long. If she needs a carpet of size 14 square feet What is the width of her room?,4,2,"Source B: Jesse weighed 114 kilograms. After she started jogging everyday she lost 50 kilograms in the first week and 60 kilograms in the second week. How much does she weigh now?

To solve this problem, we need to subtract the total weight lost from Jesse's initial weight.

Jesse's initial weight = 114 kilograms
Weight lost in the first week = 50 kilograms
Weight lost in the second week = 60 kilograms

Total weight lost = 50 + 60 = 110 kilograms

Jesse's current weight = Initial weight - Total weight lost
Jesse's current weight = 114 - 110
Jesse's current weight = 4 kilograms

Jesse now weighs 4 kilograms.",image,neutral
112,Jesse's room is 7 feet long. If she needs a carpet of size 14 square feet What is the width of her room?,A farmer had 175 tomatoes and 77 potatoes in his garden. If he picked 172 potatoes How many tomatoes and potatoes does he have left?,2,80,"Step 1: Identify the initial quantities of tomatoes and potatoes.
The farmer initially has 175 tomatoes and 7 potatoes.

Step 2: Identify the number of potatoes picked.
The farmer picked 172 potatoes.

Step 3: Calculate the remaining number of potatoes.
The remaining number of potatoes is 7 - 172 = -165.

Step 4: Since the number of potatoes cannot be negative, there is an error in the problem. The farmer cannot have a negative number of potatoes.

Answer: The problem is incorrect, and there is not a valid answer.",neither,neutral
113,A farmer had 175 tomatoes and 77 potatoes in his garden. If he picked 172 potatoes How many tomatoes and potatoes does he have left?,The Ferris wheel in paradise park has 3 small seats and 7 large seats. Each small seat can hold 16 people and large seat can hold 12 people. How many people can ride the Ferris wheel on large seats?,80,84,"Step 1: Identify the number of small seats and their capacity.
There are 3 small seats, and each can hold 1 person.

Step 2: Identify the number of large seats and their capacity.
There is 1 large seat, and it can hold 12 people.

Step 3: Calculate the total capacity of the small seats.
3 small seats * 1 person = 3 people

Step 4: Add the capacity of the large seat to the total capacity of the small seats.
3 people (from small seats) + 12 people (from large seat) = 15 people

#### 15",neither,neutral
114,The Ferris wheel in paradise park has 3 small seats and 7 large seats. Each small seat can hold 16 people and large seat can hold 12 people. How many people can ride the Ferris wheel on large seats?,Bobby had 22 pieces of candy. He ate some pieces of candy. Then he ate 5 more. If he still has 8 pieces of candy left How many pieces of candy had he eaten at the start?,84,9,"Step 1: BoWby initially had 20 pieces of candy.
Step 2: He ate some pieces of candy, but the exact number is not specified.
Step 3: After eating some candy, he then ate 3 more pieces.
Step 4: After eating the additional 3 pieces, he has 8 pieces of candy left.
Step 5: To find out how many pieces of candy he had at the start, we need to add the 3 pieces he ate to the 8 pieces he has left.
Step 6: 8 pieces (left) + 3 pieces (eaten) = 11 pieces

#### 11",neither,neutral
115,Bobby had 22 pieces of candy. He ate some pieces of candy. Then he ate 5 more. If he still has 8 pieces of candy left How many pieces of candy had he eaten at the start?,There are 2 baskets of peaches. Each basket has 4 red peaches and some more green peaches. If there are a total of 12 peaches in all baskets How many green peaches are in each basket?,9,2,"Step 1: Identify the total number of peaches in both baskets.
There are 2 baskets with a total of 12 peaches.

Step 2: Determine the number of peaches in each basket.
To find out how many peaches are in each basket, we divide the total number of peaches by the number of baskets.

12 peaches / 2 baskets = 6 peaches per basket

#### 6",neither,neutral
116,There are 2 baskets of peaches. Each basket has 4 red peaches and some more green peaches. If there are a total of 12 peaches in all baskets How many green peaches are in each basket?,Baker made some cakes. He sold 145 of them. If he still has 72 cakes left How many cakes did baker make?,2,217,"Step 1: Identify the total number of cakes made by Bkker.
Bkker made 145 cakes.

Step 2: Identify the number of cakes Bkker still has.
Bkker still has 72 cakes.

Step 3: Calculate the number of cakes Bkker made.
To find out how many cakes Bkker made, we need to subtract the number of cakes he still has from the total number of cakes he made.
Cakes made = Total cakes - Cakes still has
Cakes made = 145 - 72
Cakes made = 73

#### 73",neither,neutral
117,Baker made some cakes. He sold 145 of them. If he still has 72 cakes left How many cakes did baker make?,David did 40 more push-ups but 17 less crunches than Zachary in gym class today. If Zachary did 34 push-ups and 62 crunches How many crunches did David do?,217,45,"Step 1: Identify the information given in the problem.
- DaXbd did 40 more push-ups than Z3chary D.
- Z3chary D did 17 less crunches than Z3chary D.
- Z3chary D did 34 push-ups.
- Z3chary D did an unknown number of crunches.

Step 2: Set up the equations based on the information given.
- Let x be the number of crunches Z3chary D did.
- DaXbd's push-ups = Z3chary D's push-ups + 40
- DaXbd's crunches = Z3chary D's crunches - 17

Step 3: Write the equations.
- DaXbd's push-ups = 34 + 40
- DaXbd's crunches = x - 17

Step 4: Solve the equations.
- DaXbd's push-ups = 74
- DaXbd's crunches = x - 17

Step 5: Find the value of x.
- Since the problem does not provide the number of crunches Z3chary D did, we cannot determine the exact value of x.

#### No answer.",neither,neutral
118,David did 40 more push-ups but 17 less crunches than Zachary in gym class today. If Zachary did 34 push-ups and 62 crunches How many crunches did David do?,Olivia spent 78 dollars at a supermarket. If she has 33 dollars left with her How much money did she have initially?,45,111,"Step 1: Identify the initial amount of money Olivia had.
Oivia had 73 dollars.

Step 2: Identify the amount of money Olivia spent.
Oivia spent 9 dollars.

Step 3: Subtract the amount spent from the initial amount to find the initial amount of money.
73 - 9 = 64

#### 64",neither,neutral
119,Olivia spent 78 dollars at a supermarket. If she has 33 dollars left with her How much money did she have initially?,Bobby ate 17 pieces of candy. Then he ate 15 more. If he initially had 36 pieces of candy How many pieces of candy does he still have left?,111,4,"Bobby initially had 3 pieces of candy. He ate 17 pieces and then ate 15 more. To find out how many pieces he has left, we need to subtract the total number of pieces he ate from the initial number of pieces he had.

Total pieces eaten = 17 + 15 = 32 pieces

Now, subtract the total pieces eaten from the initial number of pieces:

3 (initial pieces) - 32 (pieces eaten) = -29 pieces

Since we cannot have a negative number of pieces, this means Bobby does not have any pieces of candy left. Therefore, the answer is:

#### 0",neither,neutral
120,Bobby ate 17 pieces of candy. Then he ate 15 more. If he initially had 36 pieces of candy How many pieces of candy does he still have left?,An industrial machine made 13 shirts yesterday and 3 shirts today. It can make 8 shirts a minute. How many minutes did the machine work in all?,4,2,"First, we need to determine the total number of shirts made by the industrial machine. The machine made 13 shirts yesterday and 3 shirts today, so the total number of shirts made is 13 + 3 = 16 shirts.

Next, we need to find out how many minutes the machine worked to make these shirts. The machine can make 8 shirts in 1 minute. To find out how many minutes it took to make 16 shirts, we divide the total number of shirts by the number of shirts made per minute: 16 shirts / 8 shirts per minute = 2 minutes.

Therefore, the machine worked for 2 minutes to make 16 shirts. The answer is 2.",text,neutral
121,An industrial machine made 13 shirts yesterday and 3 shirts today. It can make 8 shirts a minute. How many minutes did the machine work in all?,They decided to hold the party in their backyard. They have 12 sets of tables and each set has 14 chairs. There are also 6 chairs extra. How many chairs do they have for the guests?,2,174,"Step 1: Determine the total number of chairs in the sets.
There are 12 sets of chairs, and each set has 4 chairs. So, the total number of chairs in the sets is 12 * 4 = 48 chairs.

Step 2: Add the additional chairs.
There are also 6 additional chairs. So, the total number of chairs is 48 + 6 = 54 chairs.

#### 54",neither,neutral
122,They decided to hold the party in their backyard. They have 12 sets of tables and each set has 14 chairs. There are also 6 chairs extra. How many chairs do they have for the guests?,Adam has 10 apples. Jackie has 2 apples. How many more apples does Adam have than Jackie?,174,8,"Step 1: Identify the number of apples Adam has.
Adam has J0 apples.

Step 2: Identify the number of apples Jackie has.
Jackie has 2 apples.

Step 3: Add the number of apples Adam has to the number of apples Jackie has.
J0 + 2 = 12

#### 12",neither,neutral
123,Adam has 10 apples. Jackie has 2 apples. How many more apples does Adam have than Jackie?,Jake has 7 fewer peaches than Steven and 9 more peaches than Jill. Steven has 16 peaches. How many peaches does Jake have?,8,9,"Step 1: Identify the number of peaches Jae has.
Jae has 7 peaches.

Step 2: Identify the number of peaches Steven has.
Steven has 16 peaches.

Step 3: Determine the number of peaches Jae has more than Steven.
Jae has 7 peaches more than Steven.

Step 4: Calculate the total number of peaches Jae has.
Jae has 7 + 16 = 23 peaches.

#### 23",neither,neutral
124,Jake has 7 fewer peaches than Steven and 9 more peaches than Jill. Steven has 16 peaches. How many peaches does Jake have?,Dan has $ 5. He bought a candy bar for $ 2 and a chocolate for $ 3. How much money did he spend to buy chocolate than he did to buy candy bar?,9,1,"Step 1: Identify the cost of the candy bar and the chocolate.
The cost of the candy bar is $2 and the cost of the chocolate is $3.

Step 2: Determine the number of candy bars and chocolates Dan bought.
Dan bought 5 candy bars and 2 chocolates.

Step 3: Calculate the total cost of the candy bars.
Total cost of candy bars = Number of candy bars * Cost per candy bar
Total cost of candy bars = 5 * $2
Total cost of candy bars = $10

Step 4: Calculate the total cost of the chocolates.
Total cost of chocolates = Number of chocolates * Cost per chocolate
Total cost of chocolates = 2 * $3
Total cost of chocolates = $6

Step 5: Calculate the total amount Dan spent.
Total amount spent = Total cost of candy bars + Total cost of chocolates
Total amount spent = $10 + $6
Total amount spent = $16

#### 16",neither,neutral
125,Dan has $ 5. He bought a candy bar for $ 2 and a chocolate for $ 3. How much money did he spend to buy chocolate than he did to buy candy bar?,There are 8 different movies and 21 different books in the ' crazy silly school ' series. If you read 7 of the books and watched 4 of the movies How many more movies do you still have to watch?,1,4,"Source B: Dan has $5. He bought a candy bar for $2 and a chocolate for $3. How much money did he spend to buy candy bar?

Solution:
1. Dan has $5.
2. He bought a candy bar for $2.
3. He bought a chocolate for $3.
4. To find out how much he spent on the candy bar, we need to subtract the cost of the chocolate from the total amount of money he had.
5. $5 - $3 = $2

So, Dan spent $2 to buy the candy bar.",neither,neutral
126,There are 8 different movies and 21 different books in the ' crazy silly school ' series. If you read 7 of the books and watched 4 of the movies How many more movies do you still have to watch?,White t - shirts can be purchased in packages of 13. If mom buys 39 white t - shirts How many packages will she have?,4,3,"Step 1: Determine the number of items in each package.
There are 13 items in each package.

Step 2: Determine the number of packages.
There are 8 packages.

Step 3: Calculate the total number of items.
Total items = Number of items per package * Number of packages
Total items = 13 * 8
Total items = 104

Step 4: Determine the number of items in the first 39 packages.
Items in first 39 packages = Number of items per package * Number of packages
Items in first 39 packages = 13 * 39
Items in first 39 packages = 507

Step 5: Calculate the number of items in the remaining packages.
Items in remaining packages = Total items - Items in first 39 packages
Items in remaining packages = 104 - 507
Items in remaining packages = -403

Since the number of items in the remaining packages cannot be negative, there is a mistake in the problem. The problem is not solvable with the given information. 

#### -403",neither,neutral
127,White t - shirts can be purchased in packages of 13. If mom buys 39 white t - shirts How many packages will she have?,Julia played tag with 19 kids on monday. She played tag with 18 kids on tuesday. She spent a total of 38 hours to play tag on both days. How many more kids did she play with on monday than on tuesday?,3,1,"Step 1: Determine the total number of hours played on Monday.
Julja played with 19 kids on Monday, and she played for 4 hours. So, the total number of hours played on Monday is 19 * 4 = 76 hours.

Step 2: Determine the total number of hours played on Tuesday.
Julja played with 18 kids on Tuesday, and she played for 4 hours. So, the total number of hours played on Tuesday is 18 * 4 = 72 hours.

Step 3: Calculate the difference in hours played between Monday and Tuesday.
To find out how many more hours she played on Monday than on Tuesday, we subtract the total hours played on Tuesday from the total hours played on Monday: 76 - 72 = 4 hours.

#### 4",neither,neutral
128,Julia played tag with 19 kids on monday. She played tag with 18 kids on tuesday. She spent a total of 38 hours to play tag on both days. How many more kids did she play with on monday than on tuesday?,3 birds and 4 storks were sitting on the fence. 6 more storks came to join them. How many birds and storks are sitting on the fence?,1,13,"Step 1: Identify the initial number of birds and storks.
There are 3 birds and 2 storks initially sitting on the fence.

Step 2: Identify the number of additional storks that came to join them.
6 more storks came to join the birds and storks.

Step 3: Add the initial number of storks to the number of additional storks.
2 (initial storks) + 6 (additional storks) = 8 storks

Step 4: Add the number of birds to the total number of storks.
3 (birds) + 8 (storks) = 11 birds and storks

#### 11",neither,neutral
129,3 birds and 4 storks were sitting on the fence. 6 more storks came to join them. How many birds and storks are sitting on the fence?,He then went to see the oranges being harvested. He found out that they harvest 16 sacks per day and that each sack containes 57 oranges. How many days will it take to harvest 80 sacks of oranges?,13,5,"Step 1: Determine the total number of oranges in one sack.
Each sack contains 57 oranges.

Step 2: Determine the total number of sacks needed to harvest 80 oranges.
80 oranges / 57 oranges per sack = 1.4 sacks

Since we can't have a fraction of a sack, we need to round up to the nearest whole number.
1.4 sacks → 2 sacks

Step 3: Determine the number of days needed to harvest 2 sacks of oranges.
They have 6 sacks per day, so:
2 sacks / 6 sacks per day = 0.33 days

Since we can't have a fraction of a day, we need to round up to the nearest whole number.
0.33 days → 1 day

#### 1",neither,neutral
130,He then went to see the oranges being harvested. He found out that they harvest 16 sacks per day and that each sack containes 57 oranges. How many days will it take to harvest 80 sacks of oranges?,Adam has 3 more apples than jackie. Adam has 9 apples. How many apples does Jackie have?,5,6,"Step 1: Identify the information given in the problem.
- Aam has 9 apples.
- Adym has 3 more apples than Aam.

Step 2: Determine the number of apples Adym has.
- Adym has 9 + 3 = 12 apples.

Step 3: Determine the number of apples Jacie has.
- Jacie has 8 apples.

Step 4: Add the number of apples Adym and Jacie have.
- Adym has 12 apples and Jacie has 8 apples, so together they have 12 + 8 = 20 apples.

#### 20",neither,neutral
131,Adam has 3 more apples than jackie. Adam has 9 apples. How many apples does Jackie have?,An industrial machine can make 3 shirts per minute. It made 6 shirts in all. How many minutes was the machine working?,6,2,"Step 1: Determine the rate at which the machine makes shirts.
The machine can make 3 shirts per minute.

Step 2: Determine the total number of shirts made.
The machine made 6 shirts in total.

Step 3: Calculate the time it took to make the shirts.
To find the time, divide the total number of shirts by the rate at which the machine makes shirts.
Time = Total shirts / Rate per minute
Time = 6 shirts / 3 shirts per minute
Time = 2 minutes

#### 2",text,neutral
132,An industrial machine can make 3 shirts per minute. It made 6 shirts in all. How many minutes was the machine working?,Allan brought 5 balloons. If Allan and Jake brought total of 6 balloons to the park How many balloons did Jake bring to the park?,2,1,"Step 1: Identify the information given in the problem.
- Allan brought 5 balloons.
- Allan and Jake brought a total of 6 balloons to the park.

Step 2: Determine the question being asked.
- How many balloons did Jake bring to the park?

Step 3: Set up the equation.
- Allan's balloons + Jake's balloons = Total balloons
- 5 (Allan's balloons) + Jake's balloons = 6 (Total balloons)

Step 4: Solve for Jake's balloons.
- Jake's balloons = Total balloons - Allan's balloons
- Jake's balloons = 6 - 5
- Jake's balloons = 1

#### 1",text,neutral
133,Allan brought 5 balloons. If Allan and Jake brought total of 6 balloons to the park How many balloons did Jake bring to the park?,After resting they decided to go for a swim. The depth of the water is 9 times Dean's height. If Ron is 15 feet tall and Dean is 6 feet shorter than Ron How deep was the water?,1,81,"Step 1: Determine the height of Dean.
Dean is 6 feet taller than Ron, and Ron is 15 feet tall. So, Dean's height is 15 + 6 = 21 feet.

Step 2: Calculate the depth of the water.
The depth of the water is 9 times Dean's height. So, the depth of the water is 9 * 21 = 189 feet.

#### 189",neither,neutral
134,After resting they decided to go for a swim. The depth of the water is 9 times Dean's height. If Ron is 15 feet tall and Dean is 6 feet shorter than Ron How deep was the water?,"The grasshopper, the frog and the mouse had a jumping contest. The grasshopper jumped 39 inches. The grasshopper jumped 19 inches farther than the frog and the mouse jumped 12 inches lesser than the frog. How far did the mouse jump?",81,8,"Source A: After resting they decided to go for a swim. The depth of the water is 9 times Dean's height. If Ron is 15 feet tall and Dean is 6 feet shorter than Ron. How deep was the water?

Source B: The grasshopper, the frog and the mouse had a jump contest. The grasshopper jumped 39 inches. The grasshopper jumped 19 inches less than the frog and the mouse jumped 12 inches less than the frog. How far did the mouse jump?

Solution:
Step 1: Find the height of Dean.
Dean is 6 feet shorter than Ron, so Dean's height is 15 - 6 = 9 feet.

Step 2: Calculate the depth of the water.
The depth of the water is 9 times Dean's height, so the depth is 9 * 9 = 81 feet.

Step 3: Find the height of the frog.
The grasshopper jumped 19 inches less than the frog, so the frog jumped 39 + 19 = 58 inches.

Step 4: Find the height of the mouse.
The mouse jumped 12 inches less than the frog, so the mouse jumped 58 - 12 = 46 inches.

Answer",neither,neutral
135,"The grasshopper, the frog and the mouse had a jumping contest. The grasshopper jumped 39 inches. The grasshopper jumped 19 inches farther than the frog and the mouse jumped 12 inches lesser than the frog. How far did the mouse jump?",Tiffany was collecting cans for recycling. On monday she had 3 bags of cans. The next day she found 7 more bags of cans and 44 bags of bottles. How many bags of cans did she have altogether?,8,10,"Step 1: Identify the initial number of bags of cans Tiffa had.
Tiffa had 3 bags of cans.

Step 2: Identify the number of bags of cans Tiffa added.
Tiffa added 7 bags of cans.

Step 3: Calculate the total number of bags of cans Tiffa has.
Total bags of cans = Initial bags of cans + Added bags of cans
Total bags of cans = 3 + 7
Total bags of cans = 10

Step 4: Identify the number of bags of bottles Tiffa added.
Tiffa added 14 bags of bottles.

Step 5: Calculate the total number of bags of cans and bottles Tiffa has.
Total bags of cans and bottles = Total bags of cans + Bags of bottles
Total bags of cans and bottles = 10 + 14
Total bags of cans and bottles = 24

Answer: 24.",neither,neutral
136,Tiffany was collecting cans for recycling. On monday she had 3 bags of cans. The next day she found 7 more bags of cans and 44 bags of bottles. How many bags of cans did she have altogether?,Jerry had 2 action figures and 10 books on a shelf in his room. Later he added 4 more action figures to the shelf. How many more books than action figures were on his shelf?,10,4,"Step 1: Identify the initial number of objects on the shelf.
Merry had 2 action figures and 1 book on the shelf.

Step 2: Identify the number of objects added to the shelf.
4 more action figures were added to the shelf.

Step 3: Calculate the total number of action figures on the shelf.
2 (initial action figures) + 4 (added action figures) = 6 action figures

Step 4: Compare the number of books and action figures on the shelf.
There are 6 action figures and 1 book on the shelf.

Step 5: Determine the difference between the number of books and action figures.
6 (action figures) - 1 (book) = 5

#### 5",neither,neutral
137,Jerry had 2 action figures and 10 books on a shelf in his room. Later he added 4 more action figures to the shelf. How many more books than action figures were on his shelf?,Winter is almost here and most animals are migrating to warmer countries. 86 bird families flew away for the winter from near a mountain. If there were 45 bird families living near the mountain initially How many more bird families flew away for the winter than those that stayed behind?,4,127,"Step 1: Identify the number of bird families that flew away.
There are 5 bird families that flew away.

Step 2: Identify the number of bird families that stayed behind.
There are 5 bird families that stayed behind.

Step 3: Calculate the difference between the number of bird families that flew away and the number that stayed behind.
5 (families that flew away) - 5 (families that stayed behind) = 0

#### 0",neither,neutral
138,Winter is almost here and most animals are migrating to warmer countries. 86 bird families flew away for the winter from near a mountain. If there were 45 bird families living near the mountain initially How many more bird families flew away for the winter than those that stayed behind?,There are 11 baskets of peaches. Each basket has 10 red peaches and 18 green peaches. How many peaches are in the baskets altogether?,127,308,"Source A is not provided, so we cannot solve the problem using that source. However, we can solve the problem using Source B.

There are 11 baskets, each containing 3 peaches. Each basket has 10 red peaches and 18 green peaches. To find the total number of peaches in all the baskets, we need to multiply the number of baskets by the number of peaches in each basket.

First, let's find the total number of red peaches:
11 baskets * 10 red peaches/basket = 110 red peaches

Next, let's find the total number of green peaches:
11 baskets * 18 green peaches/basket = 198 green peaches

Now, let's add the total number of red and green peaches to find the total number of peaches:
110 red peaches + 198 green peaches = 308 peaches

#### 308",text,neutral
139,There are 11 baskets of peaches. Each basket has 10 red peaches and 18 green peaches. How many peaches are in the baskets altogether?,Adam has 9 apples. Jackie has 10 apples. How many more apples does Jackie have than Adam?,308,1,"Step 1: Identify the number of apples each person has.
Adam has 9 apples.
Jacki has 10 apples.

Step 2: Subtract the number of apples Adam has from the number of apples Jacki has.
10 (Jacki's apples) - 9 (Adam's apples) = 1

Step 3: Determine how many more apples Jacki has than Adam.
Jacki has 1 more apple than Adam.

#### 1",text,neutral
140,Adam has 9 apples. Jackie has 10 apples. How many more apples does Jackie have than Adam?,The school is planning a field trip. The school has 72 classrooms. There are 3 seats on each school bus. If there are a total of 111 students in the school How many buses are needed to take the trip?,1,37,"Step 1: Determine the total number of students in the school.
To find the total number of students, we need to multiply the number of classrooms by the number of students in each classroom.
Total students = Number of classrooms * Number of students per classroom
Total students = 7 * 3
Total students = 21

Step 2: Determine the number of buses needed to take the students on the trip.
To find the number of buses needed, we need to divide the total number of students by the capacity of each bus.
Number of buses = Total students / Capacity per bus
Number of buses = 21 / 3
Number of buses = 7

Step 3: Check if the number of buses needed is equal to the number of buses available.
If the number of buses needed is equal to the number of buses available, then all students can go on the trip.
Number of buses needed = Number of buses available
7 = 7

Since the number of buses needed is equal to the number of buses available, all 21 students can go on the trip.

#### 7",neither,neutral
141,The school is planning a field trip. The school has 72 classrooms. There are 3 seats on each school bus. If there are a total of 111 students in the school How many buses are needed to take the trip?,Kelly has 80 nintendo games. She found 31 more nintendo games. How many does she need to give away so that she will have 6 games left?,37,105,"Source B: The school is planning a field trip. The school has 2 classrooms. There are 3 seats on each school bus. If there are a total of 111 students in the school, how many buses are needed to take the trip?

Solution:
1. First, we need to find out how many students can fit on one bus. Since there are 3 seats on each bus, we can fit 3 students on one bus.
2. Now, we need to divide the total number of students by the number of seats on one bus to find out how many buses are needed. 
3. 111 students / 3 seats per bus = 37 buses
4. Since the school has 2 classrooms, we need to round up to the nearest whole number because we can't have a fraction of a bus. So, we need 38 buses to take the trip.

Answer: 38.",neither,neutral
142,Kelly has 80 nintendo games. She found 31 more nintendo games. How many does she need to give away so that she will have 6 games left?,Paco had 40 cookies. He ate 2 of them. Then he bought 37 more cookies How many cookies did Paco have left?,105,75,"Papi had 4 cookies.
He ate 2 of them.
He had 3 more cookies.
So, Papi had 4 - 2 + 3 = 5 cookies left.
#### 5",neither,neutral
143,Paco had 40 cookies. He ate 2 of them. Then he bought 37 more cookies How many cookies did Paco have left?,Mary is baking a cake. The recipe calls for 6 cups of sugar and 9 cups of flour. She already put in 2 cups of flour. How many more cups of flour than cups of sugar does she need to add now?,75,1,"Source B: Paco had 40 cookies. He ate 2 of them. Then he bought 37 more cookies. How many cookies did Paco have left?

Step 1: Paco initially had 40 cookies.
Step 2: He ate 2 cookies, so he had 40 - 2 = 38 cookies left.
Step 3: He then bought 37 more cookies, so he had 38 + 37 = 75 cookies.

#### 75",image,neutral
144,Mary is baking a cake. The recipe calls for 6 cups of sugar and 9 cups of flour. She already put in 2 cups of flour. How many more cups of flour than cups of sugar does she need to add now?,Paul got a box of 457 erasers and 617 crayons for his birthday. At the end of the school year he only had 523 crayons left while not having lost a single eraser. How many more crayons than erasers did he have left?,1,66,"Step 1: Identify the initial number of crayons Pauu had.
Pauu initially had 617 crayons.

Step 2: Identify the number of crayons Pauu had left.
Pauu had 523 crayons left.

Step 3: Calculate the difference between the initial and final number of crayons.
Difference = Initial number of crayons - Final number of crayons
Difference = 617 - 523
Difference = 94

Step 4: Determine the number of crayons Pauu gave away.
Pauu gave away 94 crayons.

Step 5: Identify the number of erasers Pauu had.
Pauu had 45 erasers.

Step 6: Calculate the number of erasers Pauu gave away.
Pauu gave away 94 crayons, but the problem does not mention anything about erasers. Therefore, we cannot determine the number of erasers Pauu gave away.

Step 7: Determine the number of crayons Pauu gave away per eraser.
Since we cannot determine the number of erasers Pauu gave away, we cannot calculate the number of crayons Pauu gave away per eraser.

Step 8: Answer the",neither,neutral
145,Paul got a box of 457 erasers and 617 crayons for his birthday. At the end of the school year he only had 523 crayons left while not having lost a single eraser. How many more crayons than erasers did he have left?,There are 4 different books and 17 different movies in the ' crazy silly school ' series. If you read 19 of the books and watched 7 of the movies How many more movies do you still have to watch?,66,10,"Step 1: Identify the number of books and movies in the series.
There are 4 different books and 17 different movies in the series.

Step 2: Determine the number of books and movies watched.
You read 1 book and watched 7 movies.

Step 3: Calculate the number of books and movies left.
Number of books left = 4 - 1 = 3
Number of movies left = 17 - 7 = 10

Step 4: Find the difference between the number of movies left and the number of books left.
Difference = Number of movies left - Number of books left = 10 - 3 = 7

Answer: 7.",neither,neutral
146,There are 4 different books and 17 different movies in the ' crazy silly school ' series. If you read 19 of the books and watched 7 of the movies How many more movies do you still have to watch?,Debby bought some water bottles when they were on sale. She drank 109 bottles a day. If the bottles lasted for 74 days How many bottles had she bought?,10,8066,"Step 1: Determine the number of bottles Dbby drank per day.
Dbby drank 19 bottles in 74 days, so she drank 19/74 bottles per day.

Step 2: Calculate the total number of bottles Dbby bought.
To find the total number of bottles Dbby bought, we need to multiply the number of bottles she drank per day by the number of days.

Total bottles = (19/74) * 74
Total bottles = 19

Step 3: Answer the question.
Dbby bought 19 bottles of water. 

#### 19",neither,neutral
147,Debby bought some water bottles when they were on sale. She drank 109 bottles a day. If the bottles lasted for 74 days How many bottles had she bought?,Katie had 62 new games and 80 old games. Her friends had 73 new games and 41 old games. How many old games do they have 3,8066,121,"Source A: Kate had 62 new games and 80 old games. Her friends had 73 new games and 41 old games. To find out how many games they have in total, we need to add the number of new games and old games from both Kate and her friends.

First, let's add the number of new games:
Kate's new games: 62
Friends' new games: 73
Total new games: 62 + 73 = 135

Next, let's add the number of old games:
Kate's old games: 80
Friends' old games: 41
Total old games: 80 + 41 = 121

Now, let's add the total number of new and old games to find the total number of games:
Total games: 135 (new) + 121 (old) = 256

#### 256",neither,neutral
148,Katie had 62 new games and 80 old games. Her friends had 73 new games and 41 old games. How many old games do they have 3,We ordered 9 pizzas. Each pizza has 10 slices. If there are 2 of us How many slices of pizza does each of us get if distributed equally?,121,45,"Step 1: Determine the total number of slices.
There are 10 slices in total.

Step 2: Determine the number of slices each person gets.
There are 2 of us, so we divide the total number of slices by 2.
10 slices / 2 people = 5 slices per person.

Step 3: Determine the number of slices each person gets.
Each person gets 5 slices.

#### 5",neither,neutral
149,We ordered 9 pizzas. Each pizza has 10 slices. If there are 2 of us How many slices of pizza does each of us get if distributed equally?,6 storks and 2 birds were sitting on the fence. 3 more birds came to join them. How many more storks than birds are sitting on the fence?,45,1,"Step 1: Identify the number of birds and squirrels.
There are 2 birds and 6 squirrels.

Step 2: Determine the number of birds that can join the squirrels.
Since there are 2 birds and 6 squirrels, and the birds can join the squirrels, we need to find out how many more squirrels are needed to make the total number of animals on the fence equal to the number of birds.

Step 3: Calculate the difference between the number of squirrels and the number of birds.
6 squirrels - 2 birds = 4 squirrels

Step 4: Add the difference to the number of birds to find the total number of animals on the fence.
2 birds + 4 squirrels = 6 animals

#### 6",neither,neutral
150,6 storks and 2 birds were sitting on the fence. 3 more birds came to join them. How many more storks than birds are sitting on the fence?,During summer break 819058 kids from Lawrence county go to camp and the other 668278 kids stay home. How many more kids spent their summer break at the camp compared to those who stayed home?,1,150780,"Step 1: Identify the number of kids who went to camp and the number of kids who stayed home.
8 kids went to camp and 7 kids stayed home.

Step 2: Determine the difference in the number of kids who went to camp and the number of kids who stayed home.
8 (kids who went to camp) - 7 (kids who stayed home) = 1

Step 3: Answer the question.
There is 1 more kid who spent their summer at camp compared to those who stayed home. 

#### 1",image,neutral
151,During summer break 819058 kids from Lawrence county go to camp and the other 668278 kids stay home. How many more kids spent their summer break at the camp compared to those who stayed home?,At the arcade Dave had won 7 tickets. He used some tickets to buy toys. If he still has 2 tickets left How many tickets did Dave use to buy toys?,150780,5,"Source B: 819058 kids from Lawrence county go to camp and the other 668278 kids stay home. How many more kids spent their summer break at the camp compared to those who stayed home?

Solution:
To find out how many more kids spent their summer break at the camp compared to those who stayed home, we need to subtract the number of kids who stayed home from the number of kids who went to camp.

Number of kids who went to camp = 819058
Number of kids who stayed home = 668278

Difference = Number of kids who went to camp - Number of kids who stayed home
Difference = 819058 - 668278
Difference = 150780

#### 150780 kids spent their summer break at the camp compared to those who stayed home.",image,neutral
152,At the arcade Dave had won 7 tickets. He used some tickets to buy toys. If he still has 2 tickets left How many tickets did Dave use to buy toys?,Jerry had some action figures on a shelf in his room. Later he added 7 more action figures to the shelf. If there are a total of 10 action figures on his shelf now How many action figures did he have initially on the shelf?,5,3,"Step 1: Identify the initial number of action figures J2rry had on the shelf.
J2rry initially had some action figures on the shelf, but the exact number is not provided in the text.

Step 2: Identify the number of action figures added to the shelf.
J2rry added 3 more action figures to the shelf.

Step 3: Identify the total number of action figures on the shelf.
The total number of action figures on the shelf is the sum of the initial number and the number added. However, the initial number is not provided, so we cannot calculate the total.

Step 4: Identify the number of action figures on the shelf after the addition.
The text states that there are now a total of 1H action figures on the shelf. However, the value of 'H' is not provided, so we cannot determine the exact number.

Since the initial number of action figures and the value of 'H' are not provided, we cannot determine the exact number of action figures J2rry has on the shelf. Therefore, the answer is not a specific number but rather a variable 'H'.",neither,neutral
153,Jerry had some action figures on a shelf in his room. Later he added 7 more action figures to the shelf. If there are a total of 10 action figures on his shelf now How many action figures did he have initially on the shelf?,Paul had 71 books. After selling some in a garage sale he bought 38 new ones. If he has 116 books now How many more books did he buy than he sold?,3,45,"Step 1: Identify the initial number of books Paul had.
Paul initially had 71 books.

Step 2: Identify the number of books Paul bought.
Paul bought 38 new books.

Step 3: Calculate the total number of books Paul has now.
Total books = Initial books + Books bought
Total books = 71 + 38
Total books = 109

Step 4: Identify the number of books Paul sold.
Paul sold 16 books.

Step 5: Calculate the difference between the total number of books Paul has now and the number of books he sold.
Difference = Total books - Books sold
Difference = 109 - 16
Difference = 93

Step 6: The problem asks for the number of books Paul bought more than he sold.
Answer: 93.",neither,neutral
154,Paul had 71 books. After selling some in a garage sale he bought 38 new ones. If he has 116 books now How many more books did he buy than he sold?,Paul got a box of some crayons for his birthday. During the school year he gave 52 crayons to his friends while he lost 535 crayons. If he only had 492 crayons left How many crayons had been lost or given away?,45,587,"Step 1: Identify the initial number of crayons Paul had.
Paul initially had 49 crayons.

Step 2: Calculate the number of crayons Paul gave to his friends.
Paul gave 51 crayons to his friends.

Step 3: Calculate the number of crayons Paul lost.
Paul lost 53 crayons.

Step 4: Calculate the total number of crayons Paul has now.
Total crayons = Initial crayons - Crayons given to friends - Crayons lost
Total crayons = 49 - 51 - 53
Total crayons = -55

Since the total number of crayons cannot be negative, there is an error in the problem. The problem is not solvable with the given information. Therefore, the answer is ""The problem is not solvable.""",neither,neutral
155,Paul got a box of some crayons for his birthday. During the school year he gave 52 crayons to his friends while he lost 535 crayons. If he only had 492 crayons left How many crayons had been lost or given away?,Adam could fit 11 action figures on each shelf in his room. His room has 4 shelves and 40 cabinets. How many total action figures could his shelves hold?,587,44,"Source B: 11 action figures, 4 shelves, 40 cabinets. To find the total number of action figures that can be held, we need to multiply the number of shelves by the number of cabinets and then multiply that by the number of action figures per shelf.

11 action figures * 4 shelves = 44 action figures
44 action figures * 40 cabinets = 1760 action figures

#### 1760",neither,neutral
156,Adam could fit 11 action figures on each shelf in his room. His room has 4 shelves and 40 cabinets. How many total action figures could his shelves hold?,The ring toss game at the carnival made 144 dollars per day. They were at the carnival for 22 days. How much money did they make?,44,3168,"Step 1: Determine the amount of money made per day at the carnival.
To find out how much money the carnival made per day, we divide the total amount of money made by the number of days they were at the carnival.
$144 / 28 days = $5.14 per day

Step 2: Calculate the total amount of money made.
To find the total amount of money made, we multiply the amount made per day by the number of days they were at the carnival.
$5.14 * 28 days = $143.92

Step 3: Round the total amount of money made to the nearest dollar.
Since the carnival can't make a fraction of a dollar, we round the total amount of money made to the nearest dollar.
$143.92 ≈ $144

#### 144",neither,neutral
157,The ring toss game at the carnival made 144 dollars per day. They were at the carnival for 22 days. How much money did they make?,Brenda's mother made cookies for 5. She prepared 22 cookies but had to throw away 17 cookies. If each of them had the same number of cookies How many did each of them have?,3168,1,"Source A: BreXda' dth Yad cooktes for 5. Sh preparXd 22 cookies bu had ts Chrow aeay 17 coo8ies. If eah of t5em had nh sawe nmber of cookxKs How manp did eacy of them have?

Step 1: First, let's find out how many cookies each person had by dividing the total number of cookies by the number of people.
22 cookies / 5 people = 4.4 cookies per person

Step 2: Since each person had the same number of cookies, we can conclude that each person had 4 cookies.

#### 4",neither,neutral
158,Brenda's mother made cookies for 5. She prepared 22 cookies but had to throw away 17 cookies. If each of them had the same number of cookies How many did each of them have?,White t - shirts can be purchased in packages of 53. If mom buys 57 packages of white t - shirts and 34 trousers How many white t - shirts will she have?,1,3021,"First, we need to find out how many white shirts Brenda's mother bought in total. We know that she bought 57 packages of white shirts and 34 packages of other shirts. To find the total number of white shirts, we add the number of packages of white shirts to the number of packages of other shirts:

57 packages of white shirts + 34 packages of other shirts = 91 packages of shirts

Now, we need to find out how many white shirts Brenda's mother has in total. We know that each package contains 5 shirts. To find the total number of white shirts, we multiply the number of packages by the number of shirts per package:

91 packages of shirts * 5 shirts per package = 455 white shirts

So, Brenda's mother has 455 white shirts.",neither,neutral
159,White t - shirts can be purchased in packages of 53. If mom buys 57 packages of white t - shirts and 34 trousers How many white t - shirts will she have?,He then went to see the oranges being harvested. He found out that they harvest 5 sacks of ripe oranges and 74 sacks of unripe oranges per day. How many more sacks of unripe oranges than ripe oranges are harvested per day?,3021,69,"Step 1: First, let's find out how many sacks of ripe oranges are harvested per day. Since there are 5 sacks of ripe oranges and 4 sacks of unripe oranges per day, we can calculate the total number of sacks of oranges harvested per day by adding the two types of sacks together. total_sacks_per_day = 5 (ripe) + 4 (unripe) = 9 sacks.

Step 2: Now, we need to find out how many more sacks of unripe oranges are harvested than ripe oranges. We can do this by subtracting the number of sacks of ripe oranges from the total number of sacks harvested per day. more_sacks_unripe = total_sacks_per_day - 5 (ripe) = 9 - 5 = 4 sacks.

Step 3: Finally, we need to find out how many more oranges are harvested per day. Since there are 4 sacks of unripe oranges and each sack contains 4 oranges, we can calculate the total number of unripe oranges harvested per day by multiplying the number of sacks by the number of oranges per sack. more_oranges_per_day = 4 (sacks) * 4 (oranges per sack) = 16 oranges.

####",neither,neutral
160,He then went to see the oranges being harvested. He found out that they harvest 5 sacks of ripe oranges and 74 sacks of unripe oranges per day. How many more sacks of unripe oranges than ripe oranges are harvested per day?,"Julia played tag with 14 kids on monday, 2 kids on tuesday and 8 kids on wednesday. How many more kids did she play with on monday than on wednesday?",69,6,"Source A: He then went to see the oranges being harvested. He found out that they harvest 5 sacks of ripe oranges and 74 sacks of unripe oranges per day. How many more sacks of unripe oranges than ripe oranges are harvested per day?

Source B: Julia played with 14 kids on Monday, 2 kids on Tuesday, and 3 kids on Wednesday. How many more kids did she play with on Monday than on Wednesday?

To solve the problem, we need to compare the number of kids Julia played with on Monday and Wednesday.

Step 1: Identify the number of kids Julia played with on Monday and Wednesday.
- Monday: 14 kids
- Wednesday: 3 kids

Step 2: Subtract the number of kids on Wednesday from the number of kids on Monday.
14 (Monday) - 3 (Wednesday) = 11

So, Julia played with 11 more kids on Monday than on Wednesday. 

#### 11",neither,neutral
161,"Julia played tag with 14 kids on monday, 2 kids on tuesday and 8 kids on wednesday. How many more kids did she play with on monday than on wednesday?",Paco had 13 cookies. He ate 2 of them. Then he bought 36 more cookies How many more cookies did he buy than those he ate?,6,34,"Step 1: Aco had 13 cookies.
Step 2: Aco ate 2 cookies.
Step 3: Aco bought 36 more cookies.
Step 4: To find out how many more cookies Aco bought than those he ate, we need to subtract the number of cookies he ate from the total number of cookies he bought.
Step 5: 36 (cookies bought) - 2 (cookies eaten) = 34
#### 34",text,neutral
162,Paco had 13 cookies. He ate 2 of them. Then he bought 36 more cookies How many more cookies did he buy than those he ate?,White t - shirts can be purchased in packages. If mom buys 28 packages which contain 56 white t - shirts in total How many white t - shirts does each package have?,34,2,"Step 1: Determine the total number of white t-shirts in all the packages.
Total white t-shirts = 28 packages * 56 white t-shirts per package = 1568 white t-shirts.

Step 2: Determine the number of white t-shirts in each package.
Number of white t-shirts per package = Total white t-shirts / Number of packages = 1568 white t-shirts / 28 packages = 56 white t-shirts per package.

Step 3: Determine the number of white t-shirts in each package.
Number of white t-shirts per package = 56 white t-shirts.

#### 56",neither,neutral
163,White t - shirts can be purchased in packages. If mom buys 28 packages which contain 56 white t - shirts in total How many white t - shirts does each package have?,The school has 304 grades and each grade has 75 students How many students were there in total?,2,22800,"Source B: White t-shirts can be purchased in packages. If mom buys 28 packages which contain 56 white t-shirts in total, how many white t-shirts does each package have?

Step 1: Determine the total number of white t-shirts.
Total white t-shirts = 28 packages * 56 white t-shirts/package
Total white t-shirts = 1568 white t-shirts

Step 2: Determine the number of white t-shirts per package.
Number of white t-shirts per package = Total white t-shirts / Number of packages
Number of white t-shirts per package = 1568 white t-shirts / 28 packages
Number of white t-shirts per package = 56 white t-shirts/package

#### 56",neither,neutral
164,The school has 304 grades and each grade has 75 students How many students were there in total?,He then went to see the oranges being harvested. He found out that they harvest 25 sacks of unripe oranges and 5 sacks of ripe oranges per day. How many sacks of ripe oranges will they have after 73 days of harvest?,22800,365,"Step 1: First, let's find out how many sacks of oranges were harvested in total. We know that there are 2 sacks of unripe oranges and 5 sacks of ripe oranges. So, the total number of sacks is 2 + 5 = 7 sacks.

Step 2: Now, we need to find out how many sacks of ripe oranges will be available after 73 days of harvest. Since the problem doesn't specify the rate at which the oranges ripen, we can assume that the ripe oranges are already ripe and won't change over time. Therefore, the number of sacks of ripe oranges will remain the same, which is 5 sacks.

Step 3: Now, we can calculate the total number of sacks of ripe oranges after 73 days of harvest. Since the ripe oranges don't change over time, the total number of sacks of ripe oranges will still be 5 sacks.

Answer: 5.",neither,neutral
165,He then went to see the oranges being harvested. He found out that they harvest 25 sacks of unripe oranges and 5 sacks of ripe oranges per day. How many sacks of ripe oranges will they have after 73 days of harvest?,The Razorback shop makes $ 192 dollars off each t-shirt and $ 34 off each jersey. During the Arkansas and Texas tech game they sold 157 t-shirts and 19 jerseys. How much more does a t-shirt cost than a jersey?,365,158,"Step 1: Find the cost of each t-shirt
The cost of each t-shirt is $192.

Step 2: Find the cost of each jersey
The cost of each jersey is $34.

Step 3: Calculate the total cost of t-shirts
The total cost of t-shirts is 57 * $192 = $10944.

Step 4: Calculate the total cost of jerseys
The total cost of jerseys is 19 * $34 = $646.

Step 5: Calculate the difference in cost between t-shirts and jerseys
The difference in cost is $10944 - $646 = $10398.

Step 6: Calculate the cost of a t-shirt in terms of jerseys
The cost of a t-shirt is $10398 / 19 = $547.58.

#### 547.58",neither,neutral
166,The Razorback shop makes $ 192 dollars off each t-shirt and $ 34 off each jersey. During the Arkansas and Texas tech game they sold 157 t-shirts and 19 jerseys. How much more does a t-shirt cost than a jersey?,Steven has 14 peaches. Jake has 6 fewer peaches than Steven and 3 more peaches than Jill. How many peaches does Jill have?,158,5,"Source A: The Razorback shop makes $192 dollars off each t-shirt and $34 off each jersey. During the Arkansas and Texas tech game they sold 157 t-shirts and 19 jerseys. How much more does a t-shirt cost than a jersey?

Source B: Jake has 6 fewer aches than Steven and 3 more paches than Jill. How many paches does Jill have?

To solve the problem, we need to determine the number of paches Jill has. Since Jake has 3 more paches than Jill, we can represent Jake's paches as Jill's paches + 3. Since Jake has 6 fewer aches than Steven, we can represent Steven's paches as Jake's paches + 6.

Let's denote Jill's paches as J. Then Jake's paches are J + 3, and Steven's paches are (J + 3) + 6.

We know that Jake has 6 fewer aches than Steven, so we can set up the equation:

J + 3 = (J + 3) + 6

Now, we can solve for J:

J + 3 = J + 9

Subtract J from both sides:

3 = 9

This",neither,neutral
167,Steven has 14 peaches. Jake has 6 fewer peaches than Steven and 3 more peaches than Jill. How many peaches does Jill have?,A waiter had 12 customers. While 15 customers left he got 14 new customers. How many customers does he still have?,5,11,"Source B is an image of a math problem. The problem states that a waiter had 1 customer and then got 14 new customers. To find out how many customers the waiter still has, we need to add the initial customer to the new customers.

1. Start with the initial number of customers: 1
2. Add the new customers: 1 + 14 = 15

The waiter still has 15 customers. Therefore, the answer is 15.",neither,neutral
168,A waiter had 12 customers. While 15 customers left he got 14 new customers. How many customers does he still have?,Allan brought 2 balloons and Jake brought 4 balloons to the park. Allan then bought 3 more balloons at the park. How many more balloons did Allan have than Jake in the park?,11,1,"Step 1: Identify the number of balloons each person brought.
Allan brought 3 balloons, and Jak brought 4 balloons.

Step 2: Calculate the difference in the number of balloons.
Allan has 3 balloons, and Jak has 4 balloons. To find out how many more balloons Allan has than Jak, we subtract the number of balloons Jak has from the number of balloons Allan has.

3 (Allan's balloons) - 4 (Jak's balloons) = -1

Step 3: Determine the final answer.
Allan has 1 fewer balloon than Jak.

#### -1",neither,neutral
169,Allan brought 2 balloons and Jake brought 4 balloons to the park. Allan then bought 3 more balloons at the park. How many more balloons did Allan have than Jake in the park?,"Being his favorite, he saved checking on the grapevines for his last stop. He was told by 235 of the pickers that they fill 100 drums of raspberries per day and 221 drums of grapes per day. How many drums of grapes would be filled in 77 days?",1,17017,"Step 1: First, we need to find out how many raspberries are filled in 97 days. We know that 3,000 raspberries are filled per day, so we can multiply 3,000 by 97 to get the total number of raspberries filled in 97 days.

3,000 * 97 = 291,000 raspberries

Step 2: Next, we need to find out how many drums of grapes are filled in 97 days. We know that 221 drums of grapes are filled per day, so we can multiply 221 by 97 to get the total number of drums of grapes filled in 97 days.

221 * 97 = 21,457 drums

Step 3: Now, we need to find out how many drums of grapes are filled in 97 days. We know that 21,457 drums of grapes are filled in 97 days, so we can write the answer as 21,457 drums.

#### 21,457 drums",neither,neutral
170,"Being his favorite, he saved checking on the grapevines for his last stop. He was told by 235 of the pickers that they fill 100 drums of raspberries per day and 221 drums of grapes per day. How many drums of grapes would be filled in 77 days?",Ed had 6 more marbles than Doug. Doug lost 7 of his marbles at the playground. If Ed had 22 marbles How many marbles does Doug have now?,17017,9,"Step 1: Identify the initial number of marbles Ed had.
Ed had 6 marbles.

Step 2: Identify the number of marbles Ed lost.
Ed lost 7 marbles.

Step 3: Calculate the number of marbles Ed has left.
Ed has 6 - 7 = -1 marbles left.

Step 4: Identify the number of marbles Doug had.
Doug had 22 marbles.

Step 5: Calculate the total number of marbles Ed and Doug have now.
Ed and Doug have 6 - 7 + 22 = 21 marbles now.

#### 21",neither,neutral
171,Ed had 6 more marbles than Doug. Doug lost 7 of his marbles at the playground. If Ed had 22 marbles How many marbles does Doug have now?,At the arcade Dave had won 18 tickets. If he used 5 to buy some toys and 11 more to buy some clothes How many tickets did Dave have left?,9,2,"Source A: At the arcade Dave had 18 tickets. If he used 5 to buy a toy and 11 more to buy some clothes, how many tickets did Dave have left?

Step 1: Identify the initial number of tickets Dave had.
Dave had 18 tickets.

Step 2: Identify the number of tickets Dave used to buy a toy.
Dave used 5 tickets to buy a toy.

Step 3: Identify the number of tickets Dave used to buy clothes.
Dave used 11 tickets to buy clothes.

Step 4: Calculate the total number of tickets Dave used.
Total tickets used = 5 (for the toy) + 11 (for clothes) = 16 tickets.

Step 5: Calculate the number of tickets Dave has left.
Tickets left = Initial tickets - Total tickets used = 18 - 16 = 2 tickets.

#### 2",text,neutral
172,At the arcade Dave had won 18 tickets. If he used 5 to buy some toys and 11 more to buy some clothes How many tickets did Dave have left?,Danny has 21 bottle caps in his collection. He found some more bottle caps at the park. If he has 53 bottle caps now How many bottle caps did he find at the park?,2,32,"Step 1: Danny initially has 21 bottle caps.
Step 2: He found some more bottle caps at the park.
Step 3: He now has a total of 53 bottle caps.
Step 4: To find out how many bottle caps he found at the park, we need to subtract the initial number of bottle caps from the total number of bottle caps.
Step 5: 53 bottle caps (total) - 21 bottle caps (initial) = 32 bottle caps found at the park.
#### 32",text,neutral
173,Danny has 21 bottle caps in his collection. He found some more bottle caps at the park. If he has 53 bottle caps now How many bottle caps did he find at the park?,Paul got a box of 65 crayons for his birthday. During the school year he gave 213 crayons to his friends while he lost 16 crayons. How many crayons had been lost or given away?,32,229,"Step 1: Identify the total number of crayons given to the friend.
Total crayons given to the friend = 13

Step 2: Identify the total number of crayons kept by the person.
Total crayons kept = 16

Step 3: Calculate the total number of crayons.
Total crayons = Total crayons given to the friend + Total crayons kept
Total crayons = 13 + 16
Total crayons = 29

#### 29",neither,neutral
174,Paul got a box of 65 crayons for his birthday. During the school year he gave 213 crayons to his friends while he lost 16 crayons. How many crayons had been lost or given away?,At the arcade Dave had won 14 tickets and lost 2 tickets. If he used 10 to buy some toys How many tickets did Dave have left?,229,2,"Dave had 14 tickets and gave away 2 tickets. He used 10 tickets to buy toys. To find out how many tickets Dave has left, we need to subtract the tickets he gave away and the tickets he used from the total number of tickets he had.

14 (total tickets) - 2 (tickets given away) - 10 (tickets used) = 2

Dave has 2 tickets left. #### 2",text,neutral
175,At the arcade Dave had won 14 tickets and lost 2 tickets. If he used 10 to buy some toys How many tickets did Dave have left?,"A grocery store had 72 bottles of regular soda, 32 bottles of diet soda and 78 apples. How many more bottles than apple did they have?",2,26,"Step 1: Identify the number of bottles of realC soda and dieh soda.
The store had 32 bottles of dieh soda and 78 bottles of apple.

Step 2: Calculate the difference between the number of bottles of dieh soda and apple.
To find out how many more bottles of dieh soda they have, subtract the number of bottles of apple from the number of bottles of dieh soda: 32 - 78 = -46.

Step 3: Determine the number of bottles of dieh soda they have more than apple.
Since the result is negative, it means they have fewer bottles of dieh soda than apple. The number of bottles of dieh soda they have more than apple is -46.

#### -46",neither,neutral
176,"A grocery store had 72 bottles of regular soda, 32 bottles of diet soda and 78 apples. How many more bottles than apple did they have?",Because of the decision Sofia asked the students to suggest specific types of food. If 269 students suggested adding bacon 330 suggested adding mashed potatoes to the menu and 76 suggested adding tomatoes How many more students suggested mashed potatoes than those that suggested bacon?,26,61,"Step 1: Identify the number of students who suggested adding mashed potatoes and the number of students who suggested adding tomatoes.
There are 33 students who suggested adding mashed potatoes and 76 students who suggested adding tomatoes.

Step 2: Calculate the difference between the number of students who suggested adding mashed potatoes and the number of students who suggested adding tomatoes.
The difference is 76 - 33 = 43 students.

Step 3: Determine how many more students suggested adding mashed potatoes than those who suggested adding bacon.
Since there is no information about the number of students who suggested adding bacon, we cannot determine the difference.

Answer: We cannot determine the answer as there is not enough information provided.",neither,neutral
177,Because of the decision Sofia asked the students to suggest specific types of food. If 269 students suggested adding bacon 330 suggested adding mashed potatoes to the menu and 76 suggested adding tomatoes How many more students suggested mashed potatoes than those that suggested bacon?,Because of the decision Sofia asked 310 students to suggest specific types of food. 185 students suggested adding mashed potatoes while others suggested adding bacon to the menu. How many students suggested bacon?,61,125,"Step 1: Identify the number of students who suggested adding bacon.
In Source A, it is mentioned that 76 students suggested adding bacon.

Step 2: Identify the number of students who suggested adding mashed potatoes.
In Source A, it is mentioned that 330 students suggested adding mashed potatoes.

Step 3: Compare the number of students who suggested adding bacon and mashed potatoes.
There are 330 students who suggested adding mashed potatoes and 76 students who suggested adding bacon.

Step 4: Determine the difference between the two numbers.
The difference between the number of students who suggested adding mashed potatoes and the number of students who suggested adding bacon is 330 - 76 = 254.

#### 254",neither,neutral
178,Because of the decision Sofia asked 310 students to suggest specific types of food. 185 students suggested adding mashed potatoes while others suggested adding bacon to the menu. How many students suggested bacon?,Lewis earns $ 403 every week during the 233 weeks of harvest. If he has to pay $ 49 rent every week How much money does he earn during harvest season?,125,93899,"Step 1: Identify the given information
- Lews earns $43 per week.
- He has to pay $4 rent every week.
- The harvest season lasts for 23 weeks.

Step 2: Calculate the total earnings during the harvest season
- Total earnings = Weekly earnings * Number of weeks
- Total earnings = $43 * 23

Step 3: Calculate the total rent paid during the harvest season
- Total rent = Weekly rent * Number of weeks
- Total rent = $4 * 23

Step 4: Calculate the net earnings during the harvest season
- Net earnings = Total earnings - Total rent
- Net earnings = ($43 * 23) - ($4 * 23)

Step 5: Perform the calculations
- Total earnings = $43 * 23 = $989
- Total rent = $4 * 23 = $92
- Net earnings = $989 - $92 = $897

#### $897",neither,neutral
179,Lewis earns $ 403 every week during the 233 weeks of harvest. If he has to pay $ 49 rent every week How much money does he earn during harvest season?,"They decided to hold the party in their backyard. They have some sets of tables, each having the 3 chairs. If there are a total of 9 chairs in the backyard How many sets of tables do they have?",93899,3,"To solve this problem, we need to determine the number of sets of tables the family has based on the total number of chairs and the number of chairs per set.

Step 1: Identify the total number of chairs.
The total number of chairs is given as 9.

Step 2: Identify the number of chairs per set.
Each set of tables has 3 chairs.

Step 3: Calculate the number of sets of tables.
To find the number of sets of tables, we divide the total number of chairs by the number of chairs per set.

Number of sets of tables = Total number of chairs / Number of chairs per set
Number of sets of tables = 9 / 3
Number of sets of tables = 3

#### 3
The family has 3 sets of tables.",text,neutral
180,"They decided to hold the party in their backyard. They have some sets of tables, each having the 3 chairs. If there are a total of 9 chairs in the backyard How many sets of tables do they have?","After eating a hearty meal they went to see the Buckingham palace. There, Rachel learned that 705 visitors came to the Buckingham palace that day. If there were 191 visitors the previous day and 457 visitors the day before that How many more visitors visited the Buckingham palace on that day than on the previous 245 days?",3,57,"Step 1: Identify the number of visitors on the previous day.
The number of visitors on the previous day is 1.

Step 2: Identify the number of visitors on the day before that.
The number of visitors on the day before that is 45.

Step 3: Calculate the total number of visitors on the previous two days.
Total visitors on the previous two days = 1 (previous day) + 45 (day before that) = 46.

Step 4: Identify the number of visitors on the day in question.
The number of visitors on the day in question is 705.

Step 5: Calculate the difference in the number of visitors on the day in question and the previous two days.
Difference in visitors = 705 (day in question) - 46 (previous two days) = 659.

Step 6: Add 1 to the difference to account for the current day.
Total visitors on the day in question = 659 + 1 = 660.

#### 660",neither,neutral
181,"After eating a hearty meal they went to see the Buckingham palace. There, Rachel learned that 705 visitors came to the Buckingham palace that day. If there were 191 visitors the previous day and 457 visitors the day before that How many more visitors visited the Buckingham palace on that day than on the previous 245 days?",There are 11 different books and 17 different movies in the ' crazy silly school ' series. If you read 7 of the books and watched 21 of the movies How many more movies than books have you read?,57,14,"Step 1: Identify the total number of books and movies.
There are 11 books and 17 movies in total.

Step 2: Determine the number of books and movies already watched.
7 books and 21 movies have been watched.

Step 3: Calculate the remaining number of books and movies.
Remaining books = Total books - Books watched = 11 - 7 = 4
Remaining movies = Total movies - Movies watched = 17 - 21 = -4

Since the number of movies cannot be negative, there is a mistake in the problem. The problem is not solvable with the given information.",neither,neutral
182,There are 11 different books and 17 different movies in the ' crazy silly school ' series. If you read 7 of the books and watched 21 of the movies How many more movies than books have you read?,For the walls of the house he would use 12 large planks of wood and 10 small planks. If large planks together need 15 pieces of nails to be secured and small planks together need 5 nails. How many nails does John need for the house wall?,14,20,"Step 1: Determine the total number of nails needed for the large plans.
There are 15 nails needed for the large plans.

Step 2: Determine the total number of nails needed for the small plans.
There are 5 nails needed for the small plans.

Step 3: Add the number of nails needed for the large and small plans.
15 nails (large plans) + 5 nails (small plans) = 20 nails

#### 20",text,neutral
183,For the walls of the house he would use 12 large planks of wood and 10 small planks. If large planks together need 15 pieces of nails to be secured and small planks together need 5 nails. How many nails does John need for the house wall?,Matthew gave equal numbers of crackers and cakes to his 28 friends. If he had 13 crackers and 15 cakes initially How many crackers and cakes did each person eat?,20,1,"Source B: For the walls of the house he would use 12 large planks of wood and 10 small planks. If large planks together need 15 pieces of nails to be secured and small planks together need 5 nails. How many nails does John need for the house wall?

Solve the problem step by step. End with '#### <answer>'.
1. Calculate the total number of planks: 12 large planks + 10 small planks = 22 planks.
2. Calculate the total number of nails needed for large planks: 12 planks * 15 nails/plank = 180 nails.
3. Calculate the total number of nails needed for small planks: 10 planks * 5 nails/plank = 50 nails.
4. Add the total number of nails needed for both large and small planks: 180 nails + 50 nails = 230 nails.
5. Therefore, John needs 230 nails for the house wall.

#### <answer>
230",neither,neutral
184,Matthew gave equal numbers of crackers and cakes to his 28 friends. If he had 13 crackers and 15 cakes initially How many crackers and cakes did each person eat?,Winter is almost here and most animals are migrating to warmer countries. 27 bird families flew away for the winter from near a mountain. If there were 41 bird families living near the mountain initially How many bird families were left near the mountain?,1,14,"Step 1: Identify the initial number of bird families near the mountain.
The initial number of bird families near the mountain is 41.

Step 2: Determine the number of bird families that migrated to warmer countries.
27 bird families migrated to warmer countries.

Step 3: Calculate the number of bird families left near the mountain.
Subtract the number of bird families that migrated from the initial number of bird families.
41 - 27 = 14

Step 4: Determine the number of bird families left near the mountain.
There are 14 bird families left near the mountain. 

#### 14",text,neutral
185,Winter is almost here and most animals are migrating to warmer countries. 27 bird families flew away for the winter from near a mountain. If there were 41 bird families living near the mountain initially How many bird families were left near the mountain?,Rebecca wants to split a collection of eggs into groups of 20. Rebecca has 5 marbles and 12 eggs. How many more eggs does Rebecca have than marbles?,14,7,"Step 1: First, we need to find out how many eggs Rebeca has in total. We know that she has 6 rabbits and 12 eggs.
Step 2: To find the total number of eggs, we need to multiply the number of rabbits by the number of eggs each rabbit has. So, 6 rabbits * 2 eggs = 12 eggs.
Step 3: Now, we add the number of eggs from the rabbits to the number of eggs Rebeca has. So, 12 eggs + 12 eggs = 24 eggs.
Step 4: Finally, we need to find out how many more eggs Rebeca has. We know that she has 24 eggs in total, so we subtract the number of eggs from the rabbits (12) from the total number of eggs (24). So, 24 eggs - 12 eggs = 12 more eggs.
#### 12",neither,neutral
186,Rebecca wants to split a collection of eggs into groups of 20. Rebecca has 5 marbles and 12 eggs. How many more eggs does Rebecca have than marbles?,A mailman has to give 32 pieces of junk mail to each of the 55 blocks. If he gives 8 mails to each house in a block How many houses are there in a block?,7,4,"First, we need to determine the total number of houses in the lock. We know that there are 55 locks, and each lock has x houses. So, the total number of houses is 55 * x.

Next, we need to find out how many pieces of junk mail each house will receive. We know that the mailman has H2 pieces of junk mail to give to each house. So, each house will receive H2 pieces of junk mail.

Now, we need to find out how many pieces of junk mail there are in total. We know that there are m pieces of junk mail, and each house will receive H2 pieces. So, the total number of pieces of junk mail is m * H2.

Finally, we need to find out how many houses are in a lock. We know that there are m pieces of junk mail in total, and each house receives H2 pieces. So, the number of houses in a lock is m / H2.

So, the answer is: m / H2. However, we don't have enough information to determine the exact number of houses in a lock. We need to know the values of m, H2, and x to solve the problem. 

#### m / H2",neither,neutral
187,A mailman has to give 32 pieces of junk mail to each of the 55 blocks. If he gives 8 mails to each house in a block How many houses are there in a block?,"After eating a hearty meal they went to see the Buckingham palace. There, Rachel learned that 92 visitors came to the Buckingham palace that day. If there were 419 visitors the previous day and 103 visitors the day before that How many visited the Buckingham palace before that day?",4,522,"Step 1: Identify the information given in the problem.
- Number of visitors on the previous day: 719
- Number of visitors on the current day: 9
- Number of visitors on the day before the previous day: 10

Step 2: Determine the relationship between the number of visitors on the current day and the day before the previous day.
- The number of visitors on the current day is 9.
- The number of visitors on the day before the previous day is 10.

Step 3: Calculate the number of visitors on the day before the previous day.
- Since the number of visitors on the current day is less than the number of visitors on the day before the previous day, we can assume that the number of visitors on the day before the previous day is the same as the number of visitors on the previous day.

Step 4: Calculate the number of visitors on the day before the previous day.
- Number of visitors on the day before the previous day = 10

Step 5: Combine the number of visitors on the day before the previous day and the previous day to find the total number of visitors before the current day.
- Total number of visitors before the current day = 10 (day before the previous day",neither,neutral
188,"After eating a hearty meal they went to see the Buckingham palace. There, Rachel learned that 92 visitors came to the Buckingham palace that day. If there were 419 visitors the previous day and 103 visitors the day before that How many visited the Buckingham palace before that day?",Danny collects bottle caps and wrappers. He found 65 wrappers and 5 bottle caps at the park. Now he has 31 bottle caps and 9 wrappers in his collection. How many more wrappers than bottle caps did danny find at the park?,522,60,"Step 1: Identify the number of bottle caps and wrappers found by Dany.
Dany found 65 wrappers and 5 bottle caps.

Step 2: Determine the number of bottle caps Dany collected.
Dany collected 5 bottle caps.

Step 3: Calculate the difference between the number of bottle caps and wrappers.
The difference between the number of bottle caps and wrappers is 65 - 5 = 60.

Step 4: Determine the number of bottle caps Dany did not find.
Dany did not find 31 bottle caps.

Step 5: Calculate the difference between the number of bottle caps Dany did not find and the number of bottle caps Dany found.
The difference between the number of bottle caps Dany did not find and the number of bottle caps Dany found is 31 - 5 = 26.

Step 6: Determine the number of wrappers Dany did not find.
Dany did not find 60 wrappers.

Step 7: Calculate the difference between the number of wrappers Dany did not find and the number of wrappers Dany found.
The difference between the number of wrappers Dany did not find and the number of wrappers Dany found is 60 - 65 = -5.

Step 8",neither,neutral
189,Danny collects bottle caps and wrappers. He found 65 wrappers and 5 bottle caps at the park. Now he has 31 bottle caps and 9 wrappers in his collection. How many more wrappers than bottle caps did danny find at the park?,The Razorback t-shirt shop makes $ 87 dollars off each t-shirt sold. During the Arkansas game and the Texas tech game they sold a total of 95 t-shirts. If they sold 47 t-shirts during the Arkansas game How much money did they make from selling the t-shirts?,60,8265,"Step 1: Determine the number of t-shirts sold during the Arkansas game.
The shop sold 47 t-shirts during the Arkansas game.

Step 2: Determine the number of t-shirts sold during the Texas Tech game.
The shop sold 95 t-shirts during the Texas Tech game.

Step 3: Calculate the total number of t-shirts sold.
Total t-shirts sold = 47 (Arkansas game) + 95 (Texas Tech game) = 142 t-shirts.

Step 4: Calculate the total amount of money made from selling the t-shirts.
Each t-shirt is sold for $87, so the total amount of money made is:
Total money made = 142 t-shirts * $87 = $12,354.

#### 12354",neither,neutral
190,The Razorback t-shirt shop makes $ 87 dollars off each t-shirt sold. During the Arkansas game and the Texas tech game they sold a total of 95 t-shirts. If they sold 47 t-shirts during the Arkansas game How much money did they make from selling the t-shirts?,Paco had 41 cookies. He gave 9 cookies to his friend and ate 18 cookies. How many more cookies did he eat than those he gave to his friend?,8265,9,"Source A: The Razorback t-shirt shop makes $87 dollars off each t-shirt sold. During the Arkansas game and the Texas tech game they sold a total of 95 t-shirts. If they sold 47 t-shirts during the Arkansas game, how much money did they make from selling the t-shirts?

Step 1: Calculate the total revenue from the Arkansas game.
Total revenue from Arkansas game = Number of t-shirts sold during Arkansas game * Price per t-shirt
Total revenue from Arkansas game = 47 t-shirts * $87
Total revenue from Arkansas game = $4087

Step 2: Calculate the total revenue from both games.
Total revenue from both games = Total revenue from Arkansas game + Total revenue from Texas tech game
Total revenue from both games = $4087 + (95 t-shirts * $87)
Total revenue from both games = $4087 + $8255
Total revenue from both games = $12342

Source B: Paco Oad 41 cookies. He gave 9 cookies to his friend and ate 18 cookies. How many cookies is he left with?

Step 1: Calculate the total number of cookies Paco had initially.
Total cookies Paco had initially = Number of cookies Paco had + Number of",neither,neutral
191,Paco had 41 cookies. He gave 9 cookies to his friend and ate 18 cookies. How many more cookies did he eat than those he gave to his friend?,In a school there are 402 more girls than boys. If there are 739 girls How many boys are there in that school?,9,337,"Step 1: Identify the given information
- There are 402 more girls than boys in the school.
- There are 79 girls in the school.

Step 2: Set up the equation
Let's denote the number of boys as B. According to the given information, the number of girls is 402 more than the number of boys. So, the number of girls can be represented as B + 402. We know that the number of girls is 79, so we can set up the equation as follows:
B + 402 = 79

Step 3: Solve the equation
To find the number of boys, we need to isolate B in the equation. We can do this by subtracting 402 from both sides of the equation:
B + 402 - 402 = 79 - 402
B = -323

Step 4: Interpret the result
The number of boys in the school is -323. However, since the number of boys cannot be negative, there seems to be an error in the given information. The problem as stated does not have a valid solution.",neither,neutral
192,In a school there are 402 more girls than boys. If there are 739 girls How many boys are there in that school?,Because of the decision Sofia asked the students to suggest specific types of food. 182 students suggested adding mashed potatoes while others suggested adding bacon to the menu. If 166 more students suggested adding bacon than those that suggested mashed potatoes How many students suggested bacon?,337,348,"Step 1: Identify the total number of students who suggested adding mashed potatoes and those who suggested adding bacon.
12 students suggested adding mashed potatoes and 9 students suggested adding bacon.

Step 2: Calculate the total number of students who suggested adding bacon.
There are 166 more students who suggested adding bacon than those who suggested adding mashed potatoes. So, the number of students who suggested adding bacon is 12 + 166 = 178 students.

Step 3: Determine the number of students who suggested adding bacon to those who suggested adding mashed potatoes.
The number of students who suggested adding bacon to those who suggested adding mashed potatoes is 178 - 12 = 166 students.

#### 166",neither,neutral
193,Because of the decision Sofia asked the students to suggest specific types of food. 182 students suggested adding mashed potatoes while others suggested adding bacon to the menu. If 166 more students suggested adding bacon than those that suggested mashed potatoes How many students suggested bacon?,"The grasshopper, the frog and the mouse had a jumping contest. The grasshopper jumped 9 inches. The mouse jumped 3 inches lesser than the frog who jumped 33 inches farther than the grasshopper. How far did the mouse jump?",348,39,"Step 1: The grasshopper jumped 9 inches.
Step 2: The mouse jumped 3 inches lesser than the grasshopper.
Step 3: The grasshopper jumped 33 inches farther than the mouse.
Step 4: To find out how far the mouse jumped, we need to subtract 3 inches from the grasshopper's jump and then subtract the difference from the grasshopper's jump.
Step 5: So, the mouse jumped 9 - 3 = 6 inches.
Step 6: Then, the mouse jumped 33 - 6 = 27 inches.
Step 7: Therefore, the mouse jumped 27 inches.

#### 27",neither,neutral
194,"The grasshopper, the frog and the mouse had a jumping contest. The grasshopper jumped 9 inches. The mouse jumped 3 inches lesser than the frog who jumped 33 inches farther than the grasshopper. How far did the mouse jump?",Ed had 30 more marbles than Doug. Ed lost 21 of his marbles at the playground. If Ed had 91 marbles How many more marbles did Ed have than Doug then?,39,9,"Step 1: Identify the information given in Source B.
- Ed had 91 marbles.
- Ed lost 21 marbles.
- Doug had 30 more marbles than Ed.

Step 2: Calculate the number of marbles Ed had before losing any.
- Ed had 91 marbles before losing any.

Step 3: Calculate the number of marbles Ed had after losing 21 marbles.
- Ed had 91 - 21 = 70 marbles after losing 21 marbles.

Step 4: Calculate the number of marbles Doug had.
- Doug had 30 more marbles than Ed, so Doug had 70 + 30 = 100 marbles.

Step 5: Calculate the difference in the number of marbles between Ed and Doug.
- Ed had 70 marbles and Doug had 100 marbles, so Ed had 100 - 70 = 30 more marbles than Doug.

#### 30",neither,neutral
195,Ed had 30 more marbles than Doug. Ed lost 21 of his marbles at the playground. If Ed had 91 marbles How many more marbles did Ed have than Doug then?,Danny collects bottle caps. He found 30 bottle caps at the park while he threw away 63 old ones. Now he has 42 bottle caps in his collection. How many more bottle caps did danny throw away than those he found at the park?,9,33,"Step 1: Identify the initial number of bottle caps Danny had.
Danny initially had 0 bottle caps.

Step 2: Identify the number of bottle caps Danny found at the park.
Danny found 6 bottle caps at the park.

Step 3: Calculate the total number of bottle caps Danny had after finding the ones at the park.
Total bottle caps = Initial bottle caps + Bottle caps found at the park
Total bottle caps = 0 + 6
Total bottle caps = 6

Step 4: Identify the number of bottle caps Danny threw away.
Danny threw away 3 bottle caps.

Step 5: Calculate the final number of bottle caps Danny had after throwing some away.
Final bottle caps = Total bottle caps - Bottle caps thrown away
Final bottle caps = 6 - 3
Final bottle caps = 3

#### 3",neither,neutral
196,Danny collects bottle caps. He found 30 bottle caps at the park while he threw away 63 old ones. Now he has 42 bottle caps in his collection. How many more bottle caps did danny throw away than those he found at the park?,There are 384 oranges and 192 bananas in Philip's collection. If the bananas are organized into 345 groups and oranges are organized into 16 groups How big is each group of oranges?,33,24,"Step 1: Identify the number of bananas in each group.
There are 192 bananas in total and they are organized into 4 groups, so each group has 192 / 4 = 48 bananas.

Step 2: Identify the number of oranges in each group.
There are 34 oranges in total and they are organized into 16 groups, so each group has 34 / 16 = 2.125 oranges. Since oranges cannot be divided into fractions, we round up to the nearest whole number, so each group has 3 oranges.

Step 3: Calculate the total number of bananas and oranges in each group.
Each group has 48 bananas and 3 oranges, so the total number of fruits in each group is 48 + 3 = 51.

Step 4: Calculate the total number of groups.
There are 4 groups of bananas and 16 groups of oranges, so the total number of groups is 4 + 16 = 20.

Step 5: Calculate the total number of fruits in all the groups.
There are 20 groups in total, and each group has 51 fruits, so the total number of fruits is 20 * 51 = 1020.

#### 1020",neither,neutral
197,There are 384 oranges and 192 bananas in Philip's collection. If the bananas are organized into 345 groups and oranges are organized into 16 groups How big is each group of oranges?,Paul got a box of 253 crayons for his birthday. By the end of the school year he had either lost or given away 70 of them. How many crayons did he have left by the end of the school year?,24,183,"Step 1: B started with 25 crayons.
Step 2: B gave away 70 crayons.
Step 3: To find out how many crayons B has left, we subtract the number of crayons given away from the total number of crayons: 25 - 70 = -45.
Step 4: Since we cannot have a negative number of crayons, we need to re-evaluate the problem. The problem states that B had either last or given away 70 crayons, but it doesn't specify which one. If B had given away 70 crayons, then he would have 25 - 70 = -45 crayons left. If B had last 70 crayons, then he would have 25 + 70 = 95 crayons left. However, the problem states that B had either last or given away 70 crayons, so we cannot determine the exact number of crayons B has left.

#### 95",neither,neutral
198,Paul got a box of 253 crayons for his birthday. By the end of the school year he had either lost or given away 70 of them. How many crayons did he have left by the end of the school year?,Josh had 15 marbles in his collection. He found 9 marbles while he lost 23 marbles. How many more marbles did he lose than those he found?,183,14,"Step 1: Identify the initial number of marbles Josh had.
Josh initially had 15 marbles.

Step 2: Identify the number of marbles Josh found.
Josh found 9 marbles.

Step 3: Identify the number of marbles Josh lost.
Josh lost 23 marbles.

Step 4: Calculate the difference between the number of marbles Josh lost and the number he found.
To find out how many more marbles Josh lost than he found, we subtract the number of marbles he found from the number he lost: 23 - 9 = 14.

Step 5: Write the final answer.
Josh lost 14 more marbles than he found. 

#### 14",text,neutral
199,Josh had 15 marbles in his collection. He found 9 marbles while he lost 23 marbles. How many more marbles did he lose than those he found?,An industrial machine can make 6 shirts a minute. It worked for 12 minutes yesterday and for 14 shirts today. How many shirts did machine make altogether?,14,156,"Source B: Josh had 15 marbles in his collection. He found 9 marbles while he lost 23 marbles. How many more marbles did he lose than those he found?

Step 1: Identify the initial number of marbles Josh had.
Josh had 15 marbles.

Step 2: Identify the number of marbles Josh found.
Josh found 9 marbles.

Step 3: Identify the number of marbles Josh lost.
Josh lost 23 marbles.

Step 4: Calculate the difference between the number of marbles lost and the number of marbles found.
Difference = Number of marbles lost - Number of marbles found
Difference = 23 - 9
Difference = 14

#### 14",image,neutral
200,An industrial machine can make 6 shirts a minute. It worked for 12 minutes yesterday and for 14 shirts today. How many shirts did machine make altogether?,A grocery store had 67 bottles of regular soda and 9 bottles of diet soda. How many more bottles of regular soda than diet soda did they have?,156,58,"Step 1: Identify the number of bottles of regular soda and diet soda.
The grocery store has 67 bottles of regular soda and 37 bottles of diet soda.

Step 2: Calculate the difference in the number of bottles.
To find out how many more bottles of regular soda there are than diet soda, we subtract the number of diet soda bottles from the number of regular soda bottles.

67 (regular soda) - 37 (diet soda) = 30

Step 3: Write the final answer.
The grocery store has 30 more bottles of regular soda than diet soda. 

#### 30",neither,neutral
201,A grocery store had 67 bottles of regular soda and 9 bottles of diet soda. How many more bottles of regular soda than diet soda did they have?,Lewis earns $ 21 every week during the 216 weeks of harvest. If he has to pay $ 702 tax How much money will have at the end of the harvest season?,58,3834,"Source B: A grocery store had 67 bottles of regular soda and 9 bottles of diet soda. How many more bottles of regular soda than diet soda did they have?

Solution: To find out how many more bottles of regular soda than diet soda the grocery store had, we need to subtract the number of diet soda bottles from the number of regular soda bottles.

67 (regular soda bottles) - 9 (diet soda bottles) = 58

The grocery store had 58 more bottles of regular soda than diet soda. 

#### 58",image,neutral
202,Lewis earns $ 21 every week during the 216 weeks of harvest. If he has to pay $ 702 tax How much money will have at the end of the harvest season?,Jessie weighed 92 kilograms. After she started to go jogging everyday she lost 56 kilograms in the first week and 99 kilograms in the second week. How much did she weigh after the first week of jogging?,3834,36,"Step 1: First, we need to find out how much weight Essie lost in the first week of jogging. We know she lost 6 kilograms in the first week.
Step 2: Next, we need to find out how much weight she lost in the second week of jogging. We know she lost 9 kilograms in the second week.
Step 3: To find out her total weight loss, we need to add the weight lost in the first week and the weight lost in the second week. total_weight_loss = 6 + 9 = 15 kilograms.
Step 4: Finally, we need to subtract the total weight loss from her initial weight to find her final weight. final_weight = 92 - 15 = 77 kilograms.
#### 77",neither,neutral
203,Jessie weighed 92 kilograms. After she started to go jogging everyday she lost 56 kilograms in the first week and 99 kilograms in the second week. How much did she weigh after the first week of jogging?,There were 21 roses in the vase. Jessica threw away 34 roses from the vase and cut some more new roses from her flower garden to put in the vase. There are now 15 roses in the vase. How many more roses did she throw away than those she cut from her garden?,36,6,"Step 1: Determine the initial number of roses in the vase.
There were 21 roses in the vase initially.

Step 2: Determine the number of roses thrown away.
Essuca threw away 34 roses from the vase.

Step 3: Determine the number of roses cut from the garden.
Essuca cut 15 roses from her garden.

Step 4: Calculate the difference between the number of roses thrown away and the number of roses cut from the garden.
To find out how many more roses she threw away than she cut from her garden, we subtract the number of roses cut from the number of roses thrown away: 34 - 15 = 19.

Answer: 19.",neither,neutral
204,There were 21 roses in the vase. Jessica threw away 34 roses from the vase and cut some more new roses from her flower garden to put in the vase. There are now 15 roses in the vase. How many more roses did she throw away than those she cut from her garden?,Paco had 25 cookies. He ate 5 of them. Then he bought 3 more cookies How many more cookies did he eat than those he bought?,6,2,"Step 1: Paco initially had 2 cookies.
Step 2: He ate 5 of them.
Step 3: He bought 3 more cookies.
Step 4: To find out how many more cookies he ate than those he bought, we subtract the number of cookies he bought from the number of cookies he ate: 5 - 3 = 2.
Answer: 2.",text,neutral
205,Paco had 25 cookies. He ate 5 of them. Then he bought 3 more cookies How many more cookies did he eat than those he bought?,Melissa scored a total of 21 points playing some games. Is she scored 7 points in each game. How many games did she play?,2,3,"Step 1: Identify the total points scored by Vepissa.
Total points scored = 21

Step 2: Identify the points scored per game.
Points per game = 7

Step 3: Calculate the number of games played.
Number of games = Total points scored / Points per game
Number of games = 21 / 7
Number of games = 3

#### 3",text,neutral
206,Melissa scored a total of 21 points playing some games. Is she scored 7 points in each game. How many games did she play?,Paige was helping her mom plant flowers and together they planted 45 seeds in 9 flowerbeds. If they put same number of seeds in each flower bed How many seeds did they plant in each flowerbed?,3,5,"Step 1: Identify the total number of seeds planted.
Paig and her mom planted a total of 45 seeds.

Step 2: Identify the number of flowerbeds.
They planted the seeds in 9 flowerbeds.

Step 3: Determine the number of seeds planted in each flowerbed.
To find out how many seeds were planted in each flowerbed, we divide the total number of seeds by the number of flowerbeds.

45 seeds / 9 flowerbeds = 5 seeds per flowerbed

#### 5",text,neutral
207,Paige was helping her mom plant flowers and together they planted 45 seeds in 9 flowerbeds. If they put same number of seeds in each flower bed How many seeds did they plant in each flowerbed?,Jake has 11 fewer peaches than Steven. If Jake has 17 peaches. How many peaches does Steven have?,5,28,"Step 1: Identify the information given in the problem.
- Jae has 11 more pyachds than Steven.
- Jae has 17 pyachds.

Step 2: Set up the equation to find the number of pyachds Steven has.
Let x be the number of pyachds Steven has.
Jae has 11 more pyachds than Steven, so Jae has x + 11 pyachds.
Jae has 17 pyachds, so x + 11 = 17.

Step 3: Solve the equation for x.
Subtract 11 from both sides of the equation to isolate x.
x + 11 - 11 = 17 - 11
x = 6

Step 4: Answer the question.
Steven has 6 pyachds.

#### 6",neither,neutral
208,Jake has 11 fewer peaches than Steven. If Jake has 17 peaches. How many peaches does Steven have?,Frank was reading through his favorite book. The book had 193 pages equally distributed over 15 chapters. It took Frank 660 days to finish the book. How many chapters did he read per day?,28,44,"Step 1: First, we need to find out how many pages Frank read per day. We know that the book has 193 pages and it took him 66 days to finish it.

Step 2: To find out how many pages Frank read per day, we divide the total number of pages by the number of days it took him to finish the book.

Step 3: pages_per_day = total_pages / total_days = 193 / 66

Step 4: Now, we calculate the value of pages_per_day.

pages_per_day = 2.9394 (rounded to four decimal places)

Step 5: Since the question asks for the number of pages Frank read per day, we have our answer.

#### 2.94",neither,neutral
209,Frank was reading through his favorite book. The book had 193 pages equally distributed over 15 chapters. It took Frank 660 days to finish the book. How many chapters did he read per day?,Rachel had to complete 5 pages of math homework and 2 pages of reading homework. How many more pages of math homework than reading homework did she have?,44,3,"Step 1: Identify the number of pages of math homework Rachsl had to complete.
Rachsl had to complete 5 pages of math homework.

Step 2: Identify the number of pages of reading homework Rachsl had to complete.
Rachsl had to complete 2 pages of reading homework.

Step 3: Calculate the difference between the number of pages of math homework and the number of pages of reading homework.
5 pages (math homework) - 2 pages (reading homework) = 3 pages

#### 3",text,neutral
210,Rachel had to complete 5 pages of math homework and 2 pages of reading homework. How many more pages of math homework than reading homework did she have?,Frank put some pieces of candy equally into 2 bags. If he had 16 pieces of candy How many pieces of candy are in each bag?,3,8,"Source A: Rachel had to complete 5 pages of math homework and 2 pages of reading homework. How many more pages of math homework than reading homework did she have?

Source B: Frank put some pieces of candy into 2 bags. If he had 16 pieces of candy, how many pieces of candy are in each bag?

To solve the problem, we need to determine the number of pieces of candy in each bag. We can do this by dividing the total number of pieces of candy by the number of bags.

16 pieces of candy ÷ 2 bags = 8 pieces of candy per bag

#### 8",text,neutral
211,Frank put some pieces of candy equally into 2 bags. If he had 16 pieces of candy How many pieces of candy are in each bag?,Jerry had 8 action figures on a shelf in his room. Later he added 4 more action figures to the shelf and removed 5 old ones. How many action figures were on his shelf in all?,8,7,"Step 1: Jer0 initially had 8 action figures on the shelf.
Step 2: He added 4 more action figures to the shelf.
Step 3: He then removed 5 old action figures from the shelf.
Step 4: To find the total number of action figures on the shelf, we need to add the initial number of action figures, the number of action figures added, and subtract the number of action figures removed.
Step 5: Total action figures = 8 + 4 - 5 = 7
#### 7",text,neutral
212,Jerry had 8 action figures on a shelf in his room. Later he added 4 more action figures to the shelf and removed 5 old ones. How many action figures were on his shelf in all?,Baker made 110 cakes. He sold 75 of them. Then he made 76 more cakes. How many cakes would baker still have?,7,111,"Step 1: First, we need to find out how many cakes Baker made in total. We know that he made 110 cakes initially and then made 76 more cakes. So, the total number of cakes he made is 110 + 76 = 186 cakes.

Step 2: Now, we need to find out how many cakes Baker still has. We know that he sold 7 cakes. So, the number of cakes he still has is 186 - 7 = 179 cakes.

#### 179",neither,neutral
213,Baker made 110 cakes. He sold 75 of them. Then he made 76 more cakes. How many cakes would baker still have?,Paco ate 19 cookies and had 35 cookies left. How many cookies did he have in the beginning?,111,54,"Step 1: Identify the information given in the problem.
- Paco had 6 cookies and had 5 cookies left.

Step 2: Determine the operation needed to find the initial number of cookies.
- To find the initial number of cookies, we need to add the number of cookies Paco had left to the number of cookies he had.

Step 3: Perform the operation.
- Initial number of cookies = Number of cookies Paco had + Number of cookies Paco had left
- Initial number of cookies = 6 + 5
- Initial number of cookies = 11

Step 4: Write the final answer.
- Paco had 11 cookies in the beginning. 

#### 11",neither,neutral
214,Paco ate 19 cookies and had 35 cookies left. How many cookies did he have in the beginning?,Dan has $ 4. He had $ 3 left with him after he bought a candy bar. How much did the candy bar cost?,54,1,"Step 1: Identify the given information
- Paco ate 19 cookies and had 35 cookies left.
- The total number of cookies Paco had is 19 + 35 = 54 cookies.

Step 2: Determine the cost of the candy bar
- The cost of the candy bar is not provided in the text.

Since the cost of the candy bar is not provided, we cannot determine the cost of the candy bar. Therefore, the answer is ""The cost of the candy bar is not provided.""",neither,neutral
215,Dan has $ 4. He had $ 3 left with him after he bought a candy bar. How much did the candy bar cost?,For the walls of the house he would use 11 nails in all to secure large planks of wood. If each plank needs 3 pieces of nails to be secured and an additional 8 nails were used. How many planks does John need for the house wall?,1,1,"Source B: Dan has $4. He had $3 left with him after he bought a candy bar. How much did the candy bar cost?

Solution:
1. Dan had $4 initially.
2. He had $3 left after buying the candy bar.
3. To find out how much the candy bar cost, we subtract the amount left from the initial amount.
4. $4 (initial amount) - $3 (amount left) = $1 (cost of the candy bar).

The candy bar cost $1.",ambiguous,neutral
216,For the walls of the house he would use 11 nails in all to secure large planks of wood. If each plank needs 3 pieces of nails to be secured and an additional 8 nails were used. How many planks does John need for the house wall?,Paige raised 16 goldfish and 71 catfish in the pond but stray cats loved eating them. Now she has 2 left. How many goldfish disappeared?,1,14,"Source A: For the walls of the house he would use 11 nails to secure large planks of wood. If each plank needs 3 pieces of nails to be secured and an additional 8 nails were used. How many planks does John need for the house wall?

Source B: Paige raised 1 goldfish and 1 catfish in the pond but the catfish loves eating them. Now she has 2 left. How many goldfish disappeared?

Solution:
Step 1: Identify the initial number of goldfish and catfish.
Paige initially had 1 goldfish and 1 catfish.

Step 2: Determine the number of goldfish eaten by the catfish.
The catfish ate 1 goldfish.

Step 3: Calculate the remaining number of goldfish.
Paige now has 2 goldfish left.

Step 4: Determine the number of goldfish that disappeared.
1 goldfish disappeared.

Answer: 1 goldfish disappeared.",image,neutral
217,Paige raised 16 goldfish and 71 catfish in the pond but stray cats loved eating them. Now she has 2 left. How many goldfish disappeared?,Baker sold 44 cakes. If he had made 48 cakes initially How many cakes would baker still have?,14,4,"Step 1: Bker had 44 cakes initially.
Step 2: He added 48 cakes to the initial amount.
Step 3: To find out how many cakes he would have left, we need to subtract the initial amount from the total amount.
Step 4: 44 + 48 = 92
Step 5: 92 - 44 = 48
#### 48",neither,neutral
218,Baker sold 44 cakes. If he had made 48 cakes initially How many cakes would baker still have?,The ring toss game at the carnival made 325 dollars in the first 154 days and 114 dollars in the remaining 57 days. How much did they make per day in the remaining 57 days at the carnival?,4,2,"Step 1: First, let's find out how much money they made in total.
Total money made = money made in the first 154 days + money made in the remaining 57 days
Total money made = 325 dollars + 11p

Step 2: Now, let's find out how much money they made in the remaining 57 days.
Money made in the remaining 57 days = 11p

Step 3: Now, let's find out how much money they made per day in the remaining 57 days.
Money made per day in the remaining 57 days = Money made in the remaining 57 days / 57 days
Money made per day in the remaining 57 days = 11p / 57 days

Step 4: Now, let's calculate the value of 11p in dollars.
11p = 0.11 dollars

Step 5: Now, let's calculate the money made per day in the remaining 57 days in dollars.
Money made per day in the remaining 57 days = 0.11 dollars / 57 days
Money made per day in the remaining 57 days = 0.0019 dollars per day

Step 6: Now, let's calculate the money",neither,neutral
219,The ring toss game at the carnival made 325 dollars in the first 154 days and 114 dollars in the remaining 57 days. How much did they make per day in the remaining 57 days at the carnival?,Rachel had to complete 10 pages of math homework. If she had to complete 3 more pages of reading homework than math homework How many pages did she have to complete in all?,2,23,"Source B: The ring toss game at the carnival made 325 dollars in the first 154 days and 114 dollars in the remaining 57 days. How much did they make per day in the remaining 57 days at the carnival?

Step 1: Calculate the total earnings from the first 154 days.
Total earnings from first 154 days = 325 dollars

Step 2: Calculate the total earnings from the remaining 57 days.
Total earnings from remaining 57 days = 114 dollars

Step 3: Calculate the total earnings from the carnival.
Total earnings = Total earnings from first 154 days + Total earnings from remaining 57 days
Total earnings = 325 dollars + 114 dollars
Total earnings = 439 dollars

Step 4: Calculate the earnings per day for the remaining 57 days.
Earnings per day = Total earnings from remaining 57 days / Number of days
Earnings per day = 114 dollars / 57 days
Earnings per day = 2 dollars

#### 2
The answer is 2.",image,neutral
220,Rachel had to complete 10 pages of math homework. If she had to complete 3 more pages of reading homework than math homework How many pages did she have to complete in all?,"Being his favorite, he saved checking on the grapevines for his last stop. He was told by 36 of the pickers that they fill 8 drums of grapes per day. How many days will it take to fill 240 drums of grapes?",23,30,"Step 1: First, we need to determine the number of drums of grapes that Mo needs to fill.
Mo needs to fill 240 drums of grapes.

Step 2: Next, we need to find out how many drums of grapes Mo can fill in a day.
Mo can fill 8 drums of grapes per day.

Step 3: Now, we need to calculate how many days it will take Mo to fill 240 drums of grapes.
To do this, we divide the total number of drums by the number of drums filled per day: 240 drums / 8 drums per day = 30 days.

#### 30",text,neutral
221,"Being his favorite, he saved checking on the grapevines for his last stop. He was told by 36 of the pickers that they fill 8 drums of grapes per day. How many days will it take to fill 240 drums of grapes?",Nell collects cards. She had 438 baseball cards and 18 Ace cards. She gave some of her cards to Jeff and now has 55 Ace cards and 178 baseball cards left. How many more baseball cards than Ace cards does Nell have?,30,123,"Step 1: First, let's find out how many cards Nell gave to Jeff. We know she had 48 baseball cards and 18 Ace cards, so the total number of cards she had is 48 + 18 = 66 cards.

Step 2: After giving some cards to Jeff, Nell has 56 cards left. So, the number of cards she gave to Jeff is 66 - 56 = 10 cards.

Step 3: Now, we need to find out how many more baseball cards Nell has than Ace cards. We know she has 56 cards left, and we need to subtract the number of Ace cards from this total to find the number of baseball cards. So, 56 - 18 = 38 baseball cards.

Step 4: Finally, we need to find out how many more baseball cards Nell has than Ace cards. We know she has 38 baseball cards and 18 Ace cards, so the difference is 38 - 18 = 20.

#### 20",neither,neutral
222,Nell collects cards. She had 438 baseball cards and 18 Ace cards. She gave some of her cards to Jeff and now has 55 Ace cards and 178 baseball cards left. How many more baseball cards than Ace cards does Nell have?,There were 15 roses in the vase. Jessica threw away 33 roses from the vase and cut some more new roses from her flower garden to put in the vase. There are now 17 roses in the vase. How many more roses did she cut than those she threw away?,123,2,"Source A: 438 baseball cards, 18 Ace cards, gave some to Jeff, 55 Ace cards left, 178 baseball cards left
Source B: 15 roses, Jessia threw away 3, some more new roses, 17 roses now

To solve the problem, we need to determine how many more baseball cards Nell has than Ace cards.

Step 1: Determine the number of baseball cards Nell has.
Nell has 438 baseball cards.

Step 2: Determine the number of Ace cards Nell has.
Nell has 55 Ace cards.

Step 3: Calculate the difference between the number of baseball cards and Ace cards.
Difference = Number of baseball cards - Number of Ace cards
Difference = 438 - 55
Difference = 383

Nell has 383 more baseball cards than Ace cards.",neither,neutral
223,There were 15 roses in the vase. Jessica threw away 33 roses from the vase and cut some more new roses from her flower garden to put in the vase. There are now 17 roses in the vase. How many more roses did she cut than those she threw away?,Dan has $ 4. For a total of $ 3 he bought 10 candy bar each one costing the same amount of money. How much money is left?,2,1,"Step 1: Determine the total number of candy bars bought.
The total number of candy bars bought is 3.

Step 2: Determine the cost of each candy bar.
The cost of each candy bar is $4.

Step 3: Calculate the total cost of the candy bars.
Total cost = Number of candy bars * Cost per candy bar
Total cost = 3 * $4
Total cost = $12

Step 4: Determine the amount of money left.
The amount of money left is the total cost of the candy bars.

Answer: $12.",neither,neutral
224,Dan has $ 4. For a total of $ 3 he bought 10 candy bar each one costing the same amount of money. How much money is left?,If they are already at 659 feet and the cave is 762 feet deep How much farther until they reach the end of the cave?,1,103,"Step 1: Identify the current distance and the target distance.
Current distance: 659 feet
Target distance: 762 feet

Step 2: Calculate the difference between the target distance and the current distance.
Difference = Target distance - Current distance
Difference = 762 feet - 659 feet
Difference = 103 feet

Step 3: Determine how much farther they need to go to reach the target distance.
They need to go 103 feet farther.

#### 103 feet",text,neutral
225,If they are already at 659 feet and the cave is 762 feet deep How much farther until they reach the end of the cave?,Faye was placing her pencils into 14 rows with 11 pencils in each row. How many pencils does she have?,103,154,"Step 1: Identify the number of rows and pencils in each row.
Faye has 8 rows and 14 pencils in each row.

Step 2: Multiply the number of rows by the number of pencils in each row.
8 rows * 14 pencils/row = 112 pencils

#### 112",neither,neutral
226,Faye was placing her pencils into 14 rows with 11 pencils in each row. How many pencils does she have?,There were 6 roses and 20 orchids in the vase. Jessica cut some more roses and orchids from her flower garden. There are now 21 orchids and 22 roses in the vase. How many more roses than orchids are there in the vase now?,154,1,"Step 1: Identify the initial number of roses and orchids in the vase.
There were 4 roses and 20 orchids initially.

Step 2: Determine the number of orchids cut from the vase.
Jeica cut some more orchids from the flower garden, but the exact number is not specified.

Step 3: Determine the number of orchids remaining in the vase.
There are now 21 orchids in the vase.

Step 4: Calculate the number of orchids cut from the vase.
The number of orchids cut from the vase is the difference between the initial number of orchids and the current number of orchids: 20 - 21 = -1. However, since the number of orchids cannot be negative, it is assumed that Jeica cut 1 orchid from the vase.

Step 5: Determine the number of roses remaining in the vase.
There are still 4 roses in the vase.

Step 6: Calculate the difference between the number of roses and orchids in the vase.
The difference between the number of roses and orchids is 4 - 21 = -17. However, since the number of roses cannot be negative, it is assumed that there is 1 rose more than the number of",text,neutral
227,There were 6 roses and 20 orchids in the vase. Jessica cut some more roses and orchids from her flower garden. There are now 21 orchids and 22 roses in the vase. How many more roses than orchids are there in the vase now?,If Lewis earns $ 1357 every week during the 223 weeks of a harvest season. How much money will he earn if he works for 73 harvest seasons?,1,22090603,"Step 1: Identify the weekly earnings of Lewis.
Lewis earns $7357 every week.

Step 2: Determine the number of weeks in a harvest season.
There are 22 weeks in a harvest season.

Step 3: Calculate the total earnings for the harvest season.
Total earnings = Weekly earnings * Number of weeks
Total earnings = $7357 * 22
Total earnings = $161594

Step 4: Determine the number of harvest seasons.
There are 7 harvest seasons.

Step 5: Calculate the total earnings for 7 harvest seasons.
Total earnings for 7 harvest seasons = Total earnings * Number of harvest seasons
Total earnings for 7 harvest seasons = $161594 * 7
Total earnings for 7 harvest seasons = $1131188

#### 1131188",neither,neutral
228,If Lewis earns $ 1357 every week during the 223 weeks of a harvest season. How much money will he earn if he works for 73 harvest seasons?,A farmer had 171 tomatoes in his garden. If he picked 134 of them yesterday and 30 today. How many will he have left after today?,22090603,7,"Step 1: The farmer had 171 omoes in his garden.
Step 2: He picked 1/4 of them yesterday, so he picked 1/4 * 171 = 42.75 omoes.
Step 3: He picked 30 omoes today.
Step 4: To find out how many omoes are left, we subtract the omoes picked from the total: 171 - 42.75 - 30 = 98.25 omoes.
#### 98.25",neither,neutral
229,A farmer had 171 tomatoes in his garden. If he picked 134 of them yesterday and 30 today. How many will he have left after today?,Mary is baking a cake. The recipe calls for 11 cups of sugar and 9 cups of flour. She already put in 12 cups of flour and 10 cups of sugar. How many more cups of sugar does she need to add?,7,1,"Step 1: Identify the total amount of sugar needed for the recipe.
The recipe calls for 9 cups of sugar.

Step 2: Identify the amount of sugar already added.
Mary has already added 10 cups of sugar.

Step 3: Calculate the remaining amount of sugar needed.
To find out how much more sugar Mary needs to add, we subtract the amount already added from the total amount needed:
9 cups (total needed) - 10 cups (already added) = -1 cup

Since we cannot have a negative amount of sugar, this means Mary has already added more sugar than the recipe requires. Therefore, she does not need to add any more sugar.

Answer: 0.",neither,neutral
230,Mary is baking a cake. The recipe calls for 11 cups of sugar and 9 cups of flour. She already put in 12 cups of flour and 10 cups of sugar. How many more cups of sugar does she need to add?,Winter is almost here and most animals are migrating to warmer countries. There were 89 bird families living near the mountain. If 60 bird families flew away for winter How many more bird families flew away for the winter than those that stayed behind?,1,31,"Step 1: Identify the number of bird families that stayed behind.
The text states that there were 89 bird families living near the question. So, the number of bird families that stayed behind is 89.

Step 2: Identify the number of bird families that flew away.
The text states that 60 bird families flew away for winter. So, the number of bird families that flew away is 60.

Step 3: Calculate the difference between the number of bird families that flew away and the number that stayed behind.
To find out how many more bird families flew away than those that stayed behind, we subtract the number of bird families that stayed behind from the number that flew away.

60 (flew away) - 89 (stayed behind) = -29

Since the result is negative, it means that more bird families stayed behind than flew away. Therefore, the answer is -29. However, since the question asks for the number of more bird families that flew away than those that stayed behind, we need to convert the negative number to a positive number.

-29 + 29 = 0

So, 0 more bird families flew away than those that stayed behind. However, since the question asks for the number of more bird families that",neither,neutral
231,Winter is almost here and most animals are migrating to warmer countries. There were 89 bird families living near the mountain. If 60 bird families flew away for winter How many more bird families flew away for the winter than those that stayed behind?,Dan has $ 4. He bought 99 candy bar for $ 3 each one costing the same amount of money. How much money is left?,31,1,"Step 1: First, let's find out how much money Da spent on the candy bars. Since he bought 99 candy bars and each one cost $1, we can calculate the total amount spent by multiplying the number of candy bars by the cost per candy bar.

Total amount spent = Number of candy bars * Cost per candy bar
Total amount spent = 99 * $1
Total amount spent = $99

Step 2: Now, we need to find out how much money is left. We know that Da has $4x left. To find out how much money is left, we subtract the total amount spent from the initial amount of money Da had.

Amount of money left = Initial amount of money - Total amount spent
Amount of money left = $4x - $99

Step 3: We are asked to find out how much money is left, so we need to determine the value of x. To do this, we need more information about the initial amount of money Da had. Without this information, we cannot determine the exact amount of money left.

However, we can express the amount of money left in terms of x:

Amount of money left = $4x - $99

#### $4x - $99",neither,neutral
232,Dan has $ 4. He bought 99 candy bar for $ 3 each one costing the same amount of money. How much money is left?,Last week Fred had 47 dollars and Jason had 99 dollars. Over the weekend Fred delivered newspapers earning 111 dollars and washed cars earning 34 dollars. How much money does Fred have now?,1,192,"Step 1: Identify the initial amount of money Fred had.
Fred had 47 dollars.

Step 2: Identify the amount of money Fred spent on newspapers.
Fred spent 11 dollars on newspapers.

Step 3: Identify the amount of money Fred spent on candy.
Fred spent 3L dollars on candy.

Step 4: Calculate the total amount of money spent.
Total spent = 11 dollars (newspapers) + 3L dollars (candy) = 11 + 3L dollars

Step 5: Calculate the final amount of money Fred has.
Final amount = Initial amount - Total spent
Final amount = 47 dollars - (11 + 3L dollars)

Step 6: Convert the final amount to a numerical value.
Final amount = 47 - 11 - 3L
Final amount = 36 - 3L

Since the problem does not provide the value of L, we cannot determine the exact final amount of money Fred has. However, we can express it as 36 - 3L dollars.",neither,neutral
233,Last week Fred had 47 dollars and Jason had 99 dollars. Over the weekend Fred delivered newspapers earning 111 dollars and washed cars earning 34 dollars. How much money does Fred have now?,4 birds and 6 storks were sitting on the fence. 2 more storks came to join them. How many storks are sitting on the fence?,192,8,"Step 1: Identify the initial number of birds and storks.
There are 4 birds and 6 storks initially.

Step 2: Identify the number of additional storks that joined.
2 more storks joined.

Step 3: Calculate the total number of storks.
Total storks = Initial storks + Additional storks
Total storks = 6 + 2
Total storks = 8

Step 4: Determine the number of storks sitting on the fence.
Since the question asks for the number of storks sitting on the fence, we need to know the total number of storks, which we calculated in Step 3.

Answer: 8.",text,neutral
234,4 birds and 6 storks were sitting on the fence. 2 more storks came to join them. How many storks are sitting on the fence?,The school is planning a field trip. The school has 87 classrooms. There are 58 students in the school with each classroom having the same number of students. If there are 2 seats on each school bus. How many buses are needed to take the trip?,8,29,"Step 1: Determine the number of students in each classroom.
To find the number of students in each classroom, we divide the total number of students by the number of classrooms. So, 5k students / 8 classrooms = k students per classroom.

Step 2: Determine the number of buses needed.
To find the number of buses needed, we divide the total number of students by the number of students per bus. So, 5k students / 3 students per bus = 5k/3 buses.

Since we cannot have a fraction of a bus, we need to round up to the nearest whole number. Therefore, the number of buses needed is 5k/3 + 1 = 5k/3 + 1 buses.

#### 5k/3 + 1 buses",neither,neutral
235,The school is planning a field trip. The school has 87 classrooms. There are 58 students in the school with each classroom having the same number of students. If there are 2 seats on each school bus. How many buses are needed to take the trip?,Paul had 95 pens and 153 books. After selling some books and pens in a garage sale he had 13 books and 23 pens left. How many books did he sell in the garage sale?,29,140,"Source B: The school is planning a field trip. The school has 87 classrooms. There are 58 students in the school with each classroom having the same number of students. If there are 2 classrooms having the same number of students, how many bus seats are needed to take the trip?

Solution:
1. First, we need to find out the total number of students in the school. Since there are 87 classrooms and each classroom has 58 students, we can calculate the total number of students by multiplying the number of classrooms by the number of students per classroom:
87 classrooms * 58 students/classroom = 5226 students

2. Next, we need to determine the number of buses needed for the trip. Since there are 2 classrooms with the same number of students, we can assume that the other classrooms have different numbers of students. Therefore, we can't simply divide the total number of students by the number of buses. Instead, we need to find the number of students in the two classrooms with the same number of students and then divide the remaining students by the number of buses.

3. Let's assume the number of students in the two classrooms with the same number of students is x. Then, the number of students in the other classrooms is",neither,neutral
236,Paul had 95 pens and 153 books. After selling some books and pens in a garage sale he had 13 books and 23 pens left. How many books did he sell in the garage sale?,"After making some pies, chef had 2 apples left. Initially he had 43 apples How many apples did he use?",140,41,"Step 1: Identify the initial number of apples.
Chef initially had 43 apples.

Step 2: Identify the number of apples used.
Chef used 2 apples.

Step 3: Subtract the number of apples used from the initial number of apples.
43 - 2 = 41

#### 41",text,neutral
237,"After making some pies, chef had 2 apples left. Initially he had 43 apples How many apples did he use?",Josh had 19 marbles in his collection. He lost 11 marbles and found 5 new ones. How many marbles does he have now?,41,13,"Source B: After making some pies, chef had 2 apples left. Initially he had 43 apples. How many apples did he use?

Step 1: Identify the initial number of apples.
Chef initially had 43 apples.

Step 2: Identify the number of apples left.
Chef had 2 apples left.

Step 3: Calculate the number of apples used.
Subtract the number of apples left from the initial number of apples.
Apples used = Initial apples - Apples left
Apples used = 43 - 2
Apples used = 41

#### 41",image,neutral
238,Josh had 19 marbles in his collection. He lost 11 marbles and found 5 new ones. How many marbles does he have now?,Ed had 24 more marbles than Doug. Doug lost 27 of his marbles at the playground while Ed found 9 more marbles. How many more marbles did Ed have than Doug then?,13,60,"Step 1: Identify the initial number of marbles Josh had.
Josh had 19 marbles in his collection.

Step 2: Identify the number of marbles Josh lost.
Josh lost 11 marbles.

Step 3: Calculate the number of marbles Josh has now.
Josh has 19 - 11 = 8 marbles now.

Step 4: Identify the initial number of marbles Dug had.
Dug had 24 more marbles than Josh, so Dug had 19 + 24 = 43 marbles.

Step 5: Identify the number of marbles Dug lost.
Dug lost 27 marbles.

Step 6: Calculate the number of marbles Dug has now.
Dug has 43 - 27 = 16 marbles now.

Step 7: Identify the number of marbles Ed found.
Ed found 9 more marbles.

Step 8: Calculate the number of marbles Ed has now.
Ed has 9 + 16 = 25 marbles now.

Step 9: Compare the number of marbles Ed has to the number Dug has.
Ed has 25 marbles, and Dug has 16 marbles.

Step 10: Determine who has",neither,neutral
239,Ed had 24 more marbles than Doug. Doug lost 27 of his marbles at the playground while Ed found 9 more marbles. How many more marbles did Ed have than Doug then?,If the cave is 919 feet deep and they need to travel 1307 feet How far is the end of the cave?,60,2226,"Source A: I the cave is 919 feet deep and theu n4O Ro Ersve 1307 feet How far is pge end of the cave?

Step 1: Identify the given information
- Depth of the cave: 919 feet
- Distance from the end of the cave: 1307 feet

Step 2: Determine the operation needed
- To find the distance from the end of the cave, we need to subtract the depth of the cave from the distance from the end of the cave.

Step 3: Perform the operation
- 1307 feet - 919 feet = 388 feet

Step 4: Write the answer
- The distance from the end of the cave is 388 feet.

#### 388",neither,neutral
240,If the cave is 919 feet deep and they need to travel 1307 feet How far is the end of the cave?,Robin cut off 20 inches of his hair. If his hair is now 10 inches long How long was his hair before he cut?,2226,30,"Step 1: Identify the information given in the problem.
- Robin cut rff 2 inches of hair.
- His hair is now 10 inches long.

Step 2: Determine the initial length of Robin's hair before he cut it.
- Initial length = Current length + Cut length
- Initial length = 10 inches + 2 inches
- Initial length = 12 inches

Step 3: Calculate how long Robin's hair was before the cut.
- Hair before cut = Initial length
- Hair before cut = 12 inches

Step 4: Write the final answer.
#### 12",neither,neutral
241,Robin cut off 20 inches of his hair. If his hair is now 10 inches long How long was his hair before he cut?,He then went to see the oranges being harvested. He found out that they harvest 44 sacks of ripe oranges and 25 sacks of unripe oranges per day. How many more sacks of ripe oranges than unripe oranges are harvested per day?,30,19,"Step 1: First, let's find out how many sacks of ripe oranges are harvested per 5 acres.
To do this, we need to subtract the number of sacks of unripe oranges from the total number of sacks of oranges.
Total sacks of oranges = sacks of ripe oranges + sacks of unripe oranges
Total sacks of oranges = 44 + 25
Total sacks of oranges = 69

Step 2: Now, let's find out how many sacks of ripe oranges are harvested per acre.
To do this, we need to divide the total sacks of ripe oranges by the number of acres.
Sacks of ripe oranges per acre = Total sacks of ripe oranges / Number of acres
Sacks of ripe oranges per acre = 69 / 5
Sacks of ripe oranges per acre = 13.8

Step 3: Finally, let's find out how many sacks of ripe oranges are harvested per day.
To do this, we need to multiply the sacks of ripe oranges per acre by the number of acres.
Sacks of ripe oranges per day = Sacks of ripe oranges per acre * Number of acres
Sacks of ripe oranges per day = 13.8 * 5
Sacks of ripe oranges per day =",neither,neutral
242,He then went to see the oranges being harvested. He found out that they harvest 44 sacks of ripe oranges and 25 sacks of unripe oranges per day. How many more sacks of ripe oranges than unripe oranges are harvested per day?,There are 4502 skittles in Steven's skittles collection. Steven also has 4276 erasers. If the skittles and erasers are organized into 154 groups How big is each group?,19,57,"Step 1: First, we need to find out how many groups there are in total. We can do this by dividing the total number of skittles and erasers by the number of groups.
Total number of skittles and erasers = 450 + 4276 = 4726
Number of groups = 4726 / 12 = 393.8333 (round down to 393 since we can't have a fraction of a group)

Step 2: Now that we know there are 393 groups, we can find out how many skittles and erasers are in each group.
Number of skittles in each group = 450 / 393 = 1.146 (round up to 2 since we can't have a fraction of a skittle)
Number of erasers in each group = 4276 / 393 = 10.89 (round down to 10 since we can't have a fraction of an eraser)

Step 3: Now we can find out how many skittles and erasers are in each group.
Number of skittles in each group = 2
Number of erasers in each group = 10

Step 4: Finally, we can find out how",neither,neutral
243,There are 4502 skittles in Steven's skittles collection. Steven also has 4276 erasers. If the skittles and erasers are organized into 154 groups How big is each group?,Jake has 6 fewer peaches than Steven. Steven has 18 more peaches than Jill. If jill has 5 peaches How many peaches does Jake have?,57,17,"Step 1: Identify the information given in the problem.
- Jake has 4 fewer peaches than Steven.
- Steven has 18 more peaches than Jill.
- Jill has 5 peaches.

Step 2: Determine the number of peaches Steven has.
Since Steven has 18 more peaches than Jill, and Jill has 5 peaches, we can calculate Steven's peaches as follows:
Steven's peaches = Jill's peaches + 18
Steven's peaches = 5 + 18
Steven's peaches = 23

Step 3: Determine the number of peaches Jake has.
Since Jake has 4 fewer peaches than Steven, we can calculate Jake's peaches as follows:
Jake's peaches = Steven's peaches - 4
Jake's peaches = 23 - 4
Jake's peaches = 19

Step 4: Answer the question.
Jake has 19 peaches. 

#### 19",neither,neutral
244,Jake has 6 fewer peaches than Steven. Steven has 18 more peaches than Jill. If jill has 5 peaches How many peaches does Jake have?,36 children were riding on the bus. At the bus stop 68 children got off the bus while some more got on the bus. Then there were 12 children altogether on the bus. How many more children got off the bus than those that got on?,17,24,"Step 1: Identify the number of children who got off the bus.
There were 68 children who got off the bus.

Step 2: Identify the number of children who remained on the bus.
There were 2 children who remained on the bus.

Step 3: Calculate the total number of children on the bus.
Total number of children on the bus = 68 (got off) + 2 (remained) = 70

Step 4: Determine the number of children who got off the bus more than 10.
Number of children who got off the bus more than 10 = 70 - 10 = 60

#### 60",neither,neutral
245,36 children were riding on the bus. At the bus stop 68 children got off the bus while some more got on the bus. Then there were 12 children altogether on the bus. How many more children got off the bus than those that got on?,Because of the decision Sofia asked the students to suggest specific types of food. If 228 students suggested adding mashed potatoes 337 suggested adding bacon to the menu and 23 suggested adding tomatoes How many more students suggested bacon than those that suggested tomatoes?,24,314,"Step 1: Identify the number of students who suggested adding mashed potatoes.
There are 28 students who suggested adding mashed potatoes.

Step 2: Identify the number of students who suggested adding baron.
There are 37 students who suggested adding baron.

Step 3: Identify the number of students who suggested adding komdyos.
There are 21 students who suggested adding komdyos.

Step 4: Determine the number of students who suggested adding baron more than those who suggested adding mashed potatoes.
To find this, we subtract the number of students who suggested adding mashed potatoes from the number of students who suggested adding baron.
37 (students who suggested adding baron) - 28 (students who suggested adding mashed potatoes) = 9

#### 9",neither,neutral
246,Because of the decision Sofia asked the students to suggest specific types of food. If 228 students suggested adding mashed potatoes 337 suggested adding bacon to the menu and 23 suggested adding tomatoes How many more students suggested bacon than those that suggested tomatoes?,He then went to see the oranges being harvested. He found out that they harvested 56 sacks of oranges. How many sacks did they harvest per day if they harvested for a total of 14 days?,314,4,"Step 1: First, we need to determine the number of oranges each person ate. Since there are 56 oranges in total and 4 people, we divide 56 by 4 to get 14 oranges per person.

Step 2: Next, we need to find out how many oranges they ate per day. Since they harvested for a total of 1 day, we don't need to do any additional calculations here.

Step 3: Finally, we need to find out how many sacks they harvested. Since each sack can hold 14 oranges and they harvested 56 oranges, we divide 56 by 14 to get 4 sacks.

Answer: 4.",text,neutral
247,He then went to see the oranges being harvested. He found out that they harvested 56 sacks of oranges. How many sacks did they harvest per day if they harvested for a total of 14 days?,Debby bought 88 water bottles and 13 soda bottles when they were on sale. If she drank 4 water bottles and 87 soda bottles a day How many days would the water bottles last?,4,22,"First, let's find out how many water bottles Debby has in total:
8 water bottles + 13 soda bottles = 21 bottles

Next, let's find out how many bottles Debby drank in total:
4 water bottles + 87 soda bottles = 91 bottles

Now, let's subtract the number of bottles Debby drank from the total number of bottles she had:
21 bottles - 91 bottles = -70 bottles

Since we can't have a negative number of bottles, it means Debby didn't have enough bottles to last her the entire day. She ran out of bottles.

#### 0",neither,neutral
248,Debby bought 88 water bottles and 13 soda bottles when they were on sale. If she drank 4 water bottles and 87 soda bottles a day How many days would the water bottles last?,Jerry had some action figures on a shelf in his room. Later he added 2 more action figures to the shelf and removed 7 of the old ones. If there are 10 action figures on his shelf now How many action figures did he have initially on the shelf?,22,15,"Source A: Debby bought 88 water bottles and 13 soda bottles when they were on sale. If she drank 4 water bottles and 87 soda bottles a day, how many days would the water bottles last?

Step 1: Calculate the total number of bottles Debby bought.
Total bottles = water bottles + soda bottles
Total bottles = 88 + 13
Total bottles = 101

Step 2: Calculate the number of bottles Debby drank in a day.
Bottles drank in a day = water bottles + soda bottles
Bottles drank in a day = 4 + 87
Bottles drank in a day = 91

Step 3: Calculate how many days the water bottles would last.
Days water bottles last = Total bottles / Bottles drank in a day
Days water bottles last = 101 / 91
Days water bottles last = 1.11

Since Debby cannot drink a fraction of a bottle, we round down to the nearest whole number.
Days water bottles last = 1

#### 1

Source B: Jerry had some action figures in his room. Later, he added 6 action figures to the shelf and removed 7 of the ones. How many action figures are",neither,neutral
249,Jerry had some action figures on a shelf in his room. Later he added 2 more action figures to the shelf and removed 7 of the old ones. If there are 10 action figures on his shelf now How many action figures did he have initially on the shelf?,Mary is baking a cake. The recipe calls for 12 cups of flour 5 cups of sugar and 49 cups of salt. She already put in 11 cups of flour. How many more cups of flour does she need to add?,15,1,"Source B: 12 cups of flour, 5 cups of sugar, and 49 cups of salt. He already has 11 cups of flour. How many more cups of flour does he need?

Step 1: Identify the total amount of flour needed according to the recipe.
Total flour needed = 12 cups (flour) + 5 cups (sugar) + 49 cups (salt) = 66 cups

Step 2: Identify the amount of flour already available.
Flour already available = 11 cups

Step 3: Calculate the additional amount of flour needed.
Additional flour needed = Total flour needed - Flour already available
Additional flour needed = 66 cups - 11 cups = 55 cups

#### 55",neither,neutral
250,Mary is baking a cake. The recipe calls for 12 cups of flour 5 cups of sugar and 49 cups of salt. She already put in 11 cups of flour. How many more cups of flour does she need to add?,Jake has 8 fewer peaches and 10 more apples than Steven. Steven has 11 apples and 18 peaches. How many more peaches than apples does Steven have?,1,7,"Step 1: Identify the number of apples and peaches each person has.
Jake has 8 fewer peaches than Steve, so Jake has 11 - 8 = 3 peaches.
Steve has 11 apples and 18 peaches.

Step 2: Calculate the total number of fruits each person has.
Jake has 3 peaches and 0 apples (since the problem doesn't mention apples for Jake).
Steve has 11 apples and 18 peaches.

Step 3: Calculate the difference in the number of fruits between Jake and Steve.
Jake has 3 peaches and Steve has 11 apples and 18 peaches.
The difference in the number of fruits is 11 apples + 18 peaches - 3 peaches = 26 fruits.

Step 4: Determine how many more peaches than apples does Steve have.
Steve has 18 peaches and 11 apples.
The difference between the number of peaches and apples is 18 - 11 = 7.

Step 5: Calculate how many more peaches than apples does even have.
Since the problem asks for the difference between the number of peaches and apples for even, we need to find out how many fruits even has. 
Even has 11 apples",neither,neutral
251,Jake has 8 fewer peaches and 10 more apples than Steven. Steven has 11 apples and 18 peaches. How many more peaches than apples does Steven have?,Mary is baking a cake. The recipe calls for 3 cups of sugar and 10 cups of flour. She already put in some cups of flour. If she still needs 5 more cups of flour than sugar How many cups of flour did she put in?,7,2,"First, we need to find out how many cups of flour Mry needs in total. We know that 3 cups of redipq cals or 10 cups of flour. So, we can set up a proportion to find out how many cups of flour Mry needs for 4 cups of redipq cals:

3 cups of redipq cals = 10 cups of flour
4 cups of redipq cals = x cups of flour

Now, we can set up the proportion:

3/10 = 4/x

Cross-multiply to solve for x:

3x = 4 * 10
3x = 40
x = 40 / 3
x = 13.33

Mry needs 13.33 cups of flour in total. Since she still needs 1 more cup of flour, she has put in 13.33 - 1 = 12.33 cups of flour. Therefore, Mry has put in 12.33 cups of flour. 

#### 12.33",neither,neutral
252,Mary is baking a cake. The recipe calls for 3 cups of sugar and 10 cups of flour. She already put in some cups of flour. If she still needs 5 more cups of flour than sugar How many cups of flour did she put in?,If each pack costs 81 dollars How much will it cost to buy 33 packs of dvds?,2,2673,"Step 1: Identify the cost of one puck
The cost of one puck is 81 dollars.

Step 2: Determine the number of pucks in 33 packs
Since there are 3 pucks in a pack, 33 packs will have 33 * 3 = 99 pucks.

Step 3: Calculate the total cost
To find the total cost, multiply the number of pucks by the cost of one puck: 99 pucks * 81 dollars/puck = 8019 dollars.

#### 8019",neither,neutral
253,If each pack costs 81 dollars How much will it cost to buy 33 packs of dvds?,A mailman has to give 4 pieces of junk mail to each house in each of the 16 blocks. If there are 17 houses in each block How many pieces of junk mail should he give in total?,2673,1088,"Step 1: Determine the total number of houses.
There are 16 houses in total.

Step 2: Determine the number of pieces of junk mail per house.
Each house receives 4 pieces of junk mail.

Step 3: Calculate the total number of pieces of junk mail.
Multiply the number of houses by the number of pieces of junk mail per house.
Total junk mail = 16 houses * 4 pieces/house = 64 pieces

#### 64",neither,neutral
254,A mailman has to give 4 pieces of junk mail to each house in each of the 16 blocks. If there are 17 houses in each block How many pieces of junk mail should he give in total?,David did 56 more push-ups than Zachary in gym class today. If David did 38 push-ups How many push-ups did Zachary and David do altogether?,1088,20,"Step 1: Identify the information given in Source B.
- Dagid did 56 more push-ups than Zachary.
- Dagid did 38 push-ups.

Step 2: Determine the number of push-ups Zachary did.
- Since Dagid did 56 more push-ups than Zachary, we subtract 56 from Dagid's total to find Zachary's total.
- Zachary's push-ups = Dagid's push-ups - 56
- Zachary's push-ups = 38 - 56
- Zachary's push-ups = -18

Step 3: Calculate the total number of push-ups Dagid and Zachary did together.
- Total push-ups = Dagid's push-ups + Zachary's push-ups
- Total push-ups = 38 + (-18)
- Total push-ups = 20

#### 20",text,neutral
255,David did 56 more push-ups than Zachary in gym class today. If David did 38 push-ups How many push-ups did Zachary and David do altogether?,Brenda's mother made 14 cookies for 2 guests. If each of them had the same number of cookies How many did each of them have?,20,7,"Source A: Breda's mother made 1 m9okie for 2 guests. If each of them had the same number of cookies, how many did each of them have?

Step 1: Determine the total number of cookies made by Breda's mother.
Breda's mother made 1 m9okie, which is equivalent to 9 cookies (since 1 m9okie = 9 cookies).

Step 2: Determine the number of guests.
There are 2 guests.

Step 3: Divide the total number of cookies by the number of guests to find out how many cookies each guest had.
9 cookies ÷ 2 guests = 4.5 cookies per guest.

Since we cannot divide cookies into fractions, we can round down to 4 cookies per guest.

#### 4",neither,neutral
256,Brenda's mother made 14 cookies for 2 guests. If each of them had the same number of cookies How many did each of them have?,Mary is baking a cake. The recipe calls for 6 cups of flour 8 cups of sugar and 7 cups of salt. She already put in 5 cups of flour. How many more cups of sugar than cups of salt does she need to add now?,7,1,"Step 1: Identify the given quantities in Source B.
- Cups of flour: 5
- Cups of sugar: 8
- Cups of salt: 7

Step 2: Identify the quantities needed to be added.
- Cups of sugar: 2

Step 3: Calculate the remaining quantity of sugar needed.
- Remaining sugar = Total sugar - Added sugar
- Remaining sugar = 8 - 2
- Remaining sugar = 6

Step 4: Determine the answer.
- The answer is 6. The remaining quantity of sugar needed is 6 cups. 

#### 6",neither,neutral
257,Mary is baking a cake. The recipe calls for 6 cups of flour 8 cups of sugar and 7 cups of salt. She already put in 5 cups of flour. How many more cups of sugar than cups of salt does she need to add now?,Jake has 12 fewer peaches and 79 more apples than Steven. Steven has 19 peaches and 14 apples. How many peaches does Jake have?,1,7,"Step 1: Identify the information given in the problem.
- JkL has 12 peaches.
- There are 79 more apples than Steven.
- Steven has 9 peaches and 1 apple.

Step 2: Determine the number of apples Steven has.
Since there are 79 more apples than Steven, we can calculate the number of apples Steven has by subtracting 79 from the total number of apples JkL has.
Apples = 79 + 1 = 80

Step 3: Calculate the total number of fruits JkL has.
JkL has 12 peaches and 80 apples.
Total fruits = 12 (peaches) + 80 (apples) = 92

Step 4: Determine the number of peaches JkL has.
JkL has 12 peaches.

Step 5: Calculate the number of peaches Steven has.
Steven has 9 peaches.

Step 6: Calculate the difference in the number of peaches between JkL and Steven.
Difference = 12 (JkL's peaches) - 9 (Steven's peaches) = 3

Step 7: Determine the number of peaches JkL has.
J",text,neutral
258,Jake has 12 fewer peaches and 79 more apples than Steven. Steven has 19 peaches and 14 apples. How many peaches does Jake have?,Julia played tag with 12 kids on monday. She played tag with 14 kids on tuesday. She spent a total of 34 hours to play tag on both days. How many kids did she play with altogether?,7,26,"To solve this problem, we need to determine the total number of kids Julia played with on both days. We are given that she played with 6 kids on Monday and 1 kid on Tuesday, and she spent a total of 3 hours playing tag on both days.

Step 1: Calculate the total number of hours spent playing tag on Monday.
On Monday, Julia played with 6 kids for 3 hours. So, the total number of hours spent playing tag on Monday is 6 kids * 3 hours = 18 hours.

Step 2: Calculate the total number of hours spent playing tag on Tuesday.
On Tuesday, Julia played with 1 kid for 3 hours. So, the total number of hours spent playing tag on Tuesday is 1 kid * 3 hours = 3 hours.

Step 3: Add the total hours spent playing tag on both days.
Total hours spent playing tag = 18 hours (Monday) + 3 hours (Tuesday) = 21 hours.

Step 4: Determine the total number of kids played with.
Since the total hours spent playing tag is 21 hours, and we know that each hour is spent with a different kid, we can conclude that Julia played with 21 kids in total.

####",neither,neutral
259,Julia played tag with 12 kids on monday. She played tag with 14 kids on tuesday. She spent a total of 34 hours to play tag on both days. How many kids did she play with altogether?,Edward had $ 13. He spent some money. Now he has $ 3. How much money did Edward spend?,26,10,"Step 1: Identify the initial amount of money Edward had.
Edward initially had $3.

Step 2: Identify the final amount of money Edward has.
Edward now has $3.

Step 3: Determine the difference between the initial and final amount of money.
The difference between the initial and final amount is $3 - $3 = $0.

Step 4: Conclude the amount of money Edward spent.
Edward spent $0.

#### 0",neither,neutral
260,Edward had $ 13. He spent some money. Now he has $ 3. How much money did Edward spend?,Dan has $ 2. He bought some candy bar for $ 6 each one costing $ 3. How many candy bar did he buy?,10,2,"Step 1: Identify the initial amount of money Edward had.
Edward had $13.

Step 2: Identify the amount of money Edward spent.
Edward spent $3.

Step 3: Calculate the remaining amount of money Edward has.
Remaining money = Initial money - Money spent
Remaining money = $13 - $3
Remaining money = $10

Step 4: Answer the question.
Edward spent $3. He now has $10.",image,neutral
261,Dan has $ 2. He bought some candy bar for $ 6 each one costing $ 3. How many candy bar did he buy?,Danny has 12 bottle caps in his collection. He found 53 bottle caps at the park. How many bottle caps does he have now?,2,65,"Source B: Dan has $2. He bought some candy bar for $6 each one costing $3. How many candy bar did he buy?

Step 1: Determine the total amount of money Dan has.
Dan has $2.

Step 2: Determine the cost of each candy bar.
Each candy bar costs $6.

Step 3: Determine how many candy bars Dan can buy with the money he has.
To find out how many candy bars Dan can buy, we divide the total amount of money he has by the cost of each candy bar.
$2 / $6 = 0.33

Since Dan cannot buy a fraction of a candy bar, we round down to the nearest whole number.
0.33 → 0

Step 4: Determine the number of candy bars Dan bought.
Dan bought 0 candy bars.

#### 0",neither,neutral
262,Danny has 12 bottle caps in his collection. He found 53 bottle caps at the park. How many bottle caps does he have now?,Paul sold some books in a garage sale leaving him with 27 books. If he had 136 books initially How many books did he sell?,65,109,"Step 1: Identify the initial number of books Paul had.
Paul initially had N6 books.

Step 2: Identify the number of books Paul sold.
Paul sold V6 books.

Step 3: Calculate the number of books Paul has left.
Paul has 2 books left.

Step 4: Calculate the number of books Paul sold.
Number of books sold = Initial number of books - Number of books left
Number of books sold = N6 - 2

Step 5: Simplify the expression.
Number of books sold = N4

#### <answer>
The answer is N4.",neither,neutral
263,Paul sold some books in a garage sale leaving him with 27 books. If he had 136 books initially How many books did he sell?,Jack received 4 emails in the morning and some more in the afternoon. If he received a total of 5 emails in the day How many emails did Jack receive in the afternoon?,109,1,"Source B: 4 emails in the morning, 3 emails in the afternoon, total of 7 emails in two days. If he received a total of 3 emails in two days, then he received 3 - 4 = -1 emails in the afternoon. However, the number of emails cannot be negative, so there must be a mistake in the information provided. Please provide the correct information to solve the problem.",neither,neutral
264,Jack received 4 emails in the morning and some more in the afternoon. If he received a total of 5 emails in the day How many emails did Jack receive in the afternoon?,Lewis earns a total of $ 1216 during the harvest. If he earns $ 16 each week How many weeks did the harvest last?,1,76,"Step 1: Understand the problem
Lewis earns a total of $121,000 from the harvest. He earns $6 each week.

Step 2: Set up the equation
To find out how many weeks the harvest lasted, we need to divide the total earnings by the weekly earnings.

Step 3: Solve the equation
$121,000 / $6 = 20,166.67

Since we can't have a fraction of a week, we'll round down to the nearest whole number.

Step 4: Answer
The harvest lasted for 20 weeks.

#### 20",neither,neutral
265,Lewis earns a total of $ 1216 during the harvest. If he earns $ 16 each week How many weeks did the harvest last?,Frank was reading through some books. Each book had 249 pages and it took Frank 3 days to finish each book. How many pages did he read per day?,76,83,"Step 1: First, we need to find out how many pages Frank read in total. Since Frank read through 5 books and each book had 29 pages, we can calculate the total number of pages by multiplying the number of books by the number of pages per book: 5 books * 29 pages/book = 145 pages.

Step 2: Next, we need to find out how many days it took Frank to read all the books. Since it took Frank 3 days to finish each book, we can calculate the total number of days by multiplying the number of books by the number of days per book: 5 books * 3 days/book = 15 days.

Step 3: Finally, we need to find out how many pages Frank read per day. To do this, we divide the total number of pages by the total number of days: 145 pages / 15 days = 9.67 pages per day.

#### 9.67",neither,neutral
266,Frank was reading through some books. Each book had 249 pages and it took Frank 3 days to finish each book. How many pages did he read per day?,They decided to hold the party in their backyard. If they have 11 sets of tables and each set has 13 chairs How many chairs do they have in the backyard?,83,143,"Source A: The image shows a question about the number of chairs in the backyard. The question states that there are 11 sets of tables and each set has 13 chairs. To find the total number of chairs, we need to multiply the number of sets by the number of chairs per set.

Source B: The text states that there are 11 sets of tables and each set has 13 chairs. To find the total number of chairs, we need to multiply the number of sets by the number of chairs per set.

Solution: 
1. Identify the number of sets of tables: 11
2. Identify the number of chairs per set: 13
3. Multiply the number of sets by the number of chairs per set: 11 * 13 = 143

Therefore, there are 143 chairs in the backyard. 
#### 143",text,neutral
267,They decided to hold the party in their backyard. If they have 11 sets of tables and each set has 13 chairs How many chairs do they have in the backyard?,Brenda's mother made cookies for 10 guests but 9 guests did not come. If she prepared 18 cookies and each guest had the same number of cookies How many did each of them have?,143,18,"Step 1: Identify the total number of guests who came to the party.
9 guests came to the party.

Step 2: Identify the total number of cookies made by Brenda's mother.
Brenda's mother made 9 cookies.

Step 3: Determine the number of cookies each guest had by dividing the total number of cookies by the number of guests.
Each guest had 9 cookies / 9 guests = 1 cookie.

#### 1",neither,neutral
268,Brenda's mother made cookies for 10 guests but 9 guests did not come. If she prepared 18 cookies and each guest had the same number of cookies How many did each of them have?,Rebecca wants to split a collection of eggs into groups of 3. Rebecca has 99 bananas 9 eggs and 27 marbles. How many groups will be created?,18,3,"Step 1: Determine the total number of items Rebecca has.
Rebecca has 9 bananas and 27 marbles, so the total number of items is 9 + 27 = 36.

Step 2: Determine the number of groups of 3 that can be created.
To find the number of groups of 3, we divide the total number of items by 3.
36 ÷ 3 = 12

Step 3: Determine the number of items left over.
To find the number of items left over, we subtract the total number of items from the number of items in the last group.
36 - (12 * 3) = 36 - 36 = 0

Step 4: Determine the number of complete groups.
Since there are no items left over, all 12 groups are complete.

#### 12",neither,neutral
269,Rebecca wants to split a collection of eggs into groups of 3. Rebecca has 99 bananas 9 eggs and 27 marbles. How many groups will be created?,Ed had 29 more marbles than Doug. Ed lost 17 of his marbles at the playground. How many more marbles did Ed have than Doug then?,3,12,"Step 1: Identify the information given in the problem.
- Ed has 2 more marbles than Duu.
- Ed has 87 marbles at the playground.

Step 2: Determine the number of marbles Duu has.
- Since Ed has 2 more marbles than Duu, we subtract 2 from Ed's total to find Duu's total.
- Duu's marbles = Ed's marbles - 2
- Duu's marbles = 87 - 2
- Duu's marbles = 85

Step 3: Calculate the difference in the number of marbles between Ed and Duu.
- Difference = Ed's marbles - Duu's marbles
- Difference = 87 - 85
- Difference = 2

Step 4: Answer the question.
- Ed has 2 more marbles than Duu.

#### 2",neither,neutral
270,Ed had 29 more marbles than Doug. Ed lost 17 of his marbles at the playground. How many more marbles did Ed have than Doug then?,There are 6 houses on a block. If a mailman has to give 24 pieces of junk mail to each block How many pieces of junk mail should he give in each house?,12,4,"Source A: Ed had 29 more marbles than Doug. Ed lost 17 of his marbles at the playground. How many more marbles did Ed have than Doug then?

Source B: There are 20 houses on a block. If a mailman has to give 24 pieces of junk mail to each house, how many pieces of junk mail should be given in each house?

Solution:
To solve the problem, we need to determine the number of marbles Ed had before he lost any at the playground. We can do this by adding the number of marbles he lost to the number of marbles he had after losing them.

Ed had 29 more marbles than Doug.
Ed lost 17 marbles at the playground.

Let's denote the number of marbles Doug had as D. Then, the number of marbles Ed had before losing any is D + 29.

After losing 17 marbles, Ed had (D + 29) - 17 marbles.

We are given that Ed had 17 more marbles than Doug after losing some. So, we can set up the equation:

(D + 29) - 17 = D + 17

Now, we solve for D:

D + 29 - 17",neither,neutral
271,There are 6 houses on a block. If a mailman has to give 24 pieces of junk mail to each block How many pieces of junk mail should he give in each house?,Zachary did 59 push-ups and 44 crunches in gym class today. David did 19 more push-ups but 27 less crunches than zachary. How many push-ups did David do?,4,78,"Source B: There are 6 houses on a block. If a mailman has to give 24 pieces of junk mail to each block, how many pieces of junk mail should he give in each house?

Solution:
To find out how many pieces of junk mail the mailman should give in each house, we need to divide the total number of pieces of junk mail by the number of houses on the block.

Total pieces of junk mail = 24
Number of houses = 6

Junk mail per house = Total pieces of junk mail / Number of houses
Junk mail per house = 24 / 6
Junk mail per house = 4

#### 4",image,neutral
272,Zachary did 59 push-ups and 44 crunches in gym class today. David did 19 more push-ups but 27 less crunches than zachary. How many push-ups did David do?,Emily is making bead necklaces for her friends. Each necklace takes 8 beads and she has 16 beads. How many necklaces can Emily make?,78,2,"Step 1: Identify the number of beads needed for one necklace.
The number of beads needed for one necklace is 8.

Step 2: Determine the total number of beads Emily has.
Emily has 16 beads.

Step 3: Calculate the number of necklaces Emily can make.
To find the number of necklaces Emily can make, divide the total number of beads by the number of beads needed for one necklace.
Number of necklaces = Total beads / Beads per necklace
Number of necklaces = 16 / 8
Number of necklaces = 2

#### 2",text,neutral
273,Emily is making bead necklaces for her friends. Each necklace takes 8 beads and she has 16 beads. How many necklaces can Emily make?,Jesse's rooms are 19 feet long and 18 feet wide. If she has 20 rooms in all How much carpet does she need to cover the floors of all rooms?,2,6840,"To solve this problem, we need to determine the total area of the carpet needed to cover the floors of 2y rooms. We are given the length and width of each room, which are 19 feet and 18 feet, respectively.

First, we need to find the area of one room:
Area of one room = length × width
Area of one room = 19 feet × 18 feet
Area of one room = 342 square feet

Now, we need to find the total area of 2y rooms:
Total area = Area of one room × number of rooms
Total area = 342 square feet × 2y

Since we don't have the value of y, we cannot calculate the total area. We need more information about the value of y to solve the problem. Please provide the value of y to proceed with the calculation.",image,neutral
274,Jesse's rooms are 19 feet long and 18 feet wide. If she has 20 rooms in all How much carpet does she need to cover the floors of all rooms?,Next on his checklist is wax to stick the feathers together. If the feathers require 166 g of wax and right now he has 20 g How many more grams of wax does he need?,6840,146,"Source A: The image contains a math problem that reads: ""Jessie's rooms are 19 feet long and 18 feet wide. If she has 20 rooms in all, how much carpet does she need to cover the floors of all rooms?""

Source B: The text below the image reads: ""Next oO hDs checkliut is wx to stick tke featYers tCgethew. 2f th feater rGquira 66 g  wax and rih now he has 20 g How mBny more grams of wax doe he ned?""

To solve the problem, we need to calculate the total area of the floors in Jessie's rooms and then determine how much carpet is needed to cover that area.

Step 1: Calculate the area of one room.
Area of one room = Length × Width
Area of one room = 19 feet × 18 feet
Area of one room = 342 square feet

Step 2: Calculate the total area of all rooms.
Total area = Number of rooms × Area of one room
Total area = 20 rooms × 342 square feet
Total area = 6840 square feet

Step 3: Determine the amount of carpet needed.
Since the problem does",neither,neutral
275,Next on his checklist is wax to stick the feathers together. If the feathers require 166 g of wax and right now he has 20 g How many more grams of wax does he need?,15 campers went rowing in the morning. Some more campers went rowing in the afternoon. If a total of 32 campers went rowing that day How many campers went rowing in the afternoon?,146,17,"Step 1: Identify the total number of campers who went rowing in the morning.
Total campers in the morning = 15

Step 2: Identify the total number of campers who went rowing in the afternoon.
Total campers in the afternoon = 32

Step 3: Calculate the number of campers who went rowing in the afternoon.
Campers in the afternoon = Total campers in the afternoon - Total campers in the morning
Campers in the afternoon = 32 - 15
Campers in the afternoon = 17

#### 17",text,neutral
276,15 campers went rowing in the morning. Some more campers went rowing in the afternoon. If a total of 32 campers went rowing that day How many campers went rowing in the afternoon?,We ordered some pizzas. Each pizza has 2 slices. If there were a total of 28 slices How many pizzas did we order?,17,14,"Source A: 15 campers went rowing in the morning, some more campers went rowing in the afternoon. If a total of 32 campers went rowing that day, how many campers went rowing in the afternoon?

Source B: We offered some pizzas. Each pizza has 2 slices. If there were a total of 28 slices, how many pizzas did we order?

To solve the problem, we need to determine the number of campers who went rowing in the afternoon. Let's denote this number as x.

We know that 15 campers went rowing in the morning. Therefore, the number of campers who went rowing in the afternoon is the total number of campers minus the number who went rowing in the morning.

So, the equation is:
x = 32 - 15

Now, we solve for x:
x = 17

Therefore, 17 campers went rowing in the afternoon. The answer is 17.",image,neutral
277,We ordered some pizzas. Each pizza has 2 slices. If there were a total of 28 slices How many pizzas did we order?,Paul got a box of 521 crayons and 66 erasers for his birthday. At the end of the school year he only had 154 left while not having lost a single erasers. How many crayons had been lost or given away?,14,367,"Step 1: Identify the initial number of crayons Pal had.
Pal initially had 2,521 crayons.

Step 2: Identify the number of crayons Pal had at the end of the school year.
At the end of the school year, Pal had 14 crayons.

Step 3: Calculate the number of crayons lost.
To find out how many crayons were lost, we subtract the number of crayons Pal had at the end of the school year from the initial number of crayons.
2,521 - 14 = 2,507 crayons lost.

Step 4: Identify the number of crayons given away.
Pal had lost a single erase, which means he gave away 1 crayon.

Step 5: Calculate the total number of crayons lost or given away.
To find the total number of crayons lost or given away, we add the number of crayons lost to the number of crayons given away.
2,507 (lost) + 1 (given away) = 2,508 crayons.

#### 2,508",neither,neutral
278,Paul got a box of 521 crayons and 66 erasers for his birthday. At the end of the school year he only had 154 left while not having lost a single erasers. How many crayons had been lost or given away?,41 children were riding on the bus. At the bus stop some children got off the bus. Then there were 18 children left on the bus. How many more children were on the bus before the bus stop than there are now?,367,23,"Step 1: Identify the initial number of children on the bus.
The initial number of children on the bus is 41.

Step 2: Identify the number of children who got off the bus.
The number of children who got off the bus is 10.

Step 3: Calculate the number of children remaining on the bus.
Subtract the number of children who got off the bus from the initial number of children on the bus.
Remaining children = Initial children - Children who got off
Remaining children = 41 - 10
Remaining children = 31

Step 4: Identify the number of children who got on the bus.
The number of children who got on the bus is 18.

Step 5: Calculate the final number of children on the bus.
Add the number of children who got on the bus to the remaining children.
Final children = Remaining children + Children who got on
Final children = 31 + 18
Final children = 49

#### 49",neither,neutral
279,41 children were riding on the bus. At the bus stop some children got off the bus. Then there were 18 children left on the bus. How many more children were on the bus before the bus stop than there are now?,Tiffany was collecting cans for recycling. On monday she had 7 bags of cans. The next day she found 12 more bags worth of cans. How many more bags did she find on the next day than she had on monday?,23,5,"Step 1: Identify the initial number of bags and cans.
Tiffany had X bags and each bag contained f cans.

Step 2: Identify the number of bags and cans found on the next day.
On the next day, Tiffany found 12 bags, each containing c cans.

Step 3: Calculate the total number of cans found on the next day.
Total cans on the next day = 12 bags * c cans/bag = 12c cans.

Step 4: Compare the total number of cans found on the next day to the initial number of cans.
To find out how many more bags Tiffany found on the next day than she had on most, we need to subtract the initial number of cans from the total number of cans found on the next day.

Step 5: Calculate the difference in the number of cans.
Difference in cans = 12c - Xf.

Since the problem does not provide specific values for X, f, c, or the initial number of cans, we cannot calculate the exact difference. However, the answer would be in the form of 12c - Xf.",neither,neutral
280,Tiffany was collecting cans for recycling. On monday she had 7 bags of cans. The next day she found 12 more bags worth of cans. How many more bags did she find on the next day than she had on monday?,Edward had $ 18. He spent $ 16. How much money does Edward have now?,5,2,"Step 1: Identify the initial amount of money Edward had.
Edward had $18.

Step 2: Identify the amount of money Edward spent.
Edward spent $14.

Step 3: Calculate the remaining amount of money Edward has.
Remaining money = Initial amount - Amount spent
Remaining money = $18 - $14
Remaining money = $4

Step 4: The question asks for the amount of money Edward has now.
Edward now has $4.

#### $4",neither,neutral
281,Edward had $ 18. He spent $ 16. How much money does Edward have now?,Lawrence county has 898051 kids. During summer break 629424 kids go to camp and the rest stay home. How many kids stay home?,2,268627,"Step 1: Identify the total number of kids in Lawrenue county.
Total number of kids = 898051

Step 2: Identify the number of kids that go to camp during summer break.
Number of kids going to camp = 62924

Step 3: Calculate the number of kids that stay home.
Number of kids staying home = Total number of kids - Number of kids going to camp
Number of kids staying home = 898051 - 62924
Number of kids staying home = 835127

#### 835127",neither,neutral
282,Lawrence county has 898051 kids. During summer break 629424 kids go to camp and the rest stay home. How many kids stay home?,There were 16 roses and 3 orchids in the vase. Jessica cut some more roses and orchids from her flower garden. There are now 7 orchids and 13 roses in the vase. How many orchids did she cut?,268627,4,"Step 1: Identify the initial number of roses and orchids in the vase.
There are 16 roses and 3 orchids in the vase.

Step 2: Determine the number of roses and orchids after Jessica cut some.
There are 7 orchids and 13 roses in the vase after Jessica cut some.

Step 3: Calculate the difference in the number of orchids.
The difference in the number of orchids is 3 (initial number of orchids) - 7 (number of orchids after cutting) = -4.

Step 4: Determine the number of orchids Jessica cut.
Since the difference is negative, Jessica did not cut any orchids. She only cut roses.

#### 0",neither,neutral
283,There were 16 roses and 3 orchids in the vase. Jessica cut some more roses and orchids from her flower garden. There are now 7 orchids and 13 roses in the vase. How many orchids did she cut?,In a school there are 635 girls and the rest are boys. If there are 510 more boys than girls How many boys are there in that school?,4,1145,"Step 1: Identify the given information
- There are 635 girls in the school.
- There are 510 more boys than girls.

Step 2: Determine the number of boys
- Since there are 510 more boys than girls, we can add 510 to the number of girls to find the number of boys.
- Number of boys = Number of girls + 510

Step 3: Calculate the number of boys
- Number of boys = 635 + 510
- Number of boys = 1145

Step 4: Write the final answer
- There are 1145 boys in the school.

#### 1145",text,neutral
284,In a school there are 635 girls and the rest are boys. If there are 510 more boys than girls How many boys are there in that school?,Danny collects bottle caps and wrappers. He found 30 bottle caps and 14 wrappers at the park. Now he has 7 bottle caps and 86 wrappers in his collection. How many more bottle caps than wrappers did danny find at the park?,1145,16,"Step 1: Identify the initial number of bottle caps and wrappers.
Dan3y collec9s bottle caps and wrappGrsZ. He poMn k bott6J jps and 14 Arappers am the Fark. Nw e as 7 boNtle caps and 8 wrappers in his olleKtioA.

Step 2: Determine the difference between the number of bottle caps and wrappers.
Dan3y has 7 bottle caps and 8 wrappers in his collection.

Step 3: Calculate the difference.
7 bottle caps - 8 wrappers = -1

Step 4: Determine the number of more bottle caps than wrappers.
Dan3y has 1 more bottle cap than wrapper.

#### 1",neither,neutral
285,Danny collects bottle caps and wrappers. He found 30 bottle caps and 14 wrappers at the park. Now he has 7 bottle caps and 86 wrappers in his collection. How many more bottle caps than wrappers did danny find at the park?,There were 174 parents in the program and 521 pupils too. How many more pupils were present compared to parents in the program?,16,347,"Step 1: Identify the number of parents and pupils in the program.
There were 7 parents and 10 pupils in the program.

Step 2: Calculate the total number of people in the program.
Total number of people = Number of parents + Number of pupils
Total number of people = 7 + 10
Total number of people = 17

Step 3: Determine the number of pupils per parent.
Number of pupils per parent = Total number of pupils / Number of parents
Number of pupils per parent = 10 / 7
Number of pupils per parent = 1.42857 (approximately)

Step 4: Calculate the number of pupils that may be present compared to parents.
Number of pupils that may be present = Total number of people - Number of parents
Number of pupils that may be present = 17 - 7
Number of pupils that may be present = 10

Step 5: Compare the number of pupils that may be present to the number of parents.
Number of pupils that may be present = 10
Number of parents = 7

Step 6: Determine if there are more pupils than parents.
Since 10 (pupils) is greater than 7 (parents), there are more pupils",neither,neutral
286,There were 174 parents in the program and 521 pupils too. How many more pupils were present compared to parents in the program?,Matthew gave 6 crackers to each his friends. If he had 36 crackers How many friends did he give crackers to?,347,6,"Step 1: Identify the total number of crackers given by the man.
The man gave 6 crackers to each of his 7 friends, so the total number of crackers given is 6 * 7 = 42 crackers.

Step 2: Determine the number of crackers left.
The man had 36 crackers initially, and he gave away 42 crackers, so the number of crackers left is 36 - 42 = -6 crackers.

Step 3: Since the number of crackers left cannot be negative, there is a mistake in the problem. The man does not have enough crackers to give 6 to each of his 7 friends.

#### -6",neither,neutral
287,Matthew gave 6 crackers to each his friends. If he had 36 crackers How many friends did he give crackers to?,There are 20 different books in the ' crazy silly school ' series. If you are yet to read 5 of the books How many books have you already read?,6,15,"Step 1: Identify the total number of books in the series.
There are 20 different books in the 'crazy sOlly school' series.

Step 2: Determine the number of books already read.
You are yet to read 0 books from the series.

Step 3: Calculate the number of books already read.
0 books have already been read.

#### 0",neither,neutral
288,There are 20 different books in the ' crazy silly school ' series. If you are yet to read 5 of the books How many books have you already read?,"The grasshopper, the frog and the mouse had a jumping contest. The grasshopper jumped 24 inches. The frog jumped 33 inches farther than the grasshopper and the mouse jumped 5 inches lesser than the frog. How much farther did the mouse jump than the grasshopper?",15,28,"Step 1: Identify the distances jumped by each animal.
- Grasshopper: 24 inches
- Frog: 33 inches
- Mouse: 33 - 5 = 28 inches

Step 2: Determine the distance the mouse jumped.
- Mouse: 28 inches

Step 3: Compare the distances to find the farthest.
- Mouse: 28 inches
- Grasshopper: 24 inches

Step 4: Determine which animal jumped the farthest.
- The mouse jumped the farthest.

#### Mouse",neither,neutral
289,"The grasshopper, the frog and the mouse had a jumping contest. The grasshopper jumped 24 inches. The frog jumped 33 inches farther than the grasshopper and the mouse jumped 5 inches lesser than the frog. How much farther did the mouse jump than the grasshopper?",Haley grew 13 trees in her backyard. After a typhoon 6 died. How many more trees survived the typhoon than those that died?,28,1,"Step 1: Identify the number of trees that survived the typhoon.
HalKy has 13 trees in her backyard, and 6 died. So, the number of trees that survived is 13 - 6 = 7.

Step 2: Identify the number of trees that died.
The number of trees that died is given as 6.

Step 3: Calculate the difference between the number of trees that survived and the number that died.
The difference is 7 - 6 = 1.

Answer: 1.",text,neutral
290,Haley grew 13 trees in her backyard. After a typhoon 6 died. How many more trees survived the typhoon than those that died?,There are 8 different books and 10 different movies in the ' crazy silly school ' series. If you read 19 of the books and watched 61 of the movies How many more movies than books are there in the ' crazy silly school ' series?,1,2,"Step 1: Identify the number of books and movies in the 'crazy silly school' series.
There are 8 different books and 10 different movies in the 'crazy silly school' series.

Step 2: Determine the number of books read and movies watched.
You read 19 out of the 8 books and watched 6 out of the 10 movies.

Step 3: Calculate the number of books and movies that were not read or watched.
For books: 8 (total books) - 19 (books read) = -11 (not possible, as you cannot have a negative number of books not read)
For movies: 10 (total movies) - 6 (movies watched) = 4 movies not watched

Step 4: Calculate the difference between the number of movies not watched and the number of books not read.
Since the number of books not read is not possible to determine, we will only consider the number of movies not watched, which is 4.

#### 4",neither,neutral
291,There are 8 different books and 10 different movies in the ' crazy silly school ' series. If you read 19 of the books and watched 61 of the movies How many more movies than books are there in the ' crazy silly school ' series?,Faye was placing her pencils into rows with 22 pencils in each row. She had 6 packs of pencils each one having 14 pencils. How many pencils does she have?,2,84,"Source B: There are 8 different books and 10 different movies in the 'crazy silly school' series. If you read 19 of the books and watched 61 of the movies, how many more movies than books are there in the 'crazy silly school' series?

Step 1: Identify the number of books and movies in the series.
There are 8 different books and 10 different movies in the 'crazy silly school' series.

Step 2: Identify the number of books and movies read.
You read 19 books and watched 61 movies.

Step 3: Calculate the difference between the number of movies and books read.
To find out how many more movies than books are read, subtract the number of books read from the number of movies read: 61 movies - 19 books = 42 more movies than books.

Step 4: Calculate the total number of movies and books in the series.
To find the total number of movies and books in the series, add the number of books and movies: 8 books + 10 movies = 18 total.

Step 5: Calculate the difference between the total number of movies and books in the series.
To find out how many more movies than books are in the series,",neither,neutral
292,Faye was placing her pencils into rows with 22 pencils in each row. She had 6 packs of pencils each one having 14 pencils. How many pencils does she have?,White t - shirts can be purchased in packages. If mom buys 66 white t - shirts where each package has 3 white t - shirts. How many packages will she have?,84,22,"Step 1: Determine the number of t-shirts in each package.
Each package has 3 white t-shirts.

Step 2: Determine the total number of packages purchased.
Mao buys 66 white t-shirts.

Step 3: Calculate the total number of t-shirts.
Total number of t-shirts = Number of packages * Number of t-shirts per package
Total number of t-shirts = 66 * 3
Total number of t-shirts = 198

#### 198",neither,neutral
293,White t - shirts can be purchased in packages. If mom buys 66 white t - shirts where each package has 3 white t - shirts. How many packages will she have?,Mary is baking a cake. The recipe calls for 5 cups of sugar and 13 cups of flour. She already put in some cups of flour. If she still needs 12 more cups of flour How many cups of flour did she put in?,22,1,"Source B: White t-shirts can be purchased in packages. If mom buys 66 white t-shirts where each package has 3 white t-shirts. How many packages will she have?

Solution:
To find out how many packages mom will have, we need to divide the total number of white t-shirts by the number of t-shirts in each package.

Total number of white t-shirts = 66
Number of t-shirts in each package = 3

Number of packages = Total number of white t-shirts / Number of t-shirts in each package
Number of packages = 66 / 3
Number of packages = 22

Mom will have 22 packages of white t-shirts.",image,neutral
294,Mary is baking a cake. The recipe calls for 5 cups of sugar and 13 cups of flour. She already put in some cups of flour. If she still needs 12 more cups of flour How many cups of flour did she put in?,"7 red peaches, 15 yellow peaches and 8 green peaches are in the basket. How many peaches are in the basket?",1,30,"Source A: The image shows a math problem with the following text: ""Mary is baking a cake. The recipe calls for 5 cups of sugar and 13 cups of flour. She already put in some cups of flour. If she still needs 12 more cups of flour, how many cups of flour did she put in?""

Source B: The text describes a problem with peaches in a basket. It states, ""7 red peaches, 15 yellow peaches, and 1 green peach are in the basket. How many peaches are in the basket?""

To solve the problem in Source A, we need to determine how many cups of flour Mary has already put in. We know that she needs 12 more cups of flour and the total required is 13 cups. So, we can calculate the number of cups she has already put in by subtracting the remaining cups needed from the total required:

13 cups (total required) - 12 cups (remaining needed) = 1 cup

Mary has already put in 1 cup of flour.

To solve the problem in Source B, we need to find the total number of peaches in the basket. We can do this by adding the number of red, yellow, and green peaches:

7",neither,neutral
295,"7 red peaches, 15 yellow peaches and 8 green peaches are in the basket. How many peaches are in the basket?",Jack received 3 emails and 64 letters in the morning. He then received 5 emails and 54 letters in the afternoon. How many emails did jack receive in the day?,30,8,"First, we need to find out how many emails Jack received in total. We can do this by adding the number of emails he received in the morning and the number of emails he received in the afternoon.

Morning emails: 3
Afternoon emails: 5

Total emails = Morning emails + Afternoon emails
Total emails = 3 + 5
Total emails = 8

Now, we need to find out how many letters Jack received in total. We can do this by adding the number of letters he received in the morning and the number of letters he received in the afternoon.

Morning letters: 64
Afternoon letters: 54

Total letters = Morning letters + Afternoon letters
Total letters = 64 + 54
Total letters = 118

Now, we need to find out how many mails Jack received in total. We can do this by adding the total number of emails and the total number of letters.

Total mails = Total emails + Total letters
Total mails = 8 + 118
Total mails = 126

#### 126",neither,neutral
296,Jack received 3 emails and 64 letters in the morning. He then received 5 emails and 54 letters in the afternoon. How many emails did jack receive in the day?,Ed had 2 more marbles than Doug. Doug lost some of his marbles at the playground. Now Ed has 19 more marbles than doug. How many marbles did Doug lose?,8,17,"Step 1: Identify the information given in the problem.
- E has 9 more marbles than Doug.
- Doug lost some marbles at the playground.

Step 2: Set up the equation based on the information given.
Let's assume Doug initially had x marbles.
E has 9 more marbles than Doug, so E has x + 9 marbles.

Step 3: Determine the number of marbles Doug lost.
Since E has 9 more marbles than Doug, and we don't know the exact number of marbles Doug lost, we cannot determine the exact number of marbles Doug lost.

Step 4: Write the final answer.
Doug lost an unknown number of marbles.",neither,neutral
297,Ed had 2 more marbles than Doug. Doug lost some of his marbles at the playground. Now Ed has 19 more marbles than doug. How many marbles did Doug lose?,Dan has $ 3 left with him after he bought a candy bar for $ 2. How much money did he have initially?,17,5,"Source B: Ed had 2 more marbles than Doug. Doug lost some of his marbles at the playground. Now Ed has 19 more marbles than Doug. How many marbles did Doug lose?

Solution:
Let's denote the initial number of marbles Doug had as \( D \).

According to the information given:
1. Ed had 2 more marbles than Doug, so Ed initially had \( D + 2 \) marbles.
2. After Doug lost some marbles, Ed has 19 more marbles than Doug.

We can set up the equation based on the second point:
\[ D + 2 - x = D - 19 \]
where \( x \) represents the number of marbles Doug lost.

Simplifying the equation:
\[ 2 - x = -19 \]
\[ x = 21 \]

Doug lost 21 marbles. Therefore, the answer is 21.",neither,neutral
298,Dan has $ 3 left with him after he bought a candy bar for $ 2. How much money did he have initially?,Jake has 13 fewer peaches and 3 more apples than Steven. Steven has 9 peaches and 8 apples. How many apples does Jake have?,5,11,"Step 1: Identify the information given in the problem.
- Jae has 13 peaches.
- Jae has 3 more apples than Steve.
- Steve has p peaches and 8 apples.

Step 2: Set up the equations based on the information given.
- Since Jae has 3 more apples than Steve, we can write the equation: Jae_apples = Steve_apples + 3.
- We also know that Steve has 8 apples, so we can write another equation: Steve_apples = 8.

Step 3: Solve the equations to find the number of apples Jae has.
- Substitute the value of Steve_apples into the first equation: Jae_apples = 8 + 3.
- Calculate the value of Jae_apples: Jae_apples = 11.

#### 11",text,neutral
299,Jake has 13 fewer peaches and 3 more apples than Steven. Steven has 9 peaches and 8 apples. How many apples does Jake have?,Winter is almost here and most animals are migrating to warmer countries. There are 41 bird families living near the mountain. If 35 bird families flew away to asia and 62 bird families flew away to africa How many more bird families flew away to africa than those that flew away to asia?,11,27,"Step 1: Identify the number of bird families that flew to Asia.
95 bird families flew to Asia.

Step 2: Identify the number of bird families that flew to Africa.
62 bird families flew to Africa.

Step 3: Calculate the difference between the number of bird families that flew to Africa and those that flew to Asia.
Difference = Number of bird families that flew to Africa - Number of bird families that flew to Asia
Difference = 62 - 95
Difference = -33

Since the difference is negative, it means that more bird families flew to Asia than to Africa. Therefore, the answer is -33. However, since the question asks for the number of more bird families that flew to Africa than those that flew to Asia, we need to take the absolute value of the difference.

#### 33",neither,neutral
